year	depreciation_frac	residential_loss_usd	commercial_loss_usd	total_property_loss_usd	annual_tax_base_loss	superfund_flag	silicosis_cases	fibrosis_cases	hearing_loss_cases	fatal_injuries	kids_neuro_impaired	adult_cancer_cases	worker_health_cost_usd	community_health_cost_usd	total_health_cost_usd	ltc_annual_cases	ltc_annual_cost_usd	ltc_medicaid_cost_usd	ltc_capacity_shortfall	families_displaced_ltc	water_upgrade_capex_usd	water_om_annual_usd	em_annual_usd	sped_annual_usd	ph_surveillance_usd	mental_health_usd	municipal_annual_usd	tax_revenue_loss_usd	effective_deficit_usd	fiscal_stress_ratio	fiscal_collapse_flag	medicaid_annual_usd	unfunded_cleanup_usd	perpetual_treatment_usd	tourism_tax_loss_usd	ihs_obligation_usd	state_annual_load_usd	power_demand_mw	grid_reserve_margin	grid_stress_flag	transmission_capex_usd	ratepayer_burden_usd	water_stress_ratio	water_conflict_flag	road_maint_annual_usd	ems_response_time_min	sulfate_mg_l	wells_contaminated	forced_migrants	tailings_failed
0	0.0	0.0	0.0	0.0	0.0	False	0	0	0	0.0	0	0	0.0	0	0.0	0	0	0.0	0	0	0	0	0	0	0	0	0	0	0	0	False	0.0	0	0	0.0	0	0.0	0	0.13	False	0	0	0.19090909090909092	False	3200000.0	28	0.0	0	0	False
1	0.0	0.0	0.0	0.0	0.0	False	0	0	0	0.0	0	0	0.0	0	0.0	0	0	0.0	0	0	0	0	0	0	0	0	0	0	0	0	False	0.0	0	0	0.0	0	0.0	0	0.13	False	0	0	0.19090909090909092	False	3200000.0	28	0.0	0	0	False
2	0.0	0.0	0.0	0.0	0.0	False	0	0	0	0.0	0	0	0.0	0	0.0	0	0	0.0	0	0	0	0	0	0	0	0	0	0	0	0	False	0.0	0	0	0.0	0	0.0	0	0.13	False	0	0	0.19090909090909092	False	3200000.0	28	0.0	0	0	False
3	0.0	0.0	0.0	0.0	0.0	False	0	0	0	0.0	0	0	0.0	0	0.0	0	0	0.0	0	0	0	0	0	0	0	0	0	0	0	0	False	0.0	0	0	0.0	0	0.0	0	0.13	False	0	0	0.19090909090909092	False	3200000.0	28	0.0	0	0	False
4	0.0	0.0	0.0	0.0	0.0	False	0	0	0	0.0	0	0	0.0	0	0.0	0	0	0.0	0	0	0	0	0	0	0	0	0	0	0	0	False	0.0	0	0	0.0	0	0.0	0	0.13	False	0	0	0.19090909090909092	False	3200000.0	28	0.0	0	0	False
5	0.22	237688000.0	122263999.99999999	359952000.0	4031462.4	False	2	3	11	0.1015	0	0	6292400.0	0	6292400.0	3	114000	70680.0	0	0	0	4216000	6931600.0	0	1054000	0	12201600.0	4031462.4	16233062.4	0.2450120481927711	True	70680.0	0	0	0.0	0	70680.0	85	0.029669963329258732	True	520000000.0	405600000.0	0.8272727272727273	True	15360000.0	44.800000000000004	0.0	0	0	False
6	0.68	734672000.0	122263999.99999999	856936000.0	9597683.2	True	5	7	23	0.203	409	1	14129800.0	491230000	505359800.0	417	21628000	13409360.0	0	0	0	4216000	6931600.0	10020500	1054000	0	22222100.0	9597683.2	31819783.2	0.4462269076305221	True	13409360.0	864000000.0	45000000.0	1769492.082139292	0	60178852.08213929	85	0.029669963329258732	True	520000000.0	405600000.0	0.8272727272727273	True	15360000.0	44.800000000000004	0.21065381930229665	0	0	False
7	0.68	734672000.0	122263999.99999999	856936000.0	9597683.2	True	8	11	35	0.3045	409	2	21967200.0	491660000	513627200.0	422	21874000	13561880.0	0	0	0	4216000	6931600.0	10020500	1054000	0	22222100.0	9597683.2	31819783.2	0.4462269076305221	True	13561880.0	864000000.0	45000000.0	4596120.217094598	0	63158000.2170946	85	0.029669963329258732	True	520000000.0	405600000.0	0.8272727272727273	True	15360000.0	44.800000000000004	0.5471571687017379	0	0	False
8	0.68	734672000.0	124864203.56164384	859536203.5616438	9626805.479890412	True	11	15	47	0.406	409	4	29804600.0	492520000	522324600.0	428	22214000	13772680.0	0	0	2083200	4216000	6931600.0	10020500	1054000	34155	22256255.0	9626805.479890412	31883060.479890414	0.44691275100401606	True	14135280.0	864000000.0	45000000.0	8022442.008737304	0	67157722.00873731	85	0.029669963329258732	True	520000000.0	405600000.0	0.8272727272727273	True	15360000.0	44.800000000000004	0.9550526200877744	248	207	False
9	0.68	734672000.0	126070095.06849314	860742095.0684931	9640311.464767123	True	14	19	59	0.5075	409	6	37642000.0	493380000	531022000.0	434	22554000	13983480.0	0	0	3057600	4216000	6931600.0	10020500	1054000	49995	22272095.0	9640311.464767123	31912406.46476712	0.4472308232931727	True	14512680.0	864000000.0	45000000.0	11760410.15023611	0	71273090.15023611	85	0.029669963329258732	True	520000000.0	405600000.0	0.8272727272727273	True	15360000.0	44.800000000000004	1.4000488274090606	364	303	False
10	0.68	734672000.0	127326232.05479452	861998232.0547945	9654380.199013699	True	16	23	71	0.609	409	9	44799400.0	494670000	539469400.0	441	22988000	14252560.0	0	0	4065600	4216000	6931600.0	10020500	1054000	66495	22288595.0	9654380.199013699	31942975.1990137	0.4475621485943775	True	14958160.0	864000000.0	45000000.0	15633396.088900426	0	75591556.08890043	85	0.029669963329258732	True	520000000.0	405600000.0	0.8272727272727273	True	15360000.0	44.800000000000004	1.8611185820119556	484	403	False
11	0.68	734672000.0	128594930.4109589	863266930.4109589	9668589.62060274	True	19	26	83	0.7105	409	11	51916800.0	495530000	547446800.0	446	23290000	14439800.0	0	0	5082000	4216000	6931600.0	10020500	1054000	83160	22305260.0	9668589.62060274	31973849.62060274	0.4478967871485944	True	15321800.0	864000000.0	45000000.0	19537132.01833252	0	79858932.01833251	85	0.029669963329258732	True	520000000.0	405600000.0	0.8272727272727273	True	15360000.0	44.800000000000004	2.3258490498014903	605	504	False
12	0.68	734672000.0	140678968.21917808	875350968.2191781	9803930.844054794	True	22	30	95	0.812	409	31	59754200.0	504130000	563884200.0	470	25322000	15699640.0	0	0	13717200	4216000	6931600.0	10020500	1054000	241890	22463990.0	9803930.844054794	32267920.844054796	0.45108413654618473	True	18277040.0	864000000.0	45000000.0	52680583.07201171	2138659.610371868	118096282.68238358	85	0.029669963329258732	True	520000000.0	405600000.0	0.8272727272727273	True	15360000.0	44.800000000000004	6.271497984763299	1633	1466	True
13	0.68	734672000.0	156393241.9178082	891065241.9178082	9979930.709479451	True	25	34	107	0.9135	409	51	67591600.0	512730000	580321600.0	494	27354000	16959480.0	0	0	22848000	4216000	6931600.0	10020500	1054000	448305	22670405.0	9979930.709479451	32650335.70947945	0.45522901606425703	True	21751680.0	864000000.0	45000000.0	87752979.61366773	9161489.48930823	163666149.10297596	85	0.029669963329258732	True	520000000.0	405600000.0	0.8272727272727273	True	15360000.0	44.800000000000004	10.446783287341397	2720	2717	True
14	0.68	734672000.0	172609970.4109589	907281970.4109589	10161558.068602739	True	28	38	119	1.015	409	73	75429000.0	522190000	597619000.0	520	29574000	18335880.0	0	0	32272800	4216000	6931600.0	10020500	1054000	661320	22883420.0	10161558.068602739	33044978.06860274	0.45950642570281125	True	25401680.0	864000000.0	45000000.0	123943567.67312425	16408223.907880355	210753471.58100462	85	0.029669963329258732	True	520000000.0	405600000.0	0.8272727272727273	True	15360000.0	44.800000000000004	14.755186627752886	3842	4008	True
15	0.68	734672000.0	189090487.67123285	923762487.6712328	10346139.861917807	True	30	42	130	1.1165	409	94	82441400.0	531220000	613661400.0	545	31700000	19654000.0	0	0	41848800	4216000	6931600.0	10020500	1054000	877800	23099900.0	10346139.861917807	33446039.86191781	0.46385341365461846	True	29032600.0	864000000.0	45000000.0	126000000.0	23775838.593165454	223808438.59316546	85	0.029669963329258732	True	520000000.0	405600000.0	0.8272727272727273	True	15360000.0	44.800000000000004	19.13545695194141	4982	5320	True
16	0.68	734672000.0	193936000.0	928608000.0	10400409.6	True	33	46	142	1.218	409	116	90278800.0	540680000	630958800.0	571	33920000	21030400.0	0	0	51508800	4216000	6931600.0	10020500	1054000	1096095	23318195.0	10400409.6	33718604.6	0.46823684738955823	True	32741400.0	864000000.0	45000000.0	126000000.0	31200481.599430114	234941881.5994301	85	0.029669963329258732	True	520000000.0	405600000.0	0.8272727272727273	True	15360000.0	44.800000000000004	23.54963234211065	6132	6643	True
17	0.68	734672000.0	193936000.0	928608000.0	10400409.6	True	36	50	154	1.3195000000000001	409	138	98116200.0	550140000	648256200.0	597	36140000	22406800.0	0	0	61185600	4216000	6931600.0	10020500	1054000	1314885	23536985.0	10400409.6	33937394.6	0.4726302208835341	True	36460000.0	864000000.0	45000000.0	126000000.0	38643867.68329671	246103867.6832967	85	0.029669963329258732	True	520000000.0	405600000.0	0.8272727272727273	True	15360000.0	44.800000000000004	27.97495106022397	7284	7969	True
18	0.68	734672000.0	193936000.0	928608000.0	10400409.6	True	39	53	166	1.421	409	160	105233600.0	559600000	664833600.0	622	38322000	23759640.0	0	0	70862400	4216000	6931600.0	10020500	1054000	1329900	23552000.0	10400409.6	33952409.6	0.4729317269076305	True	37969640.0	864000000.0	45000000.0	126000000.0	46084154.163626015	255053794.16362602	85	0.029669963329258732	True	520000000.0	405600000.0	0.8272727272727273	True	15360000.0	44.800000000000004	32.39842697005114	8436	8060	True
19	0.68	734672000.0	193936000.0	928608000.0	10400409.6	True	42	57	178	1.5225	409	182	113071000.0	569060000	682131000.0	648	40542000	25136040.0	0	0	80522400	4216000	6931600.0	10020500	1054000	1329900	23552000.0	10400409.6	33952409.6	0.4729317269076305	True	39346040.0	864000000.0	45000000.0	126000000.0	53509872.76068042	263855912.76068044	85	0.029669963329258732	True	520000000.0	405600000.0	0.8272727272727273	True	15360000.0	44.800000000000004	36.81324183155792	9586	8060	True
20	0.68	734672000.0	193936000.0	928608000.0	10400409.6	True	44	61	190	1.624	409	204	120228400.0	578520000	698748400.0	674	42762000	26512440.0	0	0	87494400	4216000	6931600.0	10020500	1054000	1329900	23552000.0	10400409.6	33952409.6	0.4729317269076305	True	40722440.0	864000000.0	45000000.0	126000000.0	60915934.27378287	272638374.27378285	85	0.029669963329258732	True	520000000.0	405600000.0	0.8272727272727273	True	15360000.0	44.800000000000004	41.21636996063191	10416	8060	True
21	0.68	734672000.0	193936000.0	928608000.0	10400409.6	True	47	65	202	1.7255	409	226	128065800.0	587980000	716045800.0	700	44982000	27888840.0	0	0	87494400	4216000	6931600.0	10020500	1054000	1329900	23552000.0	10400409.6	33952409.6	0.4729317269076305	True	42098840.0	864000000.0	45000000.0	126000000.0	68301030.55321999	281399870.55322	85	0.029669963329258732	True	520000000.0	405600000.0	0.8272727272727273	True	15360000.0	44.800000000000004	45.607033622604035	10416	8060	True
22	0.68	734672000.0	193936000.0	928608000.0	10400409.6	True	50	69	214	1.827	409	247	135903200.0	597010000	732913200.0	725	47108000	29206960.0	0	0	87494400	4216000	6931600.0	10020500	1054000	1329900	23552000.0	10400409.6	33952409.6	0.4729317269076305	True	43416960.0	864000000.0	45000000.0	126000000.0	75665971.52626565	290082931.5262656	85	0.029669963329258732	True	520000000.0	405600000.0	0.8272727272727273	True	15360000.0	44.800000000000004	49.98571434379646	10416	8060	True
23	0.68	734672000.0	193936000.0	928608000.0	10400409.6	True	53	73	226	1.9285	409	269	143740600.0	606470000	750210600.0	751	49328000	30583360.0	0	0	87494400	4216000	6931600.0	10020500	1054000	1329900	23552000.0	10400409.6	33952409.6	0.4729317269076305	True	44793360.0	864000000.0	45000000.0	126000000.0	75690000.0	291483360.0	85	0.029669963329258732	True	520000000.0	405600000.0	0.8272727272727273	True	15360000.0	44.800000000000004	54.35353299994517	10416	8060	True
24	0.68	734672000.0	193936000.0	928608000.0	10400409.6	True	56	77	238	2.03	409	291	151578000.0	615930000	767508000.0	777	51548000	31959760.0	0	0	87494400	4216000	6931600.0	10020500	1054000	1329900	23552000.0	10400409.6	33952409.6	0.4729317269076305	True	46169760.0	864000000.0	45000000.0	126000000.0	75690000.0	292859760.0	85	0.029669963329258732	True	520000000.0	405600000.0	0.8272727272727273	True	15360000.0	44.800000000000004	58.711871948996276	10416	8060	True
25	0.68	734672000.0	193936000.0	928608000.0	10400409.6	True	56	77	238	2.03	409	291	151578000.0	615930000	767508000.0	777	51548000	31959760.0	0	0	87494400	4216000	3199200.0	10020500	1054000	1329900	19819600.0	10400409.6	30220009.6	0.39798393574297186	True	46169760.0	864000000.0	45000000.0	126000000.0	75690000.0	292859760.0	0	0.13	False	0	0	0.19090909090909092	False	3200000.0	28	58.753559570271854	10416	8060	True
26	0.68	734672000.0	193936000.0	928608000.0	10400409.6	True	56	77	238	2.03	409	290	151578000.0	615500000	767078000.0	776	51454000	31901480.0	0	0	87494400	4216000	3199200.0	10020500	1054000	1329900	19819600.0	10400409.6	30220009.6	0.39798393574297186	True	46111480.0	864000000.0	45000000.0	126000000.0	75690000.0	292801480.0	0	0.13	False	0	0	0.19090909090909092	False	3200000.0	28	58.581704321889774	10416	8060	True
27	0.68	734672000.0	193936000.0	928608000.0	10400409.6	True	56	77	238	2.03	409	289	151578000.0	615070000	766648000.0	775	51360000	31843200.0	0	0	87494400	4216000	3199200.0	10020500	1054000	1329900	19819600.0	10400409.6	30220009.6	0.39798393574297186	True	46053200.0	864000000.0	45000000.0	126000000.0	75690000.0	292743200.0	0	0.13	False	0	0	0.19090909090909092	False	3200000.0	28	58.40220674796669	10416	8060	True
28	0.68	734672000.0	193936000.0	928608000.0	10400409.6	True	56	77	238	2.03	409	288	151578000.0	614640000	766218000.0	774	51266000	31784920.0	0	0	87494400	4216000	3199200.0	10020500	1054000	1329900	19819600.0	10400409.6	30220009.6	0.39798393574297186	True	45994920.0	864000000.0	45000000.0	126000000.0	75690000.0	292684920.0	0	0.13	False	0	0	0.19090909090909092	False	3200000.0	28	58.21732374536663	10416	8060	True
29	0.68	734672000.0	193936000.0	928608000.0	10400409.6	True	56	77	238	2.03	409	287	151578000.0	614210000	765788000.0	773	51172000	31726640.0	0	0	87494400	4216000	3199200.0	10020500	1054000	1329900	19819600.0	10400409.6	30220009.6	0.39798393574297186	True	45936640.0	864000000.0	45000000.0	126000000.0	75690000.0	292626640.0	0	0.13	False	0	0	0.19090909090909092	False	3200000.0	28	58.028700168952085	10416	8060	True
30	0.68	734672000.0	193936000.0	928608000.0	10400409.6	True	56	77	238	2.03	409	286	151578000.0	613780000	765358000.0	772	51078000	31668360.0	0	0	87494400	4216000	3199200.0	10020500	1054000	1329900	19819600.0	10400409.6	30220009.6	0.39798393574297186	True	45878360.0	864000000.0	45000000.0	126000000.0	75690000.0	292568360.0	0	0.13	False	0	0	0.19090909090909092	False	3200000.0	28	57.837534637710434	10416	8060	True
31	0.68	734672000.0	193936000.0	928608000.0	10400409.6	True	56	77	238	2.03	409	285	151578000.0	613350000	764928000.0	771	50984000	31610080.0	0	0	87494400	4216000	3199200.0	10020500	1054000	1329900	19819600.0	10400409.6	30220009.6	0.39798393574297186	True	45820080.0	864000000.0	45000000.0	126000000.0	75690000.0	292510080.0	0	0.13	False	0	0	0.19090909090909092	False	3200000.0	28	57.64470042352255	10416	8060	True
32	0.68	734672000.0	193936000.0	928608000.0	10400409.6	True	56	77	238	2.03	409	284	151578000.0	612920000	764498000.0	770	50890000	31551800.0	0	0	87494400	4216000	3199200.0	10020500	1054000	1329900	19819600.0	10400409.6	30220009.6	0.39798393574297186	True	45761800.0	864000000.0	45000000.0	126000000.0	75690000.0	292451800.0	0	0.13	False	0	0	0.19090909090909092	False	3200000.0	28	57.45083359081317	10416	8060	True
33	0.68	734672000.0	193936000.0	928608000.0	10400409.6	True	56	77	238	2.03	409	283	151578000.0	612490000	764068000.0	769	50796000	31493520.0	0	0	87494400	4216000	3199200.0	10020500	1054000	1329900	19819600.0	10400409.6	30220009.6	0.39798393574297186	True	45703520.0	864000000.0	45000000.0	126000000.0	75690000.0	292393520.0	0	0.13	False	0	0	0.19090909090909092	False	3200000.0	28	57.256397258912145	10416	8060	True
34	0.68	734672000.0	193936000.0	928608000.0	10400409.6	True	56	77	238	2.03	409	283	151578000.0	612490000	764068000.0	769	50796000	31493520.0	0	0	87494400	4216000	3199200.0	10020500	1054000	1329900	19819600.0	10400409.6	30220009.6	0.39798393574297186	True	45703520.0	864000000.0	45000000.0	126000000.0	75690000.0	292393520.0	0	0.13	False	0	0	0.19090909090909092	False	3200000.0	28	57.06172845555216	10416	8060	True
35	0.68	734672000.0	193936000.0	928608000.0	10400409.6	True	56	77	238	2.03	409	282	151578000.0	612060000	763638000.0	768	50702000	31435240.0	0	0	87494400	4216000	3199200.0	10020500	1054000	1329900	19819600.0	10400409.6	30220009.6	0.39798393574297186	True	45645240.0	864000000.0	45000000.0	126000000.0	75690000.0	292335240.0	0	0.13	False	0	0	0.19090909090909092	False	3200000.0	28	56.86707227761338	10416	8060	True
36	0.68	734672000.0	193936000.0	928608000.0	10400409.6	True	56	77	238	2.03	409	281	151578000.0	611630000	763208000.0	767	50608000	31376960.0	0	0	87494400	4216000	3199200.0	10020500	1054000	1329900	19819600.0	10400409.6	30220009.6	0.39798393574297186	True	45586960.0	864000000.0	45000000.0	126000000.0	75690000.0	292276960.0	0	0.13	False	0	0	0.19090909090909092	False	3200000.0	28	56.67260679761787	10416	8060	True
37	0.68	734672000.0	193936000.0	928608000.0	10400409.6	True	56	77	238	2.03	409	280	151578000.0	611200000	762778000.0	766	50514000	31318680.0	0	0	87494400	4216000	3199200.0	10020500	1054000	1329900	19819600.0	10400409.6	30220009.6	0.39798393574297186	True	45528680.0	864000000.0	45000000.0	126000000.0	75690000.0	292218680.0	0	0.13	False	0	0	0.19090909090909092	False	3200000.0	28	56.47846122297653	10416	8060	True
38	0.68	734672000.0	193936000.0	928608000.0	10400409.6	True	56	77	238	2.03	409	279	151578000.0	610770000	762348000.0	765	50420000	31260400.0	0	0	87494400	4216000	3199200.0	10020500	1054000	1329900	19819600.0	10400409.6	30220009.6	0.39798393574297186	True	45470400.0	864000000.0	45000000.0	126000000.0	75690000.0	292160400.0	0	0.13	False	0	0	0.19090909090909092	False	3200000.0	28	56.28472913583708	10416	8060	True
39	0.68	734672000.0	193936000.0	928608000.0	10400409.6	True	56	77	238	2.03	409	278	151578000.0	610340000	761918000.0	764	50326000	31202120.0	0	0	87494400	4216000	3199200.0	10020500	1054000	1329900	19819600.0	10400409.6	30220009.6	0.39798393574297186	True	45412120.0	864000000.0	45000000.0	126000000.0	75690000.0	292102120.0	0	0.13	False	0	0	0.19090909090909092	False	3200000.0	28	56.091478146212225	10416	8060	True
40	0.68	734672000.0	193936000.0	928608000.0	10400409.6	True	56	77	238	2.03	409	277	151578000.0	609910000	761488000.0	763	50232000	31143840.0	0	0	87494400	4216000	3199200.0	10020500	1054000	1329900	19819600.0	10400409.6	30220009.6	0.39798393574297186	True	45353840.0	864000000.0	45000000.0	126000000.0	75690000.0	292043840.0	0	0.13	False	0	0	0.19090909090909092	False	3200000.0	28	55.8987569300406	10416	8060	True
41	0.68	734672000.0	193936000.0	928608000.0	10400409.6	True	56	77	238	2.03	409	276	151578000.0	609480000	761058000.0	762	50138000	31085560.0	0	0	87494400	4216000	3199200.0	10020500	1054000	1329900	19819600.0	10400409.6	30220009.6	0.39798393574297186	True	45295560.0	864000000.0	45000000.0	126000000.0	75690000.0	291985560.0	0	0.13	False	0	0	0.19090909090909092	False	3200000.0	28	55.706600360609684	10416	8060	True
42	0.68	734672000.0	193936000.0	928608000.0	10400409.6	True	56	77	238	2.03	409	275	151578000.0	609050000	760628000.0	761	50044000	31027280.0	0	0	87494400	4216000	3199200.0	10020500	1054000	1329900	19819600.0	10400409.6	30220009.6	0.39798393574297186	True	45237280.0	864000000.0	45000000.0	126000000.0	75690000.0	291927280.0	0	0.13	False	0	0	0.19090909090909092	False	3200000.0	28	55.51503324985439	10416	8060	True
43	0.68	734672000.0	193936000.0	928608000.0	10400409.6	True	56	77	238	2.03	409	274	151578000.0	608620000	760198000.0	760	49950000	30969000.0	0	0	87494400	4216000	3199200.0	10020500	1054000	1329900	19819600.0	10400409.6	30220009.6	0.39798393574297186	True	45179000.0	864000000.0	45000000.0	126000000.0	75690000.0	291869000.0	0	0.13	False	0	0	0.19090909090909092	False	3200000.0	28	55.32407307611988	10416	8060	True
44	0.68	734672000.0	193936000.0	928608000.0	10400409.6	True	56	77	238	2.03	409	273	151578000.0	608190000	759768000.0	759	49856000	30910720.0	0	0	87494400	4216000	3199200.0	10020500	1054000	1329900	19819600.0	10400409.6	30220009.6	0.39798393574297186	True	45120720.0	864000000.0	45000000.0	126000000.0	75690000.0	291810720.0	0	0.13	False	0	0	0.19090909090909092	False	3200000.0	28	55.13373197295842	10416	8060	True
45	0.68	734672000.0	193936000.0	928608000.0	10400409.6	True	56	77	238	2.03	409	272	151578000.0	607760000	759338000.0	758	49762000	30852440.0	0	0	87494400	4216000	3199200.0	10020500	1054000	1329900	19819600.0	10400409.6	30220009.6	0.39798393574297186	True	45062440.0	864000000.0	45000000.0	126000000.0	75690000.0	291752440.0	0	0.13	False	0	0	0.19090909090909092	False	3200000.0	28	54.94401817914836	10416	8060	True
46	0.68	734672000.0	193936000.0	928608000.0	10400409.6	True	56	77	238	2.03	409	271	151578000.0	607330000	758908000.0	757	49668000	30794160.0	0	0	87494400	4216000	3199200.0	10020500	1054000	1329900	19819600.0	10400409.6	30220009.6	0.39798393574297186	True	45004160.0	864000000.0	45000000.0	126000000.0	75690000.0	291694160.0	0	0.13	False	0	0	0.19090909090909092	False	3200000.0	28	54.75493709589144	10416	8060	True
47	0.68	734672000.0	193936000.0	928608000.0	10400409.6	True	56	77	238	2.03	409	270	151578000.0	606900000	758478000.0	756	49574000	30735880.0	0	0	87494400	4216000	3199200.0	10020500	1054000	1329900	19819600.0	10400409.6	30220009.6	0.39798393574297186	True	44945880.0	864000000.0	45000000.0	126000000.0	75690000.0	291635880.0	0	0.13	False	0	0	0.19090909090909092	False	3200000.0	28	54.56649205760542	10416	8060	True
48	0.68	734672000.0	193936000.0	928608000.0	10400409.6	True	56	77	238	2.03	409	269	151578000.0	606470000	758048000.0	755	49480000	30677600.0	0	0	87494400	4216000	3199200.0	10020500	1054000	1329900	19819600.0	10400409.6	30220009.6	0.39798393574297186	True	44887600.0	864000000.0	45000000.0	126000000.0	75690000.0	291577600.0	0	0.13	False	0	0	0.19090909090909092	False	3200000.0	28	54.37868489389936	10416	8060	True
49	0.68	734672000.0	193936000.0	928608000.0	10400409.6	True	56	77	238	2.03	409	268	151578000.0	606040000	757618000.0	754	49386000	30619320.0	0	0	87494400	4216000	3199200.0	10020500	1054000	1329900	19819600.0	10400409.6	30220009.6	0.39798393574297186	True	44829320.0	864000000.0	45000000.0	126000000.0	75690000.0	291519320.0	0	0.13	False	0	0	0.19090909090909092	False	3200000.0	28	54.19151633930117	10416	8060	True
50	0.68	734672000.0	193936000.0	928608000.0	10400409.6	True	56	77	238	2.03	409	267	151578000.0	605610000	757188000.0	753	49292000	30561040.0	0	0	87494400	4216000	3199200.0	10020500	1054000	1329900	19819600.0	10400409.6	30220009.6	0.39798393574297186	True	44771040.0	864000000.0	45000000.0	126000000.0	75690000.0	291461040.0	0	0.13	False	0	0	0.19090909090909092	False	3200000.0	28	54.00498633198163	10416	8060	True
51	0.68	734672000.0	193936000.0	928608000.0	10400409.6	True	56	77	238	2.03	409	266	151578000.0	605180000	756758000.0	752	49198000	30502760.0	0	0	87494400	4216000	3199200.0	10020500	1054000	1329900	19819600.0	10400409.6	30220009.6	0.39798393574297186	True	44712760.0	864000000.0	45000000.0	126000000.0	75690000.0	291402760.0	0	0.13	False	0	0	0.19090909090909092	False	3200000.0	28	53.81909423154626	10416	8060	True
52	0.68	734672000.0	193936000.0	928608000.0	10400409.6	True	56	77	238	2.03	409	266	151578000.0	605180000	756758000.0	752	49198000	30502760.0	0	0	87494400	4216000	3199200.0	10020500	1054000	1329900	19819600.0	10400409.6	30220009.6	0.39798393574297186	True	44712760.0	864000000.0	45000000.0	126000000.0	75690000.0	291402760.0	0	0.13	False	0	0	0.19090909090909092	False	3200000.0	28	53.633838977819444	10416	8060	True
53	0.68	734672000.0	193936000.0	928608000.0	10400409.6	True	56	77	238	2.03	409	265	151578000.0	604750000	756328000.0	751	49104000	30444480.0	0	0	87494400	4216000	3199200.0	10020500	1054000	1329900	19819600.0	10400409.6	30220009.6	0.39798393574297186	True	44654480.0	864000000.0	45000000.0	126000000.0	75690000.0	291344480.0	0	0.13	False	0	0	0.19090909090909092	False	3200000.0	28	53.44921920660664	10416	8060	True
54	0.68	734672000.0	193936000.0	928608000.0	10400409.6	True	56	77	238	2.03	409	264	151578000.0	604320000	755898000.0	750	49010000	30386200.0	0	0	87494400	4216000	3199200.0	10020500	1054000	1329900	19819600.0	10400409.6	30220009.6	0.39798393574297186	True	44596200.0	864000000.0	45000000.0	126000000.0	75690000.0	291286200.0	0	0.13	False	0	0	0.19090909090909092	False	3200000.0	28	53.26523333408909	10416	8060	True
55	0.68	734672000.0	193936000.0	928608000.0	10400409.6	True	56	77	238	2.03	409	263	151578000.0	603890000	755468000.0	749	48916000	30327920.0	0	0	87494400	4216000	3199200.0	10020500	1054000	1329900	19819600.0	10400409.6	30220009.6	0.39798393574297186	True	44537920.0	864000000.0	45000000.0	126000000.0	75690000.0	291227920.0	0	0.13	False	0	0	0.19090909090909092	False	3200000.0	28	53.08187961834888	10416	8060	True
56	0.68	734672000.0	193936000.0	928608000.0	10400409.6	True	56	77	238	2.03	409	262	151578000.0	603460000	755038000.0	748	48822000	30269640.0	0	0	87494400	4216000	3199200.0	10020500	1054000	1329900	19819600.0	10400409.6	30220009.6	0.39798393574297186	True	44479640.0	864000000.0	45000000.0	126000000.0	75690000.0	291169640.0	0	0.13	False	0	0	0.19090909090909092	False	3200000.0	28	52.89915620421962	10416	8060	True
57	0.68	734672000.0	193936000.0	928608000.0	10400409.6	True	56	77	238	2.03	409	261	151578000.0	603030000	754608000.0	747	48728000	30211360.0	0	0	87494400	4216000	3199200.0	10020500	1054000	1329900	19819600.0	10400409.6	30220009.6	0.39798393574297186	True	44421360.0	864000000.0	45000000.0	126000000.0	75690000.0	291111360.0	0	0.13	False	0	0	0.19090909090909092	False	3200000.0	28	52.71706115598008	10416	8060	True
58	0.68	734672000.0	193936000.0	928608000.0	10400409.6	True	56	77	238	2.03	409	260	151578000.0	602600000	754178000.0	746	48634000	30153080.0	0	0	87494400	4216000	3199200.0	10020500	1054000	1329900	19819600.0	10400409.6	30220009.6	0.39798393574297186	True	44363080.0	864000000.0	45000000.0	126000000.0	75690000.0	291053080.0	0	0.13	False	0	0	0.19090909090909092	False	3200000.0	28	52.53559248118395	10416	8060	True
59	0.68	734672000.0	193936000.0	928608000.0	10400409.6	True	56	77	238	2.03	409	259	151578000.0	602170000	753748000.0	745	48540000	30094800.0	0	0	87494400	4216000	3199200.0	10020500	1054000	1329900	19819600.0	10400409.6	30220009.6	0.39798393574297186	True	44304800.0	864000000.0	45000000.0	126000000.0	75690000.0	290994800.0	0	0.13	False	0	0	0.19090909090909092	False	3200000.0	28	52.35474814802728	10416	8060	True
60	0.68	734672000.0	193936000.0	928608000.0	10400409.6	True	56	77	238	2.03	409	258	151578000.0	601740000	753318000.0	744	48446000	30036520.0	0	0	87494400	4216000	3199200.0	10020500	1054000	1329900	19819600.0	10400409.6	30220009.6	0.39798393574297186	True	44246520.0	864000000.0	45000000.0	126000000.0	75690000.0	290936520.0	0	0.13	False	0	0	0.19090909090909092	False	3200000.0	28	52.17452609800414	10416	8060	True
61	0.68	734672000.0	193936000.0	928608000.0	10400409.6	True	56	77	238	2.03	409	257	151578000.0	601310000	752888000.0	743	48352000	29978240.0	0	0	87494400	4216000	3199200.0	10020500	1054000	1329900	19819600.0	10400409.6	30220009.6	0.39798393574297186	True	44188240.0	864000000.0	45000000.0	126000000.0	75690000.0	290878240.0	0	0.13	False	0	0	0.19090909090909092	False	3200000.0	28	51.99492425512679	10416	8060	True
62	0.68	734672000.0	193936000.0	928608000.0	10400409.6	True	56	77	238	2.03	409	257	151578000.0	601310000	752888000.0	743	48352000	29978240.0	0	0	87494400	4216000	3199200.0	10020500	1054000	1329900	19819600.0	10400409.6	30220009.6	0.39798393574297186	True	44188240.0	864000000.0	45000000.0	126000000.0	75690000.0	290878240.0	0	0.13	False	0	0	0.19090909090909092	False	3200000.0	28	51.81594053264149	10416	8060	True
63	0.68	734672000.0	193936000.0	928608000.0	10400409.6	True	56	77	238	2.03	409	256	151578000.0	600880000	752458000.0	742	48258000	29919960.0	0	0	87494400	4216000	3199200.0	10020500	1054000	1329900	19819600.0	10400409.6	30220009.6	0.39798393574297186	True	44129960.0	864000000.0	45000000.0	126000000.0	75690000.0	290819960.0	0	0.13	False	0	0	0.19090909090909092	False	3200000.0	28	51.637572837917965	10416	8060	True
64	0.68	734672000.0	193936000.0	928608000.0	10400409.6	True	56	77	238	2.03	409	255	151578000.0	600450000	752028000.0	741	48164000	29861680.0	0	0	87494400	4216000	3199200.0	10020500	1054000	1329900	19819600.0	10400409.6	30220009.6	0.39798393574297186	True	44071680.0	864000000.0	45000000.0	126000000.0	75690000.0	290761680.0	0	0.13	False	0	0	0.19090909090909092	False	3200000.0	28	51.45981907600762	10416	8060	True
65	0.68	734672000.0	193936000.0	928608000.0	10400409.6	True	56	77	238	2.03	409	254	151578000.0	600020000	751598000.0	740	48070000	29803400.0	0	0	87494400	4216000	3199200.0	10020500	1054000	1329900	19819600.0	10400409.6	30220009.6	0.39798393574297186	True	44013400.0	864000000.0	45000000.0	126000000.0	75690000.0	290703400.0	0	0.13	False	0	0	0.19090909090909092	False	3200000.0	28	51.282677152230995	10416	8060	True
66	0.68	734672000.0	193936000.0	928608000.0	10400409.6	True	56	77	238	2.03	409	253	151578000.0	599590000	751168000.0	739	47976000	29745120.0	0	0	87494400	4216000	3199200.0	10020500	1054000	1329900	19819600.0	10400409.6	30220009.6	0.39798393574297186	True	43955120.0	864000000.0	45000000.0	126000000.0	75690000.0	290645120.0	0	0.13	False	0	0	0.19090909090909092	False	3200000.0	28	51.10614497405759	10416	8060	True
67	0.68	734672000.0	193936000.0	928608000.0	10400409.6	True	56	77	238	2.03	409	252	151578000.0	599160000	750738000.0	738	47882000	29686840.0	0	0	87494400	4216000	3199200.0	10020500	1054000	1329900	19819600.0	10400409.6	30220009.6	0.39798393574297186	True	43896840.0	864000000.0	45000000.0	126000000.0	75690000.0	290586840.0	0	0.13	False	0	0	0.19090909090909092	False	3200000.0	28	50.9302204524696	10416	8060	True
68	0.68	734672000.0	193936000.0	928608000.0	10400409.6	True	56	77	238	2.03	409	251	151578000.0	598730000	750308000.0	737	47788000	29628560.0	0	0	87494400	4216000	3199200.0	10020500	1054000	1329900	19819600.0	10400409.6	30220009.6	0.39798393574297186	True	43838560.0	864000000.0	45000000.0	126000000.0	75690000.0	290528560.0	0	0.13	False	0	0	0.19090909090909092	False	3200000.0	28	50.75490150294969	10416	8060	True
69	0.68	734672000.0	193936000.0	928608000.0	10400409.6	True	56	77	238	2.03	409	250	151578000.0	598300000	749878000.0	736	47694000	29570280.0	0	0	87494400	4216000	3199200.0	10020500	1054000	1329900	19819600.0	10400409.6	30220009.6	0.39798393574297186	True	43780280.0	864000000.0	45000000.0	126000000.0	75690000.0	290470280.0	0	0.13	False	0	0	0.19090909090909092	False	3200000.0	28	50.580186046194335	10416	8060	True
70	0.68	734672000.0	193936000.0	928608000.0	10400409.6	True	56	77	238	2.03	409	250	151578000.0	598300000	749878000.0	736	47694000	29570280.0	0	0	87494400	4216000	3199200.0	10020500	1054000	1329900	19819600.0	10400409.6	30220009.6	0.39798393574297186	True	43780280.0	864000000.0	45000000.0	126000000.0	75690000.0	290470280.0	0	0.13	False	0	0	0.19090909090909092	False	3200000.0	28	50.40607200862734	10416	8060	True
71	0.68	734672000.0	193936000.0	928608000.0	10400409.6	True	56	77	238	2.03	409	249	151578000.0	597870000	749448000.0	735	47600000	29512000.0	0	0	87494400	4216000	3199200.0	10020500	1054000	1329900	19819600.0	10400409.6	30220009.6	0.39798393574297186	True	43722000.0	864000000.0	45000000.0	126000000.0	75690000.0	290412000.0	0	0.13	False	0	0	0.19090909090909092	False	3200000.0	28	50.23255732276764	10416	8060	True
72	0.68	734672000.0	193936000.0	928608000.0	10400409.6	True	56	77	238	2.03	409	248	151578000.0	597440000	749018000.0	734	47506000	29453720.0	0	0	87494400	4216000	3199200.0	10020500	1054000	1329900	19819600.0	10400409.6	30220009.6	0.39798393574297186	True	43663720.0	864000000.0	45000000.0	126000000.0	75690000.0	290353720.0	0	0.13	False	0	0	0.19090909090909092	False	3200000.0	28	50.059639927490764	10416	8060	True
73	0.68	734672000.0	193936000.0	928608000.0	10400409.6	True	56	77	238	2.03	409	247	151578000.0	597010000	748588000.0	733	47412000	29395440.0	0	0	87494400	4216000	3199200.0	10020500	1054000	1329900	19819600.0	10400409.6	30220009.6	0.39798393574297186	True	43605440.0	864000000.0	45000000.0	126000000.0	75500468.48613428	290105908.4861343	0	0.13	False	0	0	0.19090909090909092	False	3200000.0	28	49.887317768212995	10416	8060	True
74	0.68	734672000.0	193936000.0	928608000.0	10400409.6	True	56	77	238	2.03	409	246	151578000.0	596580000	748158000.0	732	47318000	29337160.0	0	0	87494400	4216000	3199200.0	10020500	1054000	1329900	19819600.0	10400409.6	30220009.6	0.39798393574297186	True	43547160.0	864000000.0	45000000.0	126000000.0	75211620.35658595	289758780.356586	0	0.13	False	0	0	0.19090909090909092	False	3200000.0	28	49.715588797019	10416	8060	True
75	0.68	734672000.0	193936000.0	928608000.0	10400409.6	True	56	77	238	2.03	409	245	151578000.0	596150000	747728000.0	731	47224000	29278880.0	0	0	87494400	4216000	3199200.0	10020500	1054000	1329900	19819600.0	10400409.6	30220009.6	0.39798393574297186	True	43488880.0	864000000.0	45000000.0	126000000.0	74923766.53616278	289412646.5361628	0	0.13	False	0	0	0.19090909090909092	False	3200000.0	28	49.54445097274838	10416	8060	True
76	0.68	734672000.0	193936000.0	928608000.0	10400409.6	True	56	77	238	2.03	409	244	151578000.0	595720000	747298000.0	730	47130000	29220600.0	0	0	87494400	4216000	3199200.0	10020500	1054000	1329900	19819600.0	10400409.6	30220009.6	0.39798393574297186	True	43430600.0	864000000.0	45000000.0	126000000.0	74636903.60308982	289067503.6030898	0	0.13	False	0	0	0.19090909090909092	False	3200000.0	28	49.373902261052216	10416	8060	True
77	0.68	734672000.0	193936000.0	928608000.0	10400409.6	True	56	77	238	2.03	409	244	151578000.0	595720000	747298000.0	730	47130000	29220600.0	0	0	87494400	4216000	3199200.0	10020500	1054000	1329900	19819600.0	10400409.6	30220009.6	0.39798393574297186	True	43430600.0	864000000.0	45000000.0	126000000.0	74351028.14710768	288781628.14710766	0	0.13	False	0	0	0.19090909090909092	False	3200000.0	28	49.20394063442788	10416	8060	True
78	0.68	734672000.0	193936000.0	928608000.0	10400409.6	True	56	77	238	2.03	409	243	151578000.0	595290000	746868000.0	729	47036000	29162320.0	0	0	87494400	4216000	3199200.0	10020500	1054000	1329900	19819600.0	10400409.6	30220009.6	0.39798393574297186	True	43372320.0	864000000.0	45000000.0	126000000.0	74066136.76950413	288438456.76950413	0	0.13	False	0	0	0.19090909090909092	False	3200000.0	28	49.034564072237885	10416	8060	True
79	0.68	734672000.0	193936000.0	928608000.0	10400409.6	True	56	77	238	2.03	409	242	151578000.0	594860000	746438000.0	728	46942000	29104040.0	0	0	87494400	4216000	3199200.0	10020500	1054000	1329900	19819600.0	10400409.6	30220009.6	0.39798393574297186	True	43314040.0	864000000.0	45000000.0	126000000.0	73782226.08312625	288096266.08312625	0	0.13	False	0	0	0.19090909090909092	False	3200000.0	28	48.865770560717145	10416	8060	True
80	0.68	734672000.0	193936000.0	928608000.0	10400409.6	True	56	77	238	2.03	409	241	151578000.0	594430000	746008000.0	727	46848000	29045760.0	0	0	87494400	4216000	3199200.0	10020500	1054000	1329900	19819600.0	10400409.6	30220009.6	0.39798393574297186	True	43255760.0	864000000.0	45000000.0	126000000.0	73499292.71237884	287755052.71237886	0	0.13	False	0	0	0.19090909090909092	False	3200000.0	28	48.69755809297196	10416	8060	True
81	0.68	734672000.0	193936000.0	928608000.0	10400409.6	True	56	77	238	2.03	409	240	151578000.0	594000000	745578000.0	726	46754000	28987480.0	0	0	87494400	4216000	3199200.0	10020500	1054000	1329900	19819600.0	10400409.6	30220009.6	0.39798393574297186	True	43197480.0	864000000.0	45000000.0	126000000.0	73217333.29321219	287414813.2932122	0	0.13	False	0	0	0.19090909090909092	False	3200000.0	28	48.52992466897276	10416	8060	True
82	0.68	734672000.0	193936000.0	928608000.0	10400409.6	True	56	77	238	2.03	409	239	151578000.0	593570000	745148000.0	725	46660000	28929200.0	0	0	87494400	4216000	3199200.0	10020500	1054000	1329900	19819600.0	10400409.6	30220009.6	0.39798393574297186	True	43139200.0	864000000.0	45000000.0	126000000.0	72936344.4731024	287075544.4731024	0	0.13	False	0	0	0.19090909090909092	False	3200000.0	28	48.36286829554246	10416	8060	True
83	0.68	734672000.0	193936000.0	928608000.0	10400409.6	True	56	77	238	2.03	409	239	151578000.0	593570000	745148000.0	725	46660000	28929200.0	0	0	87494400	4216000	3199200.0	10020500	1054000	1329900	19819600.0	10400409.6	30220009.6	0.39798393574297186	True	43139200.0	864000000.0	45000000.0	126000000.0	72656322.91102666	286795522.91102666	0	0.13	False	0	0	0.19090909090909092	False	3200000.0	28	48.19638698634166	10416	8060	True
84	0.68	734672000.0	193936000.0	928608000.0	10400409.6	True	56	77	238	2.03	409	238	151578000.0	593140000	744718000.0	724	46566000	28870920.0	0	0	87494400	4216000	3199200.0	10020500	1054000	1329900	19819600.0	10400409.6	30220009.6	0.39798393574297186	True	43080920.0	864000000.0	45000000.0	126000000.0	72377265.27743411	286458185.2774341	0	0.13	False	0	0	0.19090909090909092	False	3200000.0	28	48.030478761851434	10416	8060	True
85	0.68	734672000.0	193936000.0	928608000.0	10400409.6	True	56	77	238	2.03	409	237	151578000.0	592710000	744288000.0	723	46472000	28812640.0	0	0	87494400	4216000	3199200.0	10020500	1054000	1329900	19819600.0	10400409.6	30220009.6	0.39798393574297186	True	43022640.0	864000000.0	45000000.0	126000000.0	72099168.25421429	286121808.2542143	0	0.13	False	0	0	0.19090909090909092	False	3200000.0	28	47.865141649354506	10416	8060	True
86	0.68	734672000.0	193936000.0	928608000.0	10400409.6	True	56	77	238	2.03	409	236	151578000.0	592280000	743858000.0	722	46378000	28754360.0	0	0	87494400	4216000	3199200.0	10020500	1054000	1329900	19819600.0	10400409.6	30220009.6	0.39798393574297186	True	42964360.0	864000000.0	45000000.0	126000000.0	71822028.53466347	285786388.53466344	0	0.13	False	0	0	0.19090909090909092	False	3200000.0	28	47.70037368291526	10416	8060	True
87	0.68	734672000.0	193936000.0	928608000.0	10400409.6	True	56	77	238	2.03	409	235	151578000.0	591850000	743428000.0	721	46284000	28696080.0	0	0	87494400	4216000	3199200.0	10020500	1054000	1329900	19819600.0	10400409.6	30220009.6	0.39798393574297186	True	42906080.0	864000000.0	45000000.0	126000000.0	71545842.82344963	285451922.8234496	0	0.13	False	0	0	0.19090909090909092	False	3200000.0	28	47.536172903358874	10416	8060	True
88	0.68	734672000.0	193936000.0	928608000.0	10400409.6	True	56	77	238	2.03	409	234	151578000.0	591420000	742998000.0	720	46190000	28637800.0	0	0	87494400	4216000	3199200.0	10020500	1054000	1329900	19819600.0	10400409.6	30220009.6	0.39798393574297186	True	42847800.0	864000000.0	45000000.0	126000000.0	71270607.83657604	285118407.83657604	0	0.13	False	0	0	0.19090909090909092	False	3200000.0	28	47.37253735824973	10416	8060	True
89	0.68	734672000.0	193936000.0	928608000.0	10400409.6	True	56	77	238	2.03	409	234	151578000.0	591420000	742998000.0	720	46190000	28637800.0	0	0	87494400	4216000	3199200.0	10020500	1054000	1329900	19819600.0	10400409.6	30220009.6	0.39798393574297186	True	42847800.0	864000000.0	45000000.0	126000000.0	70996320.30134486	284844120.3013449	0	0.13	False	0	0	0.19090909090909092	False	3200000.0	28	47.20946510186971	10416	8060	True
90	0.68	734672000.0	193936000.0	928608000.0	10400409.6	True	56	77	238	2.03	409	233	151578000.0	590990000	742568000.0	719	46096000	28579520.0	0	0	87494400	4216000	3199200.0	10020500	1054000	1329900	19819600.0	10400409.6	30220009.6	0.39798393574297186	True	42789520.0	864000000.0	45000000.0	126000000.0	70722976.95631948	284512496.95631945	0	0.13	False	0	0	0.19090909090909092	False	3200000.0	28	47.04695419519588	10416	8060	True
91	0.68	734672000.0	193936000.0	928608000.0	10400409.6	True	56	77	238	2.03	409	232	151578000.0	590560000	742138000.0	718	46002000	28521240.0	0	0	87494400	4216000	3199200.0	10020500	1054000	1329900	19819600.0	10400409.6	30220009.6	0.39798393574297186	True	42731240.0	864000000.0	45000000.0	126000000.0	70450574.55128717	284181814.5512872	0	0.13	False	0	0	0.19090909090909092	False	3200000.0	28	46.88500270587823	10416	8060	True
92	0.68	734672000.0	193936000.0	928608000.0	10400409.6	True	56	77	238	2.03	409	231	151578000.0	590130000	741708000.0	717	45908000	28462960.0	0	0	87494400	4216000	3199200.0	10020500	1054000	1329900	19819600.0	10400409.6	30220009.6	0.39798393574297186	True	42672960.0	864000000.0	45000000.0	126000000.0	70179109.84722124	283852069.84722126	0	0.13	False	0	0	0.19090909090909092	False	3200000.0	28	46.72360870821714	10416	8060	True
93	0.68	734672000.0	193936000.0	928608000.0	10400409.6	True	56	77	238	2.03	409	230	151578000.0	589700000	741278000.0	716	45814000	28404680.0	0	0	87494400	4216000	3199200.0	10020500	1054000	1329900	19819600.0	10400409.6	30220009.6	0.39798393574297186	True	42614680.0	864000000.0	45000000.0	126000000.0	69908579.61624311	283523259.6162431	0	0.13	False	0	0	0.19090909090909092	False	3200000.0	28	46.562770283140964	10416	8060	True
94	0.68	734672000.0	193936000.0	928608000.0	10400409.6	True	56	77	238	2.03	409	230	151578000.0	589700000	741278000.0	716	45814000	28404680.0	0	0	87494400	4216000	3199200.0	10020500	1054000	1329900	19819600.0	10400409.6	30220009.6	0.39798393574297186	True	42614680.0	864000000.0	45000000.0	126000000.0	69638980.64158438	283253660.6415844	0	0.13	False	0	0	0.19090909090909092	False	3200000.0	28	46.40248551818335	10416	8060	True
95	0.68	734672000.0	193936000.0	928608000.0	10400409.6	True	56	77	238	2.03	409	229	151578000.0	589270000	740848000.0	715	45720000	28346400.0	0	0	87494400	4216000	3199200.0	10020500	1054000	1329900	19819600.0	10400409.6	30220009.6	0.39798393574297186	True	42556400.0	864000000.0	45000000.0	126000000.0	69370309.7175491	282926709.7175491	0	0.13	False	0	0	0.19090909090909092	False	3200000.0	28	46.24275250746082	10416	8060	True
96	0.68	734672000.0	193936000.0	928608000.0	10400409.6	True	56	77	238	2.03	409	228	151578000.0	588840000	740418000.0	714	45626000	28288120.0	0	0	87494400	4216000	3199200.0	10020500	1054000	1329900	19819600.0	10400409.6	30220009.6	0.39798393574297186	True	42498120.0	864000000.0	45000000.0	126000000.0	69102563.64947559	282600683.6494756	0	0.13	False	0	0	0.19090909090909092	False	3200000.0	28	46.083569351650176	10416	8060	True
97	0.68	734672000.0	193936000.0	928608000.0	10400409.6	True	56	77	238	2.03	409	227	151578000.0	588410000	739988000.0	713	45532000	28229840.0	0	0	87494400	4216000	3199200.0	10020500	1054000	1329900	19819600.0	10400409.6	30220009.6	0.39798393574297186	True	42439840.0	864000000.0	45000000.0	126000000.0	68835739.25369895	282275579.25369895	0	0.13	False	0	0	0.19090909090909092	False	3200000.0	28	45.92493415796607	10416	8060	True
98	0.68	734672000.0	193936000.0	928608000.0	10400409.6	True	56	77	238	2.03	409	227	151578000.0	588410000	739988000.0	713	45532000	28229840.0	0	0	87494400	4216000	3199200.0	10020500	1054000	1329900	19819600.0	10400409.6	30220009.6	0.39798393574297186	True	42439840.0	864000000.0	45000000.0	126000000.0	68569833.357513	282009673.357513	0	0.13	False	0	0	0.19090909090909092	False	3200000.0	28	45.76684504013852	10416	8060	True
99	0.68	734672000.0	193936000.0	928608000.0	10400409.6	True	56	77	238	2.03	409	226	151578000.0	587980000	739558000.0	712	45438000	28171560.0	0	0	87494400	4216000	3199200.0	10020500	1054000	1329900	19819600.0	10400409.6	30220009.6	0.39798393574297186	True	42381560.0	864000000.0	45000000.0	126000000.0	68304842.799133	281686402.799133	0	0.13	False	0	0	0.19090909090909092	False	3200000.0	28	45.60930011839061	10416	8060	True
100	0.68	734672000.0	193936000.0	928608000.0	10400409.6	True	56	77	238	2.03	409	225	151578000.0	587550000	739128000.0	711	45344000	28113280.0	0	0	87494400	4216000	3199200.0	10020500	1054000	1329900	19819600.0	10400409.6	30220009.6	0.39798393574297186	True	42323280.0	864000000.0	45000000.0	126000000.0	68040764.4276579	281364044.4276579	0	0.13	False	0	0	0.19090909090909092	False	3200000.0	28	45.45229751941611	10416	8060	True
101	0.68	734672000.0	193936000.0	928608000.0	10400409.6	True	56	77	238	2.03	409	224	151578000.0	587120000	738698000.0	710	45250000	28055000.0	0	0	87494400	4216000	3199200.0	10020500	1054000	1329900	19819600.0	10400409.6	30220009.6	0.39798393574297186	True	42265000.0	864000000.0	45000000.0	126000000.0	67777595.10303296	281042595.10303295	0	0.13	False	0	0	0.19090909090909092	False	3200000.0	28	45.29583537635729	10416	8060	True
102	0.68	734672000.0	193936000.0	928608000.0	10400409.6	True	56	77	238	2.03	409	223	151578000.0	586690000	738268000.0	709	45156000	27996720.0	0	0	87494400	4216000	3199200.0	10020500	1054000	1329900	19819600.0	10400409.6	30220009.6	0.39798393574297186	True	42206720.0	864000000.0	45000000.0	126000000.0	67515331.6960125	280722051.6960125	0	0.13	False	0	0	0.19090909090909092	False	3200000.0	28	45.139911828782694	10416	8060	True
103	0.68	734672000.0	193936000.0	928608000.0	10400409.6	True	56	77	238	2.03	409	223	151578000.0	586690000	738268000.0	709	45156000	27996720.0	0	0	87494400	4216000	3199200.0	10020500	1054000	1329900	19819600.0	10400409.6	30220009.6	0.39798393574297186	True	42206720.0	864000000.0	45000000.0	126000000.0	67253971.08812264	280460691.0881226	0	0.13	False	0	0	0.19090909090909092	False	3200000.0	28	44.98452502266507	10416	8060	True
104	0.68	734672000.0	193936000.0	928608000.0	10400409.6	True	56	77	238	2.03	409	222	151578000.0	586260000	737838000.0	708	45062000	27938440.0	0	0	87494400	4216000	3199200.0	10020500	1054000	1329900	19819600.0	10400409.6	30220009.6	0.39798393574297186	True	42148440.0	864000000.0	45000000.0	126000000.0	66993510.17162437	280141950.17162436	0	0.13	False	0	0	0.19090909090909092	False	3200000.0	28	44.829673110359316	10416	8060	True
105	0.68	734672000.0	193936000.0	928608000.0	10400409.6	True	56	77	238	2.03	409	221	151578000.0	585830000	737408000.0	707	44968000	27880160.0	0	0	87494400	4216000	3199200.0	10020500	1054000	1329900	19819600.0	10400409.6	30220009.6	0.39798393574297186	True	42090160.0	864000000.0	45000000.0	126000000.0	66733945.84947645	279824105.84947646	0	0.13	False	0	0	0.19090909090909092	False	3200000.0	28	44.675354250580526	10416	8060	True
106	0.68	734672000.0	193936000.0	928608000.0	10400409.6	True	56	77	238	2.03	409	220	151578000.0	585400000	736978000.0	706	44874000	27821880.0	0	0	87494400	4216000	3199200.0	10020500	1054000	1329900	19819600.0	10400409.6	30220009.6	0.39798393574297186	True	42031880.0	864000000.0	45000000.0	126000000.0	66475275.03529866	279507155.03529865	0	0.13	False	0	0	0.19090909090909092	False	3200000.0	28	44.52156660838208	10416	8060	True
107	0.68	734672000.0	193936000.0	928608000.0	10400409.6	True	56	77	238	2.03	409	220	151578000.0	585400000	736978000.0	706	44874000	27821880.0	0	0	87494400	4216000	3199200.0	10020500	1054000	1329900	19819600.0	10400409.6	30220009.6	0.39798393574297186	True	42031880.0	864000000.0	45000000.0	126000000.0	66217494.653335236	279249374.6533352	0	0.13	False	0	0	0.19090909090909092	False	3200000.0	28	44.36830835513391	10416	8060	True
108	0.68	734672000.0	193936000.0	928608000.0	10400409.6	True	56	77	238	2.03	409	219	151578000.0	584970000	736548000.0	705	44780000	27763600.0	0	0	87494400	4216000	3199200.0	10020500	1054000	1329900	19819600.0	10400409.6	30220009.6	0.39798393574297186	True	41973600.0	864000000.0	45000000.0	126000000.0	65960601.63841806	278934201.6384181	0	0.13	False	0	0	0.19090909090909092	False	3200000.0	28	44.21557766850063	10416	8060	True
109	0.68	734672000.0	193936000.0	928608000.0	10400409.6	True	56	77	238	2.03	409	218	151578000.0	584540000	736118000.0	704	44686000	27705320.0	0	0	87494400	4216000	3199200.0	10020500	1054000	1329900	19819600.0	10400409.6	30220009.6	0.39798393574297186	True	41915320.0	864000000.0	45000000.0	126000000.0	65704592.93593044	278619912.93593043	0	0.13	False	0	0	0.19090909090909092	False	3200000.0	28	44.06337273242	10416	8060	True
110	0.68	734672000.0	193936000.0	928608000.0	10400409.6	True	56	77	238	2.03	409	217	151578000.0	584110000	735688000.0	703	44592000	27647040.0	0	0	87494400	4216000	3199200.0	10020500	1054000	1329900	19819600.0	10400409.6	30220009.6	0.39798393574297186	True	41857040.0	864000000.0	45000000.0	126000000.0	65449465.50177066	278306505.5017707	0	0.13	False	0	0	0.19090909090909092	False	3200000.0	28	43.91169173708125	10416	8060	True
111	0.68	734672000.0	193936000.0	928608000.0	10400409.6	True	56	77	238	2.03	409	217	151578000.0	584110000	735688000.0	703	44592000	27647040.0	0	0	87494400	4216000	3199200.0	10020500	1054000	1329900	19819600.0	10400409.6	30220009.6	0.39798393574297186	True	41857040.0	864000000.0	45000000.0	126000000.0	65195216.3023158	278052256.30231583	0	0.13	False	0	0	0.19090909090909092	False	3200000.0	28	43.76053287890357	10416	8060	True
112	0.68	734672000.0	193936000.0	928608000.0	10400409.6	True	56	77	238	2.03	409	216	151578000.0	583680000	735258000.0	702	44498000	27588760.0	0	0	87494400	4216000	3199200.0	10020500	1054000	1329900	19819600.0	10400409.6	30220009.6	0.39798393574297186	True	41798760.0	864000000.0	45000000.0	126000000.0	64941842.31438572	277740602.3143857	0	0.13	False	0	0	0.19090909090909092	False	3200000.0	28	43.609894360514694	10416	8060	True
113	0.68	734672000.0	193936000.0	928608000.0	10400409.6	True	56	77	238	2.03	409	215	151578000.0	583250000	734828000.0	701	44404000	27530480.0	0	0	87494400	4216000	3199200.0	10020500	1054000	1329900	19819600.0	10400409.6	30220009.6	0.39798393574297186	True	41740480.0	864000000.0	45000000.0	126000000.0	64689340.52520707	277429820.52520704	0	0.13	False	0	0	0.19090909090909092	False	3200000.0	28	43.45977439072953	10416	8060	True
114	0.68	734672000.0	193936000.0	928608000.0	10400409.6	True	56	77	238	2.03	409	214	151578000.0	582820000	734398000.0	700	44310000	27472200.0	0	0	87494400	4216000	3199200.0	10020500	1054000	1329900	19819600.0	10400409.6	30220009.6	0.39798393574297186	True	41682200.0	864000000.0	45000000.0	126000000.0	64437707.93237748	277119907.93237746	0	0.13	False	0	0	0.19090909090909092	False	3200000.0	28	43.310171184528826	10416	8060	True
115	0.68	734672000.0	193936000.0	928608000.0	10400409.6	True	56	77	238	2.03	409	214	151578000.0	582820000	734398000.0	700	44310000	27472200.0	0	0	87494400	4216000	3199200.0	10020500	1054000	1329900	19819600.0	10400409.6	30220009.6	0.39798393574297186	True	41682200.0	864000000.0	45000000.0	126000000.0	64186941.54382989	276869141.5438299	0	0.13	False	0	0	0.19090909090909092	False	3200000.0	28	43.161082963037984	10416	8060	True
116	0.68	734672000.0	193936000.0	928608000.0	10400409.6	True	56	77	238	2.03	409	213	151578000.0	582390000	733968000.0	699	44216000	27413920.0	0	0	87494400	4216000	3199200.0	10020500	1054000	1329900	19819600.0	10400409.6	30220009.6	0.39798393574297186	True	41623920.0	864000000.0	45000000.0	126000000.0	63937038.37779691	276560958.3777969	0	0.13	False	0	0	0.19090909090909092	False	3200000.0	28	43.01250795350589	10416	8060	True
117	0.68	734672000.0	193936000.0	928608000.0	10400409.6	True	56	77	238	2.03	409	212	151578000.0	581960000	733538000.0	698	44122000	27355640.0	0	0	87494400	4216000	3199200.0	10020500	1054000	1329900	19819600.0	10400409.6	30220009.6	0.39798393574297186	True	41565640.0	864000000.0	45000000.0	126000000.0	63687995.46277539	276253635.4627754	0	0.13	False	0	0	0.19090909090909092	False	3200000.0	28	42.86444438928382	10416	8060	True
118	0.68	734672000.0	193936000.0	928608000.0	10400409.6	True	56	77	238	2.03	409	211	151578000.0	581530000	733108000.0	697	44028000	27297360.0	0	0	87494400	4216000	3199200.0	10020500	1054000	1329900	19819600.0	10400409.6	30220009.6	0.39798393574297186	True	41507360.0	864000000.0	45000000.0	126000000.0	63439809.83749112	275947169.8374911	0	0.13	False	0	0	0.19090909090909092	False	3200000.0	28	42.71689050980447	10416	8060	True
119	0.68	734672000.0	193936000.0	928608000.0	10400409.6	True	56	77	238	2.03	409	211	151578000.0	581530000	733108000.0	697	44028000	27297360.0	0	0	87494400	4216000	3199200.0	10020500	1054000	1329900	19819600.0	10400409.6	30220009.6	0.39798393574297186	True	41507360.0	864000000.0	45000000.0	126000000.0	63192478.550863616	275699838.5508636	0	0.13	False	0	0	0.19090909090909092	False	3200000.0	28	42.56984456056101	10416	8060	True
120	0.68	734672000.0	193936000.0	928608000.0	10400409.6	True	56	77	238	2.03	409	210	151578000.0	581100000	732678000.0	696	43934000	27239080.0	0	0	87494400	4216000	3199200.0	10020500	1054000	1329900	19819600.0	10400409.6	30220009.6	0.39798393574297186	True	41449080.0	864000000.0	45000000.0	126000000.0	62945998.66197095	275395078.661971	0	0.13	False	0	0	0.19090909090909092	False	3200000.0	28	42.423304793086174	10416	8060	True
121	0.68	734672000.0	193936000.0	928608000.0	10400409.6	True	56	77	238	2.03	409	209	151578000.0	580670000	732248000.0	695	43840000	27180800.0	0	0	87494400	4216000	3199200.0	10020500	1054000	1329900	19819600.0	10400409.6	30220009.6	0.39798393574297186	True	41390800.0	864000000.0	45000000.0	126000000.0	62700367.24001486	275091167.24001485	0	0.13	False	0	0	0.19090909090909092	False	3200000.0	28	42.27726946493154	10416	8060	True
122	0.68	734672000.0	193936000.0	928608000.0	10400409.6	True	56	77	238	2.03	409	208	151578000.0	580240000	731818000.0	694	43746000	27122520.0	0	0	87494400	4216000	3199200.0	10020500	1054000	1329900	19819600.0	10400409.6	30220009.6	0.39798393574297186	True	41332520.0	864000000.0	45000000.0	126000000.0	62455581.3642859	274788101.3642859	0	0.13	False	0	0	0.19090909090909092	False	3200000.0	28	42.13173683964679	10416	8060	True
123	0.68	734672000.0	193936000.0	928608000.0	10400409.6	True	56	77	238	2.03	409	208	151578000.0	580240000	731818000.0	694	43746000	27122520.0	0	0	87494400	4216000	3199200.0	10020500	1054000	1329900	19819600.0	10400409.6	30220009.6	0.39798393574297186	True	41332520.0	864000000.0	45000000.0	126000000.0	62211638.1241287	274544158.1241287	0	0.13	False	0	0	0.19090909090909092	False	3200000.0	28	41.98670518675904	10416	8060	True
124	0.68	734672000.0	193936000.0	928608000.0	10400409.6	True	56	77	238	2.03	409	207	151578000.0	579810000	731388000.0	693	43652000	27064240.0	0	0	87494400	4216000	3199200.0	10020500	1054000	1329900	19819600.0	10400409.6	30220009.6	0.39798393574297186	True	41274240.0	864000000.0	45000000.0	126000000.0	61968534.61890732	274242774.61890733	0	0.13	False	0	0	0.19090909090909092	False	3200000.0	28	41.84217278175227	10416	8060	True
125	0.68	734672000.0	193936000.0	928608000.0	10400409.6	True	56	77	238	2.03	409	206	151578000.0	579380000	730958000.0	692	43558000	27005960.0	0	0	87494400	4216000	3199200.0	10020500	1054000	1329900	19819600.0	10400409.6	30220009.6	0.39798393574297186	True	41215960.0	864000000.0	45000000.0	126000000.0	61726267.95797078	273942227.9579708	0	0.13	False	0	0	0.19090909090909092	False	3200000.0	28	41.69813790604684	10416	8060	True
126	0.68	734672000.0	193936000.0	928608000.0	10400409.6	True	56	77	238	2.03	409	206	151578000.0	579380000	730958000.0	692	43558000	27005960.0	0	0	87494400	4216000	3199200.0	10020500	1054000	1329900	19819600.0	10400409.6	30220009.6	0.39798393574297186	True	41215960.0	864000000.0	45000000.0	126000000.0	61484835.26061874	273700795.26061875	0	0.13	False	0	0	0.19090909090909092	False	3200000.0	28	41.55459884697903	10416	8060	True
127	0.68	734672000.0	193936000.0	928608000.0	10400409.6	True	56	77	238	2.03	409	205	151578000.0	578950000	730528000.0	691	43464000	26947680.0	0	0	87494400	4216000	3199200.0	10020500	1054000	1329900	19819600.0	10400409.6	30220009.6	0.39798393574297186	True	41157680.0	864000000.0	45000000.0	126000000.0	61244233.656067125	273401913.65606713	0	0.13	False	0	0	0.19090909090909092	False	3200000.0	28	41.41155389778069	10416	8060	True
128	0.68	734672000.0	193936000.0	928608000.0	10400409.6	True	56	77	238	2.03	409	204	151578000.0	578520000	730098000.0	690	43370000	26889400.0	0	0	87494400	4216000	3199200.0	10020500	1054000	1329900	19819600.0	10400409.6	30220009.6	0.39798393574297186	True	41099400.0	864000000.0	45000000.0	126000000.0	61004460.28341416	273103860.2834142	0	0.13	False	0	0	0.19090909090909092	False	3200000.0	28	41.269001357558956	10416	8060	True
129	0.68	734672000.0	193936000.0	928608000.0	10400409.6	True	56	77	238	2.03	409	203	151578000.0	578090000	729668000.0	689	43276000	26831120.0	0	0	87494400	4216000	3199200.0	10020500	1054000	1329900	19819600.0	10400409.6	30220009.6	0.39798393574297186	True	41041120.0	864000000.0	45000000.0	126000000.0	60765512.29160621	272806632.2916062	0	0.13	False	0	0	0.19090909090909092	False	3200000.0	28	41.12693953127599	10416	8060	True
130	0.68	734672000.0	193936000.0	928608000.0	10400409.6	True	56	77	238	2.03	409	203	151578000.0	578090000	729668000.0	689	43276000	26831120.0	0	0	87494400	4216000	3199200.0	10020500	1054000	1329900	19819600.0	10400409.6	30220009.6	0.39798393574297186	True	41041120.0	864000000.0	45000000.0	126000000.0	60527386.839403905	272568506.8394039	0	0.13	False	0	0	0.19090909090909092	False	3200000.0	28	40.98536672972884	10416	8060	True
131	0.68	734672000.0	193936000.0	928608000.0	10400409.6	True	56	77	238	2.03	409	202	151578000.0	577660000	729238000.0	688	43182000	26772840.0	0	0	87494400	4216000	3199200.0	10020500	1054000	1329900	19819600.0	10400409.6	30220009.6	0.39798393574297186	True	40982840.0	864000000.0	45000000.0	126000000.0	60290081.095348455	272272921.0953485	0	0.13	False	0	0	0.19090909090909092	False	3200000.0	28	40.844281269529404	10416	8060	True
132	0.68	734672000.0	193936000.0	928608000.0	10400409.6	True	56	77	238	2.03	409	201	151578000.0	577230000	728808000.0	687	43088000	26714560.0	0	0	87494400	4216000	3199200.0	10020500	1054000	1329900	19819600.0	10400409.6	30220009.6	0.39798393574297186	True	40924560.0	864000000.0	45000000.0	126000000.0	60053592.23772783	271978152.2377278	0	0.13	False	0	0	0.19090909090909092	False	3200000.0	28	40.70368147308432	10416	8060	True
133	0.68	734672000.0	193936000.0	928608000.0	10400409.6	True	56	77	238	2.03	409	201	151578000.0	577230000	728808000.0	687	43088000	26714560.0	0	0	87494400	4216000	3199200.0	10020500	1054000	1329900	19819600.0	10400409.6	30220009.6	0.39798393574297186	True	40924560.0	864000000.0	45000000.0	126000000.0	59817917.45454331	271742477.4545433	0	0.13	False	0	0	0.19090909090909092	False	3200000.0	28	40.563565668575094	10416	8060	True
134	0.68	734672000.0	193936000.0	928608000.0	10400409.6	True	56	77	238	2.03	409	200	151578000.0	576800000	728378000.0	686	42994000	26656280.0	0	0	87494400	4216000	3199200.0	10020500	1054000	1329900	19819600.0	10400409.6	30220009.6	0.39798393574297186	True	40866280.0	864000000.0	45000000.0	126000000.0	59583053.94347603	271449333.943476	0	0.13	False	0	0	0.19090909090909092	False	3200000.0	28	40.423932189938185	10416	8060	True
135	0.68	734672000.0	193936000.0	928608000.0	10400409.6	True	56	77	238	2.03	409	199	151578000.0	576370000	727948000.0	685	42900000	26598000.0	0	0	87494400	4216000	3199200.0	10020500	1054000	1329900	19819600.0	10400409.6	30220009.6	0.39798393574297186	True	40808000.0	864000000.0	45000000.0	126000000.0	59348998.91185368	271156998.9118537	0	0.13	False	0	0	0.19090909090909092	False	3200000.0	28	40.28477937684523	10416	8060	True
136	0.68	734672000.0	193936000.0	928608000.0	10400409.6	True	56	77	238	2.03	409	199	151578000.0	576370000	727948000.0	685	42900000	26598000.0	0	0	87494400	4216000	3199200.0	10020500	1054000	1329900	19819600.0	10400409.6	30220009.6	0.39798393574297186	True	40808000.0	864000000.0	45000000.0	126000000.0	59115749.576617196	270923749.5766172	0	0.13	False	0	0	0.19090909090909092	False	3200000.0	28	40.14610557468323	10416	8060	True
137	0.68	734672000.0	193936000.0	928608000.0	10400409.6	True	56	77	238	2.03	409	198	151578000.0	575940000	727518000.0	684	42806000	26539720.0	0	0	87494400	4216000	3199200.0	10020500	1054000	1329900	19819600.0	10400409.6	30220009.6	0.39798393574297186	True	40749720.0	864000000.0	45000000.0	126000000.0	58883303.16428782	270633023.1642878	0	0.13	False	0	0	0.19090909090909092	False	3200000.0	28	40.00790913453497	10416	8060	True
138	0.68	734672000.0	193936000.0	928608000.0	10400409.6	True	56	77	238	2.03	409	197	151578000.0	575510000	727088000.0	683	42712000	26481440.0	0	0	87208800	4216000	3199200.0	10020500	1054000	1329900	19819600.0	10400409.6	30220009.6	0.39798393574297186	True	40691440.0	864000000.0	45000000.0	126000000.0	58651656.91093399	270343096.910934	0	0.13	False	0	0	0.19090909090909092	False	3200000.0	28	39.870188413159326	10382	8060	True
139	0.68	734672000.0	193936000.0	928608000.0	10400409.6	True	56	77	238	2.03	409	197	151578000.0	575510000	727088000.0	683	42712000	26481440.0	0	0	86906400	4216000	3199200.0	10020500	1054000	1329900	19819600.0	10400409.6	30220009.6	0.39798393574297186	True	40691440.0	864000000.0	45000000.0	126000000.0	58420808.06213857	270112248.06213856	0	0.13	False	0	0	0.19090909090909092	False	3200000.0	28	39.7329417729718	10346	8060	True
140	0.68	734672000.0	193936000.0	928608000.0	10400409.6	True	56	77	238	2.03	409	196	151578000.0	575080000	726658000.0	682	42618000	26423160.0	0	0	86604000	4216000	3199200.0	10020500	1054000	1329900	19819600.0	10400409.6	30220009.6	0.39798393574297186	True	40633160.0	864000000.0	45000000.0	126000000.0	58190753.87296601	269823913.872966	0	0.13	False	0	0	0.19090909090909092	False	3200000.0	28	39.596167582024975	10310	8060	True
141	0.68	734672000.0	193936000.0	928608000.0	10400409.6	True	56	77	238	2.03	409	195	151578000.0	574650000	726228000.0	681	42524000	26364880.0	0	0	86310000	4216000	3199200.0	10020500	1054000	1329900	19819600.0	10400409.6	30220009.6	0.39798393574297186	True	40574880.0	864000000.0	45000000.0	126000000.0	57961491.60792981	269536371.6079298	0	0.13	False	0	0	0.19090909090909092	False	3200000.0	28	39.459864213989185	10275	8060	True
142	0.68	734672000.0	193936000.0	928608000.0	10400409.6	True	56	77	238	2.03	409	195	151578000.0	574650000	726228000.0	681	42524000	26364880.0	0	0	86007600	4216000	3199200.0	10020500	1054000	1329900	19819600.0	10400409.6	30220009.6	0.39798393574297186	True	40574880.0	864000000.0	45000000.0	126000000.0	57733018.540959895	269307898.5409599	0	0.13	False	0	0	0.19090909090909092	False	3200000.0	28	39.32403004813311	10239	8060	True
143	0.68	734672000.0	193936000.0	928608000.0	10400409.6	True	56	77	238	2.03	409	194	151578000.0	574220000	725798000.0	680	42430000	26306600.0	0	0	85713600	4216000	3199200.0	10020500	1054000	1329900	19819600.0	10400409.6	30220009.6	0.39798393574297186	True	40516600.0	864000000.0	45000000.0	126000000.0	57505331.95537023	269021931.95537025	0	0.13	False	0	0	0.19090909090909092	False	3200000.0	28	39.18866346930454	10204	8060	True
144	0.68	734672000.0	193936000.0	928608000.0	10400409.6	True	56	77	238	2.03	409	193	151578000.0	573790000	725368000.0	679	42336000	26248320.0	0	0	85419600	4216000	3199200.0	10020500	1054000	1329900	19819600.0	10400409.6	30220009.6	0.39798393574297186	True	40458320.0	864000000.0	45000000.0	126000000.0	57278429.14382661	268736749.1438266	0	0.13	False	0	0	0.19090909090909092	False	3200000.0	28	39.05376286791118	10169	8060	True
145	0.68	734672000.0	193936000.0	928608000.0	10400409.6	True	56	77	238	2.03	409	193	151578000.0	573790000	725368000.0	679	42336000	26248320.0	0	0	85125600	4216000	3199200.0	10020500	1054000	1329900	19819600.0	10400409.6	30220009.6	0.39798393574297186	True	40458320.0	864000000.0	45000000.0	126000000.0	57052307.40831429	268510627.4083143	0	0.13	False	0	0	0.19090909090909092	False	3200000.0	28	38.91932663990148	10134	8060	True
146	0.68	734672000.0	193936000.0	928608000.0	10400409.6	True	56	77	238	2.03	409	192	151578000.0	573360000	724938000.0	678	42242000	26190040.0	0	0	84831600	4216000	3199200.0	10020500	1054000	1329900	19819600.0	10400409.6	30220009.6	0.39798393574297186	True	40400040.0	864000000.0	45000000.0	126000000.0	56826964.060106054	268227004.06010604	0	0.13	False	0	0	0.19090909090909092	False	3200000.0	28	38.785353186745574	10099	8060	True
147	0.68	734672000.0	193936000.0	928608000.0	10400409.6	True	56	77	238	2.03	409	191	151578000.0	572930000	724508000.0	677	42148000	26131760.0	0	0	84537600	4216000	3199200.0	10020500	1054000	1329900	19819600.0	10400409.6	30220009.6	0.39798393574297186	True	40341760.0	864000000.0	45000000.0	126000000.0	56602396.41973019	267944156.4197302	0	0.13	False	0	0	0.19090909090909092	False	3200000.0	28	38.65184091541628	10064	8060	True
148	0.68	734672000.0	193936000.0	928608000.0	10400409.6	True	56	77	238	2.03	409	191	151578000.0	572930000	724508000.0	677	42148000	26131760.0	0	0	84252000	4216000	3199200.0	10020500	1054000	1329900	19819600.0	10400409.6	30220009.6	0.39798393574297186	True	40341760.0	864000000.0	45000000.0	126000000.0	56378601.816938624	267720361.81693864	0	0.13	False	0	0	0.19090909090909092	False	3200000.0	28	38.51878823837017	10030	8060	True
149	0.68	734672000.0	193936000.0	928608000.0	10400409.6	True	56	77	238	2.03	409	190	151578000.0	572500000	724078000.0	676	42054000	26073480.0	0	0	83958000	4216000	3199200.0	10020500	1054000	1329900	19819600.0	10400409.6	30220009.6	0.39798393574297186	True	40283480.0	864000000.0	45000000.0	126000000.0	56155577.59067519	267439057.59067518	0	0.13	False	0	0	0.19090909090909092	False	3200000.0	28	38.38619357352865	9995	8060	True
150	0.68	734672000.0	193936000.0	928608000.0	10400409.6	True	56	77	238	2.03	409	189	151578000.0	572070000	723648000.0	675	41960000	26015200.0	0	0	83672400	4216000	3199200.0	10020500	1054000	1329900	19819600.0	10400409.6	30220009.6	0.39798393574297186	True	40225200.0	864000000.0	45000000.0	126000000.0	55933321.08904394	267158521.08904395	0	0.13	False	0	0	0.19090909090909092	False	3200000.0	28	38.25405534425918	9961	8060	True
151	0.68	734672000.0	193936000.0	928608000.0	10400409.6	True	56	77	238	2.03	409	189	151578000.0	572070000	723648000.0	675	41960000	26015200.0	0	0	83386800	4216000	3199200.0	10020500	1054000	1329900	19819600.0	10400409.6	30220009.6	0.39798393574297186	True	40225200.0	864000000.0	45000000.0	126000000.0	55711829.66927768	266937029.66927767	0	0.13	False	0	0	0.19090909090909092	False	3200000.0	28	38.12237197935653	9927	8060	True
152	0.68	734672000.0	193936000.0	928608000.0	10400409.6	True	56	77	238	2.03	409	188	151578000.0	571640000	723218000.0	674	41866000	25956920.0	0	0	83092800	4216000	3199200.0	10020500	1054000	1329900	19819600.0	10400409.6	30220009.6	0.39798393574297186	True	40166920.0	864000000.0	45000000.0	126000000.0	55491100.69770651	266658020.69770652	0	0.13	False	0	0	0.19090909090909092	False	3200000.0	28	37.99114191302409	9892	8060	True
153	0.68	734672000.0	193936000.0	928608000.0	10400409.6	True	56	77	238	2.03	409	187	151578000.0	571210000	722788000.0	673	41772000	25898640.0	0	0	82807200	4216000	3199200.0	10020500	1054000	1329900	19819600.0	10400409.6	30220009.6	0.39798393574297186	True	40108640.0	864000000.0	45000000.0	126000000.0	55271131.54972649	266379771.5497265	0	0.13	False	0	0	0.19090909090909092	False	3200000.0	28	37.86036358485523	9858	8060	True
154	0.68	734672000.0	193936000.0	928608000.0	10400409.6	True	56	77	238	2.03	409	187	151578000.0	571210000	722788000.0	673	41772000	25898640.0	0	0	82521600	4216000	3199200.0	10020500	1054000	1329900	19819600.0	10400409.6	30220009.6	0.39798393574297186	True	40108640.0	864000000.0	45000000.0	126000000.0	55051919.60976848	266160559.60976848	0	0.13	False	0	0	0.19090909090909092	False	3200000.0	28	37.73003543981479	9824	8060	True
155	0.68	734672000.0	193936000.0	928608000.0	10400409.6	True	56	77	238	2.03	409	186	151578000.0	570780000	722358000.0	672	41678000	25840360.0	0	0	82244400	4216000	3199200.0	10020500	1054000	1329900	19819600.0	10400409.6	30220009.6	0.39798393574297186	True	40050360.0	864000000.0	45000000.0	126000000.0	54833462.271267004	265883822.271267	0	0.13	False	0	0	0.19090909090909092	False	3200000.0	28	37.60015592822057	9791	8060	True
156	0.68	734672000.0	193936000.0	928608000.0	10400409.6	True	56	77	238	2.03	409	185	151578000.0	570350000	721928000.0	671	41584000	25782080.0	0	0	81958800	4216000	3199200.0	10020500	1054000	1329900	19819600.0	10400409.6	30220009.6	0.39798393574297186	True	39992080.0	864000000.0	45000000.0	126000000.0	54615756.93662922	265607836.93662924	0	0.13	False	0	0	0.19090909090909092	False	3200000.0	28	37.47072350572486	9757	8060	True
157	0.68	734672000.0	193936000.0	928608000.0	10400409.6	True	56	77	238	2.03	409	185	151578000.0	570350000	721928000.0	671	41584000	25782080.0	0	0	81673200	4216000	3199200.0	10020500	1054000	1329900	19819600.0	10400409.6	30220009.6	0.39798393574297186	True	39992080.0	864000000.0	45000000.0	126000000.0	54398801.01720413	265390881.01720414	0	0.13	False	0	0	0.19090909090909092	False	3200000.0	28	37.34173663329615	9723	8060	True
158	0.68	734672000.0	193936000.0	928608000.0	10400409.6	True	56	77	238	2.03	409	184	151578000.0	569920000	721498000.0	670	41490000	25723800.0	0	0	81396000	4216000	3199200.0	10020500	1054000	1329900	19819600.0	10400409.6	30220009.6	0.39798393574297186	True	39933800.0	864000000.0	45000000.0	126000000.0	54182591.93325173	265116391.93325174	0	0.13	False	0	0	0.19090909090909092	False	3200000.0	28	37.21319377720079	9690	8060	True
159	0.68	734672000.0	193936000.0	928608000.0	10400409.6	True	56	77	238	2.03	409	183	151578000.0	569490000	721068000.0	669	41396000	25665520.0	0	0	81110400	4216000	3199200.0	10020500	1054000	1329900	19819600.0	10400409.6	30220009.6	0.39798393574297186	True	39875520.0	864000000.0	45000000.0	126000000.0	53967127.11391238	264842647.11391237	0	0.13	False	0	0	0.19090909090909092	False	3200000.0	28	37.08509340898477	9656	8060	True
160	0.68	734672000.0	193936000.0	928608000.0	10400409.6	True	56	77	238	2.03	409	183	151578000.0	569490000	721068000.0	669	41396000	25665520.0	0	0	80833200	4216000	3199200.0	10020500	1054000	1329900	19819600.0	10400409.6	30220009.6	0.39798393574297186	True	39875520.0	864000000.0	45000000.0	126000000.0	53752403.997176126	264627923.9971761	0	0.13	False	0	0	0.19090909090909092	False	3200000.0	28	36.95743400545548	9623	8060	True
161	0.68	734672000.0	193936000.0	928608000.0	10400409.6	True	56	77	238	2.03	409	182	151578000.0	569060000	720638000.0	668	41302000	25607240.0	0	0	80556000	4216000	3199200.0	10020500	1054000	1329900	19819600.0	10400409.6	30220009.6	0.39798393574297186	True	39817240.0	864000000.0	45000000.0	126000000.0	53538420.029852405	264355660.0298524	0	0.13	False	0	0	0.19090909090909092	False	3200000.0	28	36.830214048663734	9590	8060	True
162	0.68	734672000.0	193936000.0	928608000.0	10400409.6	True	56	77	238	2.03	409	182	151578000.0	569060000	720638000.0	668	41302000	25607240.0	0	0	80278800	4216000	3199200.0	10020500	1054000	1329900	19819600.0	10400409.6	30220009.6	0.39798393574297186	True	39817240.0	864000000.0	45000000.0	126000000.0	53325172.66753955	264142412.66753954	0	0.13	False	0	0	0.19090909090909092	False	3200000.0	28	36.70343202588558	9557	8060	True
163	0.68	734672000.0	193936000.0	928608000.0	10400409.6	True	56	77	238	2.03	409	181	151578000.0	568630000	720208000.0	667	41208000	25548960.0	0	0	80001600	4216000	3199200.0	10020500	1054000	1329900	19819600.0	10400409.6	30220009.6	0.39798393574297186	True	39758960.0	864000000.0	45000000.0	126000000.0	53112659.37459456	263871619.37459457	0	0.13	False	0	0	0.19090909090909092	False	3200000.0	28	36.57708642960438	9524	8060	True
164	0.68	734672000.0	193936000.0	928608000.0	10400409.6	True	56	77	238	2.03	409	180	151578000.0	568200000	719778000.0	666	41114000	25490680.0	0	0	79724400	4216000	3199200.0	10020500	1054000	1329900	19819600.0	10400409.6	30220009.6	0.39798393574297186	True	39700680.0	864000000.0	45000000.0	126000000.0	52900877.62410307	263601557.62410307	0	0.13	False	0	0	0.19090909090909092	False	3200000.0	28	36.451175757492905	9491	8060	True
165	0.68	734672000.0	193936000.0	928608000.0	10400409.6	True	56	77	238	2.03	409	180	151578000.0	568200000	719778000.0	666	41114000	25490680.0	0	0	79455600	4216000	3199200.0	10020500	1054000	1329900	19819600.0	10400409.6	30220009.6	0.39798393574297186	True	39700680.0	864000000.0	45000000.0	126000000.0	52689824.8978491	263390504.89784908	0	0.13	False	0	0	0.19090909090909092	False	3200000.0	28	36.32569851239542	9459	8060	True
166	0.68	734672000.0	193936000.0	928608000.0	10400409.6	True	56	77	238	2.03	409	179	151578000.0	567770000	719348000.0	665	41020000	25432400.0	0	0	79178400	4216000	3199200.0	10020500	1054000	1329900	19819600.0	10400409.6	30220009.6	0.39798393574297186	True	39642400.0	864000000.0	45000000.0	126000000.0	52479498.68628526	263121898.68628526	0	0.13	False	0	0	0.19090909090909092	False	3200000.0	28	36.2006532023099	9426	8060	True
167	0.68	734672000.0	193936000.0	928608000.0	10400409.6	True	56	77	238	2.03	409	178	151578000.0	567340000	718918000.0	664	40926000	25374120.0	0	0	78909600	4216000	3199200.0	10020500	1054000	1329900	19819600.0	10400409.6	30220009.6	0.39798393574297186	True	39584120.0	864000000.0	45000000.0	126000000.0	52269896.488502875	262854016.48850286	0	0.13	False	0	0	0.19090909090909092	False	3200000.0	28	36.07603834037032	9394	8060	True
168	0.68	734672000.0	193936000.0	928608000.0	10400409.6	True	56	77	238	2.03	409	178	151578000.0	567340000	718918000.0	664	40926000	25374120.0	0	0	78632400	4216000	3199200.0	10020500	1054000	1329900	19819600.0	10400409.6	30220009.6	0.39798393574297186	True	39584120.0	864000000.0	45000000.0	126000000.0	52061015.81220226	262645135.81220227	0	0.13	False	0	0	0.19090909090909092	False	3200000.0	28	35.95185244482893	9361	8060	True
169	0.68	734672000.0	193936000.0	928608000.0	10400409.6	True	56	77	238	2.03	409	177	151578000.0	566910000	718488000.0	663	40832000	25315840.0	0	0	78363600	4216000	3199200.0	10020500	1054000	1329900	19819600.0	10400409.6	30220009.6	0.39798393574297186	True	39525840.0	864000000.0	45000000.0	126000000.0	51852854.17366301	262378694.17366302	0	0.13	False	0	0	0.19090909090909092	False	3200000.0	28	35.82809403903865	9329	8060	True
170	0.68	734672000.0	193936000.0	928608000.0	10400409.6	True	56	77	238	2.03	409	177	151578000.0	566910000	718488000.0	663	40832000	25315840.0	0	0	78094800	4216000	3199200.0	10020500	1054000	1329900	19819600.0	10400409.6	30220009.6	0.39798393574297186	True	39525840.0	864000000.0	45000000.0	126000000.0	51645409.09771458	262171249.09771457	0	0.13	False	0	0	0.19090909090909092	False	3200000.0	28	35.70476165143554	9297	8060	True
171	0.68	734672000.0	193936000.0	928608000.0	10400409.6	True	56	77	238	2.03	409	176	151578000.0	566480000	718058000.0	662	40738000	25257560.0	0	0	77826000	4216000	3199200.0	10020500	1054000	1329900	19819600.0	10400409.6	30220009.6	0.39798393574297186	True	39467560.0	864000000.0	45000000.0	126000000.0	51438678.11770674	261906238.11770675	0	0.13	False	0	0	0.19090909090909092	False	3200000.0	28	35.58185381552125	9265	8060	True
172	0.68	734672000.0	193936000.0	928608000.0	10400409.6	True	56	77	238	2.03	409	175	151578000.0	566050000	717628000.0	661	40644000	25199280.0	0	0	77557200	4216000	3199200.0	10020500	1054000	1329900	19819600.0	10400409.6	30220009.6	0.39798393574297186	True	39409280.0	864000000.0	45000000.0	126000000.0	51232658.77548038	261641938.7754804	0	0.13	False	0	0	0.19090909090909092	False	3200000.0	28	35.45936906984565	9233	8060	True
173	0.68	734672000.0	193936000.0	928608000.0	10400409.6	True	56	77	238	2.03	409	175	151578000.0	566050000	717628000.0	661	40644000	25199280.0	0	0	77288400	4216000	3199200.0	10020500	1054000	1329900	19819600.0	10400409.6	30220009.6	0.39798393574297186	True	39409280.0	864000000.0	45000000.0	126000000.0	51027348.62133815	261436628.62133816	0	0.13	False	0	0	0.19090909090909092	False	3200000.0	28	35.337305957989386	9201	8060	True
174	0.68	734672000.0	193936000.0	928608000.0	10400409.6	True	56	77	238	2.03	409	174	151578000.0	565620000	717198000.0	660	40550000	25141000.0	0	0	77028000	4216000	3199200.0	10020500	1054000	1329900	19819600.0	10400409.6	30220009.6	0.39798393574297186	True	39351000.0	864000000.0	45000000.0	126000000.0	50822745.21401537	261173745.21401536	0	0.13	False	0	0	0.19090909090909092	False	3200000.0	28	35.215663028546594	9170	8060	True
175	0.68	734672000.0	193936000.0	928608000.0	10400409.6	True	56	77	238	2.03	409	174	151578000.0	565620000	717198000.0	660	40550000	25141000.0	0	0	76759200	4216000	3199200.0	10020500	1054000	1329900	19819600.0	10400409.6	30220009.6	0.39798393574297186	True	39351000.0	864000000.0	45000000.0	126000000.0	50618846.120651044	260969846.12065104	0	0.13	False	0	0	0.19090909090909092	False	3200000.0	28	35.09443883510764	9138	8060	True
176	0.68	734672000.0	193936000.0	928608000.0	10400409.6	True	56	77	238	2.03	409	173	151578000.0	565190000	716768000.0	659	40456000	25082720.0	0	0	76498800	4216000	3199200.0	10020500	1054000	1329900	19819600.0	10400409.6	30220009.6	0.39798393574297186	True	39292720.0	864000000.0	45000000.0	126000000.0	50415648.916758925	260708368.91675892	0	0.13	False	0	0	0.19090909090909092	False	3200000.0	28	34.97363193624193	9107	8060	True
177	0.68	734672000.0	193936000.0	928608000.0	10400409.6	True	56	77	238	2.03	409	172	151578000.0	564760000	716338000.0	658	40362000	25024440.0	0	0	76230000	4216000	3199200.0	10020500	1054000	1329900	19819600.0	10400409.6	30220009.6	0.39798393574297186	True	39234440.0	864000000.0	45000000.0	126000000.0	50213151.18619863	260447591.18619862	0	0.13	False	0	0	0.19090909090909092	False	3200000.0	28	34.85324089548075	9075	8060	True
178	0.68	734672000.0	193936000.0	928608000.0	10400409.6	True	56	77	238	2.03	409	172	151578000.0	564760000	716338000.0	658	40362000	25024440.0	0	0	75969600	4216000	3199200.0	10020500	1054000	1329900	19819600.0	10400409.6	30220009.6	0.39798393574297186	True	39234440.0	864000000.0	45000000.0	126000000.0	50011350.52114694	260245790.52114695	0	0.13	False	0	0	0.19090909090909092	False	3200000.0	28	34.7332642813002	9044	8060	True
179	0.68	734672000.0	193936000.0	928608000.0	10400409.6	True	56	77	238	2.03	409	171	151578000.0	564330000	715908000.0	657	40268000	24966160.0	0	0	75709200	4216000	3199200.0	10020500	1054000	1329900	19819600.0	10400409.6	30220009.6	0.39798393574297186	True	39176160.0	864000000.0	45000000.0	126000000.0	49810244.52206922	259986404.52206922	0	0.13	False	0	0	0.19090909090909092	False	3200000.0	28	34.613700667104176	9013	8060	True
180	0.68	734672000.0	193936000.0	928608000.0	10400409.6	True	56	77	238	2.03	409	171	151578000.0	564330000	715908000.0	657	40268000	24966160.0	0	0	75448800	4216000	3199200.0	10020500	1054000	1329900	19819600.0	10400409.6	30220009.6	0.39798393574297186	True	39176160.0	864000000.0	45000000.0	126000000.0	49609830.797690816	259785990.7976908	0	0.13	False	0	0	0.19090909090909092	False	3200000.0	28	34.49454863120738	8982	8060	True
181	0.68	734672000.0	193936000.0	928608000.0	10400409.6	True	56	77	238	2.03	409	170	151578000.0	563900000	715478000.0	656	40174000	24907880.0	0	0	75188400	4216000	3199200.0	10020500	1054000	1329900	19819600.0	10400409.6	30220009.6	0.39798393574297186	True	39117880.0	864000000.0	45000000.0	126000000.0	49410106.96496864	259527986.96496862	0	0.13	False	0	0	0.19090909090909092	False	3200000.0	28	34.37580675681845	8951	8060	True
182	0.68	734672000.0	193936000.0	928608000.0	10400409.6	True	56	77	238	2.03	409	169	151578000.0	563470000	715048000.0	655	40080000	24849600.0	0	0	74928000	4216000	3199200.0	10020500	1054000	1329900	19819600.0	10400409.6	30220009.6	0.39798393574297186	True	39059600.0	864000000.0	45000000.0	126000000.0	49211070.64906282	259270670.6490628	0	0.13	False	0	0	0.19090909090909092	False	3200000.0	28	34.25747363202308	8920	8060	True
183	0.68	734672000.0	193936000.0	928608000.0	10400409.6	True	56	77	238	2.03	409	169	151578000.0	563470000	715048000.0	655	40080000	24849600.0	0	0	74667600	4216000	3199200.0	10020500	1054000	1329900	19819600.0	10400409.6	30220009.6	0.39798393574297186	True	39059600.0	864000000.0	45000000.0	126000000.0	49012719.48330855	259072319.48330855	0	0.13	False	0	0	0.19090909090909092	False	3200000.0	28	34.139547849767276	8889	8060	True
184	0.68	734672000.0	193936000.0	928608000.0	10400409.6	True	56	77	238	2.03	409	168	151578000.0	563040000	714618000.0	654	39986000	24791320.0	0	0	74415600	4216000	3199200.0	10020500	1054000	1329900	19819600.0	10400409.6	30220009.6	0.39798393574297186	True	39001320.0	864000000.0	45000000.0	126000000.0	48815051.109187864	258816371.10918787	0	0.13	False	0	0	0.19090909090909092	False	3200000.0	28	34.02202800784058	8859	8060	True
185	0.68	734672000.0	193936000.0	928608000.0	10400409.6	True	56	77	238	2.03	409	168	151578000.0	563040000	714618000.0	654	39986000	24791320.0	0	0	74155200	4216000	3199200.0	10020500	1054000	1329900	19819600.0	10400409.6	30220009.6	0.39798393574297186	True	39001320.0	864000000.0	45000000.0	126000000.0	48618063.17630154	258619383.17630154	0	0.13	False	0	0	0.19090909090909092	False	3200000.0	28	33.90491270885942	8828	8060	True
186	0.68	734672000.0	193936000.0	928608000.0	10400409.6	True	56	77	238	2.03	409	167	151578000.0	562610000	714188000.0	653	39892000	24733040.0	0	0	73903200	4216000	3199200.0	10020500	1054000	1329900	19819600.0	10400409.6	30220009.6	0.39798393574297186	True	38943040.0	864000000.0	45000000.0	126000000.0	48421753.34234135	258364793.34234136	0	0.13	False	0	0	0.19090909090909092	False	3200000.0	28	33.7882005602505	8798	8060	True
187	0.68	734672000.0	193936000.0	928608000.0	10400409.6	True	56	77	238	2.03	409	167	151578000.0	562610000	714188000.0	653	39892000	24733040.0	0	0	73651200	4216000	3199200.0	10020500	1054000	1329900	19819600.0	10400409.6	30220009.6	0.39798393574297186	True	38943040.0	864000000.0	45000000.0	126000000.0	48226119.27306193	258169159.27306193	0	0.13	False	0	0	0.19090909090909092	False	3200000.0	28	33.67189017423421	8768	8060	True
188	0.68	734672000.0	193936000.0	928608000.0	10400409.6	True	56	77	238	2.03	409	166	151578000.0	562180000	713758000.0	652	39798000	24674760.0	0	0	73390800	4216000	3199200.0	10020500	1054000	1329900	19819600.0	10400409.6	30220009.6	0.39798393574297186	True	38884760.0	864000000.0	45000000.0	126000000.0	48031158.64225332	257915918.6422533	0	0.13	False	0	0	0.19090909090909092	False	3200000.0	28	33.55598016780816	8737	8060	True
189	0.68	734672000.0	193936000.0	928608000.0	10400409.6	True	56	77	238	2.03	409	165	151578000.0	561750000	713328000.0	651	39704000	24616480.0	0	0	73138800	4216000	3199200.0	10020500	1054000	1329900	19819600.0	10400409.6	30220009.6	0.39798393574297186	True	38826480.0	864000000.0	45000000.0	126000000.0	47836869.13171306	257663349.13171306	0	0.13	False	0	0	0.19090909090909092	False	3200000.0	28	33.440469162730714	8707	8060	True
190	0.68	734672000.0	193936000.0	928608000.0	10400409.6	True	56	77	238	2.03	409	165	151578000.0	561750000	713328000.0	651	39704000	24616480.0	0	0	72886800	4216000	3199200.0	10020500	1054000	1329900	19819600.0	10400409.6	30220009.6	0.39798393574297186	True	38826480.0	864000000.0	45000000.0	126000000.0	47643248.431218766	257469728.43121877	0	0.13	False	0	0	0.19090909090909092	False	3200000.0	28	33.32535578550462	8677	8060	True
191	0.68	734672000.0	193936000.0	928608000.0	10400409.6	True	56	77	238	2.03	409	164	151578000.0	561320000	712898000.0	650	39610000	24558200.0	0	0	72643200	4216000	3199200.0	10020500	1054000	1329900	19819600.0	10400409.6	30220009.6	0.39798393574297186	True	38768200.0	864000000.0	45000000.0	126000000.0	47450294.23850062	257218494.23850062	0	0.13	False	0	0	0.19090909090909092	False	3200000.0	28	33.210638667360655	8648	8060	True
192	0.68	734672000.0	193936000.0	928608000.0	10400409.6	True	56	77	238	2.03	409	164	151578000.0	561320000	712898000.0	650	39610000	24558200.0	0	0	72391200	4216000	3199200.0	10020500	1054000	1329900	19819600.0	10400409.6	30220009.6	0.39798393574297186	True	38768200.0	864000000.0	45000000.0	126000000.0	47258004.25921397	257026204.25921398	0	0.13	False	0	0	0.19090909090909092	False	3200000.0	28	33.09631644424136	8618	8060	True
193	0.68	734672000.0	193936000.0	928608000.0	10400409.6	True	56	77	238	2.03	409	163	151578000.0	560890000	712468000.0	649	39516000	24499920.0	0	0	72139200	4216000	3199200.0	10020500	1054000	1329900	19819600.0	10400409.6	30220009.6	0.39798393574297186	True	38709920.0	864000000.0	45000000.0	126000000.0	47066376.20691211	256776296.2069121	0	0.13	False	0	0	0.19090909090909092	False	3200000.0	28	32.982387756784846	8588	8060	True
194	0.68	734672000.0	193936000.0	928608000.0	10400409.6	True	56	77	238	2.03	409	163	151578000.0	560890000	712468000.0	649	39516000	24499920.0	0	0	71895600	4216000	3199200.0	10020500	1054000	1329900	19819600.0	10400409.6	30220009.6	0.39798393574297186	True	38709920.0	864000000.0	45000000.0	126000000.0	46875407.80301901	256585327.80301902	0	0.13	False	0	0	0.19090909090909092	False	3200000.0	28	32.868851250308566	8559	8060	True
195	0.68	734672000.0	193936000.0	928608000.0	10400409.6	True	56	77	238	2.03	409	162	151578000.0	560460000	712038000.0	648	39422000	24441640.0	0	0	71643600	4216000	3199200.0	10020500	1054000	1329900	19819600.0	10400409.6	30220009.6	0.39798393574297186	True	38651640.0	864000000.0	45000000.0	126000000.0	46685096.7768023	256336736.7768023	0	0.13	False	0	0	0.19090909090909092	False	3200000.0	28	32.75570557479328	8529	8060	True
196	0.68	734672000.0	193936000.0	928608000.0	10400409.6	True	56	77	238	2.03	409	161	151578000.0	560030000	711608000.0	647	39328000	24383360.0	0	0	71400000	4216000	3199200.0	10020500	1054000	1329900	19819600.0	10400409.6	30220009.6	0.39798393574297186	True	38593360.0	864000000.0	45000000.0	126000000.0	46495440.86534624	256088800.86534625	0	0.13	False	0	0	0.19090909090909092	False	3200000.0	28	32.64294938486697	8500	8060	True
197	0.68	734672000.0	193936000.0	928608000.0	10400409.6	True	56	77	238	2.03	409	161	151578000.0	560030000	711608000.0	647	39328000	24383360.0	0	0	71148000	4216000	3199200.0	10020500	1054000	1329900	19819600.0	10400409.6	30220009.6	0.39798393574297186	True	38593360.0	864000000.0	45000000.0	126000000.0	46306437.81352478	255899797.81352478	0	0.13	False	0	0	0.19090909090909092	False	3200000.0	28	32.53058133978881	8470	8060	True
198	0.68	734672000.0	193936000.0	928608000.0	10400409.6	True	56	77	238	2.03	409	160	151578000.0	559600000	711178000.0	646	39234000	24325080.0	0	0	70904400	4216000	3199200.0	10020500	1054000	1329900	19819600.0	10400409.6	30220009.6	0.39798393574297186	True	38535080.0	864000000.0	45000000.0	126000000.0	46118085.373974785	255653165.3739748	0	0.13	False	0	0	0.19090909090909092	False	3200000.0	28	32.418600103433285	8441	8060	True
199	0.68	734672000.0	193936000.0	928608000.0	10400409.6	True	56	77	238	2.03	409	160	151578000.0	559600000	711178000.0	646	39234000	24325080.0	0	0	70660800	4216000	3199200.0	10020500	1054000	1329900	19819600.0	10400409.6	30220009.6	0.39798393574297186	True	38535080.0	864000000.0	45000000.0	126000000.0	45930381.30706932	255465461.3070693	0	0.13	False	0	0	0.19090909090909092	False	3200000.0	28	32.30700434427427	8412	8060	True
200	0.68	734672000.0	193936000.0	928608000.0	10400409.6	True	56	77	238	2.03	409	159	151578000.0	559170000	710748000.0	645	39140000	24266800.0	0	0	70417200	4216000	3199200.0	10020500	1054000	1329900	19819600.0	10400409.6	30220009.6	0.39798393574297186	True	38476800.0	864000000.0	45000000.0	126000000.0	45743323.38089101	255220123.38089103	0	0.13	False	0	0	0.19090909090909092	False	3200000.0	28	32.19579273536921	8383	8060	True
201	0.68	734672000.0	193936000.0	928608000.0	10400409.6	True	56	77	238	2.03	409	159	151578000.0	559170000	710748000.0	645	39140000	24266800.0	0	0	70173600	4216000	3199200.0	10020500	1054000	1329900	19819600.0	10400409.6	30220009.6	0.39798393574297186	True	38476800.0	864000000.0	45000000.0	126000000.0	45556909.371205434	255033709.37120545	0	0.13	False	0	0	0.19090909090909092	False	3200000.0	28	32.0849639543433	8354	8060	True
202	0.68	734672000.0	193936000.0	928608000.0	10400409.6	True	56	77	238	2.03	409	158	151578000.0	558740000	710318000.0	644	39046000	24208520.0	0	0	69938400	4216000	3199200.0	10020500	1054000	1329900	19819600.0	10400409.6	30220009.6	0.39798393574297186	True	38418520.0	864000000.0	45000000.0	126000000.0	45371137.061434805	254789657.0614348	0	0.13	False	0	0	0.19090909090909092	False	3200000.0	28	31.974516683373846	8326	8060	True
203	0.68	734672000.0	193936000.0	928608000.0	10400409.6	True	56	77	238	2.03	409	158	151578000.0	558740000	710318000.0	644	39046000	24208520.0	0	0	69694800	4216000	3199200.0	10020500	1054000	1329900	19819600.0	10400409.6	30220009.6	0.39798393574297186	True	38418520.0	864000000.0	45000000.0	126000000.0	45186004.2426315	254604524.2426315	0	0.13	False	0	0	0.19090909090909092	False	3200000.0	28	31.8644496091745	8297	8060	True
204	0.68	734672000.0	193936000.0	928608000.0	10400409.6	True	56	77	238	2.03	409	157	151578000.0	558310000	709888000.0	643	38952000	24150240.0	0	0	69451200	4216000	3199200.0	10020500	1054000	1329900	19819600.0	10400409.6	30220009.6	0.39798393574297186	True	38360240.0	864000000.0	45000000.0	126000000.0	45001508.71345186	254361748.71345186	0	0.13	False	0	0	0.19090909090909092	False	3200000.0	28	31.754761422979705	8268	8060	True
205	0.68	734672000.0	193936000.0	928608000.0	10400409.6	True	56	77	238	2.03	409	156	151578000.0	557880000	709458000.0	642	38858000	24091960.0	0	0	69216000	4216000	3199200.0	10020500	1054000	1329900	19819600.0	10400409.6	30220009.6	0.39798393574297186	True	38301960.0	864000000.0	45000000.0	126000000.0	44817648.280129984	254119608.28012997	0	0.13	False	0	0	0.19090909090909092	False	3200000.0	28	31.645450820529124	8240	8060	True
206	0.68	734672000.0	193936000.0	928608000.0	10400409.6	True	56	77	238	2.03	409	156	151578000.0	557880000	709458000.0	642	38858000	24091960.0	0	0	68980800	4216000	3199200.0	10020500	1054000	1329900	19819600.0	10400409.6	30220009.6	0.39798393574297186	True	38301960.0	864000000.0	45000000.0	126000000.0	44634420.75645167	253936380.75645167	0	0.13	False	0	0	0.19090909090909092	False	3200000.0	28	31.53651650205212	8212	8060	True
207	0.68	734672000.0	193936000.0	928608000.0	10400409.6	True	56	77	238	2.03	409	155	151578000.0	557450000	709028000.0	641	38764000	24033680.0	0	0	68737200	4216000	3199200.0	10020500	1054000	1329900	19819600.0	10400409.6	30220009.6	0.39798393574297186	True	38243680.0	864000000.0	45000000.0	126000000.0	44451823.96372837	253695503.96372837	0	0.13	False	0	0	0.19090909090909092	False	3200000.0	28	31.4279571722523	8183	8060	True
208	0.68	734672000.0	193936000.0	928608000.0	10400409.6	True	56	77	238	2.03	409	155	151578000.0	557450000	709028000.0	641	38764000	24033680.0	0	0	68502000	4216000	3199200.0	10020500	1054000	1329900	19819600.0	10400409.6	30220009.6	0.39798393574297186	True	38243680.0	864000000.0	45000000.0	126000000.0	44269855.73077133	253513535.73077133	0	0.13	False	0	0	0.19090909090909092	False	3200000.0	28	31.319771540292113	8155	8060	True
209	0.68	734672000.0	193936000.0	928608000.0	10400409.6	True	56	77	238	2.03	409	154	151578000.0	557020000	708598000.0	640	38670000	23975400.0	0	0	68266800	4216000	3199200.0	10020500	1054000	1329900	19819600.0	10400409.6	30220009.6	0.39798393574297186	True	38185400.0	864000000.0	45000000.0	126000000.0	44088513.893865794	253273913.8938658	0	0.13	False	0	0	0.19090909090909092	False	3200000.0	28	31.211958319777526	8127	8060	True
210	0.68	734672000.0	193936000.0	928608000.0	10400409.6	True	56	77	238	2.03	409	154	151578000.0	557020000	708598000.0	640	38670000	23975400.0	0	0	68031600	4216000	3199200.0	10020500	1054000	1329900	19819600.0	10400409.6	30220009.6	0.39798393574297186	True	38185400.0	864000000.0	45000000.0	126000000.0	43907796.29674521	253093196.2967452	0	0.13	False	0	0	0.19090909090909092	False	3200000.0	28	31.104516228742693	8099	8060	True
211	0.68	734672000.0	193936000.0	928608000.0	10400409.6	True	56	77	238	2.03	409	153	151578000.0	556590000	708168000.0	639	38576000	23917120.0	0	0	67796400	4216000	3199200.0	10020500	1054000	1329900	19819600.0	10400409.6	30220009.6	0.39798393574297186	True	38127120.0	864000000.0	45000000.0	126000000.0	43727700.79056561	252854820.7905656	0	0.13	False	0	0	0.19090909090909092	False	3200000.0	28	30.997443989634725	8071	8060	True
212	0.68	734672000.0	193936000.0	928608000.0	10400409.6	True	56	77	238	2.03	409	153	151578000.0	556590000	708168000.0	639	38576000	23917120.0	0	0	67561200	4216000	3199200.0	10020500	1054000	1329900	19819600.0	10400409.6	30220009.6	0.39798393574297186	True	38127120.0	864000000.0	45000000.0	126000000.0	43548225.2338801	252675345.2338801	0	0.13	False	0	0	0.19090909090909092	False	3200000.0	28	30.890740329298517	8043	8060	True
213	0.68	734672000.0	193936000.0	928608000.0	10400409.6	True	56	77	238	2.03	409	152	151578000.0	556160000	707738000.0	638	38482000	23858840.0	0	0	67334400	4216000	3199200.0	10020500	1054000	1329900	19819600.0	10400409.6	30220009.6	0.39798393574297186	True	38068840.0	864000000.0	45000000.0	126000000.0	43369367.49261337	252438207.49261338	0	0.13	False	0	0	0.19090909090909092	False	3200000.0	28	30.784403978961574	8016	8060	True
214	0.68	734672000.0	193936000.0	928608000.0	10400409.6	True	56	77	238	2.03	409	152	151578000.0	556160000	707738000.0	638	38482000	23858840.0	0	0	67099200	4216000	3199200.0	10020500	1054000	1329900	19819600.0	10400409.6	30220009.6	0.39798393574297186	True	38068840.0	864000000.0	45000000.0	126000000.0	43191125.440036274	252259965.44003627	0	0.13	False	0	0	0.19090909090909092	False	3200000.0	28	30.678433674218955	7988	8060	True
215	0.68	734672000.0	193936000.0	928608000.0	10400409.6	True	56	77	238	2.03	409	151	151578000.0	555730000	707308000.0	637	38388000	23800560.0	0	0	66872400	4216000	3199200.0	10020500	1054000	1329900	19819600.0	10400409.6	30220009.6	0.39798393574297186	True	38010560.0	864000000.0	45000000.0	126000000.0	43013496.956740655	252024056.95674065	0	0.13	False	0	0	0.19090909090909092	False	3200000.0	28	30.572828155018225	7961	8060	True
216	0.68	734672000.0	193936000.0	928608000.0	10400409.6	True	56	77	238	2.03	409	151	151578000.0	555730000	707308000.0	637	38388000	23800560.0	0	0	66637200	4216000	3199200.0	10020500	1054000	1329900	19819600.0	10400409.6	30220009.6	0.39798393574297186	True	38010560.0	864000000.0	45000000.0	126000000.0	42836479.93061402	251847039.93061402	0	0.13	False	0	0	0.19090909090909092	False	3200000.0	28	30.46758616564448	7933	8060	True
217	0.68	734672000.0	193936000.0	928608000.0	10400409.6	True	56	77	238	2.03	409	150	151578000.0	555300000	706878000.0	636	38294000	23742280.0	0	0	66410400	4216000	3199200.0	10020500	1054000	1329900	19819600.0	10400409.6	30220009.6	0.39798393574297186	True	37952280.0	864000000.0	45000000.0	126000000.0	42660072.25681448	251612352.25681448	0	0.13	False	0	0	0.19090909090909092	False	3200000.0	28	30.3627064547054	7906	8060	True
218	0.68	734672000.0	193936000.0	928608000.0	10400409.6	True	56	77	238	2.03	409	150	151578000.0	555300000	706878000.0	636	38294000	23742280.0	0	0	66183600	4216000	3199200.0	10020500	1054000	1329900	19819600.0	10400409.6	30220009.6	0.39798393574297186	True	37952280.0	864000000.0	45000000.0	126000000.0	42484271.83774576	251436551.83774576	0	0.13	False	0	0	0.19090909090909092	False	3200000.0	28	30.25818777511639	7879	8060	True
219	0.68	734672000.0	193936000.0	928608000.0	10400409.6	True	56	77	238	2.03	409	149	151578000.0	554870000	706448000.0	635	38200000	23684000.0	0	0	65956800	4216000	3199200.0	10020500	1054000	1329900	19819600.0	10400409.6	30220009.6	0.39798393574297186	True	37894000.0	864000000.0	45000000.0	126000000.0	42309076.5830322	251203076.5830322	0	0.13	False	0	0	0.19090909090909092	False	3200000.0	28	30.15402888408573	7852	8060	True
220	0.68	734672000.0	193936000.0	928608000.0	10400409.6	True	56	77	238	2.03	409	149	151578000.0	554870000	706448000.0	635	38200000	23684000.0	0	0	65730000	4216000	3199200.0	10020500	1054000	1329900	19819600.0	10400409.6	30220009.6	0.39798393574297186	True	37894000.0	864000000.0	45000000.0	126000000.0	42134484.409493886	251028484.4094939	0	0.13	False	0	0	0.19090909090909092	False	3200000.0	28	30.050228543099813	7825	8060	True
221	0.68	734672000.0	193936000.0	928608000.0	10400409.6	True	56	77	238	2.03	409	148	151578000.0	554440000	706018000.0	634	38106000	23625720.0	0	0	65503200	4216000	3199200.0	10020500	1054000	1329900	19819600.0	10400409.6	30220009.6	0.39798393574297186	True	37835720.0	864000000.0	45000000.0	126000000.0	41960493.24112197	250796213.24112198	0	0.13	False	0	0	0.19090909090909092	False	3200000.0	28	29.946785517908427	7798	8060	True
222	0.68	734672000.0	193936000.0	928608000.0	10400409.6	True	56	77	238	2.03	409	148	151578000.0	554440000	706018000.0	634	38106000	23625720.0	0	0	65276400	4216000	3199200.0	10020500	1054000	1329900	19819600.0	10400409.6	30220009.6	0.39798393574297186	True	37835720.0	864000000.0	45000000.0	126000000.0	41787101.00905389	250622821.0090539	0	0.13	False	0	0	0.19090909090909092	False	3200000.0	28	29.843698578510047	7771	8060	True
223	0.68	734672000.0	193936000.0	928608000.0	10400409.6	True	56	77	238	2.03	409	147	151578000.0	554010000	705588000.0	633	38012000	23567440.0	0	0	65049600	4216000	3199200.0	10020500	1054000	1329900	19819600.0	10400409.6	30220009.6	0.39798393574297186	True	37777440.0	864000000.0	45000000.0	126000000.0	41614305.65154881	250391745.6515488	0	0.13	False	0	0	0.19090909090909092	False	3200000.0	28	29.740966499137226	7744	8060	True
224	0.68	734672000.0	193936000.0	928608000.0	10400409.6	True	56	77	238	2.03	409	147	151578000.0	554010000	705588000.0	633	38012000	23567440.0	0	0	64822800	4216000	3199200.0	10020500	1054000	1329900	19819600.0	10400409.6	30220009.6	0.39798393574297186	True	37777440.0	864000000.0	45000000.0	126000000.0	41442105.11396312	250219545.11396313	0	0.13	False	0	0	0.19090909090909092	False	3200000.0	28	29.638588058242046	7717	8060	True
225	0.68	734672000.0	193936000.0	928608000.0	10400409.6	True	56	77	238	2.03	409	146	151578000.0	553580000	705158000.0	632	37918000	23509160.0	0	0	64604400	4216000	3199200.0	10020500	1054000	1329900	19819600.0	10400409.6	30220009.6	0.39798393574297186	True	37719160.0	864000000.0	45000000.0	126000000.0	41270497.34872595	249989657.34872594	0	0.13	False	0	0	0.19090909090909092	False	3200000.0	28	29.536562038481538	7691	8060	True
226	0.68	734672000.0	193936000.0	928608000.0	10400409.6	True	56	77	238	2.03	409	145	151578000.0	553150000	704728000.0	631	37824000	23450880.0	0	0	64377600	4216000	3199200.0	10020500	1054000	1329900	19819600.0	10400409.6	30220009.6	0.39798393574297186	True	37660880.0	864000000.0	45000000.0	126000000.0	41099480.315314904	249760360.3153149	0	0.13	False	0	0	0.19090909090909092	False	3200000.0	28	29.43488722670327	7664	8060	True
227	0.68	734672000.0	193936000.0	928608000.0	10400409.6	True	56	77	238	2.03	409	145	151578000.0	553150000	704728000.0	631	37824000	23450880.0	0	0	64159200	4216000	3199200.0	10020500	1054000	1329900	19819600.0	10400409.6	30220009.6	0.39798393574297186	True	37660880.0	864000000.0	45000000.0	126000000.0	40929051.98023172	249589931.9802317	0	0.13	False	0	0	0.19090909090909092	False	3200000.0	28	29.333562413930867	7638	8060	True
228	0.68	734672000.0	193936000.0	928608000.0	10400409.6	True	56	77	238	2.03	409	144	151578000.0	552720000	704298000.0	630	37730000	23392600.0	0	0	63940800	4216000	3199200.0	10020500	1054000	1329900	19819600.0	10400409.6	30220009.6	0.39798393574297186	True	37602600.0	864000000.0	45000000.0	126000000.0	40759210.316978134	249361810.31697813	0	0.13	False	0	0	0.19090909090909092	False	3200000.0	28	29.232586395349664	7612	8060	True
229	0.68	734672000.0	193936000.0	928608000.0	10400409.6	True	56	77	238	2.03	409	144	151578000.0	552720000	704298000.0	630	37730000	23392600.0	0	0	63714000	4216000	3199200.0	10020500	1054000	1329900	19819600.0	10400409.6	30220009.6	0.39798393574297186	True	37602600.0	864000000.0	45000000.0	126000000.0	40589953.306031786	249192553.3060318	0	0.13	False	0	0	0.19090909090909092	False	3200000.0	28	29.13195797029238	7585	8060	True
230	0.68	734672000.0	193936000.0	928608000.0	10400409.6	True	56	77	238	2.03	409	143	151578000.0	552290000	703868000.0	629	37636000	23334320.0	0	0	63495600	4216000	3199200.0	10020500	1054000	1329900	19819600.0	10400409.6	30220009.6	0.39798393574297186	True	37544320.0	864000000.0	45000000.0	126000000.0	40421278.934822164	248965598.93482217	0	0.13	False	0	0	0.19090909090909092	False	3200000.0	28	29.03167594222483	7559	8060	True
231	0.68	734672000.0	193936000.0	928608000.0	10400409.6	True	56	77	238	2.03	409	143	151578000.0	552290000	703868000.0	629	37636000	23334320.0	0	0	63277200	4216000	3199200.0	10020500	1054000	1329900	19819600.0	10400409.6	30220009.6	0.39798393574297186	True	37544320.0	864000000.0	45000000.0	126000000.0	40253185.19770673	248797505.19770673	0	0.13	False	0	0	0.19090909090909092	False	3200000.0	28	28.931739118731706	7533	8060	True
232	0.68	734672000.0	193936000.0	928608000.0	10400409.6	True	56	77	238	2.03	409	143	151578000.0	552290000	703868000.0	629	37636000	23334320.0	0	0	63058800	4216000	3199200.0	10020500	1054000	1329900	19819600.0	10400409.6	30220009.6	0.39798393574297186	True	37544320.0	864000000.0	45000000.0	126000000.0	40085670.095947035	248629990.09594703	0	0.13	False	0	0	0.19090909090909092	False	3200000.0	28	28.832146311502395	7507	8060	True
233	0.68	734672000.0	193936000.0	928608000.0	10400409.6	True	56	77	238	2.03	409	142	151578000.0	551860000	703438000.0	628	37542000	23276040.0	0	0	62848800	4216000	3199200.0	10020500	1054000	1329900	19819600.0	10400409.6	30220009.6	0.39798393574297186	True	37486040.0	864000000.0	45000000.0	126000000.0	39918731.637684934	248404771.63768494	0	0.13	False	0	0	0.19090909090909092	False	3200000.0	28	28.73289633631685	7482	8060	True
234	0.68	734672000.0	193936000.0	928608000.0	10400409.6	True	56	77	238	2.03	409	142	151578000.0	551860000	703438000.0	628	37542000	23276040.0	0	0	62630400	4216000	3199200.0	10020500	1054000	1329900	19819600.0	10400409.6	30220009.6	0.39798393574297186	True	37486040.0	864000000.0	45000000.0	126000000.0	39752367.83791901	248238407.837919	0	0.13	False	0	0	0.19090909090909092	False	3200000.0	28	28.633988013031516	7456	8060	True
235	0.68	734672000.0	193936000.0	928608000.0	10400409.6	True	56	77	238	2.03	409	141	151578000.0	551430000	703008000.0	627	37448000	23217760.0	0	0	62412000	4216000	3199200.0	10020500	1054000	1329900	19819600.0	10400409.6	30220009.6	0.39798393574297186	True	37427760.0	864000000.0	45000000.0	126000000.0	39586576.718480796	248014336.7184808	0	0.13	False	0	0	0.19090909090909092	False	3200000.0	28	28.535420165565274	7430	8060	True
236	0.68	734672000.0	193936000.0	928608000.0	10400409.6	True	56	77	238	2.03	409	141	151578000.0	551430000	703008000.0	627	37448000	23217760.0	0	0	62202000	4216000	3199200.0	10020500	1054000	1329900	19819600.0	10400409.6	30220009.6	0.39798393574297186	True	37427760.0	864000000.0	45000000.0	126000000.0	39421356.30801139	247849116.30801138	0	0.13	False	0	0	0.19090909090909092	False	3200000.0	28	28.43719162188549	7405	8060	True
237	0.68	734672000.0	193936000.0	928608000.0	10400409.6	True	56	77	238	2.03	409	140	151578000.0	551000000	702578000.0	626	37354000	23159480.0	0	0	61983600	4216000	3199200.0	10020500	1054000	1329900	19819600.0	10400409.6	30220009.6	0.39798393574297186	True	37369480.0	864000000.0	45000000.0	126000000.0	39256704.64193798	247626184.64193797	0	0.13	False	0	0	0.19090909090909092	False	3200000.0	28	28.339301213994045	7379	8060	True
238	0.68	734672000.0	193936000.0	928608000.0	10400409.6	True	56	77	238	2.03	409	140	151578000.0	551000000	702578000.0	626	37354000	23159480.0	0	0	61773600	4216000	3199200.0	10020500	1054000	1328085	19817785.0	10400409.6	30218194.6	0.39794748995983936	True	37349880.0	864000000.0	45000000.0	126000000.0	39092619.76245048	247442499.7624505	0	0.13	False	0	0	0.19090909090909092	False	3200000.0	28	28.24174777791348	7354	8049	True
239	0.68	734672000.0	193936000.0	928608000.0	10400409.6	True	56	77	238	2.03	409	139	151578000.0	550570000	702148000.0	625	37260000	23101200.0	0	0	61555200	4216000	3199200.0	10020500	1054000	1323300	19813000.0	10400409.6	30213409.6	0.39785140562248994	True	37242600.0	864000000.0	45000000.0	126000000.0	38929099.71847822	247171699.7184782	0	0.13	False	0	0	0.19090909090909092	False	3200000.0	28	28.14453015367314	7328	8020	True
240	0.68	734672000.0	193936000.0	928608000.0	10400409.6	True	56	77	238	2.03	409	139	151578000.0	550570000	702148000.0	625	37260000	23101200.0	0	0	61345200	4216000	3199200.0	10020500	1054000	1318515	19808215.0	10400409.6	30208624.6	0.3977553212851406	True	37193600.0	864000000.0	45000000.0	126000000.0	38766142.565666795	246959742.5656668	0	0.13	False	0	0	0.19090909090909092	False	3200000.0	28	28.04764718529536	7303	7991	True
241	0.68	734672000.0	193936000.0	928608000.0	10400409.6	True	56	77	238	2.03	409	138	151578000.0	550140000	701718000.0	624	37166000	23042920.0	0	0	61135200	4216000	3199200.0	10020500	1054000	1313730	19803430.0	10400409.6	30203839.6	0.39765923694779115	True	37086320.0	864000000.0	45000000.0	126000000.0	38603746.36635491	246690066.3663549	0	0.13	False	0	0	0.19090909090909092	False	3200000.0	28	27.951097720781753	7278	7962	True
242	0.68	734672000.0	193936000.0	928608000.0	10400409.6	True	56	77	238	2.03	409	138	151578000.0	550140000	701718000.0	624	37166000	23042920.0	0	0	60925200	4216000	3199200.0	10020500	1054000	1308945	19798645.0	10400409.6	30199054.6	0.3975631526104418	True	37027520.0	864000000.0	45000000.0	126000000.0	38441909.18955137	246469429.18955135	0	0.13	False	0	0	0.19090909090909092	False	3200000.0	28	27.854880612099507	7253	7933	True
243	0.68	734672000.0	193936000.0	928608000.0	10400409.6	True	56	77	238	2.03	409	137	151578000.0	549710000	701288000.0	623	37072000	22984640.0	0	0	60715200	4216000	3199200.0	10020500	1054000	1304325	19794025.0	10400409.6	30194434.6	0.3974703815261044	True	36920240.0	864000000.0	45000000.0	126000000.0	38280629.11091209	246200869.11091208	0	0.13	False	0	0	0.19090909090909092	False	3200000.0	28	27.758994715167713	7228	7905	True
244	0.68	734672000.0	193936000.0	928608000.0	10400409.6	True	56	77	238	2.03	409	137	151578000.0	549710000	701288000.0	623	37072000	22984640.0	0	0	60505200	4216000	3199200.0	10020500	1054000	1299540	19789240.0	10400409.6	30189649.6	0.397374297188755	True	36871240.0	864000000.0	45000000.0	126000000.0	38119904.21271724	245991144.21271724	0	0.13	False	0	0	0.19090909090909092	False	3200000.0	28	27.663438889843782	7203	7876	True
245	0.68	734672000.0	193936000.0	928608000.0	10400409.6	True	56	77	238	2.03	409	136	151578000.0	549280000	700858000.0	622	36978000	22926360.0	0	0	60295200	4216000	3199200.0	10020500	1054000	1294755	19784455.0	10400409.6	30184864.6	0.39727821285140563	True	36763960.0	864000000.0	45000000.0	126000000.0	37959732.583848394	245723692.5838484	0	0.13	False	0	0	0.19090909090909092	False	3200000.0	28	27.56821199990987	7178	7847	True
246	0.68	734672000.0	193936000.0	928608000.0	10400409.6	True	56	77	238	2.03	409	136	151578000.0	549280000	700858000.0	622	36978000	22926360.0	0	0	60093600	4216000	3199200.0	10020500	1054000	1290135	19779835.0	10400409.6	30180244.6	0.39718544176706827	True	36714960.0	864000000.0	45000000.0	126000000.0	37800112.31976591	245515072.31976593	0	0.13	False	0	0	0.19090909090909092	False	3200000.0	28	27.4733129130594	7154	7819	True
247	0.68	734672000.0	193936000.0	928608000.0	10400409.6	True	56	77	238	2.03	409	135	151578000.0	548850000	700428000.0	621	36884000	22868080.0	0	0	59883600	4216000	3199200.0	10020500	1054000	1285515	19775215.0	10400409.6	30175624.6	0.3970926706827309	True	36607680.0	864000000.0	45000000.0	126000000.0	37641041.52248612	245248721.52248612	0	0.13	False	0	0	0.19090909090909092	False	3200000.0	28	27.378740500883545	7129	7791	True
248	0.68	734672000.0	193936000.0	928608000.0	10400409.6	True	56	77	238	2.03	409	135	151578000.0	548850000	700428000.0	621	36884000	22868080.0	0	0	59673600	4216000	3199200.0	10020500	1054000	1280730	19770430.0	10400409.6	30170839.6	0.39699658634538154	True	36558680.0	864000000.0	45000000.0	126000000.0	37482518.300558954	245041198.30055895	0	0.13	False	0	0	0.19090909090909092	False	3200000.0	28	27.284493638857878	7104	7762	True
249	0.68	734672000.0	193936000.0	928608000.0	10400409.6	True	56	77	238	2.03	409	134	151578000.0	548420000	699998000.0	620	36790000	22809800.0	0	0	59472000	4216000	3199200.0	10020500	1054000	1276110	19765810.0	10400409.6	30166219.6	0.3969038152610442	True	36451400.0	864000000.0	45000000.0	126000000.0	37324540.76904526	244775940.76904526	0	0.13	False	0	0	0.19090909090909092	False	3200000.0	28	27.190571206328933	7080	7734	True
250	0.68	734672000.0	193936000.0	928608000.0	10400409.6	True	56	77	238	2.03	409	134	151578000.0	548420000	699998000.0	620	36790000	22809800.0	0	0	59270400	4216000	3199200.0	10020500	1054000	1271490	19761190.0	10400409.6	30161599.6	0.3968110441767068	True	36402400.0	864000000.0	45000000.0	126000000.0	37167107.04949456	244569507.04949456	0	0.13	False	0	0	0.19090909090909092	False	3200000.0	28	27.096972086500926	7056	7706	True
251	0.68	734672000.0	193936000.0	928608000.0	10400409.6	True	56	77	238	2.03	409	133	151578000.0	547990000	699568000.0	619	36696000	22751520.0	0	0	59060400	4216000	3199200.0	10020500	1054000	1266870	19756570.0	10400409.6	30156979.6	0.39671827309236946	True	36295120.0	864000000.0	45000000.0	126000000.0	37010215.26992258	244305335.26992258	0	0.13	False	0	0	0.19090909090909092	False	3200000.0	28	27.003695166422464	7031	7678	True
252	0.68	734672000.0	193936000.0	928608000.0	10400409.6	True	56	77	238	2.03	409	133	151578000.0	547990000	699568000.0	619	36696000	22751520.0	0	0	58858800	4216000	3199200.0	10020500	1054000	1262250	19751950.0	10400409.6	30152359.6	0.39662550200803215	True	36246120.0	864000000.0	45000000.0	126000000.0	36853863.56478909	244099983.5647891	0	0.13	False	0	0	0.19090909090909092	False	3200000.0	28	26.910739336973297	7007	7650	True
253	0.68	734672000.0	193936000.0	928608000.0	10400409.6	True	56	77	238	2.03	409	133	151578000.0	547990000	699568000.0	619	36696000	22751520.0	0	0	58657200	4216000	3199200.0	10020500	1054000	1257795	19747495.0	10400409.6	30147904.6	0.39653604417670685	True	36197120.0	864000000.0	45000000.0	126000000.0	36698050.07497563	243895170.07497564	0	0.13	False	0	0	0.19090909090909092	False	3200000.0	28	26.81810349285115	6983	7623	True
254	0.68	734672000.0	193936000.0	928608000.0	10400409.6	True	56	77	238	2.03	409	132	151578000.0	547560000	699138000.0	618	36602000	22693240.0	0	0	58455600	4216000	3199200.0	10020500	1054000	1253175	19742875.0	10400409.6	30143284.6	0.3964432730923695	True	36089840.0	864000000.0	45000000.0	126000000.0	36542772.94776352	243632612.9477635	0	0.13	False	0	0	0.19090909090909092	False	3200000.0	28	26.725786532558573	6959	7595	True
255	0.68	734672000.0	193936000.0	928608000.0	10400409.6	True	56	77	238	2.03	409	132	151578000.0	547560000	699138000.0	618	36602000	22693240.0	0	0	58254000	4216000	3199200.0	10020500	1054000	1248555	19738255.0	10400409.6	30138664.6	0.3963505020080321	True	36040840.0	864000000.0	45000000.0	126000000.0	36388030.33681169	243428870.3368117	0	0.13	False	0	0	0.19090909090909092	False	3200000.0	28	26.63378735838983	6935	7567	True
256	0.68	734672000.0	193936000.0	928608000.0	10400409.6	True	56	77	238	2.03	409	131	151578000.0	547130000	698708000.0	617	36508000	22634960.0	0	0	58052400	4216000	3199200.0	10020500	1054000	1244100	19733800.0	10400409.6	30134209.6	0.3962610441767068	True	35933560.0	864000000.0	45000000.0	126000000.0	36233820.402134866	243167380.40213487	0	0.13	False	0	0	0.19090909090909092	False	3200000.0	28	26.542104876417874	6911	7540	True
257	0.68	734672000.0	193936000.0	928608000.0	10400409.6	True	56	77	238	2.03	409	131	151578000.0	547130000	698708000.0	617	36508000	22634960.0	0	0	57850800	4216000	3199200.0	10020500	1054000	1239645	19729345.0	10400409.6	30129754.6	0.3961715863453815	True	35884560.0	864000000.0	45000000.0	126000000.0	36080141.31008154	242964701.31008154	0	0.13	False	0	0	0.19090909090909092	False	3200000.0	28	26.4507379964813	6887	7513	True
258	0.68	734672000.0	193936000.0	928608000.0	10400409.6	True	56	77	238	2.03	409	130	151578000.0	546700000	698278000.0	616	36414000	22576680.0	0	0	57657600	4216000	3199200.0	10020500	1054000	1235025	19724725.0	10400409.6	30125134.6	0.39607881526104416	True	35777280.0	864000000.0	45000000.0	126000000.0	35926991.233312376	242704271.23331237	0	0.13	False	0	0	0.19090909090909092	False	3200000.0	28	26.35968563217145	6864	7485	True
259	0.68	734672000.0	193936000.0	928608000.0	10400409.6	True	56	77	238	2.03	409	130	151578000.0	546700000	698278000.0	616	36414000	22576680.0	0	0	57456000	4216000	3199200.0	10020500	1054000	1230570	19720270.0	10400409.6	30120679.6	0.39598935742971886	True	35728280.0	864000000.0	45000000.0	126000000.0	35774368.35077822	242502648.35077822	0	0.13	False	0	0	0.19090909090909092	False	3200000.0	28	26.2689467008194	6840	7458	True
260	0.68	734672000.0	193936000.0	928608000.0	10400409.6	True	56	77	238	2.03	409	129	151578000.0	546270000	697848000.0	615	36320000	22518400.0	0	0	57254400	4216000	3199200.0	10020500	1054000	1226115	19715815.0	10400409.6	30116224.6	0.39589989959839356	True	35621000.0	864000000.0	45000000.0	126000000.0	35622270.84769868	242243270.8476987	0	0.13	False	0	0	0.19090909090909092	False	3200000.0	28	26.178520123483164	6816	7431	True
261	0.68	734672000.0	193936000.0	928608000.0	10400409.6	True	56	77	238	2.03	409	129	151578000.0	546270000	697848000.0	615	36320000	22518400.0	0	0	57061200	4216000	3199200.0	10020500	1054000	1221660	19711360.0	10400409.6	30111769.6	0.39581044176706826	True	35572000.0	864000000.0	45000000.0	126000000.0	35470696.915540405	242042696.9155404	0	0.13	False	0	0	0.19090909090909092	False	3200000.0	28	26.08840482493484	6793	7404	True
262	0.68	734672000.0	193936000.0	928608000.0	10400409.6	True	56	77	238	2.03	409	128	151578000.0	545840000	697418000.0	614	36226000	22460120.0	0	0	56868000	4216000	3199200.0	10020500	1054000	1217205	19706905.0	10400409.6	30107314.6	0.39572098393574295	True	35464720.0	864000000.0	45000000.0	126000000.0	35319644.75199563	241784364.75199562	0	0.13	False	0	0	0.19090909090909092	False	3200000.0	28	25.998599733647822	6770	7377	True
263	0.68	734672000.0	193936000.0	928608000.0	10400409.6	True	56	77	238	2.03	409	128	151578000.0	545840000	697418000.0	614	36226000	22460120.0	0	0	56666400	4216000	3199200.0	10020500	1054000	1212750	19702450.0	10400409.6	30102859.6	0.39563152610441765	True	35425520.0	864000000.0	45000000.0	126000000.0	35169112.56096076	241594632.56096077	0	0.13	False	0	0	0.19090909090909092	False	3200000.0	28	25.909103781784047	6746	7350	True
264	0.68	734672000.0	193936000.0	928608000.0	10400409.6	True	56	77	238	2.03	409	128	151578000.0	545840000	697418000.0	614	36226000	22460120.0	0	0	56473200	4216000	3199200.0	10020500	1054000	1208460	19698160.0	10400409.6	30098569.6	0.3955453815261044	True	35376520.0	864000000.0	45000000.0	126000000.0	35019098.55251501	241395618.552515	0	0.13	False	0	0	0.19090909090909092	False	3200000.0	28	25.819915905181336	6723	7324	True
265	0.68	734672000.0	193936000.0	928608000.0	10400409.6	True	56	77	238	2.03	409	127	151578000.0	545410000	696988000.0	613	36132000	22401840.0	0	0	56280000	4216000	3199200.0	10020500	1054000	1204005	19693705.0	10400409.6	30094114.6	0.3954559236947791	True	35269240.0	864000000.0	45000000.0	126000000.0	34869600.94289903	241138840.94289905	0	0.13	False	0	0	0.19090909090909092	False	3200000.0	28	25.73103504334069	6700	7297	True
266	0.68	734672000.0	193936000.0	928608000.0	10400409.6	True	56	77	238	2.03	409	127	151578000.0	545410000	696988000.0	613	36132000	22401840.0	0	0	56086800	4216000	3199200.0	10020500	1054000	1199550	19689250.0	10400409.6	30089659.6	0.3953664658634538	True	35220240.0	864000000.0	45000000.0	126000000.0	34720617.95449386	240940857.95449385	0	0.13	False	0	0	0.19090909090909092	False	3200000.0	28	25.642460139413707	6677	7270	True
267	0.68	734672000.0	193936000.0	928608000.0	10400409.6	True	56	77	238	2.03	409	126	151578000.0	544980000	696558000.0	612	36038000	22343560.0	0	0	55893600	4216000	3199200.0	10020500	1054000	1195260	19684960.0	10400409.6	30085369.6	0.39528032128514057	True	35112960.0	864000000.0	45000000.0	126000000.0	34572147.81579964	240685107.81579965	0	0.13	False	0	0	0.19090909090909092	False	3200000.0	28	25.554190140190038	6654	7244	True
268	0.68	734672000.0	193936000.0	928608000.0	10400409.6	True	56	77	238	2.03	409	126	151578000.0	544980000	696558000.0	612	36038000	22343560.0	0	0	55700400	4216000	3199200.0	10020500	1054000	1190970	19680670.0	10400409.6	30081079.6	0.3951941767068273	True	35073760.0	864000000.0	45000000.0	126000000.0	34424188.76141466	240497948.76141465	0	0.13	False	0	0	0.19090909090909092	False	3200000.0	28	25.466223996084814	6631	7218	True
269	0.68	734672000.0	193936000.0	928608000.0	10400409.6	True	56	77	238	2.03	409	125	151578000.0	544550000	696128000.0	611	35944000	22285280.0	0	0	55507200	4216000	3199200.0	10020500	1054000	1186515	19676215.0	10400409.6	30076624.6	0.395104718875502	True	34966480.0	864000000.0	45000000.0	126000000.0	34276739.032014266	240243219.03201425	0	0.13	False	0	0	0.19090909090909092	False	3200000.0	28	25.3785606611262	6608	7191	True
270	0.68	734672000.0	193936000.0	928608000.0	10400409.6	True	56	77	238	2.03	409	125	151578000.0	544550000	696128000.0	611	35944000	22285280.0	0	0	55314000	4216000	3199200.0	10020500	1054000	1182225	19671925.0	10400409.6	30072334.6	0.39501857429718873	True	34917480.0	864000000.0	45000000.0	126000000.0	34129796.87433005	240047276.87433004	0	0.13	False	0	0	0.19090909090909092	False	3200000.0	28	25.291199092942957	6585	7165	True
271	0.68	734672000.0	193936000.0	928608000.0	10400409.6	True	56	77	238	2.03	409	125	151578000.0	544550000	696128000.0	611	35944000	22285280.0	0	0	55129200	4216000	3199200.0	10020500	1054000	1177935	19667635.0	10400409.6	30068044.6	0.3949324297188755	True	34878280.0	864000000.0	45000000.0	126000000.0	33983360.54112891	239861640.5411289	0	0.13	False	0	0	0.19090909090909092	False	3200000.0	28	25.204138252752028	6563	7139	True
272	0.68	734672000.0	193936000.0	928608000.0	10400409.6	True	56	77	238	2.03	409	124	151578000.0	544120000	695698000.0	610	35850000	22227000.0	0	0	54936000	4216000	3199200.0	10020500	1054000	1173645	19663345.0	10400409.6	30063754.6	0.39484628514056225	True	34771000.0	864000000.0	45000000.0	126000000.0	33837428.291192316	239608428.29119232	0	0.13	False	0	0	0.19090909090909092	False	3200000.0	28	25.1173771053462	6540	7113	True
273	0.68	734672000.0	193936000.0	928608000.0	10400409.6	True	56	77	238	2.03	409	124	151578000.0	544120000	695698000.0	610	35850000	22227000.0	0	0	54751200	4216000	3199200.0	10020500	1054000	1169355	19659055.0	10400409.6	30059464.6	0.394760140562249	True	34722000.0	864000000.0	45000000.0	126000000.0	33691998.389295585	239413998.38929558	0	0.13	False	0	0	0.19090909090909092	False	3200000.0	28	25.0309146190818	6518	7087	True
274	0.68	734672000.0	193936000.0	928608000.0	10400409.6	True	56	77	238	2.03	409	123	151578000.0	543690000	695268000.0	609	35756000	22168720.0	0	0	54558000	4216000	3199200.0	10020500	1054000	1165065	19654765.0	10400409.6	30055174.6	0.39467399598393577	True	34614720.0	864000000.0	45000000.0	126000000.0	33547069.10618729	239161789.10618728	0	0.13	False	0	0	0.19090909090909092	False	3200000.0	28	24.944749765866405	6495	7061	True
275	0.68	734672000.0	193936000.0	928608000.0	10400409.6	True	56	77	238	2.03	409	123	151578000.0	543690000	695268000.0	609	35756000	22168720.0	0	0	54373200	4216000	3199200.0	10020500	1054000	1160940	19650640.0	10400409.6	30051049.6	0.39459116465863453	True	34575520.0	864000000.0	45000000.0	126000000.0	33402638.71856867	238978158.71856868	0	0.13	False	0	0	0.19090909090909092	False	3200000.0	28	24.858881521146653	6473	7036	True
276	0.68	734672000.0	193936000.0	928608000.0	10400409.6	True	56	77	238	2.03	409	122	151578000.0	543260000	694838000.0	608	35662000	22110440.0	0	0	54180000	4216000	3199200.0	10020500	1054000	1156650	19646350.0	10400409.6	30046759.6	0.3945050200803213	True	34468240.0	864000000.0	45000000.0	126000000.0	33258705.50907312	238726945.5090731	0	0.13	False	0	0	0.19090909090909092	False	3200000.0	28	24.773308863896027	6450	7010	True
277	0.68	734672000.0	193936000.0	928608000.0	10400409.6	True	56	77	238	2.03	409	122	151578000.0	543260000	694838000.0	608	35662000	22110440.0	0	0	53995200	4216000	3199200.0	10020500	1054000	1152360	19642060.0	10400409.6	30042469.6	0.39441887550200805	True	34429040.0	864000000.0	45000000.0	126000000.0	33115267.766245786	238544307.76624578	0	0.13	False	0	0	0.19090909090909092	False	3200000.0	28	24.688030776602726	6428	6984	True
278	0.68	734672000.0	193936000.0	928608000.0	10400409.6	True	56	77	238	2.03	409	122	151578000.0	543260000	694838000.0	608	35662000	22110440.0	0	0	53810400	4216000	3199200.0	10020500	1054000	1148235	19637935.0	10400409.6	30038344.6	0.3943360441767068	True	34380040.0	864000000.0	45000000.0	126000000.0	32972323.784523245	238352363.78452325	0	0.13	False	0	0	0.19090909090909092	False	3200000.0	28	24.603046245257577	6406	6959	True
279	0.68	734672000.0	193936000.0	928608000.0	10400409.6	True	56	77	238	2.03	409	121	151578000.0	542830000	694408000.0	607	35568000	22052160.0	0	0	53625600	4216000	3199200.0	10020500	1054000	1144110	19633810.0	10400409.6	30034219.6	0.39425321285140563	True	34282560.0	864000000.0	45000000.0	126000000.0	32829871.86421319	238112431.8642132	0	0.13	False	0	0	0.19090909090909092	False	3200000.0	28	24.51835425934197	6384	6934	True
280	0.68	734672000.0	193936000.0	928608000.0	10400409.6	True	56	77	238	2.03	409	121	151578000.0	542830000	694408000.0	607	35568000	22052160.0	0	0	53440800	4216000	3199200.0	10020500	1054000	1139820	19629520.0	10400409.6	30029929.6	0.3941670682730924	True	34233560.0	864000000.0	45000000.0	126000000.0	32687910.311474215	237921470.3114742	0	0.13	False	0	0	0.19090909090909092	False	3200000.0	28	24.433953811815822	6362	6908	True
281	0.68	734672000.0	193936000.0	928608000.0	10400409.6	True	56	77	238	2.03	409	120	151578000.0	542400000	693978000.0	606	35474000	21993880.0	0	0	53256000	4216000	3199200.0	10020500	1054000	1135695	19625395.0	10400409.6	30025804.6	0.39408423694779116	True	34126280.0	864000000.0	45000000.0	126000000.0	32546437.438295707	237672717.43829572	0	0.13	False	0	0	0.19090909090909092	False	3200000.0	28	24.34984389910565	6340	6883	True
282	0.68	734672000.0	193936000.0	928608000.0	10400409.6	True	56	77	238	2.03	409	120	151578000.0	542400000	693978000.0	606	35474000	21993880.0	0	0	53071200	4216000	3199200.0	10020500	1054000	1131570	19621270.0	10400409.6	30021679.6	0.39400140562249	True	34087080.0	864000000.0	45000000.0	126000000.0	32405451.562477726	237492531.56247774	0	0.13	False	0	0	0.19090909090909092	False	3200000.0	28	24.266023521092585	6318	6858	True
283	0.68	734672000.0	193936000.0	928608000.0	10400409.6	True	56	77	238	2.03	409	119	151578000.0	541970000	693548000.0	605	35380000	21935600.0	0	0	52894800	4216000	3199200.0	10020500	1054000	1127445	19617145.0	10400409.6	30017554.6	0.39391857429718874	True	33979800.0	864000000.0	45000000.0	126000000.0	32264951.007611074	237244751.00761107	0	0.13	False	0	0	0.19090909090909092	False	3200000.0	28	24.18249168110052	6297	6833	True
284	0.68	734672000.0	193936000.0	928608000.0	10400409.6	True	56	77	238	2.03	409	119	151578000.0	541970000	693548000.0	605	35380000	21935600.0	0	0	52710000	4216000	3199200.0	10020500	1054000	1123320	19613020.0	10400409.6	30013429.6	0.39383574297188756	True	33940600.0	864000000.0	45000000.0	126000000.0	32124934.103057288	237065534.1030573	0	0.13	False	0	0	0.19090909090909092	False	3200000.0	28	24.099247385884237	6275	6808	True
285	0.68	734672000.0	193936000.0	928608000.0	10400409.6	True	56	77	238	2.03	409	119	151578000.0	541970000	693548000.0	605	35380000	21935600.0	0	0	52525200	4216000	3199200.0	10020500	1054000	1119195	19608895.0	10400409.6	30009304.6	0.3937529116465863	True	33891600.0	864000000.0	45000000.0	126000000.0	31985399.183928803	236876999.1839288	0	0.13	False	0	0	0.19090909090909092	False	3200000.0	28	24.0162896456176	6253	6783	True
286	0.68	734672000.0	193936000.0	928608000.0	10400409.6	True	56	77	238	2.03	409	118	151578000.0	541540000	693118000.0	604	35286000	21877320.0	0	0	52348800	4216000	3199200.0	10020500	1054000	1115070	19604770.0	10400409.6	30005179.6	0.39367008032128514	True	33794120.0	864000000.0	45000000.0	126000000.0	31846344.59106918	236640464.5910692	0	0.13	False	0	0	0.19090909090909092	False	3200000.0	28	23.933617473881796	6232	6758	True
287	0.68	734672000.0	193936000.0	928608000.0	10400409.6	True	56	77	238	2.03	409	118	151578000.0	541540000	693118000.0	604	35286000	21877320.0	0	0	52164000	4216000	3199200.0	10020500	1054000	1111110	19600810.0	10400409.6	30001219.6	0.39359056224899597	True	33754920.0	864000000.0	45000000.0	126000000.0	31707768.671033345	236462688.67103335	0	0.13	False	0	0	0.19090909090909092	False	3200000.0	28	23.851229887653595	6210	6734	True
288	0.68	734672000.0	193936000.0	928608000.0	10400409.6	True	56	77	238	2.03	409	117	151578000.0	541110000	692688000.0	603	35192000	21819040.0	0	0	51987600	4216000	3199200.0	10020500	1054000	1106985	19596685.0	10400409.6	29997094.6	0.3935077309236948	True	33647640.0	864000000.0	45000000.0	126000000.0	31569669.776067935	236217309.77606794	0	0.13	False	0	0	0.19090909090909092	False	3200000.0	28	23.76912590729366	6189	6709	True
289	0.68	734672000.0	193936000.0	928608000.0	10400409.6	True	56	77	238	2.03	409	117	151578000.0	541110000	692688000.0	603	35192000	21819040.0	0	0	51811200	4216000	3199200.0	10020500	1054000	1102860	19592560.0	10400409.6	29992969.6	0.39342489959839355	True	33608440.0	864000000.0	45000000.0	126000000.0	31432046.264091723	236040486.26409173	0	0.13	False	0	0	0.19090909090909092	False	3200000.0	28	23.68730455653491	6168	6684	True
290	0.68	734672000.0	193936000.0	928608000.0	10400409.6	True	56	77	238	2.03	409	117	151578000.0	541110000	692688000.0	603	35192000	21819040.0	0	0	51626400	4216000	3199200.0	10020500	1054000	1098900	19588600.0	10400409.6	29989009.6	0.39334538152610443	True	33559440.0	864000000.0	45000000.0	126000000.0	31294896.498676065	235854336.49867606	0	0.13	False	0	0	0.19090909090909092	False	3200000.0	28	23.605764862470906	6146	6660	True
291	0.68	734672000.0	193936000.0	928608000.0	10400409.6	True	56	77	238	2.03	409	116	151578000.0	540680000	692258000.0	602	35098000	21760760.0	0	0	51450000	4216000	3199200.0	10020500	1054000	1094940	19584640.0	10400409.6	29985049.6	0.39326586345381526	True	33461960.0	864000000.0	45000000.0	126000000.0	31158218.849025477	235620178.8490255	0	0.13	False	0	0	0.19090909090909092	False	3200000.0	28	23.52450585554428	6125	6636	True
292	0.68	734672000.0	193936000.0	928608000.0	10400409.6	True	56	77	238	2.03	409	116	151578000.0	540680000	692258000.0	602	35098000	21760760.0	0	0	51273600	4216000	3199200.0	10020500	1054000	1090815	19580515.0	10400409.6	29980924.6	0.3931830321285141	True	33412960.0	864000000.0	45000000.0	126000000.0	31022011.689958204	235434971.6899582	0	0.13	False	0	0	0.19090909090909092	False	3200000.0	28	23.443526569535198	6104	6611	True
293	0.68	734672000.0	193936000.0	928608000.0	10400409.6	True	56	77	238	2.03	409	115	151578000.0	540250000	691828000.0	601	35004000	21702480.0	0	0	51097200	4216000	3199200.0	10020500	1054000	1086855	19576555.0	10400409.6	29976964.6	0.3931035140562249	True	33315480.0	864000000.0	45000000.0	126000000.0	30886273.40188691	235201753.4018869	0	0.13	False	0	0	0.19090909090909092	False	3200000.0	28	23.362826041549887	6083	6587	True
294	0.68	734672000.0	193936000.0	928608000.0	10400409.6	True	56	77	238	2.03	409	115	151578000.0	540250000	691828000.0	601	35004000	21702480.0	0	0	50920800	4216000	3199200.0	10020500	1054000	1082895	19572595.0	10400409.6	29973004.6	0.3930239959839357	True	33276280.0	864000000.0	45000000.0	126000000.0	30751002.37079944	235027282.37079945	0	0.13	False	0	0	0.19090909090909092	False	3200000.0	28	23.28240331200918	6062	6563	True
295	0.68	734672000.0	193936000.0	928608000.0	10400409.6	True	56	77	238	2.03	409	115	151578000.0	540250000	691828000.0	601	35004000	21702480.0	0	0	50744400	4216000	3199200.0	10020500	1054000	1078935	19568635.0	10400409.6	29969044.6	0.3929444779116466	True	33237080.0	864000000.0	45000000.0	126000000.0	30616196.98823962	234853276.98823962	0	0.13	False	0	0	0.19090909090909092	False	3200000.0	28	23.20225742463711	6041	6539	True
296	0.68	734672000.0	193936000.0	928608000.0	10400409.6	True	56	77	238	2.03	409	114	151578000.0	539820000	691398000.0	600	34910000	21644200.0	0	0	50576400	4216000	3199200.0	10020500	1054000	1074975	19564675.0	10400409.6	29965084.6	0.39286495983935743	True	33129800.0	864000000.0	45000000.0	126000000.0	30481855.651288107	234611655.6512881	0	0.13	False	0	0	0.19090909090909092	False	3200000.0	28	23.122387426449528	6021	6515	True
297	0.68	734672000.0	193936000.0	928608000.0	10400409.6	True	56	77	238	2.03	409	114	151578000.0	539820000	691398000.0	600	34910000	21644200.0	0	0	50400000	4216000	3199200.0	10020500	1054000	1071015	19560715.0	10400409.6	29961124.6	0.39278544176706826	True	33090600.0	864000000.0	45000000.0	126000000.0	30347976.762543343	234438576.76254335	0	0.13	False	0	0	0.19090909090909092	False	3200000.0	28	23.042792367742774	6000	6491	True
298	0.68	734672000.0	193936000.0	928608000.0	10400409.6	True	56	77	238	2.03	409	113	151578000.0	539390000	690968000.0	599	34816000	21585920.0	0	0	50223600	4216000	3199200.0	10020500	1054000	1067220	19556920.0	10400409.6	29957329.6	0.39270923694779114	True	32993120.0	864000000.0	45000000.0	126000000.0	30214558.73010261	234207678.7301026	0	0.13	False	0	0	0.19090909090909092	False	3200000.0	28	22.963471302082407	5979	6468	True
299	0.68	734672000.0	193936000.0	928608000.0	10400409.6	True	56	77	238	2.03	409	113	151578000.0	539390000	690968000.0	599	34816000	21585920.0	0	0	50055600	4216000	3199200.0	10020500	1054000	1063260	19552960.0	10400409.6	29953369.6	0.392629718875502	True	32944120.0	864000000.0	45000000.0	126000000.0	30081599.967542995	234025719.967543	0	0.13	False	0	0	0.19090909090909092	False	3200000.0	28	22.88442328629191	5959	6444	True
300	0.68	734672000.0	193936000.0	928608000.0	10400409.6	True	56	77	238	2.03	409	113	151578000.0	539390000	690968000.0	599	34816000	21585920.0	0	0	49879200	4216000	3199200.0	10020500	1054000	1059300	19549000.0	10400409.6	29949409.6	0.39255020080321285	True	32904920.0	864000000.0	45000000.0	126000000.0	29949098.893902615	233854018.8939026	0	0.13	False	0	0	0.19090909090909092	False	3200000.0	28	22.805647380441506	5938	6420	True
301	0.68	734672000.0	193936000.0	928608000.0	10400409.6	True	56	77	238	2.03	409	112	151578000.0	538960000	690538000.0	598	34722000	21527640.0	0	0	49711200	4216000	3199200.0	10020500	1054000	1055505	19545205.0	10400409.6	29945614.6	0.39247399598393573	True	32807440.0	864000000.0	45000000.0	126000000.0	29817053.933661804	233624493.93366182	0	0.13	False	0	0	0.19090909090909092	False	3200000.0	28	22.72714264783698	5918	6397	True
302	0.68	734672000.0	193936000.0	928608000.0	10400409.6	True	56	77	238	2.03	409	112	151578000.0	538960000	690538000.0	598	34722000	21527640.0	0	0	49534800	4216000	3199200.0	10020500	1054000	1051545	19541245.0	10400409.6	29941654.6	0.3923944779116466	True	32768240.0	864000000.0	45000000.0	126000000.0	29685463.516724344	233453703.51672435	0	0.13	False	0	0	0.19090909090909092	False	3200000.0	28	22.648908155008527	5897	6373	True
303	0.68	734672000.0	193936000.0	928608000.0	10400409.6	True	56	77	238	2.03	409	111	151578000.0	538530000	690108000.0	597	34628000	21469360.0	0	0	49366800	4216000	3199200.0	10020500	1054000	1047750	19537450.0	10400409.6	29937859.6	0.3923182730923695	True	32670760.0	864000000.0	45000000.0	126000000.0	29554326.07839884	233225086.07839882	0	0.13	False	0	0	0.19090909090909092	False	3200000.0	28	22.570942971699665	5877	6350	True
304	0.68	734672000.0	193936000.0	928608000.0	10400409.6	True	56	77	238	2.03	409	111	151578000.0	538530000	690108000.0	597	34628000	21469360.0	0	0	49198800	4216000	3199200.0	10020500	1054000	1043955	19533655.0	10400409.6	29934064.6	0.3922420682730924	True	32621760.0	864000000.0	45000000.0	126000000.0	29423640.05938007	233045400.05938005	0	0.13	False	0	0	0.19090909090909092	False	3200000.0	28	22.493246170856164	5857	6327	True
305	0.68	734672000.0	193936000.0	928608000.0	10400409.6	True	56	77	238	2.03	409	111	151578000.0	538530000	690108000.0	597	34628000	21469360.0	0	0	49030800	4216000	3199200.0	10020500	1054000	1039995	19529695.0	10400409.6	29930104.6	0.3921625502008032	True	32582560.0	864000000.0	45000000.0	126000000.0	29293403.90573048	232875963.9057305	0	0.13	False	0	0	0.19090909090909092	False	3200000.0	28	22.41581682861503	5837	6303	True
306	0.68	734672000.0	193936000.0	928608000.0	10400409.6	True	56	77	238	2.03	409	110	151578000.0	538100000	689678000.0	596	34534000	21411080.0	0	0	48854400	4216000	3199200.0	10020500	1054000	1036200	19525900.0	10400409.6	29926309.6	0.3920863453815261	True	32485080.0	864000000.0	45000000.0	126000000.0	29163616.068861693	232648696.0688617	0	0.13	False	0	0	0.19090909090909092	False	3200000.0	28	22.338654024293515	5816	6280	True
307	0.68	734672000.0	193936000.0	928608000.0	10400409.6	True	56	77	238	2.03	409	110	151578000.0	538100000	689678000.0	596	34534000	21411080.0	0	0	48686400	4216000	3199200.0	10020500	1054000	1032405	19522105.0	10400409.6	29922514.6	0.392010140562249	True	32445880.0	864000000.0	45000000.0	126000000.0	29034275.005516093	232480155.00551608	0	0.13	False	0	0	0.19090909090909092	False	3200000.0	28	22.261756840378176	5796	6257	True
308	0.68	734672000.0	193936000.0	928608000.0	10400409.6	True	56	77	238	2.03	409	110	151578000.0	538100000	689678000.0	596	34534000	21411080.0	0	0	48526800	4216000	3199200.0	10020500	1054000	1028610	19518310.0	10400409.6	29918719.6	0.39193393574297186	True	32406680.0	864000000.0	45000000.0	126000000.0	28905379.177748475	232312059.17774847	0	0.13	False	0	0	0.19090909090909092	False	3200000.0	28	22.185124362513957	5777	6234	True
309	0.68	734672000.0	193936000.0	928608000.0	10400409.6	True	56	77	238	2.03	409	109	151578000.0	537670000	689248000.0	595	34440000	21352800.0	0	0	48358800	4216000	3199200.0	10020500	1054000	1024815	19514515.0	10400409.6	29914924.6	0.3918577309236948	True	32299400.0	864000000.0	45000000.0	126000000.0	28776927.05290777	232076327.05290776	0	0.13	False	0	0	0.19090909090909092	False	3200000.0	28	22.108755679493324	5757	6211	True
310	0.68	734672000.0	193936000.0	928608000.0	10400409.6	True	56	77	238	2.03	409	109	151578000.0	537670000	689248000.0	595	34440000	21352800.0	0	0	48190800	4216000	3199200.0	10020500	1054000	1021185	19510885.0	10400409.6	29911294.6	0.3917848393574297	True	32270000.0	864000000.0	45000000.0	126000000.0	28648917.1036188	231918917.1036188	0	0.13	False	0	0	0.19090909090909092	False	3200000.0	28	22.032649883245423	5737	6189	True
311	0.68	734672000.0	193936000.0	928608000.0	10400409.6	True	56	77	238	2.03	409	108	151578000.0	537240000	688818000.0	594	34346000	21294520.0	0	0	48022800	4216000	3199200.0	10020500	1054000	1017390	19507090.0	10400409.6	29907499.6	0.39170863453815263	True	32162720.0	864000000.0	45000000.0	126000000.0	28521347.807764128	231684067.8077641	0	0.13	False	0	0	0.19090909090909092	False	3200000.0	28	21.956806068825284	5717	6166	True
312	0.68	734672000.0	193936000.0	928608000.0	10400409.6	True	56	77	238	2.03	409	108	151578000.0	537240000	688818000.0	594	34346000	21294520.0	0	0	47854800	4216000	3199200.0	10020500	1054000	1013595	19503295.0	10400409.6	29903704.6	0.3916324297188755	True	32123520.0	864000000.0	45000000.0	126000000.0	28394217.64846596	231517737.64846596	0	0.13	False	0	0	0.19090909090909092	False	3200000.0	28	21.881223334403067	5697	6143	True
313	0.68	734672000.0	193936000.0	928608000.0	10400409.6	True	56	77	238	2.03	409	108	151578000.0	537240000	688818000.0	594	34346000	21294520.0	0	0	47695200	4216000	3199200.0	10020500	1054000	1009965	19499665.0	10400409.6	29900074.6	0.39155953815261046	True	32084320.0	864000000.0	45000000.0	126000000.0	28267525.11406812	231351845.11406812	0	0.13	False	0	0	0.19090909090909092	False	3200000.0	28	21.805900781253342	5678	6121	True
314	0.68	734672000.0	193936000.0	928608000.0	10400409.6	True	56	77	238	2.03	409	107	151578000.0	536810000	688388000.0	593	34252000	21236240.0	0	0	47527200	4216000	3199200.0	10020500	1054000	1006170	19495870.0	10400409.6	29896279.6	0.39148333333333335	True	31986840.0	864000000.0	45000000.0	126000000.0	28141268.698118053	231128108.69811806	0	0.13	False	0	0	0.19090909090909092	False	3200000.0	28	21.730837513744383	5658	6098	True
315	0.68	734672000.0	193936000.0	928608000.0	10400409.6	True	56	77	238	2.03	409	107	151578000.0	536810000	688388000.0	593	34252000	21236240.0	0	0	47367600	4216000	3199200.0	10020500	1054000	1002540	19492240.0	10400409.6	29892649.6	0.3914104417670683	True	31947640.0	864000000.0	45000000.0	126000000.0	28015446.899348903	230963086.8993489	0	0.13	False	0	0	0.19090909090909092	False	3200000.0	28	21.65603263932753	5639	6076	True
316	0.68	734672000.0	193936000.0	928608000.0	10400409.6	True	56	77	238	2.03	409	107	151578000.0	536810000	688388000.0	593	34252000	21236240.0	0	0	47199600	4216000	3199200.0	10020500	1054000	998745	19488445.0	10400409.6	29888854.6	0.3913342369477912	True	31908440.0	864000000.0	45000000.0	126000000.0	27890058.221661728	230798498.22166172	0	0.13	False	0	0	0.19090909090909092	False	3200000.0	28	21.581485268526592	5619	6053	True
317	0.68	734672000.0	193936000.0	928608000.0	10400409.6	True	56	77	238	2.03	409	106	151578000.0	536380000	687958000.0	592	34158000	21177960.0	0	0	47040000	4216000	3199200.0	10020500	1054000	995115	19484815.0	10400409.6	29885224.6	0.3912613453815261	True	31810960.0	864000000.0	45000000.0	126000000.0	27765101.174107604	230576061.1741076	0	0.13	False	0	0	0.19090909090909092	False	3200000.0	28	21.50719451492723	5600	6031	True
318	0.68	734672000.0	193936000.0	928608000.0	10400409.6	True	56	77	238	2.03	409	106	151578000.0	536380000	687958000.0	592	34158000	21177960.0	0	0	46880400	4216000	3199200.0	10020500	1054000	991485	19481185.0	10400409.6	29881594.6	0.391188453815261	True	31771760.0	864000000.0	45000000.0	126000000.0	27640574.270870008	230412334.27087	0	0.13	False	0	0	0.19090909090909092	False	3200000.0	28	21.433159495166475	5581	6009	True
319	0.68	734672000.0	193936000.0	928608000.0	10400409.6	True	56	77	238	2.03	409	105	151578000.0	535950000	687528000.0	591	34064000	21119680.0	0	0	46712400	4216000	3199200.0	10020500	1054000	987855	19477555.0	10400409.6	29877964.6	0.39111556224899596	True	31674280.0	864000000.0	45000000.0	126000000.0	27516476.031247064	230190756.03124708	0	0.13	False	0	0	0.19090909090909092	False	3200000.0	28	21.359379328922156	5561	5987	True
320	0.68	734672000.0	193936000.0	928608000.0	10400409.6	True	56	77	238	2.03	409	105	151578000.0	535950000	687528000.0	591	34064000	21119680.0	0	0	46552800	4216000	3199200.0	10020500	1054000	984225	19473925.0	10400409.6	29874334.6	0.3910426706827309	True	31635080.0	864000000.0	45000000.0	126000000.0	27392804.97963401	230027884.97963402	0	0.13	False	0	0	0.19090909090909092	False	3200000.0	28	21.285853138902503	5542	5965	True
321	0.68	734672000.0	193936000.0	928608000.0	10400409.6	True	56	77	238	2.03	409	105	151578000.0	535950000	687528000.0	591	34064000	21119680.0	0	0	46393200	4216000	3199200.0	10020500	1054000	980595	19470295.0	10400409.6	29870704.6	0.39096977911646585	True	31595880.0	864000000.0	45000000.0	126000000.0	27269559.645505555	229865439.64550555	0	0.13	False	0	0	0.19090909090909092	False	3200000.0	28	21.212580050835644	5523	5943	True
322	0.68	734672000.0	193936000.0	928608000.0	10400409.6	True	56	77	238	2.03	409	104	151578000.0	535520000	687098000.0	590	33970000	21061400.0	0	0	46233600	4216000	3199200.0	10020500	1054000	976965	19466665.0	10400409.6	29867074.6	0.3908968875502008	True	31498400.0	864000000.0	45000000.0	126000000.0	27146738.563398503	229645138.5633985	0	0.13	False	0	0	0.19090909090909092	False	3200000.0	28	21.139559193459277	5504	5921	True
323	0.68	734672000.0	193936000.0	928608000.0	10400409.6	True	56	77	238	2.03	409	104	151578000.0	535520000	687098000.0	590	33970000	21061400.0	0	0	46074000	4216000	3199200.0	10020500	1054000	973335	19463035.0	10400409.6	29863444.6	0.39082399598393575	True	31459200.0	864000000.0	45000000.0	126000000.0	27024340.272894256	229483540.27289426	0	0.13	False	0	0	0.19090909090909092	False	3200000.0	28	21.06678969851026	5485	5899	True
324	0.68	734672000.0	193936000.0	928608000.0	10400409.6	True	56	77	238	2.03	409	104	151578000.0	535520000	687098000.0	590	33970000	21061400.0	0	0	45914400	4216000	3199200.0	10020500	1054000	969705	19459405.0	10400409.6	29859814.6	0.3907511044176707	True	31420000.0	864000000.0	45000000.0	126000000.0	26902363.31860148	229322363.3186015	0	0.13	False	0	0	0.19090909090909092	False	3200000.0	28	20.994270700714317	5466	5877	True
325	0.68	734672000.0	193936000.0	928608000.0	10400409.6	True	56	77	238	2.03	409	103	151578000.0	535090000	686668000.0	589	33876000	21003120.0	0	0	45763200	4216000	3199200.0	10020500	1054000	966240	19455940.0	10400409.6	29856349.6	0.3906815261044177	True	31332320.0	864000000.0	45000000.0	126000000.0	26780806.250138767	229113126.25013876	0	0.13	False	0	0	0.19090909090909092	False	3200000.0	28	20.922001337775725	5448	5856	True
326	0.68	734672000.0	193936000.0	928608000.0	10400409.6	True	56	77	238	2.03	409	103	151578000.0	535090000	686668000.0	589	33876000	21003120.0	0	0	45603600	4216000	3199200.0	10020500	1054000	962610	19452310.0	10400409.6	29852719.6	0.3906086345381526	True	31293120.0	864000000.0	45000000.0	126000000.0	26659667.622117452	228952787.62211746	0	0.13	False	0	0	0.19090909090909092	False	3200000.0	28	20.849980750367095	5429	5834	True
327	0.68	734672000.0	193936000.0	928608000.0	10400409.6	True	56	77	238	2.03	409	103	151578000.0	535090000	686668000.0	589	33876000	21003120.0	0	0	45444000	4216000	3199200.0	10020500	1054000	959145	19448845.0	10400409.6	29849254.6	0.3905390562248996	True	31253920.0	864000000.0	45000000.0	126000000.0	26538945.994124323	228792865.99412432	0	0.13	False	0	0	0.19090909090909092	False	3200000.0	28	20.778208082119097	5410	5813	True
328	0.68	734672000.0	193936000.0	928608000.0	10400409.6	True	56	77	238	2.03	409	102	151578000.0	534660000	686238000.0	588	33782000	20944840.0	0	0	45292800	4216000	3199200.0	10020500	1054000	955515	19445215.0	10400409.6	29845624.6	0.39046616465863454	True	31156440.0	864000000.0	45000000.0	126000000.0	26418639.930704623	228575079.93070462	0	0.13	False	0	0	0.19090909090909092	False	3200000.0	28	20.706682479610357	5392	5791	True
329	0.68	734672000.0	193936000.0	928608000.0	10400409.6	True	56	77	238	2.03	409	102	151578000.0	534660000	686238000.0	588	33782000	20944840.0	0	0	45133200	4216000	3199200.0	10020500	1054000	952050	19441750.0	10400409.6	29842159.6	0.39039658634538155	True	31117240.0	864000000.0	45000000.0	126000000.0	26298748.001344867	228415988.00134486	0	0.13	False	0	0	0.19090909090909092	False	3200000.0	28	20.635403092357233	5373	5770	True
330	0.68	734672000.0	193936000.0	928608000.0	10400409.6	True	56	77	238	2.03	409	101	151578000.0	534230000	685808000.0	587	33688000	20886560.0	0	0	44973600	4216000	3199200.0	10020500	1054000	948585	19438285.0	10400409.6	29838694.6	0.3903270080321285	True	31019760.0	864000000.0	45000000.0	126000000.0	26179268.780455913	228199028.78045592	0	0.13	False	0	0	0.19090909090909092	False	3200000.0	28	20.564369072803753	5354	5749	True
331	0.68	734672000.0	193936000.0	928608000.0	10400409.6	True	56	77	238	2.03	409	101	151578000.0	534230000	685808000.0	587	33688000	20886560.0	0	0	44822400	4216000	3199200.0	10020500	1054000	944955	19434655.0	10400409.6	29835064.6	0.39025411646586344	True	30980560.0	864000000.0	45000000.0	126000000.0	26060200.847355943	228040760.84735593	0	0.13	False	0	0	0.19090909090909092	False	3200000.0	28	20.4935795763115	5336	5727	True
332	0.68	734672000.0	193936000.0	928608000.0	10400409.6	True	56	77	238	2.03	409	101	151578000.0	534230000	685808000.0	587	33688000	20886560.0	0	0	44671200	4216000	3199200.0	10020500	1054000	941490	19431190.0	10400409.6	29831599.6	0.39018453815261045	True	30951160.0	864000000.0	45000000.0	126000000.0	25941542.78625365	227892702.78625366	0	0.13	False	0	0	0.19090909090909092	False	3200000.0	28	20.423033761149615	5318	5706	True
333	0.68	734672000.0	193675387.67123288	928347387.6712329	10397490.74191781	True	56	77	238	2.03	409	100	151578000.0	533800000	685378000.0	586	33594000	20828280.0	0	0	44511600	4216000	3199200.0	10020500	1054000	938025	19427725.0	10397490.74191781	29825215.74191781	0.39011495983935746	True	30853680.0	864000000.0	45000000.0	126000000.0	25823293.18623131	227676973.18623132	0	0.13	False	0	0	0.19090909090909092	False	3200000.0	28	20.352730788484727	5299	5685	True
334	0.68	734672000.0	193411598.90410957	928083598.9041096	10394536.307726027	True	56	77	238	2.03	409	100	151578000.0	533800000	685378000.0	586	33594000	20828280.0	0	0	44360400	4216000	3199200.0	10020500	1054000	934560	19424260.0	10394536.307726027	29818796.307726026	0.3900453815261044	True	30814480.0	864000000.0	45000000.0	126000000.0	25705450.64122808	227519930.64122808	0	0.13	False	0	0	0.19090909090909092	False	3200000.0	28	20.282669822371034	5281	5664	True
335	0.68	734672000.0	193147810.1369863	927819810.1369863	10391581.873534245	True	56	77	238	2.03	409	100	151578000.0	533800000	685378000.0	586	33594000	20828280.0	0	0	44209200	4216000	3199200.0	10020500	1054000	931095	19420795.0	10391581.873534245	29812376.873534247	0.3899758032128514	True	30775280.0	864000000.0	45000000.0	126000000.0	25588013.75002326	227363293.75002325	0	0.13	False	0	0	0.19090909090909092	False	3200000.0	28	20.212850029740345	5263	5643	True
336	0.68	734672000.0	192884021.36986297	927556021.369863	10388627.439342465	True	56	77	238	2.03	409	99	151578000.0	533370000	684948000.0	585	33500000	20770000.0	0	0	44058000	4216000	3199200.0	10020500	1054000	927630	19417330.0	10388627.439342465	29805957.439342465	0.3899062248995984	True	30677800.0	864000000.0	45000000.0	126000000.0	25470981.116219595	227148781.11621958	0	0.13	False	0	0	0.19090909090909092	False	3200000.0	28	20.143270580392148	5245	5622	True
337	0.68	734672000.0	192632793.97260273	927304793.9726027	10385813.69249315	True	56	77	238	2.03	409	99	151578000.0	533370000	684948000.0	585	33500000	20770000.0	0	0	43906800	4216000	3199200.0	10020500	1054000	924330	19414030.0	10385813.69249315	29799843.69249315	0.38983995983935743	True	30648400.0	864000000.0	45000000.0	126000000.0	25354351.34822674	227002751.34822673	0	0.13	False	0	0	0.19090909090909092	False	3200000.0	28	20.073930646983793	5227	5602	True
338	0.68	734672000.0	192369005.20547944	927041005.2054794	10382859.25830137	True	56	77	238	2.03	409	99	151578000.0	533370000	684948000.0	585	33500000	20770000.0	0	0	43755600	4216000	3199200.0	10020500	1054000	920865	19410565.0	10382859.25830137	29793424.25830137	0.38977038152610444	True	30609200.0	864000000.0	45000000.0	126000000.0	25238123.05924464	226847323.05924463	0	0.13	False	0	0	0.19090909090909092	False	3200000.0	28	20.004829405020594	5209	5581	True
339	0.68	734672000.0	192105216.43835613	926777216.4383562	10379904.82410959	True	56	77	238	2.03	409	98	151578000.0	532940000	684518000.0	584	33406000	20711720.0	0	0	43604400	4216000	3199200.0	10020500	1054000	917400	19407100.0	10379904.82410959	29787004.82410959	0.3897008032128514	True	30511720.0	864000000.0	45000000.0	126000000.0	25122294.867247097	226634014.8672471	0	0.13	False	0	0	0.19090909090909092	False	3200000.0	28	19.935966032846075	5191	5560	True
340	0.68	734672000.0	191853989.04109588	926525989.0410959	10377091.077260273	True	56	77	238	2.03	409	98	151578000.0	532940000	684518000.0	584	33406000	20711720.0	0	0	43453200	4216000	3199200.0	10020500	1054000	914100	19403800.0	10377091.077260273	29780891.07726027	0.38963453815261045	True	30482320.0	864000000.0	45000000.0	126000000.0	25006865.39496528	226489185.3949653	0	0.13	False	0	0	0.19090909090909092	False	3200000.0	28	19.86733971163215	5173	5540	True
341	0.68	734672000.0	191590200.2739726	926262200.2739726	10374136.643068494	True	56	77	238	2.03	409	98	151578000.0	532940000	684518000.0	584	33406000	20711720.0	0	0	43302000	4216000	3199200.0	10020500	1054000	910635	19400335.0	10374136.643068494	29774471.643068492	0.3895649598393574	True	30443120.0	864000000.0	45000000.0	126000000.0	24891833.269871432	226334953.26987144	0	0.13	False	0	0	0.19090909090909092	False	3200000.0	28	19.79894962536946	5155	5519	True
342	0.68	734672000.0	191338972.8767123	926010972.8767123	10371322.896219177	True	56	77	238	2.03	409	97	151578000.0	532510000	684088000.0	583	33312000	20653440.0	0	0	43150800	4216000	3199200.0	10020500	1054000	907335	19397035.0	10371322.896219177	29768357.89621918	0.38949869477911647	True	30345640.0	864000000.0	45000000.0	126000000.0	24777197.124162458	226122837.12416247	0	0.13	False	0	0	0.19090909090909092	False	3200000.0	28	19.730794960857587	5137	5499	True
343	0.68	734672000.0	191075184.109589	925747184.109589	10368368.462027397	True	56	77	238	2.03	409	97	151578000.0	532510000	684088000.0	583	33312000	20653440.0	0	0	43008000	4216000	3199200.0	10020500	1054000	903870	19393570.0	10368368.462027397	29761938.462027397	0.3894291164658635	True	30316240.0	864000000.0	45000000.0	126000000.0	24662955.59474372	225979195.59474373	0	0.13	False	0	0	0.19090909090909092	False	3200000.0	28	19.662874907695436	5120	5478	True
344	0.68	734672000.0	190823956.71232873	925495956.7123287	10365554.715178082	True	56	77	238	2.03	409	97	151578000.0	532510000	684088000.0	583	33312000	20653440.0	0	0	42856800	4216000	3199200.0	10020500	1054000	900570	19390270.0	10365554.715178082	29755824.71517808	0.3893628514056225	True	30277040.0	864000000.0	45000000.0	126000000.0	24549107.323212814	225826147.3232128	0	0.13	False	0	0	0.19090909090909092	False	3200000.0	28	19.59518865827159	5102	5458	True
345	0.68	734672000.0	190572729.31506848	925244729.3150685	10362740.968328767	True	56	77	238	2.03	409	96	151578000.0	532080000	683658000.0	582	33218000	20595160.0	0	0	42714000	4216000	3199200.0	10020500	1054000	897270	19386970.0	10362740.968328767	29749710.968328767	0.3892965863453815	True	30179560.0	864000000.0	45000000.0	126000000.0	24435650.955843404	225615210.9558434	0	0.13	False	0	0	0.19090909090909092	False	3200000.0	28	19.527735407754697	5085	5438	True
346	0.68	734672000.0	190321501.91780823	924993501.9178083	10359927.221479453	True	56	77	238	2.03	409	96	151578000.0	532080000	683658000.0	582	33218000	20595160.0	0	0	42562800	4216000	3199200.0	10020500	1054000	893970	19383670.0	10359927.221479453	29743597.221479453	0.38923032128514057	True	30150160.0	864000000.0	45000000.0	126000000.0	24322585.14356913	225472745.14356914	0	0.13	False	0	0	0.19090909090909092	False	3200000.0	28	19.460514354083905	5067	5418	True
347	0.68	734672000.0	190070274.52054793	924742274.5205479	10357113.474630136	True	56	77	238	2.03	409	96	151578000.0	532080000	683658000.0	582	33218000	20595160.0	0	0	42420000	4216000	3199200.0	10020500	1054000	890670	19380370.0	10357113.474630136	29737483.474630136	0.3891640562248996	True	30110960.0	864000000.0	45000000.0	126000000.0	24209908.541967615	225320868.54196763	0	0.13	False	0	0	0.19090909090909092	False	3200000.0	28	19.393524697959343	5050	5398	True
348	0.68	734672000.0	189819047.12328765	924491047.1232877	10354299.727780823	True	56	77	238	2.03	409	95	151578000.0	531650000	683228000.0	581	33124000	20536880.0	0	0	42268800	4216000	3199200.0	10020500	1054000	887370	19377070.0	10354299.727780823	29731369.727780823	0.38909779116465865	True	30023280.0	864000000.0	45000000.0	126000000.0	24097619.811244387	225120899.8112444	0	0.13	False	0	0	0.19090909090909092	False	3200000.0	28	19.326765642832573	5032	5378	True
349	0.68	734672000.0	189567819.7260274	924239819.7260274	10351485.980931506	True	56	77	238	2.03	409	95	151578000.0	531650000	683228000.0	581	33124000	20536880.0	0	0	42126000	4216000	3199200.0	10020500	1054000	884070	19373770.0	10351485.980931506	29725255.980931506	0.38903152610441766	True	29984080.0	864000000.0	45000000.0	126000000.0	23985717.61621703	224969797.61621702	0	0.13	False	0	0	0.19090909090909092	False	3200000.0	28	19.260236394897163	5015	5358	True
350	0.68	734672000.0	189316592.3287671	923988592.3287671	10348672.23408219	True	56	77	238	2.03	409	95	151578000.0	531650000	683228000.0	581	33124000	20536880.0	0	0	41983200	4216000	3199200.0	10020500	1054000	880770	19370470.0	10348672.23408219	29719142.234082192	0.3889652610441767	True	29944880.0	864000000.0	45000000.0	126000000.0	23874200.626299266	224819080.62629926	0	0.13	False	0	0	0.19090909090909092	False	3200000.0	28	19.19393616307923	4998	5338	True
351	0.68	734672000.0	189065364.93150684	923737364.9315069	10345858.487232877	True	56	77	238	2.03	409	94	151578000.0	531220000	682798000.0	580	33030000	20478600.0	0	0	41832000	4216000	3199200.0	10020500	1054000	877470	19367170.0	10345858.487232877	29713028.48723288	0.38889899598393574	True	29857200.0	864000000.0	45000000.0	126000000.0	23763067.51548513	224620267.51548514	0	0.13	False	0	0	0.19090909090909092	False	3200000.0	28	19.12786415902802	4980	5318	True
352	0.68	734672000.0	188814137.53424656	923486137.5342466	10343044.740383562	True	56	77	238	2.03	409	94	151578000.0	531220000	682798000.0	580	33030000	20478600.0	0	0	41689200	4216000	3199200.0	10020500	1054000	874170	19363870.0	10343044.740383562	29706914.74038356	0.3888327309236948	True	29818000.0	864000000.0	45000000.0	126000000.0	23652316.96233326	224470316.96233326	0	0.13	False	0	0	0.19090909090909092	False	3200000.0	28	19.062019597106573	4963	5298	True
353	0.68	734672000.0	188575471.5068493	923247471.5068493	10340371.680876711	True	56	77	238	2.03	409	94	151578000.0	531220000	682798000.0	580	33030000	20478600.0	0	0	41546400	4216000	3199200.0	10020500	1054000	871035	19360735.0	10340371.680876711	29701106.68087671	0.3887697791164659	True	29788600.0	864000000.0	45000000.0	126000000.0	23541947.64995109	224330547.6499511	0	0.13	False	0	0	0.19090909090909092	False	3200000.0	28	18.996401694382335	4946	5279	True
354	0.68	734672000.0	188324244.109589	922996244.109589	10337557.934027396	True	56	77	238	2.03	409	93	151578000.0	530790000	682368000.0	579	32936000	20420320.0	0	0	41403600	4216000	3199200.0	10020500	1054000	867735	19357435.0	10337557.934027396	29694992.934027396	0.3887035140562249	True	29691120.0	864000000.0	45000000.0	126000000.0	23431958.26597928	224123078.2659793	0	0.13	False	0	0	0.19090909090909092	False	3200000.0	28	18.931009670617883	4929	5259	True
355	0.68	734672000.0	188085578.0821918	922757578.0821918	10334884.874520548	True	56	77	238	2.03	409	93	151578000.0	530790000	682368000.0	579	32936000	20420320.0	0	0	41260800	4216000	3199200.0	10020500	1054000	864600	19354300.0	10334884.874520548	29689184.874520548	0.38864056224899596	True	29661720.0	864000000.0	45000000.0	126000000.0	23322347.50257604	223984067.50257605	0	0.13	False	0	0	0.19090909090909092	False	3200000.0	28	18.865842748261617	4912	5240	True
356	0.68	734672000.0	187834350.68493152	922506350.6849315	10332071.127671232	True	56	77	238	2.03	409	93	151578000.0	530790000	682368000.0	579	32936000	20420320.0	0	0	41118000	4216000	3199200.0	10020500	1054000	861300	19351000.0	10332071.127671232	29683071.127671234	0.388574297188755	True	29622520.0	864000000.0	45000000.0	126000000.0	23213114.056401648	223835634.05640164	0	0.13	False	0	0	0.19090909090909092	False	3200000.0	28	18.800900152438555	4895	5220	True
357	0.68	734672000.0	187595684.65753424	922267684.6575342	10329398.068164384	True	56	77	238	2.03	409	92	151578000.0	530360000	681938000.0	578	32842000	20362040.0	0	0	40975200	4216000	3199200.0	10020500	1054000	858165	19347865.0	10329398.068164384	29677263.068164386	0.3885113453815261	True	29534840.0	864000000.0	45000000.0	126000000.0	23104256.628602896	223639096.6286029	0	0.13	False	0	0	0.19090909090909092	False	3200000.0	28	18.73618111094108	4878	5201	True
358	0.68	734672000.0	187344457.26027396	922016457.2602739	10326584.321315069	True	56	77	238	2.03	409	92	151578000.0	530360000	681938000.0	578	32842000	20362040.0	0	0	40840800	4216000	3199200.0	10020500	1054000	854865	19344565.0	10326584.321315069	29671149.32131507	0.38844508032128516	True	29495640.0	864000000.0	45000000.0	126000000.0	22995773.924797665	223491413.92479765	0	0.13	False	0	0	0.19090909090909092	False	3200000.0	28	18.671684854219777	4862	5181	True
359	0.68	734672000.0	187105791.2328767	921777791.2328767	10323911.261808218	True	56	77	238	2.03	409	92	151578000.0	530360000	681938000.0	578	32842000	20362040.0	0	0	40698000	4216000	3199200.0	10020500	1054000	851730	19341430.0	10323911.261808218	29665341.261808217	0.38838212851405624	True	29466240.0	864000000.0	45000000.0	126000000.0	22887664.655059554	223353904.65505955	0	0.13	False	0	0	0.19090909090909092	False	3200000.0	28	18.607410615374288	4845	5162	True
360	0.68	734672000.0	186867125.20547944	921539125.2054794	10321238.202301368	True	56	77	238	2.03	409	91	151578000.0	529930000	681508000.0	577	32748000	20303760.0	0	0	40555200	4216000	3199200.0	10020500	1054000	848595	19338295.0	10321238.202301368	29659533.202301368	0.3883191767068273	True	29368760.0	864000000.0	45000000.0	126000000.0	22779927.533902504	223148687.5339025	0	0.13	False	0	0	0.19090909090909092	False	3200000.0	28	18.543357630144175	4828	5143	True
361	0.68	734672000.0	186628459.17808217	921300459.1780822	10318565.142794522	True	56	77	238	2.03	409	91	151578000.0	529930000	681508000.0	577	32748000	20303760.0	0	0	40420800	4216000	3199200.0	10020500	1054000	845460	19335160.0	10318565.142794522	29653725.14279452	0.3882562248995984	True	29339360.0	864000000.0	45000000.0	126000000.0	22672561.280265536	223011921.28026554	0	0.13	False	0	0	0.19090909090909092	False	3200000.0	28	18.479525136899845	4812	5124	True
362	0.68	734672000.0	186389793.1506849	921061793.1506848	10315892.08328767	True	56	77	238	2.03	409	91	151578000.0	529930000	681508000.0	577	32748000	20303760.0	0	0	40278000	4216000	3199200.0	10020500	1054000	842325	19332025.0	10315892.08328767	29647917.08328767	0.38819327309236945	True	29300160.0	864000000.0	45000000.0	126000000.0	22565564.61749755	222865724.61749756	0	0.13	False	0	0	0.19090909090909092	False	3200000.0	28	18.4159123766335	4795	5105	True
363	0.68	734672000.0	186151127.12328765	920823127.1232877	10313219.023780823	True	56	77	238	2.03	409	91	151578000.0	529930000	681508000.0	577	32748000	20303760.0	0	0	40135200	4216000	3199200.0	10020500	1054000	839190	19328890.0	10313219.023780823	29642109.023780823	0.3881303212851406	True	29270760.0	864000000.0	45000000.0	126000000.0	22458936.273342032	222729696.27334204	0	0.13	False	0	0	0.19090909090909092	False	3200000.0	28	18.35251859295008	4778	5086	True
364	0.68	734672000.0	185912461.0958904	920584461.0958904	10310545.964273972	True	56	77	238	2.03	409	90	151578000.0	529500000	681078000.0	576	32654000	20245480.0	0	0	40000800	4216000	3199200.0	10020500	1054000	836055	19325755.0	10310545.964273972	29636300.964273974	0.38806736947791165	True	29183080.0	864000000.0	45000000.0	126000000.0	22352674.979922093	222535754.9799221	0	0.13	False	0	0	0.19090909090909092	False	3200000.0	28	18.28934303205832	4762	5067	True
365	0.68	734672000.0	185673795.06849313	920345795.0684931	10307872.904767122	True	56	77	238	2.03	409	90	151578000.0	529500000	681078000.0	576	32654000	20245480.0	0	0	39866400	4216000	3199200.0	10020500	1054000	832920	19322620.0	10307872.904767122	29630492.904767122	0.3880044176706827	True	29143880.0	864000000.0	45000000.0	126000000.0	22246779.473725244	222390659.47372526	0	0.13	False	0	0	0.19090909090909092	False	3200000.0	28	18.22638494276174	4746	5048	True
366	0.68	734672000.0	185435129.04109585	920107129.0410959	10305199.845260274	True	56	77	238	2.03	409	90	151578000.0	529500000	681078000.0	576	32654000	20245480.0	0	0	39723600	4216000	3199200.0	10020500	1054000	829785	19319485.0	10305199.845260274	29624684.845260274	0.3879414658634538	True	29114480.0	864000000.0	45000000.0	126000000.0	22141248.49558846	222255728.49558845	0	0.13	False	0	0	0.19090909090909092	False	3200000.0	28	18.163643576449736	4729	5029	True
367	0.68	734672000.0	185196463.0136986	919868463.0136986	10302526.785753423	True	56	77	238	2.03	409	89	151578000.0	529070000	680648000.0	575	32560000	20187200.0	0	0	39589200	4216000	3199200.0	10020500	1054000	826650	19316350.0	10302526.785753423	29618876.78575342	0.3878785140562249	True	29017000.0	864000000.0	45000000.0	126000000.0	22036080.790683154	222053080.79068315	0	0.13	False	0	0	0.19090909090909092	False	3200000.0	28	18.101118187088677	4713	5010	True
368	0.68	734672000.0	184970358.35616434	919642358.3561643	10299994.41358904	True	56	77	238	2.03	409	89	151578000.0	529070000	680648000.0	575	32560000	20187200.0	0	0	39454800	4216000	3199200.0	10020500	1054000	823680	19313380.0	10299994.41358904	29613374.413589038	0.38781887550200805	True	28987600.0	864000000.0	45000000.0	126000000.0	21931275.108500317	221918875.1085003	0	0.13	False	0	0	0.19090909090909092	False	3200000.0	28	18.03880803121303	4697	4992	True
369	0.68	734672000.0	184731692.32876712	919403692.3287671	10297321.354082191	True	56	77	238	2.03	409	89	151578000.0	529070000	680648000.0	575	32560000	20187200.0	0	0	39320400	4216000	3199200.0	10020500	1054000	820545	19310245.0	10297321.354082191	29607566.35408219	0.3877559236947791	True	28958200.0	864000000.0	45000000.0	126000000.0	21826830.202835597	221785030.2028356	0	0.13	False	0	0	0.19090909090909092	False	3200000.0	28	17.976712367916527	4681	4973	True
370	0.68	734672000.0	184505587.67123285	919177587.6712328	10294788.981917808	True	56	77	238	2.03	409	88	151578000.0	528640000	680218000.0	574	32466000	20128920.0	0	0	39186000	4216000	3199200.0	10020500	1054000	817575	19307275.0	10294788.981917808	29602063.981917806	0.38769628514056226	True	28860720.0	864000000.0	45000000.0	126000000.0	21722744.831774484	221583464.83177447	0	0.13	False	0	0	0.19090909090909092	False	3200000.0	28	17.914830458843333	4665	4955	True
371	0.68	734672000.0	184266921.6438356	918938921.6438355	10292115.922410958	True	56	77	238	2.03	409	88	151578000.0	528640000	680218000.0	574	32466000	20128920.0	0	0	39043200	4216000	3199200.0	10020500	1054000	814440	19304140.0	10292115.922410958	29596255.922410958	0.38763333333333333	True	28831320.0	864000000.0	45000000.0	126000000.0	21619017.757677585	221450337.75767758	0	0.13	False	0	0	0.19090909090909092	False	3200000.0	28	17.8531615681793	4648	4936	True
372	0.68	734672000.0	184040816.98630136	918712816.9863014	10289583.550246576	True	56	77	238	2.03	409	88	151578000.0	528640000	680218000.0	574	32466000	20128920.0	0	0	38908800	4216000	3199200.0	10020500	1054000	811470	19301170.0	10289583.550246576	29590753.550246574	0.38757369477911646	True	28801920.0	864000000.0	45000000.0	126000000.0	21515647.74716585	221317567.74716586	0	0.13	False	0	0	0.19090909090909092	False	3200000.0	28	17.791704962643195	4632	4918	True
373	0.68	734672000.0	183802150.9589041	918474150.958904	10286910.490739726	True	56	77	238	2.03	409	87	151578000.0	528210000	679788000.0	573	32372000	20070640.0	0	0	38782800	4216000	3199200.0	10020500	1054000	808335	19298035.0	10286910.490739726	29584945.490739726	0.38751074297188753	True	28704440.0	864000000.0	45000000.0	126000000.0	21412633.571105976	221117073.571106	0	0.13	False	0	0	0.19090909090909092	False	3200000.0	28	17.730459911477986	4617	4899	True
374	0.68	734672000.0	183576046.30136985	918248046.3013699	10284378.118575342	True	56	77	238	2.03	409	87	151578000.0	528210000	679788000.0	573	32372000	20070640.0	0	0	38648400	4216000	3199200.0	10020500	1054000	805365	19295065.0	10284378.118575342	29579443.118575342	0.38745110441767067	True	28675040.0	864000000.0	45000000.0	126000000.0	21309974.004595682	220985014.0045957	0	0.13	False	0	0	0.19090909090909092	False	3200000.0	28	17.669425686442143	4601	4881	True
375	0.68	734672000.0	183349941.6438356	918021941.6438355	10281845.746410958	True	56	77	238	2.03	409	87	151578000.0	528210000	679788000.0	573	32372000	20070640.0	0	0	38514000	4216000	3199200.0	10020500	1054000	802395	19292095.0	10281845.746410958	29573940.74641096	0.3873914658634538	True	28645640.0	864000000.0	45000000.0	126000000.0	21207667.826949306	220853307.8269493	0	0.13	False	0	0	0.19090909090909092	False	3200000.0	28	17.608601561801013	4585	4863	True
376	0.68	734672000.0	183123836.98630136	917795836.9863014	10279313.374246575	True	56	77	238	2.03	409	87	151578000.0	528210000	679788000.0	573	32372000	20070640.0	0	0	38379600	4216000	3199200.0	10020500	1054000	799425	19289125.0	10279313.374246575	29568438.374246575	0.38733182730923693	True	28616240.0	864000000.0	45000000.0	126000000.0	21105713.821683116	220721953.8216831	0	0.13	False	0	0	0.19090909090909092	False	3200000.0	28	17.547986814318143	4569	4845	True
377	0.68	734672000.0	182897732.32876712	917569732.3287671	10276781.002082191	True	56	77	238	2.03	409	86	151578000.0	527780000	679358000.0	572	32278000	20012360.0	0	0	38245200	4216000	3199200.0	10020500	1054000	796455	19286155.0	10276781.002082191	29562936.00208219	0.38727218875502006	True	28518760.0	864000000.0	45000000.0	126000000.0	21004110.776500974	220522870.77650097	0	0.13	False	0	0	0.19090909090909092	False	3200000.0	28	17.487580723246715	4553	4827	True
378	0.68	734672000.0	182671627.67123288	917343627.6712329	10274248.62991781	True	56	77	238	2.03	409	86	151578000.0	527780000	679358000.0	572	32278000	20012360.0	0	0	38119200	4216000	3199200.0	10020500	1054000	793485	19283185.0	10274248.62991781	29557433.629917808	0.3872125502008032	True	28489360.0	864000000.0	45000000.0	126000000.0	20902857.48327986	220392217.48327985	0	0.13	False	0	0	0.19090909090909092	False	3200000.0	28	17.427382570320965	4538	4809	True
379	0.68	734672000.0	182445523.01369864	917117523.0136986	10271716.257753424	True	56	77	238	2.03	409	86	151578000.0	527780000	679358000.0	572	32278000	20012360.0	0	0	37984800	4216000	3199200.0	10020500	1054000	790515	19280215.0	10271716.257753424	29551931.257753424	0.38715291164658633	True	28459960.0	864000000.0	45000000.0	126000000.0	20801952.73805553	220261912.73805553	0	0.13	False	0	0	0.19090909090909092	False	3200000.0	28	17.36739163974764	4522	4791	True
380	0.68	734672000.0	182219418.35616434	916891418.3561643	10269183.88558904	True	56	77	238	2.03	409	85	151578000.0	527350000	678928000.0	571	32184000	19954080.0	0	0	37850400	4216000	3199200.0	10020500	1054000	787545	19277245.0	10269183.88558904	29546428.88558904	0.38709327309236946	True	28372280.0	864000000.0	45000000.0	126000000.0	20701395.341008175	220073675.3410082	0	0.13	False	0	0	0.19090909090909092	False	3200000.0	28	17.30760721819749	4506	4773	True
381	0.68	734672000.0	181993313.69863012	916665313.6986301	10266651.513424657	True	56	77	238	2.03	409	85	151578000.0	527350000	678928000.0	571	32184000	19954080.0	0	0	37724400	4216000	3199200.0	10020500	1054000	784575	19274275.0	10266651.513424657	29540926.513424657	0.3870336345381526	True	28333080.0	864000000.0	45000000.0	126000000.0	20601184.09644818	219934264.09644818	0	0.13	False	0	0	0.19090909090909092	False	3200000.0	28	17.248028594796775	4491	4755	True
382	0.68	734672000.0	181767209.04109588	916439209.0410959	10264119.141260274	True	56	77	238	2.03	409	85	151578000.0	527350000	678928000.0	571	32184000	19954080.0	0	0	37590000	4216000	3199200.0	10020500	1054000	781605	19271305.0	10264119.141260274	29535424.141260274	0.3869739959839357	True	28303680.0	864000000.0	45000000.0	126000000.0	20501317.81280189	219804997.8128019	0	0.13	False	0	0	0.19090909090909092	False	3200000.0	28	17.18865506111884	4475	4737	True
383	0.68	734672000.0	181541104.3835616	916213104.3835616	10261586.76909589	True	56	77	238	2.03	409	84	151578000.0	526920000	678498000.0	570	32090000	19895800.0	0	0	37464000	4216000	3199200.0	10020500	1054000	778635	19268335.0	10261586.76909589	29529921.76909589	0.38691435742971886	True	28216000.0	864000000.0	45000000.0	126000000.0	20401795.302597467	219617795.30259746	0	0.13	False	0	0	0.19090909090909092	False	3200000.0	28	17.129485911175664	4460	4719	True
384	0.68	734672000.0	181327561.0958904	915999561.0958904	10259195.084273972	True	56	77	238	2.03	409	84	151578000.0	526920000	678498000.0	570	32090000	19895800.0	0	0	37338000	4216000	3199200.0	10020500	1054000	775830	19265530.0	10259195.084273972	29524725.08427397	0.38685803212851405	True	28186600.0	864000000.0	45000000.0	126000000.0	20302615.382450737	219489215.38245073	0	0.13	False	0	0	0.19090909090909092	False	3200000.0	28	17.070520441409474	4445	4702	True
385	0.68	734672000.0	181101456.43835616	915773456.4383562	10256662.712109588	True	56	77	238	2.03	409	84	151578000.0	526920000	678498000.0	570	32090000	19895800.0	0	0	37203600	4216000	3199200.0	10020500	1054000	772860	19262560.0	10256662.712109588	29519222.712109588	0.3867983935742972	True	28157200.0	864000000.0	45000000.0	126000000.0	20203776.87305113	219360976.87305114	0	0.13	False	0	0	0.19090909090909092	False	3200000.0	28	17.01175795068438	4429	4684	True
386	0.68	734672000.0	180875351.7808219	915547351.7808219	10254130.339945205	True	56	77	238	2.03	409	84	151578000.0	526920000	678498000.0	570	32090000	19895800.0	0	0	37077600	4216000	3199200.0	10020500	1054000	769890	19259590.0	10254130.339945205	29513720.339945205	0.3867387550200803	True	28118000.0	864000000.0	45000000.0	126000000.0	20105278.59914767	219223278.59914768	0	0.13	False	0	0	0.19090909090909092	False	3200000.0	28	16.953197740278043	4414	4666	True
387	0.68	734672000.0	180661808.49315065	915333808.4931507	10251738.655123288	True	56	77	238	2.03	409	83	151578000.0	526490000	678068000.0	569	31996000	19837520.0	0	0	36951600	4216000	3199200.0	10020500	1054000	767085	19256785.0	10251738.655123288	29508523.655123286	0.3866824297188755	True	28030320.0	864000000.0	45000000.0	126000000.0	20007119.389534984	219037439.38953498	0	0.13	False	0	0	0.19090909090909092	False	3200000.0	28	16.894839113873356	4399	4649	True
388	0.68	734672000.0	180448265.20547944	915120265.2054794	10249346.97030137	True	56	77	238	2.03	409	83	151578000.0	526490000	678068000.0	569	31996000	19837520.0	0	0	36825600	4216000	3199200.0	10020500	1054000	764280	19253980.0	10249346.97030137	29503326.970301367	0.3866261044176707	True	28000920.0	864000000.0	45000000.0	126000000.0	19909298.077039402	218910218.0770394	0	0.13	False	0	0	0.19090909090909092	False	3200000.0	28	16.83668137755018	4384	4632	True
389	0.68	734672000.0	180222160.5479452	914894160.5479453	10246814.598136988	True	56	77	238	2.03	409	83	151578000.0	526490000	678068000.0	569	31996000	19837520.0	0	0	36699600	4216000	3199200.0	10020500	1054000	761310	19251010.0	10246814.598136988	29497824.598136988	0.38656646586345383	True	27971520.0	864000000.0	45000000.0	126000000.0	19811813.498505022	218783333.49850503	0	0.13	False	0	0	0.19090909090909092	False	3200000.0	28	16.778723839777065	4369	4614	True
390	0.68	734672000.0	180008617.26027396	914680617.2602739	10244422.913315067	True	56	77	238	2.03	409	82	151578000.0	526060000	677638000.0	568	31902000	19779240.0	0	0	36573600	4216000	3199200.0	10020500	1054000	758505	19248205.0	10244422.913315067	29492627.913315065	0.38651014056224897	True	27883840.0	864000000.0	45000000.0	126000000.0	19714664.494779967	218598504.49477997	0	0.13	False	0	0	0.19090909090909092	False	3200000.0	28	16.720965811403072	4354	4597	True
391	0.68	734672000.0	179795073.97260273	914467073.9726027	10242031.22849315	True	56	77	238	2.03	409	82	151578000.0	526060000	677638000.0	568	31902000	19779240.0	0	0	36447600	4216000	3199200.0	10020500	1054000	755700	19245400.0	10242031.22849315	29487431.22849315	0.38645381526104416	True	27854440.0	864000000.0	45000000.0	126000000.0	19617849.910702504	218472289.9107025	0	0.13	False	0	0	0.19090909090909092	False	3200000.0	28	16.663406605649527	4339	4580	True
392	0.68	734672000.0	179568969.3150685	914240969.3150685	10239498.856328767	True	56	77	238	2.03	409	82	151578000.0	526060000	677638000.0	568	31902000	19779240.0	0	0	36321600	4216000	3199200.0	10020500	1054000	752730	19242430.0	10239498.856328767	29481928.856328767	0.3863941767068273	True	27825040.0	864000000.0	45000000.0	126000000.0	19521368.59508738	218346408.59508738	0	0.13	False	0	0	0.19090909090909092	False	3200000.0	28	16.606045538101892	4324	4562	True
393	0.68	734672000.0	179355426.02739725	914027426.0273973	10237107.17150685	True	56	77	238	2.03	409	82	151578000.0	526060000	677638000.0	568	31902000	19779240.0	0	0	36195600	4216000	3199200.0	10020500	1054000	749925	19239625.0	10237107.17150685	29476732.171506852	0.3863378514056225	True	27795640.0	864000000.0	45000000.0	126000000.0	19425219.400712125	218220859.40071213	0	0.13	False	0	0	0.19090909090909092	False	3200000.0	28	16.54888192670162	4309	4545	True
394	0.68	734672000.0	179141882.73972604	913813882.7397261	10234715.486684931	True	56	77	238	2.03	409	81	151578000.0	525630000	677208000.0	567	31808000	19720960.0	0	0	36069600	4216000	3199200.0	10020500	1054000	747120	19236820.0	10234715.486684931	29471535.486684933	0.3862815261044177	True	27707960.0	864000000.0	45000000.0	126000000.0	19329401.184303354	218037361.18430334	0	0.13	False	0	0	0.19090909090909092	False	3200000.0	28	16.491915091738022	4294	4528	True
395	0.68	734672000.0	178928339.4520548	913600339.4520547	10232323.801863013	True	56	77	238	2.03	409	81	151578000.0	525630000	677208000.0	567	31808000	19720960.0	0	0	35943600	4216000	3199200.0	10020500	1054000	744315	19234015.0	10232323.801863013	29466338.801863015	0.3862252008032129	True	27668760.0	864000000.0	45000000.0	126000000.0	19233912.80652324	217902672.80652323	0	0.13	False	0	0	0.19090909090909092	False	3200000.0	28	16.435144355840215	4279	4511	True
396	0.68	734672000.0	178714796.16438356	913386796.1643835	10229932.117041096	True	56	77	238	2.03	409	81	151578000.0	525630000	677208000.0	567	31808000	19720960.0	0	0	35817600	4216000	3199200.0	10020500	1054000	741510	19231210.0	10229932.117041096	29461142.117041096	0.386168875502008	True	27639360.0	864000000.0	45000000.0	126000000.0	19138753.131955974	217778113.13195598	0	0.13	False	0	0	0.19090909090909092	False	3200000.0	28	16.37856904396907	4264	4494	True
397	0.68	734672000.0	178501252.87671232	913173252.8767123	10227540.432219177	True	56	77	238	2.03	409	80	151578000.0	525200000	676778000.0	566	31714000	19662680.0	0	0	35700000	4216000	3199200.0	10020500	1054000	738705	19228405.0	10227540.432219177	29455945.432219177	0.3861125502008032	True	27551680.0	864000000.0	45000000.0	126000000.0	19043921.02909416	217595601.02909416	0	0.13	False	0	0	0.19090909090909092	False	3200000.0	28	16.322188483409132	4250	4477	True
398	0.68	734672000.0	178300270.9589041	912972270.958904	10225289.434739726	True	56	77	238	2.03	409	80	151578000.0	525200000	676778000.0	566	31714000	19662680.0	0	0	35574000	4216000	3199200.0	10020500	1054000	736065	19225765.0	10225289.434739726	29451054.434739724	0.38605953815261046	True	27522280.0	864000000.0	45000000.0	126000000.0	18949415.37032548	217471695.37032548	0	0.13	False	0	0	0.19090909090909092	False	3200000.0	28	16.26600200376069	4235	4461	True
399	0.68	734672000.0	178086727.67123288	912758727.6712329	10222897.749917809	True	56	77	238	2.03	409	80	151578000.0	525200000	676778000.0	566	31714000	19662680.0	0	0	35456400	4216000	3199200.0	10020500	1054000	733260	19222960.0	10222897.749917809	29445857.74991781	0.3860032128514056	True	27492880.0	864000000.0	45000000.0	126000000.0	18855235.031919234	217348115.03191924	0	0.13	False	0	0	0.19090909090909092	False	3200000.0	28	16.210008936931768	4221	4444	True
400	0.68	734672000.0	177873184.3835616	912545184.3835616	10220506.06509589	True	56	77	238	2.03	409	80	151578000.0	525200000	676778000.0	566	31714000	19662680.0	0	0	35330400	4216000	3199200.0	10020500	1054000	730455	19220155.0	10220506.06509589	29440661.06509589	0.3859468875502008	True	27463480.0	864000000.0	45000000.0	126000000.0	18761378.894012965	217224858.89401296	0	0.13	False	0	0	0.19090909090909092	False	3200000.0	28	16.154208617130184	4206	4427	True
401	0.68	734672000.0	177659641.0958904	912331641.0958904	10218114.380273972	True	56	77	238	2.03	409	79	151578000.0	524770000	676348000.0	565	31620000	19604400.0	0	0	35212800	4216000	3199200.0	10020500	1054000	727650	19217350.0	10218114.380273972	29435464.38027397	0.385890562248996	True	27375800.0	864000000.0	45000000.0	126000000.0	18667845.840599183	217043645.84059918	0	0.13	False	0	0	0.19090909090909092	False	3200000.0	28	16.09860038085564	4192	4410	True
402	0.68	734672000.0	177458659.1780822	912130659.1780822	10215863.382794522	True	56	77	238	2.03	409	79	151578000.0	524770000	676348000.0	565	31620000	19604400.0	0	0	35086800	4216000	3199200.0	10020500	1054000	725010	19214710.0	10215863.382794522	29430573.38279452	0.38583755020080324	True	27346400.0	864000000.0	45000000.0	126000000.0	18574634.759512052	216921034.75951207	0	0.13	False	0	0	0.19090909090909092	False	3200000.0	28	16.043183566891827	4177	4394	True
403	0.68	734672000.0	177245115.89041096	911917115.8904109	10213471.697972601	True	56	77	238	2.03	409	79	151578000.0	524770000	676348000.0	565	31620000	19604400.0	0	0	34969200	4216000	3199200.0	10020500	1054000	722205	19211905.0	10213471.697972601	29425376.697972603	0.3857812248995984	True	27317000.0	864000000.0	45000000.0	126000000.0	18481744.5424142	216798744.5424142	0	0.13	False	0	0	0.19090909090909092	False	3200000.0	28	15.987957516298573	4163	4377	True
404	0.68	734672000.0	177044133.97260273	911716133.9726027	10211220.700493151	True	56	77	238	2.03	409	79	151578000.0	524770000	676348000.0	565	31620000	19604400.0	0	0	34843200	4216000	3199200.0	10020500	1054000	719565	19209265.0	10211220.700493151	29420485.70049315	0.3857282128514056	True	27287600.0	864000000.0	45000000.0	126000000.0	18389174.08478352	216676774.08478352	0	0.13	False	0	0	0.19090909090909092	False	3200000.0	28	15.932921572403995	4148	4361	True
405	0.68	734672000.0	176830590.6849315	911502590.6849315	10208829.015671233	True	56	77	238	2.03	409	78	151578000.0	524340000	675918000.0	564	31526000	19546120.0	0	0	34725600	4216000	3199200.0	10020500	1054000	716760	19206460.0	10208829.015671233	29415289.01567123	0.3856718875502008	True	27199920.0	864000000.0	45000000.0	126000000.0	18296922.285900034	216496842.28590003	0	0.13	False	0	0	0.19090909090909092	False	3200000.0	28	15.878075080796691	4134	4344	True
406	0.68	734672000.0	176629608.76712325	911301608.7671232	10206578.01819178	True	56	77	238	2.03	409	78	151578000.0	524340000	675918000.0	564	31526000	19546120.0	0	0	34608000	4216000	3199200.0	10020500	1054000	714120	19203820.0	10206578.01819178	29410398.01819178	0.385618875502008	True	27180320.0	864000000.0	45000000.0	126000000.0	18204988.048832837	216385308.04883283	0	0.13	False	0	0	0.19090909090909092	False	3200000.0	28	15.823417389317976	4120	4328	True
407	0.68	734672000.0	176428626.84931505	911100626.849315	10204327.02071233	True	56	77	238	2.03	409	78	151578000.0	524340000	675918000.0	564	31526000	19546120.0	0	0	34490400	4216000	3199200.0	10020500	1054000	711480	19201180.0	10204327.02071233	29405507.02071233	0.38556586345381527	True	27150920.0	864000000.0	45000000.0	126000000.0	18113370.28042701	216264290.280427	0	0.13	False	0	0	0.19090909090909092	False	3200000.0	28	15.76894784805411	4106	4312	True
408	0.68	734672000.0	176215083.56164384	910887083.5616438	10201935.33589041	True	56	77	238	2.03	409	77	151578000.0	523910000	675488000.0	563	31432000	19487840.0	0	0	34372800	4216000	3199200.0	10020500	1054000	708675	19198375.0	10201935.33589041	29400310.335890412	0.38550953815261046	True	27063240.0	864000000.0	45000000.0	126000000.0	18022067.891290646	216085307.89129063	0	0.13	False	0	0	0.19090909090909092	False	3200000.0	28	15.714665809328565	4092	4295	True
409	0.68	734672000.0	176014101.6438356	910686101.6438355	10199684.338410959	True	56	77	238	2.03	409	77	151578000.0	523910000	675488000.0	563	31432000	19487840.0	0	0	34255200	4216000	3199200.0	10020500	1054000	706035	19195735.0	10199684.338410959	29395419.33841096	0.38545652610441766	True	27033840.0	864000000.0	45000000.0	126000000.0	17931079.795781903	215964919.7957819	0	0.13	False	0	0	0.19090909090909092	False	3200000.0	28	15.660570627694353	4078	4279	True
410	0.68	734672000.0	175813119.72602737	910485119.7260274	10197433.340931507	True	56	77	238	2.03	409	77	151578000.0	523910000	675488000.0	563	31432000	19487840.0	0	0	34129200	4216000	3199200.0	10020500	1054000	703395	19193095.0	10197433.340931507	29390528.340931505	0.3854035140562249	True	27004440.0	864000000.0	45000000.0	126000000.0	17840404.91199606	215844844.91199607	0	0.13	False	0	0	0.19090909090909092	False	3200000.0	28	15.606661659926313	4063	4263	True
411	0.68	734672000.0	175612137.80821916	910284137.8082192	10195182.343452055	True	56	77	238	2.03	409	77	151578000.0	523910000	675488000.0	563	31432000	19487840.0	0	0	34011600	4216000	3199200.0	10020500	1054000	700755	19190455.0	10195182.343452055	29385637.343452055	0.3853505020080321	True	26975040.0	864000000.0	45000000.0	126000000.0	17750042.161752712	215725082.1617527	0	0.13	False	0	0	0.19090909090909092	False	3200000.0	28	15.552938265013502	4049	4247	True
412	0.68	734672000.0	175411155.89041093	910083155.8904109	10192931.345972601	True	56	77	238	2.03	409	76	151578000.0	523480000	675058000.0	562	31338000	19429560.0	0	0	33902400	4216000	3199200.0	10020500	1054000	698115	19187815.0	10192931.345972601	29380746.3459726	0.38529748995983937	True	26887360.0	864000000.0	45000000.0	126000000.0	17659990.47058288	215547350.47058287	0	0.13	False	0	0	0.19090909090909092	False	3200000.0	28	15.499399804151537	4036	4231	True
413	0.68	734672000.0	175210173.97260273	909882173.9726027	10190680.34849315	True	56	77	238	2.03	409	76	151578000.0	523480000	675058000.0	562	31338000	19429560.0	0	0	33784800	4216000	3199200.0	10020500	1054000	695475	19185175.0	10190680.34849315	29375855.34849315	0.38524447791164657	True	26857960.0	864000000.0	45000000.0	126000000.0	17570248.767716296	215428208.7677163	0	0.13	False	0	0	0.19090909090909092	False	3200000.0	28	15.446045640735015	4022	4215	True
414	0.68	734672000.0	175009192.05479452	909681192.0547945	10188429.3510137	True	56	77	238	2.03	409	76	151578000.0	523480000	675058000.0	562	31338000	19429560.0	0	0	33667200	4216000	3199200.0	10020500	1054000	692835	19182535.0	10188429.3510137	29370964.351013698	0.3851914658634538	True	26828560.0	864000000.0	45000000.0	126000000.0	17480815.98606864	215309375.98606864	0	0.13	False	0	0	0.19090909090909092	False	3200000.0	28	15.392875140349963	4008	4199	True
415	0.68	734672000.0	174808210.1369863	909480210.1369863	10186178.353534246	True	56	77	238	2.03	409	76	151578000.0	523480000	675058000.0	562	31338000	19429560.0	0	0	33549600	4216000	3199200.0	10020500	1054000	690195	19179895.0	10186178.353534246	29366073.353534244	0.385138453815261	True	26799160.0	864000000.0	45000000.0	126000000.0	17391691.062228832	215190851.06222883	0	0.13	False	0	0	0.19090909090909092	False	3200000.0	28	15.339887670766249	3994	4183	True
416	0.68	734672000.0	174607228.21917808	909279228.2191781	10183927.356054794	True	56	77	238	2.03	409	75	151578000.0	523050000	674628000.0	561	31244000	19371280.0	0	0	33432000	4216000	3199200.0	10020500	1054000	687555	19177255.0	10183927.356054794	29361182.356054794	0.38508544176706827	True	26721280.0	864000000.0	45000000.0	126000000.0	17302872.93644644	215024152.93644643	0	0.13	False	0	0	0.19090909090909092	False	3200000.0	28	15.287082601930107	3980	4167	True
417	0.68	734672000.0	174406246.30136988	909078246.3013699	10181676.358575342	True	56	77	238	2.03	409	75	151578000.0	523050000	674628000.0	561	31244000	19371280.0	0	0	33322800	4216000	3199200.0	10020500	1054000	684915	19174615.0	10181676.358575342	29356291.358575344	0.3850324297188755	True	26691880.0	864000000.0	45000000.0	126000000.0	17214360.552619044	214906240.55261904	0	0.13	False	0	0	0.19090909090909092	False	3200000.0	28	15.234459305956625	3967	4151	True
418	0.68	734672000.0	174217825.75342464	908889825.7534246	10179566.048438355	True	56	77	238	2.03	409	75	151578000.0	523050000	674628000.0	561	31244000	19371280.0	0	0	33205200	4216000	3199200.0	10020500	1054000	682440	19172140.0	10179566.048438355	29351706.048438355	0.3849827309236948	True	26662480.0	864000000.0	45000000.0	126000000.0	17126152.858279683	214788632.85827968	0	0.13	False	0	0	0.19090909090909092	False	3200000.0	28	15.182017157122283	3953	4136	True
419	0.68	734672000.0	174016843.83561644	908688843.8356165	10177315.050958904	True	56	77	238	2.03	409	75	151578000.0	523050000	674628000.0	561	31244000	19371280.0	0	0	33087600	4216000	3199200.0	10020500	1054000	679800	19169500.0	10177315.050958904	29346815.0509589	0.384929718875502	True	26633080.0	864000000.0	45000000.0	126000000.0	17038248.804584328	214671328.80458432	0	0.13	False	0	0	0.19090909090909092	False	3200000.0	28	15.129755531857509	3939	4120	True
420	0.68	734672000.0	173815861.9178082	908487861.9178082	10175064.053479452	True	56	77	238	2.03	409	74	151578000.0	522620000	674198000.0	560	31150000	19313000.0	0	0	32978400	4216000	3199200.0	10020500	1054000	677160	19166860.0	10175064.053479452	29341924.05347945	0.38487670682730923	True	26545400.0	864000000.0	45000000.0	126000000.0	16950647.34629945	214496047.34629944	0	0.13	False	0	0	0.19090909090909092	False	3200000.0	28	15.07767380873927	3926	4104	True
421	0.68	734672000.0	173627441.36986303	908299441.369863	10172953.743342467	True	56	77	238	2.03	409	74	151578000.0	522620000	674198000.0	560	31150000	19313000.0	0	0	32860800	4216000	3199200.0	10020500	1054000	674685	19164385.0	10172953.743342467	29337338.743342467	0.3848270080321285	True	26525800.0	864000000.0	45000000.0	126000000.0	16863347.441789556	214389147.44178957	0	0.13	False	0	0	0.19090909090909092	False	3200000.0	28	15.025771368483683	3912	4089	True
422	0.68	734672000.0	173426459.45205477	908098459.4520547	10170702.745863013	True	56	77	238	2.03	409	74	151578000.0	522620000	674198000.0	560	31150000	19313000.0	0	0	32751600	4216000	3199200.0	10020500	1054000	672045	19161745.0	10170702.745863013	29332447.745863013	0.38477399598393575	True	26496400.0	864000000.0	45000000.0	125781999.78908463	16776348.053004803	214054747.8420894	0	0.13	False	0	0	0.19090909090909092	False	3200000.0	28	14.974047593938646	3899	4073	True
423	0.68	734672000.0	173238038.90410957	907910038.9041096	10168592.435726028	True	56	77	238	2.03	409	74	151578000.0	522620000	674198000.0	560	31150000	19313000.0	0	0	32634000	4216000	3199200.0	10020500	1054000	669570	19159270.0	10168592.435726028	29327862.435726028	0.384724297188755	True	26467000.0	864000000.0	45000000.0	125349015.70864265	16689648.145468682	213505663.85411134	0	0.13	False	0	0	0.19090909090909092	False	3200000.0	28	14.922501870076506	3885	4058	True
424	0.68	734672000.0	173049618.35616437	907721618.3561643	10166482.125589041	True	56	77	238	2.03	409	73	151578000.0	522190000	673768000.0	559	31056000	19254720.0	0	0	32524800	4216000	3199200.0	10020500	1054000	667095	19156795.0	10166482.125589041	29323277.125589043	0.3846745983935743	True	26379320.0	864000000.0	45000000.0	124917522.10548861	16603246.688265696	212900088.79375428	0	0.13	False	0	0	0.19090909090909092	False	3200000.0	28	14.87113358398674	3872	4043	True
425	0.68	734672000.0	172848636.43835616	907520636.4383562	10164231.12810959	True	56	77	238	2.03	409	73	151578000.0	522190000	673768000.0	559	31056000	19254720.0	0	0	32415600	4216000	3199200.0	10020500	1054000	664455	19154155.0	10164231.12810959	29318386.12810959	0.3846215863453815	True	26349920.0	864000000.0	45000000.0	124487513.84889677	16517142.654029094	212354576.50292587	0	0.13	False	0	0	0.19090909090909092	False	3200000.0	28	14.819942124868664	3859	4027	True
426	0.68	734672000.0	172660215.89041093	907332215.8904109	10162120.817972602	True	56	77	238	2.03	409	73	151578000.0	522190000	673768000.0	559	31056000	19254720.0	0	0	32298000	4216000	3199200.0	10020500	1054000	661980	19151680.0	10162120.817972602	29313800.8179726	0.38457188755020083	True	26330320.0	864000000.0	45000000.0	124058985.82580322	16431335.018928694	211820640.84473193	0	0.13	False	0	0	0.19090909090909092	False	3200000.0	28	14.768926884024193	3845	4012	True
427	0.68	734672000.0	172471795.34246576	907143795.3424658	10160010.507835617	True	56	77	238	2.03	409	73	151578000.0	522190000	673768000.0	559	31056000	19254720.0	0	0	32188800	4216000	3199200.0	10020500	1054000	659505	19149205.0	10160010.507835617	29309215.50783562	0.3845221887550201	True	26300920.0	864000000.0	45000000.0	123631932.94074476	16345822.762658654	211278675.7034034	0	0.13	False	0	0	0.19090909090909092	False	3200000.0	28	14.718087254850566	3832	3997	True
428	0.68	734672000.0	172283374.79452053	906955374.7945205	10157900.19769863	True	56	77	238	2.03	409	72	151578000.0	521760000	673338000.0	558	30962000	19196440.0	0	0	32079600	4216000	3199200.0	10020500	1054000	657030	19146730.0	10157900.19769863	29304630.19769863	0.38447248995983935	True	26213240.0	864000000.0	45000000.0	123206350.11579861	16260604.868425388	210680194.984224	0	0.13	False	0	0	0.19090909090909092	False	3200000.0	28	14.667422632833167	3819	3982	True
429	0.68	734672000.0	172082392.87671232	906754392.8767123	10155649.200219179	True	56	77	238	2.03	409	72	151578000.0	521760000	673338000.0	558	30962000	19196440.0	0	0	31970400	4216000	3199200.0	10020500	1054000	654390	19144090.0	10155649.200219179	29299739.200219177	0.3844194779116466	True	26183840.0	864000000.0	45000000.0	122782232.29052193	16175680.322935464	210141752.61345738	0	0.13	False	0	0	0.19090909090909092	False	3200000.0	28	14.616932415538326	3806	3966	True
430	0.68	734672000.0	171893972.3287671	906565972.3287671	10153538.890082192	True	56	77	238	2.03	409	72	151578000.0	521760000	673338000.0	558	30962000	19196440.0	0	0	31861200	4216000	3199200.0	10020500	1054000	651915	19141615.0	10153538.890082192	29295153.89008219	0.38436977911646586	True	26164240.0	864000000.0	45000000.0	122359574.4218915	16091048.116383512	209614862.53827503	0	0.13	False	0	0	0.19090909090909092	False	3200000.0	28	14.56661600260613	3793	3951	True
431	0.68	734672000.0	171705551.7808219	906377551.7808219	10151428.579945205	True	56	77	238	2.03	409	72	151578000.0	521760000	673338000.0	558	30962000	19196440.0	0	0	31752000	4216000	3199200.0	10020500	1054000	649440	19139140.0	10151428.579945205	29290568.579945207	0.3843200803212851	True	26134840.0	864000000.0	45000000.0	121938371.48424402	16006707.24244029	209079918.7266843	0	0.13	False	0	0	0.19090909090909092	False	3200000.0	28	14.516472795743336	3780	3936	True
432	0.68	734672000.0	171517131.2328767	906189131.2328767	10149318.269808218	True	56	77	238	2.03	409	71	151578000.0	521330000	672908000.0	557	30868000	19138160.0	0	0	31642800	4216000	3199200.0	10020500	1054000	646965	19136665.0	10149318.269808218	29285983.269808218	0.38427038152610443	True	26047160.0	864000000.0	45000000.0	121518618.4692162	15922656.698240675	208488435.16745687	0	0.13	False	0	0	0.19090909090909092	False	3200000.0	28	14.466502198716215	3767	3921	True
433	0.68	734672000.0	171328710.6849315	906000710.6849315	10147207.959671233	True	56	77	238	2.03	409	71	151578000.0	521330000	672908000.0	557	30868000	19138160.0	0	0	31533600	4216000	3199200.0	10020500	1054000	644490	19134190.0	10147207.959671233	29281397.959671233	0.3842206827309237	True	26027560.0	864000000.0	45000000.0	121100310.38568516	15838895.48437172	207966765.87005687	0	0.13	False	0	0	0.19090909090909092	False	3200000.0	28	14.416703617343472	3754	3906	True
434	0.68	734672000.0	171152851.5068493	905824851.5068493	10145238.336876713	True	56	77	238	2.03	409	71	151578000.0	521330000	672908000.0	557	30868000	19138160.0	0	0	31424400	4216000	3199200.0	10020500	1054000	642180	19131880.0	10145238.336876713	29277118.336876713	0.384174297188755	True	25998160.0	864000000.0	45000000.0	120683442.25970916	15755422.604860812	207437024.86457	0	0.13	False	0	0	0.19090909090909092	False	3200000.0	28	14.367076459489187	3741	3892	True
435	0.68	734672000.0	170964430.9589041	905636430.958904	10143128.026739726	True	56	77	238	2.03	409	71	151578000.0	521330000	672908000.0	557	30868000	19138160.0	0	0	31315200	4216000	3199200.0	10020500	1054000	639705	19129405.0	10143128.026739726	29272533.026739724	0.3841245983935743	True	25968760.0	864000000.0	45000000.0	120268009.13446859	15672237.067163827	206909006.2016324	0	0.13	False	0	0	0.19090909090909092	False	3200000.0	28	14.317620135055783	3728	3877	True
436	0.68	734672000.0	170776010.4109589	905448010.4109589	10141017.716602739	True	56	77	238	2.03	409	70	151578000.0	520900000	672478000.0	556	30774000	19079880.0	0	0	31206000	4216000	3199200.0	10020500	1054000	637230	19126930.0	10141017.716602739	29267947.71660274	0.3840748995983936	True	25890880.0	864000000.0	45000000.0	119854006.07020663	15589337.88215328	206334223.9523599	0	0.13	False	0	0	0.19090909090909092	False	3200000.0	28	14.268334055976979	3715	3862	True
437	0.68	734672000.0	170587589.86301368	905259589.8630137	10138907.406465754	True	56	77	238	2.03	409	70	151578000.0	520900000	672478000.0	556	30774000	19079880.0	0	0	31096800	4216000	3199200.0	10020500	1054000	634755	19124455.0	10138907.406465754	29263362.406465754	0.38402520080321284	True	25861480.0	864000000.0	45000000.0	119441428.144171	15506724.064106623	205809632.2082776	0	0.13	False	0	0	0.19090909090909092	False	3200000.0	28	14.219217636210834	3702	3847	True
438	0.68	734672000.0	170411730.6849315	905083730.6849315	10136937.783671234	True	56	77	238	2.03	409	70	151578000.0	520900000	672478000.0	556	30774000	19079880.0	0	0	30987600	4216000	3199200.0	10020500	1054000	632445	19122145.0	10136937.783671234	29259082.783671234	0.38397881526104416	True	25832080.0	864000000.0	45000000.0	119030270.45055504	15424394.63069447	205286745.0812495	0	0.13	False	0	0	0.19090909090909092	False	3200000.0	28	14.170270291732741	3689	3833	True
439	0.68	734672000.0	170223310.1369863	904895310.1369863	10134827.473534245	True	56	77	238	2.03	409	70	151578000.0	520900000	672478000.0	556	30774000	19079880.0	0	0	30886800	4216000	3199200.0	10020500	1054000	629970	19119670.0	10134827.473534245	29254497.473534245	0.3839291164658635	True	25812480.0	864000000.0	45000000.0	118620528.10043964	15342348.602968983	204775356.70340863	0	0.13	False	0	0	0.19090909090909092	False	3200000.0	28	14.121491440528528	3677	3818	True
440	0.68	734672000.0	170034889.58904105	904706889.589041	10132717.163397258	True	56	77	238	2.03	409	69	151578000.0	520470000	672048000.0	555	30680000	19021600.0	0	0	30777600	4216000	3199200.0	10020500	1054000	627495	19117195.0	10132717.163397258	29249912.16339726	0.38387941767068273	True	25724800.0	864000000.0	45000000.0	118212196.22173493	15260585.00535216	204197581.2270871	0	0.13	False	0	0	0.19090909090909092	False	3200000.0	28	14.072880502587491	3664	3803	True
441	0.68	734672000.0	169859030.4109589	904531030.4109589	10130747.54060274	True	56	77	238	2.03	409	69	151578000.0	520470000	672048000.0	555	30680000	19021600.0	0	0	30668400	4216000	3199200.0	10020500	1054000	625185	19114885.0	10130747.54060274	29245632.54060274	0.38383303212851405	True	25705200.0	864000000.0	45000000.0	117805269.9591225	15179102.865624286	203689572.82474676	0	0.13	False	0	0	0.19090909090909092	False	3200000.0	28	14.024436899895534	3651	3789	True
442	0.68	734672000.0	169670609.86301368	904342609.8630137	10128637.230465753	True	56	77	238	2.03	409	69	151578000.0	520470000	672048000.0	555	30680000	19021600.0	0	0	30567600	4216000	3199200.0	10020500	1054000	622710	19112410.0	10128637.230465753	29241047.230465755	0.3837833333333333	True	25675800.0	864000000.0	45000000.0	117399744.47399735	15097901.21491233	203173445.68890968	0	0.13	False	0	0	0.19090909090909092	False	3200000.0	28	13.976160056428258	3639	3774	True
443	0.68	734672000.0	169494750.68493152	904166750.6849315	10126667.607671233	True	56	77	238	2.03	409	69	151578000.0	520470000	672048000.0	555	30680000	19021600.0	0	0	30458400	4216000	3199200.0	10020500	1054000	620400	19110100.0	10126667.607671233	29236767.60767123	0.3837369477911647	True	25646400.0	864000000.0	45000000.0	116995614.94441101	15016979.087678492	202658994.0320895	0	0.13	False	0	0	0.19090909090909092	False	3200000.0	28	13.928049398144168	3626	3760	True
444	0.68	734672000.0	169318891.50684932	903990891.5068493	10124697.984876713	True	56	77	238	2.03	409	68	151578000.0	520040000	671618000.0	554	30586000	18963320.0	0	0	30357600	4216000	3199200.0	10020500	1054000	618090	19107790.0	10124697.984876713	29232487.984876715	0.383690562248996	True	25568520.0	864000000.0	45000000.0	116592876.56501338	14936335.52170863	202097732.08672202	0	0.13	False	0	0	0.19090909090909092	False	3200000.0	28	13.880104352977783	3614	3746	True
445	0.68	734672000.0	169130470.9589041	903802470.958904	10122587.674739726	True	56	77	238	2.03	409	68	151578000.0	520040000	671618000.0	554	30586000	18963320.0	0	0	30248400	4216000	3199200.0	10020500	1054000	615615	19105315.0	10122587.674739726	29227902.674739726	0.38364086345381526	True	25539120.0	864000000.0	45000000.0	116191524.54699616	14855969.558100898	201586614.1050971	0	0.13	False	0	0	0.19090909090909092	False	3200000.0	28	13.832324350832875	3601	3731	True
446	0.68	734672000.0	168954611.7808219	903626611.7808219	10120618.051945206	True	56	77	238	2.03	409	68	151578000.0	520040000	671618000.0	554	30586000	18963320.0	0	0	30147600	4216000	3199200.0	10020500	1054000	613305	19103005.0	10120618.051945206	29223623.051945206	0.3835944779116466	True	25519520.0	864000000.0	45000000.0	115791554.11803581	14775880.241254313	201086954.3592901	0	0.13	False	0	0	0.19090909090909092	False	3200000.0	28	13.784708823575691	3589	3717	True
447	0.68	734672000.0	168778752.60273972	903450752.6027397	10118648.429150684	True	56	77	238	2.03	409	68	151578000.0	520040000	671618000.0	554	30586000	18963320.0	0	0	30046800	4216000	3199200.0	10020500	1054000	610995	19100695.0	10118648.429150684	29219343.429150686	0.3835480923694779	True	25490120.0	864000000.0	45000000.0	115392960.52223659	14696066.618857373	200579147.14109397	0	0.13	False	0	0	0.19090909090909092	False	3200000.0	28	13.737257205028165	3577	3703	True
448	0.68	734672000.0	168602893.42465752	903274893.4246576	10116678.806356166	True	56	77	238	2.03	409	67	151578000.0	519610000	671188000.0	553	30492000	18905040.0	0	0	29937600	4216000	3199200.0	10020500	1054000	608685	19098385.0	10116678.806356166	29215063.806356166	0.3835017068273092	True	25412240.0	864000000.0	45000000.0	114995739.02007428	14616527.741876781	200024506.76195106	0	0.13	False	0	0	0.19090909090909092	False	3200000.0	28	13.689968930961225	3564	3689	True
449	0.68	734672000.0	168414472.87671232	903086472.8767123	10114568.496219179	True	56	77	238	2.03	409	67	151578000.0	519610000	671188000.0	553	30492000	18905040.0	0	0	29836800	4216000	3199200.0	10020500	1054000	606210	19095910.0	10114568.496219179	29210478.49621918	0.38345200803212853	True	25382840.0	864000000.0	45000000.0	114599884.88833965	14537262.664546106	199519987.55288574	0	0.13	False	0	0	0.19090909090909092	False	3200000.0	28	13.642843439088054	3552	3674	True
450	0.68	734672000.0	168238613.69863012	902910613.6986301	10112598.873424657	True	56	77	238	2.03	409	67	151578000.0	519610000	671188000.0	553	30492000	18905040.0	0	0	29736000	4216000	3199200.0	10020500	1054000	603900	19093600.0	10112598.873424657	29206198.873424657	0.38340562248995985	True	25353440.0	864000000.0	45000000.0	114205393.42008235	14458270.444354586	199017103.86443692	0	0.13	False	0	0	0.19090909090909092	False	3200000.0	28	13.595880169057423	3540	3660	True
451	0.68	734672000.0	168062754.52054793	902734754.5205479	10110629.250630137	True	56	77	238	2.03	409	67	151578000.0	519610000	671188000.0	553	30492000	18905040.0	0	0	29635200	4216000	3199200.0	10020500	1054000	601590	19091290.0	10110629.250630137	29201919.250630137	0.38335923694779117	True	25333840.0	864000000.0	45000000.0	113812259.92455494	14379550.142035887	198525650.06659085	0	0.13	False	0	0	0.19090909090909092	False	3200000.0	28	13.549078562447018	3528	3646	True
452	0.68	734672000.0	167886895.34246576	902558895.3424658	10108659.627835616	True	56	77	238	2.03	409	66	151578000.0	519180000	670758000.0	552	30398000	18846760.0	0	0	29534400	4216000	3199200.0	10020500	1054000	599280	19088980.0	10108659.627835616	29197639.627835616	0.3833128514056225	True	25246160.0	864000000.0	45000000.0	113420479.72715718	14301100.821556946	197967740.54871413	0	0.13	False	0	0	0.19090909090909092	False	3200000.0	28	13.502438062756806	3516	3632	True
453	0.68	734672000.0	167711036.16438356	902383036.1643835	10106690.005041096	True	56	77	238	2.03	409	66	151578000.0	519180000	670758000.0	552	30398000	18846760.0	0	0	29425200	4216000	3199200.0	10020500	1054000	596970	19086670.0	10106690.005041096	29193360.005041096	0.3832664658634538	True	25226560.0	864000000.0	45000000.0	113030048.1693802	14222921.550106846	197479529.71948704	0	0.13	False	0	0	0.19090909090909092	False	3200000.0	28	13.455958115402405	3503	3618	True
454	0.68	734672000.0	167547738.35616437	902219738.3561643	10104861.069589041	True	56	77	238	2.03	409	66	151578000.0	519180000	670758000.0	552	30398000	18846760.0	0	0	29324400	4216000	3199200.0	10020500	1054000	594825	19084525.0	10104861.069589041	29189386.06958904	0.3832233935742972	True	25197160.0	864000000.0	45000000.0	112640960.60875154	14145011.398085726	196983132.00683725	0	0.13	False	0	0	0.19090909090909092	False	3200000.0	28	13.409638167708517	3491	3605	True
455	0.68	734672000.0	167371879.17808217	902043879.1780822	10102891.446794521	True	56	77	238	2.03	409	66	151578000.0	519180000	670758000.0	552	30398000	18846760.0	0	0	29223600	4216000	3199200.0	10020500	1054000	592515	19082215.0	10102891.446794521	29185106.44679452	0.3831770080321285	True	25177560.0	864000000.0	45000000.0	112253212.41877946	14067369.439093698	196498141.85787317	0	0.13	False	0	0	0.19090909090909092	False	3200000.0	28	13.363477668902318	3479	3591	True
456	0.68	734672000.0	167196019.99999997	901868020.0	10100921.824	True	56	77	238	2.03	409	66	151578000.0	519180000	670758000.0	552	30398000	18846760.0	0	0	29122800	4216000	3199200.0	10020500	1054000	590205	19079905.0	10100921.824	29180826.824	0.3831306224899598	True	25148160.0	864000000.0	45000000.0	111866798.98889838	13989994.749919891	196004953.7388183	0	0.13	False	0	0	0.19090909090909092	False	3200000.0	28	13.31747607010695	3467	3577	True
457	0.68	734672000.0	167020160.82191777	901692160.8219178	10098952.201205479	True	56	77	238	2.03	409	65	151578000.0	518750000	670328000.0	551	30304000	18788480.0	0	0	29022000	4216000	3199200.0	10020500	1054000	587895	19077595.0	10098952.201205479	29176547.201205477	0.38308423694779115	True	25070280.0	864000000.0	45000000.0	111481715.72441368	13912886.410531405	195464882.1349451	0	0.13	False	0	0	0.19090909090909092	False	3200000.0	28	13.271632824334961	3455	3563	True
458	0.68	734672000.0	166856863.01369864	901528863.0136986	10097123.265753424	True	56	77	238	2.03	409	65	151578000.0	518750000	670328000.0	551	30304000	18788480.0	0	0	28929600	4216000	3199200.0	10020500	1054000	585750	19075450.0	10097123.265753424	29172573.265753426	0.3830411646586345	True	25050680.0	864000000.0	45000000.0	111097958.04644726	13836043.504062416	194984681.5505097	0	0.13	False	0	0	0.19090909090909092	False	3200000.0	28	13.225947386481817	3444	3550	True
459	0.68	734672000.0	166681003.83561644	901353003.8356165	10095153.642958904	True	56	77	238	2.03	409	65	151578000.0	518750000	670328000.0	551	30304000	18788480.0	0	0	28828800	4216000	3199200.0	10020500	1054000	583440	19073140.0	10095153.642958904	29168293.6429589	0.38299477911646584	True	25021280.0	864000000.0	45000000.0	110715521.39188313	13759465.116803264	194496266.5086864	0	0.13	False	0	0	0.19090909090909092	False	3200000.0	28	13.18041921331942	3432	3536	True
460	0.68	734672000.0	166505144.6575342	901177144.6575342	10093184.020164384	True	56	77	238	2.03	409	65	151578000.0	518750000	670328000.0	551	30304000	18788480.0	0	0	28728000	4216000	3199200.0	10020500	1054000	581130	19070830.0	10093184.020164384	29164014.020164385	0.38294839357429716	True	24991880.0	864000000.0	45000000.0	110334401.21331304	13683150.338189585	194009431.55150262	0	0.13	False	0	0	0.19090909090909092	False	3200000.0	28	13.135047763489647	3420	3522	True
461	0.68	734672000.0	166341846.84931505	901013846.849315	10091355.084712328	True	56	77	238	2.03	409	64	151578000.0	518320000	669898000.0	550	30210000	18730200.0	0	0	28627200	4216000	3199200.0	10020500	1054000	578985	19068685.0	10091355.084712328	29160040.084712327	0.38290532128514054	True	24914000.0	864000000.0	45000000.0	109954592.97898246	13607098.26079149	193475691.23977393	0	0.13	False	0	0	0.19090909090909092	False	3200000.0	28	13.089832497497913	3408	3509	True
462	0.68	734672000.0	166165987.67123285	900837987.6712328	10089385.461917808	True	56	77	238	2.03	409	64	151578000.0	518320000	669898000.0	550	30210000	18730200.0	0	0	28526400	4216000	3199200.0	10020500	1054000	576675	19066375.0	10089385.461917808	29155760.46191781	0.38285893574297186	True	24894400.0	864000000.0	45000000.0	109576092.17273666	13531307.980302745	193001800.1530394	0	0.13	False	0	0	0.19090909090909092	False	3200000.0	28	13.044772877706745	3396	3495	True
463	0.68	734672000.0	166002689.86301368	900674689.8630137	10087556.526465753	True	56	77	238	2.03	409	64	151578000.0	518320000	669898000.0	550	30210000	18730200.0	0	0	28434000	4216000	3199200.0	10020500	1054000	574530	19064230.0	10087556.526465753	29151786.52646575	0.38281586345381524	True	24865000.0	864000000.0	45000000.0	109198894.29396707	13455778.595530074	192519672.88949713	0	0.13	False	0	0	0.19090909090909092	False	3200000.0	28	12.999868368329414	3385	3482	True
464	0.68	734672000.0	165826830.6849315	900498830.6849315	10085586.903671233	True	56	77	238	2.03	409	64	151578000.0	518320000	669898000.0	550	30210000	18730200.0	0	0	28333200	4216000	3199200.0	10020500	1054000	572220	19061920.0	10085586.903671233	29147506.903671235	0.38276947791164656	True	24845400.0	864000000.0	45000000.0	108822994.85755776	13380509.208382396	192048904.06594017	0	0.13	False	0	0	0.19090909090909092	False	3200000.0	28	12.955118435423541	3373	3468	True
465	0.68	734672000.0	165663532.87671232	900335532.8767123	10083757.968219178	True	56	77	238	2.03	409	64	151578000.0	518320000	669898000.0	550	30210000	18730200.0	0	0	28232400	4216000	3199200.0	10020500	1054000	570075	19059775.0	10083757.968219178	29143532.968219176	0.38272640562248994	True	24816000.0	864000000.0	45000000.0	108448389.39383201	13305498.923860174	191569888.3176922	0	0.13	False	0	0	0.19090909090909092	False	3200000.0	28	12.910522546884764	3361	3455	True
466	0.68	734672000.0	165500235.06849313	900172235.0684931	10081929.032767123	True	56	77	238	2.03	409	63	151578000.0	517890000	669468000.0	549	30116000	18671920.0	0	0	28140000	4216000	3199200.0	10020500	1054000	567930	19057630.0	10081929.032767123	29139559.032767124	0.3826833333333333	True	24738120.0	864000000.0	45000000.0	108075073.44849928	13230746.850044735	191043940.298544	0	0.13	False	0	0	0.19090909090909092	False	3200000.0	28	12.86608017244039	3350	3442	True
467	0.68	734672000.0	165324375.89041093	899996375.8904109	10079959.409972603	True	56	77	238	2.03	409	63	151578000.0	517890000	669468000.0	549	30116000	18671920.0	0	0	28039200	4216000	3199200.0	10020500	1054000	565620	19055320.0	10079959.409972603	29135279.4099726	0.38263694779116464	True	24718520.0	864000000.0	45000000.0	107703042.5826022	13156252.098087728	190577814.68068993	0	0.13	False	0	0	0.19090909090909092	False	3200000.0	28	12.82179078364312	3338	3428	True
468	0.68	734672000.0	165161078.0821918	899833078.0821918	10078130.47452055	True	56	77	238	2.03	409	63	151578000.0	517890000	669468000.0	549	30116000	18671920.0	0	0	27946800	4216000	3199200.0	10020500	1054000	563475	19053175.0	10078130.47452055	29131305.47452055	0.382593875502008	True	24689120.0	864000000.0	45000000.0	107332292.37246381	13082013.782200491	190103426.1546643	0	0.13	False	0	0	0.19090909090909092	False	3200000.0	28	12.777653853864738	3327	3415	True
469	0.68	734672000.0	164997780.27397257	899669780.2739725	10076301.539068492	True	56	77	238	2.03	409	63	151578000.0	517890000	669468000.0	549	30116000	18671920.0	0	0	27846000	4216000	3199200.0	10020500	1054000	561330	19051030.0	10076301.539068492	29127331.53906849	0.3825508032128514	True	24669520.0	864000000.0	45000000.0	106962818.40963487	13008031.019643554	189640369.42927843	0	0.13	False	0	0	0.19090909090909092	False	3200000.0	28	12.733668858289866	3315	3402	True
470	0.68	734672000.0	164834482.4657534	899506482.4657534	10074472.603616439	True	56	77	238	2.03	409	62	151578000.0	517460000	669038000.0	548	30022000	18613640.0	0	0	27753600	4216000	3199200.0	10020500	1054000	559185	19048885.0	10074472.603616439	29123357.60361644	0.3825077309236948	True	24591640.0	864000000.0	45000000.0	106594616.30084155	12934302.930716129	189120559.2315577	0	0.13	False	0	0	0.19090909090909092	False	3200000.0	28	12.689835273909708	3304	3389	True
471	0.68	734672000.0	164671184.6575342	899343184.6575342	10072643.668164384	True	56	77	238	2.03	409	62	151578000.0	517460000	669038000.0	548	30022000	18613640.0	0	0	27661200	4216000	3199200.0	10020500	1054000	557040	19046740.0	10072643.668164384	29119383.668164384	0.38246465863453816	True	24562240.0	864000000.0	45000000.0	106227681.66793321	12860828.638745675	188650750.3066789	0	0.13	False	0	0	0.19090909090909092	False	3200000.0	28	12.646152579515858	3293	3376	True
472	0.68	734672000.0	164507886.84931508	899179886.849315	10070814.732712328	True	56	77	238	2.03	409	62	151578000.0	517460000	669038000.0	548	30022000	18613640.0	0	0	27560400	4216000	3199200.0	10020500	1054000	554895	19044595.0	10070814.732712328	29115409.73271233	0.38242158634538154	True	24542640.0	864000000.0	45000000.0	105862010.14783017	12787607.270077422	188192257.4179076	0	0.13	False	0	0	0.19090909090909092	False	3200000.0	28	12.602620255694069	3281	3363	True
473	0.68	734672000.0	164344589.04109588	899016589.0410959	10068985.797260273	True	56	77	238	2.03	409	62	151578000.0	517460000	669038000.0	548	30022000	18613640.0	0	0	27468000	4216000	3199200.0	10020500	1054000	552750	19042450.0	10068985.797260273	29111435.797260273	0.3823785140562249	True	24523040.0	864000000.0	45000000.0	105497597.39247204	12714637.954064043	187735275.34653607	0	0.13	False	0	0	0.19090909090909092	False	3200000.0	28	12.5592377848181	3270	3350	True
474	0.68	734672000.0	164181291.2328767	898853291.2328767	10067156.861808218	True	56	77	238	2.03	409	62	151578000.0	517460000	669038000.0	548	30022000	18613640.0	0	0	27375600	4216000	3199200.0	10020500	1054000	550605	19040305.0	10067156.861808218	29107461.861808218	0.3823354417670683	True	24493640.0	864000000.0	45000000.0	105134439.06876582	12641919.823055249	187269998.89182106	0	0.13	False	0	0	0.19090909090909092	False	3200000.0	28	12.516004651043549	3259	3337	True
475	0.68	734672000.0	164017993.4246575	898689993.4246575	10065327.926356163	True	56	77	238	2.03	409	61	151578000.0	517030000	668608000.0	547	29928000	18555360.0	0	0	27274800	4216000	3199200.0	10020500	1054000	548460	19038160.0	10065327.926356163	29103487.926356163	0.3822923694779116	True	24415760.0	864000000.0	45000000.0	104772530.85853459	12569452.012387522	186757742.8709221	0	0.13	False	0	0	0.19090909090909092	False	3200000.0	28	12.472920340301737	3247	3324	True
476	0.68	734672000.0	163854695.61643836	898526695.6164384	10063498.99090411	True	56	77	238	2.03	409	61	151578000.0	517030000	668608000.0	547	29928000	18555360.0	0	0	27182400	4216000	3199200.0	10020500	1054000	546315	19036015.0	10063498.99090411	29099513.990904108	0.382249297188755	True	24386360.0	864000000.0	45000000.0	104411868.45846596	12497233.660373779	186295462.11883974	0	0.13	False	0	0	0.19090909090909092	False	3200000.0	28	12.429984340293567	3236	3311	True
477	0.68	734672000.0	163691397.80821916	898363397.8082192	10061670.055452054	True	56	77	238	2.03	409	61	151578000.0	517030000	668608000.0	547	29928000	18555360.0	0	0	27090000	4216000	3199200.0	10020500	1054000	544170	19033870.0	10061670.055452054	29095540.055452056	0.3822062248995984	True	24366760.0	864000000.0	45000000.0	104052447.58006106	12425263.908293178	185844471.48835427	0	0.13	False	0	0	0.19090909090909092	False	3200000.0	28	12.387196140483459	3225	3298	True
478	0.68	734672000.0	163528100.0	898200100.0	10059841.12	True	56	77	238	2.03	409	61	151578000.0	517030000	668608000.0	547	29928000	18555360.0	0	0	26997600	4216000	3199200.0	10020500	1054000	542025	19031725.0	10059841.12	29091566.119999997	0.38216315261044176	True	24347160.0	864000000.0	45000000.0	103694263.94958346	12353541.900380878	185394965.84996435	0	0.13	False	0	0	0.19090909090909092	False	3200000.0	28	12.344555232093269	3214	3285	True
479	0.68	734672000.0	163377363.56164384	898049363.5616438	10058152.87189041	True	56	77	238	2.03	409	61	151578000.0	517030000	668608000.0	547	29928000	18555360.0	0	0	26905200	4216000	3199200.0	10020500	1054000	540045	19029745.0	10058152.87189041	29087897.87189041	0.3821233935742972	True	24327560.0	864000000.0	45000000.0	103337313.30800828	12282066.783817848	184946940.09182614	0	0.13	False	0	0	0.19090909090909092	False	3200000.0	28	12.302061108096224	3203	3273	True
480	0.68	734672000.0	163214065.75342464	897886065.7534246	10056323.936438356	True	56	77	238	2.03	409	60	151578000.0	516600000	668178000.0	546	29834000	18497080.0	0	0	26812800	4216000	3199200.0	10020500	1054000	537900	19027600.0	10056323.936438356	29083923.936438356	0.3820803212851406	True	24239880.0	864000000.0	45000000.0	102981591.41097182	12210837.708720788	184432309.11969262	0	0.13	False	0	0	0.19090909090909092	False	3200000.0	28	12.259713263210932	3192	3260	True
481	0.68	734672000.0	163050767.94520548	897722767.9452055	10054495.0009863	True	56	77	238	2.03	409	60	151578000.0	516600000	668178000.0	546	29834000	18497080.0	0	0	26720400	4216000	3199200.0	10020500	1054000	535755	19025455.0	10054495.0009863	29079950.0009863	0.38203724899598396	True	24220280.0	864000000.0	45000000.0	102627094.0287208	12139853.828131948	183987227.85685274	0	0.13	False	0	0	0.19090909090909092	False	3200000.0	28	12.217511193895332	3181	3247	True
482	0.68	734672000.0	162900031.50684932	897572031.5068493	10052806.752876712	True	56	77	238	2.03	409	60	151578000.0	516600000	668178000.0	546	29834000	18497080.0	0	0	26628000	4216000	3199200.0	10020500	1054000	533775	19023475.0	10052806.752876712	29076281.752876714	0.38199748995983934	True	24200680.0	864000000.0	45000000.0	102273816.94606213	12069114.298009109	183543611.24407125	0	0.13	False	0	0	0.19090909090909092	False	3200000.0	28	12.175454398340731	3170	3235	True
483	0.68	734672000.0	162736733.69863012	897408733.6986301	10050977.817424657	True	56	77	238	2.03	409	60	151578000.0	516600000	668178000.0	546	29834000	18497080.0	0	0	26535600	4216000	3199200.0	10020500	1054000	531630	19021330.0	10050977.817424657	29072307.817424655	0.3819544176706827	True	24171280.0	864000000.0	45000000.0	101921755.96231295	11998618.277215524	183091654.23952845	0	0.13	False	0	0	0.19090909090909092	False	3200000.0	28	12.133542376465828	3159	3222	True
484	0.68	734672000.0	162585997.26027396	897257997.2602739	10049289.569315068	True	56	77	238	2.03	409	59	151578000.0	516170000	667748000.0	545	29740000	18438800.0	0	0	26443200	4216000	3199200.0	10020500	1054000	529650	19019350.0	10049289.569315068	29068639.56931507	0.38191465863453816	True	24093400.0	864000000.0	45000000.0	101570906.89125054	11928364.92750993	182592671.81876048	0	0.13	False	0	0	0.19090909090909092	False	3200000.0	28	12.091774629910779	3148	3210	True
485	0.68	734672000.0	162422699.4520548	897094699.4520547	10047460.633863013	True	56	77	238	2.03	409	59	151578000.0	516170000	667748000.0	545	29740000	18438800.0	0	0	26350800	4216000	3199200.0	10020500	1054000	527505	19017205.0	10047460.633863013	29064665.633863013	0.38187158634538154	True	24073800.0	864000000.0	45000000.0	101221265.5610625	11858353.413536562	182153418.97459906	0	0.13	False	0	0	0.19090909090909092	False	3200000.0	28	12.05015066203125	3137	3197	True
486	0.68	734672000.0	162271963.01369864	896943963.0136986	10045772.385753425	True	56	77	238	2.03	409	59	151578000.0	516170000	667748000.0	545	29740000	18438800.0	0	0	26266800	4216000	3199200.0	10020500	1054000	525525	19015225.0	10045772.385753425	29060997.385753423	0.3818318273092369	True	24054200.0	864000000.0	45000000.0	100872827.81429729	11788582.902815243	181715610.71711254	0	0.13	False	0	0	0.19090909090909092	False	3200000.0	28	12.008669977892534	3127	3185	True
487	0.68	734672000.0	162108665.20547944	896780665.2054794	10043943.45030137	True	56	77	238	2.03	409	59	151578000.0	516170000	667748000.0	545	29740000	18438800.0	0	0	26174400	4216000	3199200.0	10020500	1054000	523380	19013080.0	10043943.45030137	29057023.45030137	0.3817887550200803	True	24024800.0	864000000.0	45000000.0	100525589.50781469	11719052.565731466	181269442.07354617	0	0.13	False	0	0	0.19090909090909092	False	3200000.0	28	11.967332084263655	3116	3172	True
488	0.68	734672000.0	161957928.76712328	896629928.7671232	10042255.20219178	True	56	77	238	2.03	409	59	151578000.0	516170000	667748000.0	545	29740000	18438800.0	0	0	26082000	4216000	3199200.0	10020500	1054000	521400	19011100.0	10042255.20219178	29053355.202191778	0.38174899598393575	True	24005200.0	864000000.0	45000000.0	100179546.51273657	11649761.57552654	180834508.0882631	0	0.13	False	0	0	0.19090909090909092	False	3200000.0	28	11.926136489611498	3105	3160	True
489	0.68	734672000.0	161807192.32876712	896479192.3287671	10040566.954082191	True	56	77	238	2.03	409	58	151578000.0	515740000	667318000.0	544	29646000	18380520.0	0	0	25989600	4216000	3199200.0	10020500	1054000	519420	19009120.0	10040566.954082191	29049686.95408219	0.3817092369477912	True	23927320.0	864000000.0	45000000.0	99834694.71439782	11580709.108287754	180342723.82268557	0	0.13	False	0	0	0.19090909090909092	False	3200000.0	28	11.885082704094978	3094	3148	True
490	0.68	734672000.0	161643894.52054793	896315894.5205479	10038738.018630136	True	56	77	238	2.03	409	58	151578000.0	515740000	667318000.0	544	29646000	18380520.0	0	0	25905600	4216000	3199200.0	10020500	1054000	517275	19006975.0	10038738.018630136	29045713.018630136	0.38166616465863457	True	23907720.0	864000000.0	45000000.0	99491030.01229733	11511894.342938585	179910644.3552359	0	0.13	False	0	0	0.19090909090909092	False	3200000.0	28	11.844170239559206	3084	3135	True
491	0.68	734672000.0	161493158.08219177	896165158.0821917	10037049.770520547	True	56	77	238	2.03	409	58	151578000.0	515740000	667318000.0	544	29646000	18380520.0	0	0	25813200	4216000	3199200.0	10020500	1054000	515295	19004995.0	10037049.770520547	29042044.770520546	0.38162640562248995	True	23888120.0	864000000.0	45000000.0	99148548.32004933	11443316.461228928	179479984.78127828	0	0.13	False	0	0	0.19090909090909092	False	3200000.0	28	11.803398609529683	3073	3123	True
492	0.68	734672000.0	161342421.6438356	896014421.6438355	10035361.522410957	True	56	77	238	2.03	409	58	151578000.0	515740000	667318000.0	544	29646000	18380520.0	0	0	25729200	4216000	3199200.0	10020500	1054000	513315	19003015.0	10035361.522410957	29038376.52241096	0.3815866465863454	True	23858720.0	864000000.0	45000000.0	98807245.56533486	11374974.647725385	179040940.21306023	0	0.13	False	0	0	0.19090909090909092	False	3200000.0	28	11.76276732920653	3063	3111	True
493	0.68	734672000.0	161191685.20547944	895863685.2054794	10033673.274301369	True	56	77	238	2.03	409	58	151578000.0	515740000	667318000.0	544	29646000	18380520.0	0	0	25636800	4216000	3199200.0	10020500	1054000	511335	19001035.0	10033673.274301369	29034708.27430137	0.38154688755020083	True	23839120.0	864000000.0	45000000.0	98467117.68985307	11306868.089801533	178613105.7796546	0	0.13	False	0	0	0.19090909090909092	False	3200000.0	28	11.722275915458699	3052	3099	True
494	0.68	734672000.0	161040948.76712325	895712948.7671232	10031985.02619178	True	56	77	238	2.03	409	57	151578000.0	515310000	666888000.0	543	29552000	18322240.0	0	0	25544400	4216000	3199200.0	10020500	1054000	509355	18999055.0	10031985.02619178	29031040.02619178	0.3815071285140562	True	23761240.0	864000000.0	45000000.0	98128160.64927328	11238995.97762829	178128396.62690157	0	0.13	False	0	0	0.19090909090909092	False	3200000.0	28	11.681923886818247	3041	3087	True
495	0.68	734672000.0	160890212.3287671	895562212.3287671	10030296.77808219	True	56	77	238	2.03	409	57	151578000.0	515310000	666888000.0	543	29552000	18322240.0	0	0	25460400	4216000	3199200.0	10020500	1054000	507375	18997075.0	10030296.77808219	29027371.778082192	0.38146736947791166	True	23741640.0	864000000.0	45000000.0	97790370.41318677	11171357.504164305	177703367.9173511	0	0.13	False	0	0	0.19090909090909092	False	3200000.0	28	11.641710763474617	3031	3075	True
496	0.68	734672000.0	160739475.89041093	895411475.8904109	10028608.529972602	True	56	77	238	2.03	409	57	151578000.0	515310000	666888000.0	543	29552000	18322240.0	0	0	25376400	4216000	3199200.0	10020500	1054000	505395	18995095.0	10028608.529972602	29023703.5299726	0.3814276104417671	True	23722040.0	864000000.0	45000000.0	97453742.96505877	11103951.865146292	177279734.83020505	0	0.13	False	0	0	0.19090909090909092	False	3200000.0	28	11.601636067268903	3021	3063	True
497	0.68	734672000.0	160588739.45205477	895260739.4520547	10026920.281863013	True	56	77	238	2.03	409	57	151578000.0	515310000	666888000.0	543	29552000	18322240.0	0	0	25284000	4216000	3199200.0	10020500	1054000	503415	18993115.0	10026920.281863013	29020035.28186301	0.3813878514056225	True	23702440.0	864000000.0	45000000.0	97118274.30218087	11036778.25907955	176857492.56126043	0	0.13	False	0	0	0.19090909090909092	False	3200000.0	28	11.561699321688199	3010	3051
