_frac	residential_loss_usd	commercial_loss_usd	total_property_loss_usd	annual_tax_base_loss	superfund_flag	silicosis_cases	fibrosis_cases	hearing_loss_cases	fatal_injuries	kids_neuro_impaired	adult_cancer_cases	worker_health_cost_usd	community_health_cost_usd	total_health_cost_usd	ltc_annual_cases	ltc_annual_cost_usd	ltc_medicaid_cost_usd	ltc_capacity_shortfall	families_displaced_ltc	water_upgrade_capex_usd	water_om_annual_usd	em_annual_usd	sped_annual_usd	ph_surveillance_usd	mental_health_usd	municipal_annual_usd	tax_revenue_loss_usd	effective_deficit_usd	fiscal_stress_ratio	fiscal_collapse_flag	medicaid_annual_usd	unfunded_cleanup_usd	perpetual_treatment_usd	tourism_tax_loss_usd	ihs_obligation_usd	state_annual_load_usd	power_demand_mw	grid_reserve_margin	grid_stress_flag	transmission_capex_usd	ratepayer_burden_usd	water_stress_ratio	water_conflict_flag	road_maint_annual_usd	ems_response_time_min	sulfate_mg_l	wells_contaminated	forced_migrants	tailings_failed
0	0.0	0.0	0.0	0.0	0.0	False	0	0	0	0.0	0	0	0.0	0	0.0	0	0	0.0	0	0	0	0	0	0	0	0	0	0	0	0	False	0.0	0	0	0.0	0	0.0	0	0.13	False	0	0	0.19090909090909092	False	3200000.0	28	0.0	0	0	False
1	0.0	0.0	0.0	0.0	0.0	False	0	0	0	0.0	0	0	0.0	0	0.0	0	0	0.0	0	0	0	0	0	0	0	0	0	0	0	0	False	0.0	0	0	0.0	0	0.0	0	0.13	False	0	0	0.19090909090909092	False	3200000.0	28	0.0	0	0	False
2	0.0	0.0	0.0	0.0	0.0	False	0	0	0	0.0	0	0	0.0	0	0.0	0	0	0.0	0	0	0	0	0	0	0	0	0	0	0	0	False	0.0	0	0	0.0	0	0.0	0	0.13	False	0	0	0.19090909090909092	False	3200000.0	28	0.0	0	0	False
3	0.0	0.0	0.0	0.0	0.0	False	0	0	0	0.0	0	0	0.0	0	0.0	0	0	0.0	0	0	0	0	0	0	0	0	0	0	0	0	False	0.0	0	0	0.0	0	0.0	0	0.13	False	0	0	0.19090909090909092	False	3200000.0	28	0.0	0	0	False
4	0.0	0.0	0.0	0.0	0.0	False	0	0	0	0.0	0	0	0.0	0	0.0	0	0	0.0	0	0	0	0	0	0	0	0	0	0	0	0	False	0.0	0	0	0.0	0	0.0	0	0.13	False	0	0	0.19090909090909092	False	3200000.0	28	0.0	0	0	False
5	0.22	237688000.0	122263999.99999999	359952000.0	4031462.4	False	2	3	11	0.1015	0	0	6292400.0	0	6292400.0	3	114000	70680.0	0	0	0	4216000	6931600.0	0	1054000	0	12201600.0	4031462.4	16233062.4	0.2450120481927711	True	70680.0	0	0	0.0	0	70680.0	85	0.029669963329258732	True	520000000.0	405600000.0	0.8272727272727273	True	15360000.0	44.800000000000004	0.0	0	0	False
6	0.68	734672000.0	122263999.99999999	856936000.0	9597683.2	True	5	7	23	0.203	409	1	14129800.0	491230000	505359800.0	417	21628000	13409360.0	0	0	0	4216000	6931600.0	10020500	1054000	0	22222100.0	9597683.2	31819783.2	0.4462269076305221	True	13409360.0	864000000.0	45000000.0	1769492.082139292	0	60178852.08213929	85	0.029669963329258732	True	520000000.0	405600000.0	0.8272727272727273	True	15360000.0	44.800000000000004	0.21065381930229665	0	0	False
7	0.68	734672000.0	122263999.99999999	856936000.0	9597683.2	True	8	11	35	0.3045	409	2	21967200.0	491660000	513627200.0	422	21874000	13561880.0	0	0	0	4216000	6931600.0	10020500	1054000	0	22222100.0	9597683.2	31819783.2	0.4462269076305221	True	13561880.0	864000000.0	45000000.0	4596120.217094598	0	63158000.2170946	85	0.029669963329258732	True	520000000.0	405600000.0	0.8272727272727273	True	15360000.0	44.800000000000004	0.5471571687017379	0	0	False
8	0.68	734672000.0	124864203.56164384	859536203.5616438	9626805.479890412	True	11	15	47	0.406	409	4	29804600.0	492520000	522324600.0	428	22214000	13772680.0	0	0	2083200	4216000	6931600.0	10020500	1054000	34155	22256255.0	9626805.479890412	31883060.479890414	0.44691275100401606	True	14135280.0	864000000.0	45000000.0	8022442.008737304	0	67157722.00873731	85	0.029669963329258732	True	520000000.0	405600000.0	0.8272727272727273	True	15360000.0	44.800000000000004	0.9550526200877744	248	207	False
9	0.68	734672000.0	126070095.06849314	860742095.0684931	9640311.464767123	True	14	19	59	0.5075	409	6	37642000.0	493380000	531022000.0	434	22554000	13983480.0	0	0	3057600	4216000	6931600.0	10020500	1054000	49995	22272095.0	9640311.464767123	31912406.46476712	0.4472308232931727	True	14512680.0	864000000.0	45000000.0	11760410.15023611	0	71273090.15023611	85	0.029669963329258732	True	520000000.0	405600000.0	0.8272727272727273	True	15360000.0	44.800000000000004	1.4000488274090606	364	303	False
10	0.68	734672000.0	127326232.05479452	861998232.0547945	9654380.199013699	True	16	23	71	0.609	409	9	44799400.0	494670000	539469400.0	441	22988000	14252560.0	0	0	4065600	4216000	6931600.0	10020500	1054000	66495	22288595.0	9654380.199013699	31942975.1990137	0.4475621485943775	True	14958160.0	864000000.0	45000000.0	15633396.088900426	0	75591556.08890043	85	0.029669963329258732	True	520000000.0	405600000.0	0.8272727272727273	True	15360000.0	44.800000000000004	1.8611185820119556	484	403	False
11	0.68	734672000.0	128594930.4109589	863266930.4109589	9668589.62060274	True	19	26	83	0.7105	409	11	51916800.0	495530000	547446800.0	446	23290000	14439800.0	0	0	5082000	4216000	6931600.0	10020500	1054000	83160	22305260.0	9668589.62060274	31973849.62060274	0.4478967871485944	True	15321800.0	864000000.0	45000000.0	19537132.01833252	0	79858932.01833251	85	0.029669963329258732	True	520000000.0	405600000.0	0.8272727272727273	True	15360000.0	44.800000000000004	2.3258490498014903	605	504	False
12	0.68	734672000.0	129851067.39726026	864523067.3972603	9682658.354849316	True	22	30	95	0.812	409	13	59754200.0	496390000	556144200.0	452	23630000	14650600.0	0	0	6090000	4216000	6931600.0	10020500	1054000	99660	22321760.0	9682658.354849316	32004418.354849316	0.4482281124497992	True	15709000.0	864000000.0	45000000.0	23413592.476449646	0	84122592.47644964	85	0.029669963329258732	True	520000000.0	405600000.0	0.8272727272727273	True	15360000.0	44.800000000000004	2.787332437672577	725	604	False
13	0.68	734672000.0	131094643.01369862	865766643.0136986	9696586.401753424	True	25	34	107	0.9135	409	16	67591600.0	497680000	565271600.0	459	24064000	14919680.0	0	0	7089600	4216000	6931600.0	10020500	1054000	115995	22338095.0	9696586.401753424	32034681.401753426	0.448556124497992	True	16154480.0	864000000.0	45000000.0	27233683.32837964	0	88388163.32837963	85	0.029669963329258732	True	520000000.0	405600000.0	0.8272727272727273	True	15360000.0	44.800000000000004	3.242105158140433	844	703	False
14	0.68	734672000.0	132313095.89041093	866985095.8904109	9710233.073972601	True	28	38	119	1.015	409	18	75429000.0	498540000	573969000.0	465	24404000	15130480.0	0	0	8064000	4216000	6931600.0	10020500	1054000	132000	22354100.0	9710233.073972601	32064333.0739726	0.44887751004016063	True	16541680.0	864000000.0	45000000.0	30985891.918281063	0	92527571.91828106	85	0.029669963329258732	True	520000000.0	405600000.0	0.8272727272727273	True	15360000.0	44.800000000000004	3.6887966569382216	960	800	False
15	0.68	734672000.0	133506426.02739726	868178426.0273973	9723598.37150685	True	30	42	130	1.1165	409	20	82441400.0	499400000	581841400.0	471	24744000	15341280.0	0	0	9021600	4216000	6931600.0	10020500	1054000	147675	22369775.0	9723598.37150685	32093373.371506847	0.4491922690763052	True	16919080.0	864000000.0	45000000.0	34668945.53645855	0	96588025.53645855	85	0.029669963329258732	True	520000000.0	405600000.0	0.8272727272727273	True	15360000.0	44.800000000000004	4.1272554210069705	1074	895	False
16	0.68	734672000.0	134687194.79452056	869359194.7945206	9736822.98169863	True	33	46	142	1.218	409	22	90278800.0	500260000	590538800.0	477	25084000	15552080.0	0	0	9962400	4216000	6931600.0	10020500	1054000	163185	22385285.0	9736822.98169863	32122107.981698632	0.44950371485943774	True	17296480.0	864000000.0	45000000.0	38287144.19491538	0	100583624.19491538	85	0.029669963329258732	True	520000000.0	405600000.0	0.8272727272727273	True	15360000.0	44.800000000000004	4.557993356537545	1186	989	False
17	0.68	734672000.0	135842840.8219178	870514840.8219178	9749766.21720548	True	36	50	154	1.3195000000000001	409	24	98116200.0	501120000	599236200.0	483	25424000	15762880.0	0	0	10894800	4216000	6931600.0	10020500	1054000	178365	22400465.0	9749766.21720548	32150231.21720548	0.4498085341365462	True	17664080.0	864000000.0	45000000.0	41847461.03803366	0	104511541.03803366	85	0.029669963329258732	True	520000000.0	405600000.0	0.8272727272727273	True	15360000.0	44.800000000000004	4.981840599765912	1297	1081	False
18	0.68	734672000.0	137387889.31506845	872059889.3150685	9767070.760328768	True	39	53	166	1.421	409	26	105233600.0	501980000	607213600.0	488	25726000	15950120.0	0	0	11810400	4216000	6931600.0	10020500	1054000	198660	22420760.0	9767070.760328768	32187830.76032877	0.4502160642570281	True	18066920.0	864000000.0	45000000.0	45357797.758071594	672359.0272710025	109097076.7853426	85	0.029669963329258732	True	520000000.0	405600000.0	0.8272727272727273	True	15360000.0	44.800000000000004	5.3997378283418564	1406	1204	False
19	0.68	734672000.0	138945499.1780822	873617499.1780822	9784515.99079452	True	42	57	178	1.5225	409	28	113071000.0	502840000	615911000.0	494	26066000	16160920.0	0	0	12709200	4216000	6931600.0	10020500	1054000	219120	22441220.0	9784515.99079452	32225735.99079452	0.4506269076305221	True	18503120.0	864000000.0	45000000.0	48825983.90290841	1366822.0148442779	113695925.9177527	85	0.029669963329258732	True	520000000.0	405600000.0	0.8272727272727273	True	15360000.0	44.800000000000004	5.8126171312986195	1513	1328	False
20	0.68	734672000.0	140477986.30136985	875149986.3013699	9801679.846575342	True	44	61	190	1.624	409	30	120228400.0	503700000	623928400.0	500	26406000	16371720.0	0	0	13608000	4216000	6931600.0	10020500	1054000	239250	22461350.0	9801679.846575342	32263029.846575342	0.451031124497992	True	18929520.0	864000000.0	45000000.0	52259246.44065026	2054291.965854018	118243058.40650427	85	0.029669963329258732	True	520000000.0	405600000.0	0.8272727272727273	True	15360000.0	44.800000000000004	6.221338861982175	1620	1450	False
21	0.68	734672000.0	142010473.42465752	876682473.4246576	9818843.702356165	True	47	65	202	1.7255	409	32	128065800.0	504560000	632625800.0	506	26746000	16582520.0	0	0	14490000	4216000	6931600.0	10020500	1054000	259380	22481480.0	9818843.702356165	32300323.702356167	0.4514353413654619	True	19346120.0	864000000.0	45000000.0	55663969.241947494	2736047.174399486	122746136.41634698	85	0.029669963329258732	True	520000000.0	405600000.0	0.8272727272727273	True	15360000.0	44.800000000000004	6.626663004993749	1725	1572	False
22	0.68	734672000.0	143530399.17808217	878202399.1780822	9835866.870794522	True	50	69	214	1.827	409	34	135903200.0	505420000	641323200.0	512	27086000	16793320.0	0	0	15372000	4216000	6931600.0	10020500	1054000	279345	22501445.0	9835866.870794522	32337311.87079452	0.4518362449799197	True	19772520.0	864000000.0	45000000.0	59045625.06860956	3413183.4958811053	127231328.56449068	85	0.029669963329258732	True	520000000.0	405600000.0	0.8272727272727273	True	15360000.0	44.800000000000004	7.0292410795963765	1830	1693	False
23	0.68	734672000.0	145037763.5616438	879709763.5616438	9852749.351890411	True	53	73	226	1.9285	409	36	143740600.0	506280000	650020600.0	518	27426000	17004120.0	0	0	16245600	4216000	6931600.0	10020500	1054000	299145	22521245.0	9852749.351890411	32373994.35189041	0.45223383534136546	True	20198920.0	864000000.0	45000000.0	62408804.79705934	4086620.198649264	131694344.9957086	85	0.029669963329258732	True	520000000.0	405600000.0	0.8272727272727273	True	15360000.0	44.800000000000004	7.429619618697541	1934	1813	False
24	0.68	734672000.0	161267053.4246575	895939053.4246575	10034517.398356164	True	56	77	238	2.03	409	58	151578000.0	515740000	667318000.0	544	29646000	18380520.0	0	0	25678800	4216000	6931600.0	10020500	1054000	512325	22734425.0	10034517.398356164	32768942.398356162	0.45651455823293174	True	23848920.0	864000000.0	45000000.0	98635944.87431376	11340673.72364235	178825538.59795612	85	0.029669963329258732	True	520000000.0	405600000.0	0.8272727272727273	True	15360000.0	44.800000000000004	11.742374389799256	3057	3105	True
25	0.68	734672000.0	161292176.16438356	895964176.1643835	10034798.773041096	True	56	77	238	2.03	409	58	151578000.0	515740000	667318000.0	544	29646000	18380520.0	0	0	25695600	4216000	3199200.0	10020500	1054000	512655	19002355.0	10034798.773041096	29037153.773041096	0.3815733935742972	True	23858720.0	864000000.0	45000000.0	98705980.07805672	11354697.439439455	178919397.51749617	0	0.13	False	0	0	0.19090909090909092	False	3200000.0	28	11.750711914054373	3059	3107	True
26	0.68	734672000.0	161166562.46575344	895838562.4657534	10033391.899616439	True	56	77	238	2.03	409	58	151578000.0	515740000	667318000.0	544	29646000	18380520.0	0	0	25620000	4216000	3199200.0	10020500	1054000	511005	19000705.0	10033391.899616439	29034096.89961644	0.3815402610441767	True	23839120.0	864000000.0	45000000.0	98417263.26077482	11296885.333883721	178553268.59465855	0	0.13	False	0	0	0.19090909090909092	False	3200000.0	28	11.716340864377955	3050	3097	True
27	0.68	734672000.0	161028387.39726028	895700387.3972603	10031844.338849315	True	56	77	238	2.03	409	57	151578000.0	515310000	666888000.0	543	29552000	18322240.0	0	0	25544400	4216000	3199200.0	10020500	1054000	509190	18998890.0	10031844.338849315	29030734.338849314	0.38150381526104415	True	23761240.0	864000000.0	45000000.0	98115707.33658403	11236502.35001599	178113449.68660003	0	0.13	False	0	0	0.19090909090909092	False	3200000.0	28	11.680441349593336	3041	3086	True
28	0.68	734672000.0	160890212.3287671	895562212.3287671	10030296.77808219	True	56	77	238	2.03	409	57	151578000.0	515310000	666888000.0	543	29552000	18322240.0	0	0	25460400	4216000	3199200.0	10020500	1054000	507375	18997075.0	10030296.77808219	29027371.778082192	0.38146736947791166	True	23741640.0	864000000.0	45000000.0	97805103.89221592	11174307.707941331	177721051.60015723	0	0.13	False	0	0	0.19090909090909092	False	3200000.0	28	11.643464749073324	3031	3075	True
29	0.68	734672000.0	160752037.26027396	895424037.2602739	10028749.217315068	True	56	77	238	2.03	409	57	151578000.0	515310000	666888000.0	543	29552000	18322240.0	0	0	25384800	4216000	3199200.0	10020500	1054000	505560	18995260.0	10028749.217315068	29024009.21731507	0.3814309236947791	True	23722040.0	864000000.0	45000000.0	97488216.2838395	11110854.73683548	177321111.02067497	0	0.13	False	0	0	0.19090909090909092	False	3200000.0	28	11.605740033790417	3022	3064	True
30	0.68	734672000.0	160613862.1917808	895285862.1917808	10027201.656547945	True	56	77	238	2.03	409	57	151578000.0	515310000	666888000.0	543	29552000	18322240.0	0	0	25300800	4216000	3199200.0	10020500	1054000	503745	18993445.0	10027201.656547945	29020646.656547945	0.3813944779116466	True	23702440.0	864000000.0	45000000.0	97167058.19135357	11046546.652125796	176916044.84347937	0	0.13	False	0	0	0.19090909090909092	False	3200000.0	28	11.567506927542091	3012	3053	True
31	0.68	734672000.0	160463125.75342464	895135125.7534246	10025513.408438357	True	56	77	238	2.03	409	57	151578000.0	515310000	666888000.0	543	29552000	18322240.0	0	0	25216800	4216000	3199200.0	10020500	1054000	501765	18991465.0	10025513.408438357	29016978.408438355	0.381354718875502	True	23682840.0	864000000.0	45000000.0	96843096.7115179	10981677.22247299	176507613.9339909	0	0.13	False	0	0	0.19090909090909092	False	3200000.0	28	11.528940084704512	3002	3041	True
32	0.68	734672000.0	160312389.31506845	894984389.3150685	10023825.160328766	True	56	77	238	2.03	409	56	151578000.0	514880000	666458000.0	542	29458000	18263960.0	0	0	25132800	4216000	3199200.0	10020500	1054000	499785	18989485.0	10023825.160328766	29013310.16032877	0.3813149598393574	True	23604960.0	864000000.0	45000000.0	96517400.4325661	10916460.419949546	176038820.85251564	0	0.13	False	0	0	0.19090909090909092	False	3200000.0	28	11.490166718162632	2992	3029	True
33	0.68	734672000.0	160174214.24657533	894846214.2465754	10022277.599561645	True	56	77	238	2.03	409	56	151578000.0	514880000	666458000.0	542	29458000	18263960.0	0	0	25040400	4216000	3199200.0	10020500	1054000	497970	18987670.0	10022277.599561645	29009947.599561647	0.3812785140562249	True	23585360.0	864000000.0	45000000.0	96190747.39497237	10851052.037898041	175627159.43287042	0	0.13	False	0	0	0.19090909090909092	False	3200000.0	28	11.451279451782426	2981	3018	True
34	0.68	734672000.0	160023477.80821916	894695477.8082192	10020589.351452054	True	56	77	238	2.03	409	56	151578000.0	514880000	666458000.0	542	29458000	18263960.0	0	0	24956400	4216000	3199200.0	10020500	1054000	495990	18985690.0	10020589.351452054	29006279.351452053	0.3812387550200803	True	23565760.0	864000000.0	45000000.0	95863703.80532762	10785565.452447744	175215029.25777537	0	0.13	False	0	0	0.19090909090909092	False	3200000.0	28	11.412345691110431	2971	3006	True
35	0.68	734672000.0	159872741.369863	894544741.369863	10018901.103342466	True	56	77	238	2.03	409	56	151578000.0	514880000	666458000.0	542	29458000	18263960.0	0	0	24872400	4216000	3199200.0	10020500	1054000	494010	18983710.0	10018901.103342466	29002611.103342466	0.38119899598393575	True	23536360.0	864000000.0	45000000.0	95536681.4263905	10720083.114189144	174793124.54057965	0	0.13	False	0	0	0.19090909090909092	False	3200000.0	28	11.373414455522678	2961	2994	True
36	0.68	734672000.0	159734566.30136985	894406566.3013699	10017353.542575343	True	56	77	238	2.03	409	56	151578000.0	514880000	666458000.0	542	29458000	18263960.0	0	0	24788400	4216000	3199200.0	10020500	1054000	492195	18981895.0	10017353.542575343	28999248.542575344	0.3811625502008032	True	23516760.0	864000000.0	45000000.0	95209979.41999802	10654664.926718652	174381404.34671667	0	0.13	False	0	0	0.19090909090909092	False	3200000.0	28	11.334521359523574	2951	2983	True
37	0.68	734672000.0	159583829.86301368	894255829.8630137	10015665.294465754	True	56	77	238	2.03	409	56	151578000.0	514880000	666458000.0	542	29458000	18263960.0	0	0	24704400	4216000	3199200.0	10020500	1054000	490215	18979915.0	10015665.294465754	28995580.294465754	0.38112279116465864	True	23497160.0	864000000.0	45000000.0	94883814.85460056	10589354.355409304	173970329.21000984	0	0.13	False	0	0	0.19090909090909092	False	3200000.0	28	11.295692244595305	2941	2971	True
38	0.68	734672000.0	159433093.42465752	894105093.4246576	10013977.046356164	True	56	77	238	2.03	409	55	151578000.0	514450000	666028000.0	541	29364000	18205680.0	0	0	24620400	4216000	3199200.0	10020500	1054000	488235	18977935.0	10013977.046356164	28991912.046356164	0.3810830321285141	True	23419280.0	864000000.0	45000000.0	94558344.94820629	10524182.881295592	173501807.8295019	0	0.13	False	0	0	0.19090909090909092	False	3200000.0	28	11.256945827167415	2931	2959	True
39	0.68	734672000.0	159294918.35616437	893966918.3561643	10012429.48558904	True	56	77	238	2.03	409	55	151578000.0	514450000	666028000.0	541	29364000	18205680.0	0	0	24536400	4216000	3199200.0	10020500	1054000	486420	18976120.0	10012429.48558904	28988549.485589042	0.3810465863453815	True	23399680.0	864000000.0	45000000.0	94233683.28563653	10459173.24838579	173092536.53402233	0	0.13	False	0	0	0.19090909090909092	False	3200000.0	28	11.218295629242444	2921	2948	True
40	0.68	734672000.0	159144181.9178082	893816181.9178082	10010741.237479452	True	56	77	238	2.03	409	55	151578000.0	514450000	666028000.0	541	29364000	18205680.0	0	0	24452400	4216000	3199200.0	10020500	1054000	484440	18974140.0	10010741.237479452	28984881.237479452	0.38100682730923696	True	23380080.0	864000000.0	45000000.0	93909911.6424682	10394341.831265656	172684333.47373387	0	0.13	False	0	0	0.19090909090909092	False	3200000.0	28	11.17975138600812	2911	2936	True
41	0.68	734672000.0	159006006.84931505	893678006.849315	10009193.676712329	True	56	77	238	2.03	409	55	151578000.0	514450000	666028000.0	541	29364000	18205680.0	0	0	24368400	4216000	3199200.0	10020500	1054000	482625	18972325.0	10009193.676712329	28981518.676712327	0.3809703815261044	True	23360480.0	864000000.0	45000000.0	93587088.60582428	10329700.361309098	172277268.9671334	0	0.13	False	0	0	0.19090909090909092	False	3200000.0	28	11.141320072121937	2901	2925	True
42	0.68	734672000.0	158855270.4109589	893527270.4109589	10007505.42860274	True	56	77	238	2.03	409	55	151578000.0	514450000	666028000.0	541	29364000	18205680.0	0	0	24284400	4216000	3199200.0	10020500	1054000	480645	18970345.0	10007505.42860274	28977850.42860274	0.38093062248995985	True	23340880.0	864000000.0	45000000.0	93265255.8597554	10265257.185251018	171871393.04500642	0	0.13	False	0	0	0.19090909090909092	False	3200000.0	28	11.10300664997088	2891	2913	True
43	0.68	734672000.0	158717095.34246573	893389095.3424658	10005957.867835617	True	56	77	238	2.03	409	54	151578000.0	514020000	665598000.0	540	29270000	18147400.0	0	0	24200400	4216000	3199200.0	10020500	1054000	478830	18968530.0	10005957.867835617	28974487.86783562	0.3808941767068273	True	23263000.0	864000000.0	45000000.0	92944442.7678814	10201018.182806725	171408460.95068812	0	0.13	False	0	0	0.19090909090909092	False	3200000.0	28	11.064814615223975	2881	2902	True
44	0.68	734672000.0	158578920.2739726	893250920.2739726	10004410.307068493	True	56	77	238	2.03	409	54	151578000.0	514020000	665598000.0	540	29270000	18147400.0	0	0	24116400	4216000	3199200.0	10020500	1054000	477015	18966715.0	10004410.307068493	28971125.307068493	0.3808577309236948	True	23243400.0	864000000.0	45000000.0	92624669.71457016	10136987.435703218	171005057.15027338	0	0.13	False	0	0	0.19090909090909092	False	3200000.0	28	11.026746394591687	2871	2891	True
45	0.68	734672000.0	158428183.8356164	893100183.8356164	10002722.058958903	True	56	77	238	2.03	409	54	151578000.0	514020000	665598000.0	540	29270000	18147400.0	0	0	24032400	4216000	3199200.0	10020500	1054000	475035	18964735.0	10002722.058958903	28967457.058958903	0.3808179718875502	True	23223800.0	864000000.0	45000000.0	92305950.54096925	10073167.715465508	170602918.25643477	0	0.13	False	0	0	0.19090909090909092	False	3200000.0	28	10.988803635829672	2861	2879	True
46	0.68	734672000.0	158290008.76712328	892962008.7671232	10001174.49819178	True	56	77	238	2.03	409	54	151578000.0	514020000	665598000.0	540	29270000	18147400.0	0	0	23948400	4216000	3199200.0	10020500	1054000	473220	18962920.0	10001174.49819178	28964094.49819178	0.3807815261044177	True	23204200.0	864000000.0	45000000.0	91988294.32109763	10009560.83905788	170202055.1601555	0	0.13	False	0	0	0.19090909090909092	False	3200000.0	28	10.950987419178288	2851	2868	True
47	0.68	734672000.0	158151833.69863012	892823833.6986301	9999626.937424658	True	56	77	238	2.03	409	54	151578000.0	514020000	665598000.0	540	29270000	18147400.0	0	0	23864400	4216000	3199200.0	10020500	1054000	471405	18961105.0	9999626.937424658	28960731.93742466	0.3807450803212851	True	23184600.0	864000000.0	45000000.0	91671706.65677713	9946167.928178469	169802474.5849556	0	0.13	False	0	0	0.19090909090909092	False	3200000.0	28	10.913298411521087	2841	2857	True
48	0.68	734672000.0	158001097.26027396	892673097.2602739	9997938.689315068	True	56	77	238	2.03	409	53	151578000.0	513590000	665168000.0	539	29176000	18089120.0	0	0	23788800	4216000	3199200.0	10020500	1054000	469425	18959125.0	9997938.689315068	28957063.689315066	0.38070532128514056	True	23106720.0	864000000.0	45000000.0	91356190.62175094	9882989.598307747	169345900.2200587	0	0.13	False	0	0	0.19090909090909092	False	3200000.0	28	10.875736978779873	2832	2845	True
49	0.68	734672000.0	157862922.1917808	892534922.1917808	9996391.128547944	True	56	77	238	2.03	409	53	151578000.0	513590000	665168000.0	539	29176000	18089120.0	0	0	23704800	4216000	3199200.0	10020500	1054000	467610	18957310.0	9996391.128547944	28953701.128547944	0.380668875502008	True	23087120.0	864000000.0	45000000.0	91041747.45002595	9820026.096540911	168948893.54656684	0	0.13	False	0	0	0.19090909090909092	False	3200000.0	28	10.838303267860232	2822	2834	True
50	0.68	734672000.0	157724747.12328765	892396747.1232877	9994843.567780823	True	56	77	238	2.03	409	53	151578000.0	513590000	665168000.0	539	29176000	18089120.0	0	0	23620800	4216000	3199200.0	10020500	1054000	465795	18955495.0	9994843.567780823	28950338.567780823	0.3806324297188755	True	23067520.0	864000000.0	45000000.0	90728377.03772913	9757277.402078617	168553174.43980777	0	0.13	False	0	0	0.19090909090909092	False	3200000.0	28	10.800997266396324	2812	2823	True
51	0.68	734672000.0	157586572.0547945	892258572.0547945	9993296.007013699	True	56	77	238	2.03	409	53	151578000.0	513590000	665168000.0	539	29176000	18089120.0	0	0	23536800	4216000	3199200.0	10020500	1054000	463980	18953680.0	9993296.007013699	28946976.0070137	0.38059598393574295	True	23047920.0	864000000.0	45000000.0	90416078.30899772	9694743.299492162	168158741.60848987	0	0.13	False	0	0	0.19090909090909092	False	3200000.0	28	10.763818846309253	2802	2812	True
52	0.68	734672000.0	157448396.98630136	892120396.9863014	9991748.446246576	True	56	77	238	2.03	409	53	151578000.0	513590000	665168000.0	539	29176000	18089120.0	0	0	23461200	4216000	3199200.0	10020500	1054000	462165	18951865.0	9991748.446246576	28943613.446246576	0.38055953815261045	True	23028320.0	864000000.0	45000000.0	90104849.48273668	9632423.432138463	167765592.91487515	0	0.13	False	0	0	0.19090909090909092	False	3200000.0	28	10.726767795563891	2793	2801	True
53	0.68	734672000.0	157310221.91780823	891982221.9178083	9990200.885479452	True	56	77	238	2.03	409	53	151578000.0	513590000	665168000.0	539	29176000	18089120.0	0	0	23377200	4216000	3199200.0	10020500	1054000	460350	18950050.0	9990200.885479452	28940250.88547945	0.3805230923694779	True	23008720.0	864000000.0	45000000.0	89794688.26709916	9570317.341102475	167373725.60820162	0	0.13	False	0	0	0.19090909090909092	False	3200000.0	28	10.689843841321329	2783	2790	True
54	0.68	734672000.0	157172046.84931505	891844046.849315	9988653.324712329	True	56	77	238	2.03	409	52	151578000.0	513160000	664738000.0	538	29082000	18030840.0	0	0	23301600	4216000	3199200.0	10020500	1054000	458535	18948235.0	9988653.324712329	28936888.32471233	0.3804866465863454	True	22930840.0	864000000.0	45000000.0	89485592.00126967	9508424.493587567	166924856.49485722	0	0.13	False	0	0	0.19090909090909092	False	3200000.0	28	10.653046666817817	2774	2779	True
55	0.68	734672000.0	157033871.7808219	891705871.7808219	9987105.763945205	True	56	77	238	2.03	409	52	151578000.0	513160000	664738000.0	538	29082000	18030840.0	0	0	23217600	4216000	3199200.0	10020500	1054000	456720	18946420.0	9987105.763945205	28933525.763945207	0.38045020080321285	True	22911240.0	864000000.0	45000000.0	89177557.7588261	9446744.303612562	166535542.06243867	0	0.13	False	0	0	0.19090909090909092	False	3200000.0	28	10.616375923669775	2764	2768	True
56	0.68	734672000.0	156895696.71232876	891567696.7123288	9985558.203178082	True	56	77	238	2.03	409	52	151578000.0	513160000	664738000.0	538	29082000	18030840.0	0	0	23133600	4216000	3199200.0	10020500	1054000	454905	18944605.0	9985558.203178082	28930163.20317808	0.38041375502008035	True	22891640.0	864000000.0	45000000.0	88870582.42308897	9385276.147099482	166147498.57018846	0	0.13	False	0	0	0.19090909090909092	False	3200000.0	28	10.579831240843925	2754	2757	True
57	0.68	734672000.0	156757521.64383563	891429521.6438357	9984010.64241096	True	56	77	238	2.03	409	52	151578000.0	513160000	664738000.0	538	29082000	18030840.0	0	0	23058000	4216000	3199200.0	10020500	1054000	453090	18942790.0	9984010.64241096	28926800.64241096	0.3803773092369478	True	22872040.0	864000000.0	45000000.0	88564662.74204652	9324019.372871697	165760722.11491823	0	0.13	False	0	0	0.19090909090909092	False	3200000.0	28	10.543412231196015	2745	2746	True
58	0.68	734672000.0	156619346.57534245	891291346.5753424	9982463.081643835	True	56	77	238	2.03	409	52	151578000.0	513160000	664738000.0	538	29082000	18030840.0	0	0	22982400	4216000	3199200.0	10020500	1054000	451275	18940975.0	9982463.081643835	28923438.081643835	0.38034086345381524	True	22852440.0	864000000.0	45000000.0	88259795.36838903	9262973.310670279	165375208.6790593	0	0.13	False	0	0	0.19090909090909092	False	3200000.0	28	10.507118496236789	2736	2735	True
59	0.68	734672000.0	156481171.5068493	891153171.5068493	9980915.520876711	True	56	77	238	2.03	409	51	151578000.0	512730000	664308000.0	537	28988000	17972560.0	0	0	22898400	4216000	3199200.0	10020500	1054000	449460	18939160.0	9980915.520876711	28920075.520876713	0.38030441767068274	True	22774560.0	864000000.0	45000000.0	87955976.88868584	9202137.276996378	164932674.1656822	0	0.13	False	0	0	0.19090909090909092	False	3200000.0	28	10.470949629605457	2726	2724	True
60	0.68	734672000.0	156342996.43835616	891014996.4383562	9979367.96010959	True	56	77	238	2.03	409	51	151578000.0	512730000	664308000.0	537	28988000	17972560.0	0	0	22822800	4216000	3199200.0	10020500	1054000	447645	18937345.0	9979367.96010959	28916712.96010959	0.3802679718875502	True	22754960.0	864000000.0	45000000.0	87653203.84464695	9141510.57936859	164549674.42401552	0	0.13	False	0	0	0.19090909090909092	False	3200000.0	28	10.434905219600827	2717	2713	True
61	0.68	734672000.0	156204821.369863	890876821.369863	9977820.399342466	True	56	77	238	2.03	409	51	151578000.0	512730000	664308000.0	537	28988000	17972560.0	0	0	22738800	4216000	3199200.0	10020500	1054000	445830	18935530.0	9977820.399342466	28913350.399342466	0.3802315261044177	True	22735360.0	864000000.0	45000000.0	87351472.74861301	9081092.519424655	164167925.26803765	0	0.13	False	0	0	0.19090909090909092	False	3200000.0	28	10.398984851025359	2707	2702	True
62	0.68	734672000.0	156079207.67123285	890751207.6712328	9976413.525917808	True	56	77	238	2.03	409	51	151578000.0	512730000	664308000.0	537	28988000	17972560.0	0	0	22663200	4216000	3199200.0	10020500	1054000	444180	18933880.0	9976413.525917808	28910293.525917806	0.3801983935742972	True	22715760.0	864000000.0	45000000.0	87050780.0948377	9020882.395180594	163787422.49001828	0	0.13	False	0	0	0.19090909090909092	False	3200000.0	28	10.363188106528296	2698	2692	True
63	0.68	734672000.0	155941032.60273972	890613032.6027397	9974865.965150684	True	56	77	238	2.03	409	51	151578000.0	512730000	664308000.0	537	28988000	17972560.0	0	0	22587600	4216000	3199200.0	10020500	1054000	442365	18932065.0	9974865.965150684	28906930.965150684	0.38016194779116463	True	22696160.0	864000000.0	45000000.0	86751122.36770219	8960879.502675604	163408161.87037778	0	0.13	False	0	0	0.19090909090909092	False	3200000.0	28	10.327514567583593	2689	2681	True
64	0.68	734672000.0	155802857.53424656	890474857.5342466	9973318.40438356	True	56	77	238	2.03	409	51	151578000.0	512730000	664308000.0	537	28988000	17972560.0	0	0	22512000	4216000	3199200.0	10020500	1054000	440550	18930250.0	9973318.40438356	28903568.404383563	0.38012550200803213	True	22676560.0	864000000.0	45000000.0	86452496.04769279	8901083.13716896	163030139.18486175	0	0.13	False	0	0	0.19090909090909092	False	3200000.0	28	10.291963815201523	2680	2670	True
65	0.68	734672000.0	155677243.8356164	890349243.8356164	9971911.530958902	True	56	77	238	2.03	409	50	151578000.0	512300000	663878000.0	536	28894000	17914280.0	0	0	22428000	4216000	3199200.0	10020500	1054000	438900	18928600.0	9971911.530958902	28900511.530958902	0.38009236947791164	True	22598680.0	864000000.0	45000000.0	86154897.61574809	8841492.59401051	162595070.2097586	0	0.13	False	0	0	0.19090909090909092	False	3200000.0	28	10.2565354304462	2670	2660	True
66	0.68	734672000.0	155539068.76712328	890211068.7671232	9970363.97019178	True	56	77	238	2.03	409	50	151578000.0	512300000	663878000.0	536	28894000	17914280.0	0	0	22352400	4216000	3199200.0	10020500	1054000	437085	18926785.0	9970363.97019178	28897148.97019178	0.38005592369477914	True	22579080.0	864000000.0	45000000.0	85858323.55641674	8782107.16927297	162219510.7256897	0	0.13	False	0	0	0.19090909090909092	False	3200000.0	28	10.221228994811517	2661	2649	True
67	0.68	734672000.0	155413455.06849313	890085455.0684931	9968957.096767124	True	56	77	238	2.03	409	50	151578000.0	512300000	663878000.0	536	28894000	17914280.0	0	0	22276800	4216000	3199200.0	10020500	1054000	435435	18925135.0	9968957.096767124	28894092.096767124	0.38002279116465865	True	22569280.0	864000000.0	45000000.0	85562770.36014894	8722926.160210775	161854976.52035972	0	0.13	False	0	0	0.19090909090909092	False	3200000.0	28	10.18604409049392	2652	2639	True
68	0.68	734672000.0	155275279.99999997	889947280.0	9967409.536	True	56	77	238	2.03	409	50	151578000.0	512300000	663878000.0	536	28894000	17914280.0	0	0	22201200	4216000	3199200.0	10020500	1054000	433620	18923320.0	9967409.536	28890729.536	0.3799863453815261	True	22549680.0	864000000.0	45000000.0	85268234.5249555	8663948.865592277	161481863.39054778	0	0.13	False	0	0	0.19090909090909092	False	3200000.0	28	10.15098030058994	2643	2628	True
69	0.68	734672000.0	155149666.30136985	889821666.3013699	9966002.662575344	True	56	77	238	2.03	409	50	151578000.0	512300000	663878000.0	536	28894000	17914280.0	0	0	22125600	4216000	3199200.0	10020500	1054000	431970	18921670.0	9966002.662575344	28887672.66257534	0.3799532128514056	True	22530080.0	864000000.0	45000000.0	84974712.55760649	8605174.585939778	161109967.14354625	0	0.13	False	0	0	0.19090909090909092	False	3200000.0	28	10.116037209238868	2634	2618	True
70	0.68	734672000.0	155011491.23287672	889683491.2328768	9964455.10180822	True	56	77	238	2.03	409	50	151578000.0	512300000	663878000.0	536	28894000	17914280.0	0	0	22050000	4216000	3199200.0	10020500	1054000	430155	18919855.0	9964455.10180822	28884310.10180822	0.3799167670682731	True	22510480.0	864000000.0	45000000.0	84682200.97449392	8546602.623702237	160739283.59819615	0	0.13	False	0	0	0.19090909090909092	False	3200000.0	28	10.081214401725468	2625	2607	True
71	0.68	734672000.0	154885877.53424656	889557877.5342466	9963048.228383562	True	56	77	238	2.03	409	49	151578000.0	511870000	663448000.0	535	28800000	17856000.0	0	0	21974400	4216000	3199200.0	10020500	1054000	428505	18918205.0	9963048.228383562	28881253.228383563	0.3798836345381526	True	22432600.0	864000000.0	45000000.0	84390696.30224963	8488232.283379031	160311528.58562863	0	0.13	False	0	0	0.19090909090909092	False	3200000.0	28	10.046511464553527	2616	2597	True
72	0.68	734672000.0	154747702.4657534	889419702.4657534	9961500.667616438	True	56	77	238	2.03	409	49	151578000.0	511870000	663448000.0	535	28800000	17856000.0	0	0	21898800	4216000	3199200.0	10020500	1054000	426690	18916390.0	9961500.667616438	28877890.667616438	0.3798471887550201	True	22413000.0	864000000.0	45000000.0	84100195.07818449	8430062.871607892	159943257.9497924	0	0.13	False	0	0	0.19090909090909092	False	3200000.0	28	10.011927985498152	2607	2586	True
73	0.68	734672000.0	154622088.76712328	889294088.7671232	9960093.79419178	True	56	77	238	2.03	409	49	151578000.0	511870000	663448000.0	535	28800000	17856000.0	0	0	21823200	4216000	3199200.0	10020500	1054000	425040	18914740.0	9960093.79419178	28874833.794191778	0.3798140562248996	True	22393400.0	864000000.0	45000000.0	83810693.85059783	8372093.697226851	159576187.54782468	0	0.13	False	0	0	0.19090909090909092	False	3200000.0	28	9.977463553642599	2598	2576	True
74	0.68	734672000.0	154496475.06849313	889168475.0684931	9958686.920767123	True	56	77	238	2.03	409	49	151578000.0	511870000	663448000.0	535	28800000	17856000.0	0	0	21747600	4216000	3199200.0	10020500	1054000	423390	18913090.0	9958686.920767123	28871776.92076712	0.3797809236947791	True	22373800.0	864000000.0	45000000.0	83522189.17899193	8314324.071317193	159210313.2503091	0	0.13	False	0	0	0.19090909090909092	False	3200000.0	28	9.943117759403801	2589	2566	True
75	0.68	734672000.0	154370861.369863	889042861.369863	9957280.047342466	True	56	77	238	2.03	409	49	151578000.0	511870000	663448000.0	535	28800000	17856000.0	0	0	21672000	4216000	3199200.0	10020500	1054000	421740	18911440.0	9957280.047342466	28868720.047342464	0.3797477911646586	True	22364000.0	864000000.0	45000000.0	83234677.63421728	8256753.307232555	158855430.94144982	0	0.13	False	0	0	0.19090909090909092	False	3200000.0	28	9.908890194549675	2580	2556	True
76	0.68	734672000.0	154232686.30136988	888904686.3013699	9955732.486575343	True	56	77	238	2.03	409	48	151578000.0	511440000	663018000.0	534	28706000	17797720.0	0	0	21596400	4216000	3199200.0	10020500	1054000	419925	18909625.0	9955732.486575343	28865357.486575343	0.3797113453815261	True	22286120.0	864000000.0	45000000.0	82948155.79856773	8199380.720617965	158433656.51918566	0	0.13	False	0	0	0.19090909090909092	False	3200000.0	28	9.874780452210443	2571	2545	True
77	0.68	734672000.0	154107072.60273972	888779072.6027397	9954325.613150684	True	56	77	238	2.03	409	48	151578000.0	511440000	663018000.0	534	28706000	17797720.0	0	0	21520800	4216000	3199200.0	10020500	1054000	418275	18907975.0	9954325.613150684	28862300.613150686	0.3796782128514056	True	22266520.0	864000000.0	45000000.0	82662620.26583883	8142205.629421538	158071345.89526036	0	0.13	False	0	0	0.19090909090909092	False	3200000.0	28	9.840788126885576	2562	2535	True
78	0.68	734672000.0	153981458.90410957	888653458.9041096	9952918.739726027	True	56	77	238	2.03	409	48	151578000.0	511440000	663018000.0	534	28706000	17797720.0	0	0	21445200	4216000	3199200.0	10020500	1054000	416625	18906325.0	9952918.739726027	28859243.73972603	0.37964508032128513	True	22246920.0	864000000.0	45000000.0	82378067.64135964	8085227.353900824	157710214.99526045	0	0.13	False	0	0	0.19090909090909092	False	3200000.0	28	9.806912814447577	2553	2525	True
79	0.68	734672000.0	153855845.20547944	888527845.2054794	9951511.866301369	True	56	77	238	2.03	409	48	151578000.0	511440000	663018000.0	534	28706000	17797720.0	0	0	21369600	4216000	3199200.0	10020500	1054000	414975	18904675.0	9951511.866301369	28856186.86630137	0.37961194779116464	True	22227320.0	864000000.0	45000000.0	82094494.5420048	8028445.216625247	157350259.75863004	0	0.13	False	0	0	0.19090909090909092	False	3200000.0	28	9.773154112143429	2544	2515	True
80	0.68	734672000.0	153730231.5068493	888402231.5068493	9950104.992876712	True	56	77	238	2.03	409	48	151578000.0	511440000	663018000.0	534	28706000	17797720.0	0	0	21302400	4216000	3199200.0	10020500	1054000	413325	18903025.0	9950104.992876712	28853129.992876712	0.3795788152610442	True	22207720.0	864000000.0	45000000.0	81811897.5961929	7971858.54247577	156991476.13866866	0	0.13	False	0	0	0.19090909090909092	False	3200000.0	28	9.739511618594394	2536	2505	True
81	0.68	734672000.0	153604617.80821916	888276617.8082192	9948698.119452056	True	56	77	238	2.03	409	48	151578000.0	511440000	663018000.0	534	28706000	17797720.0	0	0	21226800	4216000	3199200.0	10020500	1054000	411675	18901375.0	9948698.119452056	28850073.119452056	0.3795456827309237	True	22197920.0	864000000.0	45000000.0	81530273.44387424	7915466.658642436	156643660.10251668	0	0.13	False	0	0	0.19090909090909092	False	3200000.0	28	9.705984933794552	2527	2495	True
82	0.68	734672000.0	153479004.10958904	888151004.1095891	9947291.246027397	True	56	77	238	2.03	409	47	151578000.0	511010000	662588000.0	533	28612000	17739440.0	0	0	21151200	4216000	3199200.0	10020500	1054000	410025	18899725.0	9947291.246027397	28847016.246027395	0.3795125502008032	True	22120040.0	864000000.0	45000000.0	81249618.73651135	7859268.894620487	156228927.63113183	0	0.13	False	0	0	0.19090909090909092	False	3200000.0	28	9.672573659108494	2518	2485	True
83	0.68	734672000.0	153353390.4109589	888025390.4109589	9945884.37260274	True	56	77	238	2.03	409	47	151578000.0	511010000	662588000.0	533	28612000	17739440.0	0	0	21084000	4216000	3199200.0	10020500	1054000	408375	18898075.0	9945884.37260274	28843959.37260274	0.3794794176706827	True	22100440.0	864000000.0	45000000.0	80969930.13705398	7803264.582205334	155873634.7192593	0	0.13	False	0	0	0.19090909090909092	False	3200000.0	28	9.639277397268332	2510	2475	True
84	0.68	734672000.0	153227776.71232876	887899776.7123288	9944477.499178082	True	56	77	238	2.03	409	47	151578000.0	511010000	662588000.0	533	28612000	17739440.0	0	0	21008400	4216000	3199200.0	10020500	1054000	406725	18896425.0	9944477.499178082	28840902.49917808	0.3794462851405622	True	22080840.0	864000000.0	45000000.0	80691204.3199104	7747453.0554868225	155519497.37539724	0	0.13	False	0	0	0.19090909090909092	False	3200000.0	28	9.606095752370287	2501	2465	True
85	0.68	734672000.0	153102163.01369864	887774163.0136986	9943070.625753423	True	56	77	238	2.03	409	47	151578000.0	511010000	662588000.0	533	28612000	17739440.0	0	0	20932800	4216000	3199200.0	10020500	1054000	405075	18894775.0	9943070.625753423	28837845.625753425	0.3794131526104418	True	22061240.0	864000000.0	45000000.0	80413437.97091557	7691833.650842856	155166511.6217584	0	0.13	False	0	0	0.19090909090909092	False	3200000.0	28	9.573028329870901	2492	2455	True
86	0.68	734672000.0	152976549.31506848	887648549.3150685	9941663.752328767	True	56	77	238	2.03	409	47	151578000.0	511010000	662588000.0	533	28612000	17739440.0	0	0	20865600	4216000	3199200.0	10020500	1054000	403425	18893125.0	9941663.752328767	28834788.75232877	0.3793800200803213	True	22051440.0	864000000.0	45000000.0	80136627.78729764	7636405.706932695	154824473.49423033	0	0.13	False	0	0	0.19090909090909092	False	3200000.0	28	9.540074736583053	2484	2445	True
87	0.68	734672000.0	152850935.61643836	887522935.6164384	9940256.87890411	True	56	77	238	2.03	409	47	151578000.0	511010000	662588000.0	533	28612000	17739440.0	0	0	20790000	4216000	3199200.0	10020500	1054000	401775	18891475.0	9940256.87890411	28831731.87890411	0.3793468875502008	True	22031840.0	864000000.0	45000000.0	79860770.4776429	7581168.564689921	154473779.04233283	0	0.13	False	0	0	0.19090909090909092	False	3200000.0	28	9.507234580671772	2475	2435	True
88	0.68	734672000.0	152725321.91780823	887397321.9178083	9938850.005479453	True	56	77	238	2.03	409	46	151578000.0	510580000	662158000.0	532	28518000	17681160.0	0	0	20722800	4216000	3199200.0	10020500	1054000	400125	18889825.0	9938850.005479453	28828675.005479455	0.3793137550200803	True	21953960.0	864000000.0	45000000.0	79585862.76185955	7526121.567315211	154065944.32917476	0	0.13	False	0	0	0.19090909090909092	False	3200000.0	28	9.474507471649947	2467	2425	True
89	0.68	734672000.0	152612269.58904108	887284269.5890411	9937583.81939726	True	56	77	238	2.03	409	46	151578000.0	510580000	662158000.0	532	28518000	17681160.0	0	0	20647200	4216000	3199200.0	10020500	1054000	398640	18888340.0	9937583.81939726	28825923.81939726	0.37928393574297187	True	21934360.0	864000000.0	45000000.0	79311901.37114112	7471264.060268972	153717525.4314101	0	0.13	False	0	0	0.19090909090909092	False	3200000.0	28	9.441893020373943	2458	2416	True
90	0.68	734672000.0	152486655.89041093	887158655.8904109	9936176.945972603	True	56	77	238	2.03	409	46	151578000.0	510580000	662158000.0	532	28518000	17681160.0	0	0	20580000	4216000	3199200.0	10020500	1054000	396990	18886690.0	9936176.945972603	28822866.945972603	0.37925080321285143	True	21924560.0	864000000.0	45000000.0	79038883.04792906	7416595.391263891	153380038.43919295	0	0.13	False	0	0	0.19090909090909092	False	3200000.0	28	9.409390839039174	2450	2406	True
91	0.68	734672000.0	152361042.1917808	887033042.1917808	9934770.072547944	True	56	77	238	2.03	409	46	151578000.0	510580000	662158000.0	532	28518000	17681160.0	0	0	20504400	4216000	3199200.0	10020500	1054000	395340	18885040.0	9934770.072547944	28819810.072547942	0.37921767068273093	True	21904960.0	864000000.0	45000000.0	78766804.54587543	7362114.910257436	153033879.45613286	0	0.13	False	0	0	0.19090909090909092	False	3200000.0	28	9.377000541175645	2441	2396	True
92	0.68	734672000.0	152235428.49315068	886907428.4931507	9933363.199123288	True	56	77	238	2.03	409	46	151578000.0	510580000	662158000.0	532	28518000	17681160.0	0	0	20437200	4216000	3199200.0	10020500	1054000	393690	18883390.0	9933363.199123288	28816753.199123286	0.37918453815261044	True	21885360.0	864000000.0	45000000.0	78495662.62980479	7307821.969444245	152688844.59924904	0	0.13	False	0	0	0.19090909090909092	False	3200000.0	28	9.344721741643427	2433	2386	True
93	0.68	734672000.0	152122376.16438356	886794376.1643835	9932097.013041096	True	56	77	238	2.03	409	46	151578000.0	510580000	662158000.0	532	28518000	17681160.0	0	0	20361600	4216000	3199200.0	10020500	1054000	392205	18881905.0	9932097.013041096	28814002.013041094	0.379154718875502	True	21865760.0	864000000.0	45000000.0	78225454.07567681	7253715.923248619	152344929.99892542	0	0.13	False	0	0	0.19090909090909092	False	3200000.0	28	9.312554056628192	2424	2377	True
94	0.68	734672000.0	151996762.4657534	886668762.4657534	9930690.13961644	True	56	77	238	2.03	409	46	151578000.0	510580000	662158000.0	532	28518000	17681160.0	0	0	20294400	4216000	3199200.0	10020500	1054000	390555	18880255.0	9930690.13961644	28810945.139616437	0.3791215863453815	True	21855960.0	864000000.0	45000000.0	77956175.67054804	7199796.128316881	152011931.7988649	0	0.13	False	0	0	0.19090909090909092	False	3200000.0	28	9.280497103636671	2416	2367	True
95	0.68	734672000.0	151883710.1369863	886555710.1369863	9929423.953534245	True	56	77	238	2.03	409	45	151578000.0	510150000	661728000.0	531	28424000	17622880.0	0	0	20227200	4216000	3199200.0	10020500	1054000	389070	18878770.0	9929423.953534245	28808193.953534245	0.3790917670682731	True	21778080.0	864000000.0	45000000.0	77687824.21253417	7146061.943509818	151611966.156044	0	0.13	False	0	0	0.19090909090909092	False	3200000.0	28	9.248550501492163	2408	2358	True
96	0.68	734672000.0	151758096.43835613	886430096.4383562	9928017.080109589	True	56	77	238	2.03	409	45	151578000.0	510150000	661728000.0	531	28424000	17622880.0	0	0	20160000	4216000	3199200.0	10020500	1054000	387420	18877120.0	9928017.080109589	28805137.08010959	0.3790586345381526	True	21758480.0	864000000.0	45000000.0	77420396.5107723	7092512.7298951205	151271389.2406674	0	0.13	False	0	0	0.19090909090909092	False	3200000.0	28	9.216713870330036	2400	2348	True
97	0.68	734672000.0	151645044.109589	886317044.109589	9926750.894027397	True	56	77	238	2.03	409	45	151578000.0	510150000	661728000.0	531	28424000	17622880.0	0	0	20084400	4216000	3199200.0	10020500	1054000	385935	18875635.0	9926750.894027397	28802385.894027397	0.37902881526104415	True	21748680.0	864000000.0	45000000.0	77153889.38538298	7039147.850739784	150941717.23612276	0	0.13	False	0	0	0.19090909090909092	False	3200000.0	28	9.184986831593212	2391	2339	True
98	0.68	734672000.0	151519430.4109589	886191430.4109589	9925344.02060274	True	56	77	238	2.03	409	45	151578000.0	510150000	661728000.0	531	28424000	17622880.0	0	0	20017200	4216000	3199200.0	10020500	1054000	384285	18873985.0	9925344.02060274	28799329.02060274	0.3789956827309237	True	21729080.0	864000000.0	45000000.0	76888299.66743271	6985966.671502599	150603346.33893532	0	0.13	False	0	0	0.19090909090909092	False	3200000.0	28	9.153369008027704	2383	2329	True
99	0.68	734672000.0	151406378.08219177	886078378.0821917	9924077.834520547	True	56	77	238	2.03	409	45	151578000.0	510150000	661728000.0	531	28424000	17622880.0	0	0	19950000	4216000	3199200.0	10020500	1054000	382800	18872500.0	9924077.834520547	28796577.83452055	0.3789658634538153	True	21709480.0	864000000.0	45000000.0	76623624.19889621	6932968.559826599	150266072.75872284	0	0.13	False	0	0	0.19090909090909092	False	3200000.0	28	9.12186002367812	2375	2320	True
100	0.68	734672000.0	151280764.38356164	885952764.3835616	9922670.96109589	True	56	77	238	2.03	409	45	151578000.0	510150000	661728000.0	531	28424000	17622880.0	0	0	19882800	4216000	3199200.0	10020500	1054000	381150	18870850.0	9922670.96109589	28793520.961095892	0.3789327309236948	True	21689880.0	864000000.0	45000000.0	76359859.83261907	6880152.88553158	149929892.71815065	0	0.13	False	0	0	0.19090909090909092	False	3200000.0	28	9.090459503883222	2367	2310	True
101	0.68	734672000.0	151167712.0547945	885839712.0547945	9921404.775013698	True	56	77	238	2.03	409	44	151578000.0	509720000	661298000.0	530	28330000	17564600.0	0	0	19815600	4216000	3199200.0	10020500	1054000	379665	18869365.0	9921404.775013698	28790769.7750137	0.37890291164658635	True	21621800.0	864000000.0	45000000.0	76097003.43228026	6827519.020606594	149546322.45288685	0	0.13	False	0	0	0.19090909090909092	False	3200000.0	28	9.059167075271459	2359	2301	True
102	0.68	734672000.0	151054659.7260274	885726659.7260274	9920138.588931506	True	56	77	238	2.03	409	44	151578000.0	509720000	661298000.0	530	28330000	17564600.0	0	0	19740000	4216000	3199200.0	10020500	1054000	378180	18867880.0	9920138.588931506	28788018.58893151	0.3788730923694779	True	21602200.0	864000000.0	45000000.0	75835051.87235492	6775066.339202499	149212318.21155742	0	0.13	False	0	0	0.19090909090909092	False	3200000.0	28	9.02798236575654	2350	2292	True
103	0.68	734672000.0	150929046.02739725	885601046.0273973	9918731.71550685	True	56	77	238	2.03	409	44	151578000.0	509720000	661298000.0	530	28330000	17564600.0	0	0	19672800	4216000	3199200.0	10020500	1054000	376530	18866230.0	9918731.71550685	28784961.71550685	0.3788399598393574	True	21582600.0	864000000.0	45000000.0	75574002.03807732	6722794.217624529	148879396.25570184	0	0.13	False	0	0	0.19090909090909092	False	3200000.0	28	8.996905004533014	2342	2282	True
104	0.68	734672000.0	150815993.69863012	885487993.6986301	9917465.529424656	True	56	77	238	2.03	409	44	151578000.0	509720000	661298000.0	530	28330000	17564600.0	0	0	19605600	4216000	3199200.0	10020500	1054000	375045	18864745.0	9917465.529424656	28782210.529424656	0.378810140562249	True	21572800.0	864000000.0	45000000.0	75313850.82540365	6670702.034324871	148557352.85972852	0	0.13	False	0	0	0.19090909090909092	False	3200000.0	28	8.965934622071861	2334	2273	True
105	0.68	734672000.0	150702941.36986303	885374941.369863	9916199.343342466	True	56	77	238	2.03	409	44	151578000.0	509720000	661298000.0	530	28330000	17564600.0	0	0	19538400	4216000	3199200.0	10020500	1054000	373560	18863260.0	9916199.343342466	28779459.34334247	0.37878032128514055	True	21553200.0	864000000.0	45000000.0	75054595.14097528	6618789.169895287	148226584.3108706	0	0.13	False	0	0	0.19090909090909092	False	3200000.0	28	8.935070850116103	2326	2264	True
106	0.68	734672000.0	150577327.67123288	885249327.6712329	9914792.46991781	True	56	77	238	2.03	409	44	151578000.0	509720000	661298000.0	530	28330000	17564600.0	0	0	19471200	4216000	3199200.0	10020500	1054000	371910	18861610.0	9914792.46991781	28776402.46991781	0.37874718875502006	True	21533600.0	864000000.0	45000000.0	74796231.90208189	6567055.007059731	147896886.90914163	0	0.13	False	0	0	0.19090909090909092	False	3200000.0	28	8.904313321676415	2318	2254	True
107	0.68	734672000.0	150464275.34246573	885136275.3424658	9913526.283835616	True	56	77	238	2.03	409	44	151578000.0	509720000	661298000.0	530	28330000	17564600.0	0	0	19404000	4216000	3199200.0	10020500	1054000	370425	18860125.0	9913526.283835616	28773651.283835616	0.3787173694779116	True	21523800.0	864000000.0	45000000.0	74538758.03662497	6515498.9306670455	147578056.967292	0	0.13	False	0	0	0.19090909090909092	False	3200000.0	28	8.873661671026781	2310	2245	True
108	0.68	734672000.0	150351223.01369864	885023223.0136986	9912260.097753424	True	56	77	238	2.03	409	43	151578000.0	509290000	660868000.0	529	28236000	17506320.0	0	0	19336800	4216000	3199200.0	10020500	1054000	368940	18858640.0	9912260.097753424	28770900.097753424	0.3786875502008032	True	21445920.0	864000000.0	45000000.0	74282170.48308104	6464120.327683607	147192210.81076464	0	0.13	False	0	0	0.19090909090909092	False	3200000.0	28	8.843115533700123	2302	2236	True
109	0.68	734672000.0	150238170.6849315	884910170.6849315	9910993.911671232	True	56	77	238	2.03	409	43	151578000.0	509290000	660868000.0	529	28236000	17506320.0	0	0	19269600	4216000	3199200.0	10020500	1054000	367455	18857155.0	9910993.911671232	28768148.911671232	0.37865773092369476	True	21426320.0	864000000.0	45000000.0	74026466.19046561	6412918.587186092	146865704.77765173	0	0.13	False	0	0	0.19090909090909092	False	3200000.0	28	8.812674546484002	2294	2227	True
110	0.68	734672000.0	150125118.35616437	884797118.3561643	9909727.72558904	True	56	77	238	2.03	409	43	151578000.0	509290000	660868000.0	529	28236000	17506320.0	0	0	19202400	4216000	3199200.0	10020500	1054000	365970	18855670.0	9909727.72558904	28765397.72558904	0.3786279116465863	True	21416520.0	864000000.0	45000000.0	73771642.1182965	6361893.100354132	146550055.21865064	0	0.13	False	0	0	0.19090909090909092	False	3200000.0	28	8.78233834741625	2286	2218	True
111	0.68	734672000.0	150012066.02739725	884684066.0273973	9908461.539506849	True	56	77	238	2.03	409	43	151578000.0	509290000	660868000.0	529	28236000	17506320.0	0	0	19143600	4216000	3199200.0	10020500	1054000	364485	18854185.0	9908461.539506849	28762646.53950685	0.3785980923694779	True	21396920.0	864000000.0	45000000.0	73517695.23655799	6311043.26046316	146225658.49702114	0	0.13	False	0	0	0.19090909090909092	False	3200000.0	28	8.752106575780713	2279	2209	True
112	0.68	734672000.0	149899013.69863012	884571013.6986301	9907195.353424657	True	56	77	238	2.03	409	43	151578000.0	509290000	660868000.0	529	28236000	17506320.0	0	0	19076400	4216000	3199200.0	10020500	1054000	363000	18852700.0	9907195.353424657	28759895.353424657	0.37856827309236946	True	21387120.0	864000000.0	45000000.0	73264622.52566469	6260368.462877144	145912110.98854184	0	0.13	False	0	0	0.19090909090909092	False	3200000.0	28	8.72197887210294	2271	2200	True
113	0.68	734672000.0	149785961.369863	884457961.369863	9905929.167342465	True	56	77	238	2.03	409	43	151578000.0	509290000	660868000.0	529	28236000	17506320.0	0	0	19009200	4216000	3199200.0	10020500	1054000	361515	18851215.0	9905929.167342465	28757144.167342465	0.378538453815261	True	21367520.0	864000000.0	45000000.0	73012420.9764256	6209868.105041413	145589809.081467	0	0.13	False	0	0	0.19090909090909092	False	3200000.0	28	8.691954878145905	2263	2191	True
114	0.68	734672000.0	149672909.04109588	884344909.0410959	9904662.981260274	True	56	77	238	2.03	409	42	151578000.0	508860000	660438000.0	528	28142000	17448040.0	0	0	18942000	4216000	3199200.0	10020500	1054000	360030	18849730.0	9904662.981260274	28754392.981260274	0.3785086345381526	True	21289640.0	864000000.0	45000000.0	72761087.59000842	6159541.586475496	145210269.17648393	0	0.13	False	0	0	0.19090909090909092	False	3200000.0	28	8.662034236905765	2255	2182	True
115	0.68	734672000.0	149559856.71232873	884231856.7123287	9903396.795178082	True	56	77	238	2.03	409	42	151578000.0	508860000	660438000.0	528	28142000	17448040.0	0	0	18874800	4216000	3199200.0	10020500	1054000	358545	18848245.0	9903396.795178082	28751641.79517808	0.37847881526104415	True	21279840.0	864000000.0	45000000.0	72510619.3779038	6109388.308765978	144899847.6866698	0	0.13	False	0	0	0.19090909090909092	False	3200000.0	28	8.632216592607596	2247	2173	True
116	0.68	734672000.0	149446804.38356164	884118804.3835616	9902130.60909589	True	56	77	238	2.03	409	42	151578000.0	508860000	660438000.0	528	28142000	17448040.0	0	0	18816000	4216000	3199200.0	10020500	1054000	357060	18846760.0	9902130.60909589	28748890.60909589	0.3784489959839357	True	21260240.0	864000000.0	45000000.0	72261013.3618899	6059407.67555938	144580661.03744927	0	0.13	False	0	0	0.19090909090909092	False	3200000.0	28	8.602501590701177	2240	2164	True
117	0.68	734672000.0	149333752.05479452	884005752.0547945	9900864.423013698	True	56	77	238	2.03	409	42	151578000.0	508860000	660438000.0	528	28142000	17448040.0	0	0	18748800	4216000	3199200.0	10020500	1054000	355575	18845275.0	9900864.423013698	28746139.4230137	0.3784191767068273	True	21240640.0	864000000.0	45000000.0	72012266.57399683	6009599.092555077	144262505.66655192	0	0.13	False	0	0	0.19090909090909092	False	3200000.0	28	8.572888877856764	2232	2155	True
118	0.68	734672000.0	149220699.7260274	883892699.7260274	9899598.236931507	True	56	77	238	2.03	409	42	151578000.0	508860000	660438000.0	528	28142000	17448040.0	0	0	18681600	4216000	3199200.0	10020500	1054000	354090	18843790.0	9899598.236931507	28743388.236931507	0.37838935742971885	True	21230840.0	864000000.0	45000000.0	71764376.05647153	5959961.967498227	143955178.02396974	0	0.13	False	0	0	0.19090909090909092	False	3200000.0	28	8.543378101960895	2224	2146	True
119	0.68	734672000.0	149120208.76712328	883792208.7671232	9898472.73819178	True	56	77	238	2.03	409	42	151578000.0	508860000	660438000.0	528	28142000	17448040.0	0	0	18622800	4216000	3199200.0	10020500	1054000	352770	18842470.0	9898472.73819178	28740942.73819178	0.3783628514056225	True	21211240.0	864000000.0	45000000.0	71517338.86174248	5910495.710172722	143639074.5719152	0	0.13	False	0	0	0.19090909090909092	False	3200000.0	28	8.513968912112201	2217	2138	True
120	0.68	734672000.0	149007156.43835613	883679156.4383562	9897206.55210959	True	56	77	238	2.03	409	42	151578000.0	508860000	660438000.0	528	28142000	17448040.0	0	0	18555600	4216000	3199200.0	10020500	1054000	351285	18840985.0	9897206.55210959	28738191.55210959	0.37833303212851405	True	21201440.0	864000000.0	45000000.0	71271152.05238476	5861199.73239419	143333791.78477895	0	0.13	False	0	0	0.19090909090909092	False	3200000.0	28	8.484660958617235	2209	2129	True
121	0.68	734672000.0	148894104.10958904	883566104.1095891	9895940.366027398	True	56	77	238	2.03	409	41	151578000.0	508430000	660008000.0	527	28048000	17389760.0	0	0	18488400	4216000	3199200.0	10020500	1054000	349800	18839500.0	9895940.366027398	28735440.3660274	0.3783032128514056	True	21123560.0	864000000.0	45000000.0	71025812.70108499	5812073.448002969	142961446.14908794	0	0.13	False	0	0	0.19090909090909092	False	3200000.0	28	8.455453892986307	2201	2120	True
122	0.68	734672000.0	148781051.7808219	883453051.7808219	9894674.179945206	True	56	77	238	2.03	409	41	151578000.0	508430000	660008000.0	527	28048000	17389760.0	0	0	18429600	4216000	3199200.0	10020500	1054000	348315	18838015.0	9894674.179945206	28732689.179945208	0.3782733935742972	True	21103960.0	864000000.0	45000000.0	70781317.89060663	5763116.272857183	142648394.16346383	0	0.13	False	0	0	0.19090909090909092	False	3200000.0	28	8.42634736792936	2194	2111	True
123	0.68	734672000.0	148680560.8219178	883352560.8219178	9893548.68120548	True	56	77	238	2.03	409	41	151578000.0	508430000	660008000.0	527	28048000	17389760.0	0	0	18362400	4216000	3199200.0	10020500	1054000	346995	18836695.0	9893548.68120548	28730243.68120548	0.3782468875502008	True	21094160.0	864000000.0	45000000.0	70537664.71375519	5714327.624825741	142346152.33858094	0	0.13	False	0	0	0.19090909090909092	False	3200000.0	28	8.397341037351808	2186	2103	True
124	0.68	734672000.0	148567508.49315068	883239508.4931507	9892282.495123288	True	56	77	238	2.03	409	41	151578000.0	508430000	660008000.0	527	28048000	17389760.0	0	0	18303600	4216000	3199200.0	10020500	1054000	345510	18835210.0	9892282.495123288	28727492.49512329	0.37821706827309237	True	21074560.0	864000000.0	45000000.0	70294850.2733438	5665706.923781461	142035117.19712526	0	0.13	False	0	0	0.19090909090909092	False	3200000.0	28	8.368434556350453	2179	2094	True
125	0.68	734672000.0	148454456.16438356	883126456.1643835	9891016.309041096	True	56	77	238	2.03	409	41	151578000.0	508430000	660008000.0	527	28048000	17389760.0	0	0	18236400	4216000	3199200.0	10020500	1054000	344025	18833725.0	9891016.309041096	28724741.309041098	0.37818724899598394	True	21064760.0	864000000.0	45000000.0	70052871.68215871	5617253.591594158	141734885.27375287	0	0.13	False	0	0	0.19090909090909092	False	3200000.0	28	8.339627581209369	2171	2085	True
126	0.68	734672000.0	148353965.20547944	883025965.2054794	9889890.810301369	True	56	77	238	2.03	409	41	151578000.0	508430000	660008000.0	527	28048000	17389760.0	0	0	18177600	4216000	3199200.0	10020500	1054000	342705	18832405.0	9889890.810301369	28722295.81030137	0.37816074297188756	True	21045160.0	864000000.0	45000000.0	69811726.06292476	5568967.052123745	141425853.1150485	0	0.13	False	0	0	0.19090909090909092	False	3200000.0	28	8.310919769395806	2164	2077	True
127	0.68	734672000.0	148240912.87671232	882912912.8767123	9888624.624219177	True	56	77	238	2.03	409	41	151578000.0	508430000	660008000.0	527	28048000	17389760.0	0	0	18110400	4216000	3199200.0	10020500	1054000	341220	18830920.0	9888624.624219177	28719544.62421918	0.37813092369477913	True	21035360.0	864000000.0	45000000.0	69571410.54827158	5520846.731213426	141127617.27948502	0	0.13	False	0	0	0.19090909090909092	False	3200000.0	28	8.28231077955614	2156	2068	True
128	0.68	734672000.0	148140421.9178082	882812421.9178082	9887499.125479452	True	56	77	238	2.03	409	40	151578000.0	508000000	659578000.0	526	27954000	17331480.0	0	0	18051600	4216000	3199200.0	10020500	1054000	339900	18829600.0	9887499.125479452	28717099.125479452	0.37810441767068276	True	20957480.0	864000000.0	45000000.0	69331922.28069904	5472892.056682833	140762294.33738187	0	0.13	False	0	0	0.19090909090909092	False	3200000.0	28	8.25380027151179	2149	2060	True
129	0.68	734672000.0	148027369.58904108	882699369.5890411	9886232.93939726	True	56	77	238	2.03	409	40	151578000.0	508000000	659578000.0	526	27954000	17331480.0	0	0	17984400	4216000	3199200.0	10020500	1054000	338415	18828115.0	9886232.93939726	28714347.93939726	0.3780745983935743	True	20947680.0	864000000.0	45000000.0	69093258.41254365	5425102.458321241	140466040.8708649	0	0.13	False	0	0	0.19090909090909092	False	3200000.0	28	8.225387906255197	2141	2051	True
130	0.68	734672000.0	147926878.63013697	882598878.630137	9885107.440657534	True	56	77	238	2.03	409	40	151578000.0	508000000	659578000.0	526	27954000	17331480.0	0	0	17925600	4216000	3199200.0	10020500	1054000	337095	18826795.0	9885107.440657534	28711902.440657534	0.3780480923694779	True	20928080.0	864000000.0	45000000.0	68855416.10594445	5377477.367880781	140160973.47382525	0	0.13	False	0	0	0.19090909090909092	False	3200000.0	28	8.197073345945768	2134	2043	True
131	0.68	734672000.0	147813826.30136988	882485826.3013699	9883841.254575342	True	56	77	238	2.03	409	40	151578000.0	508000000	659578000.0	526	27954000	17331480.0	0	0	17866800	4216000	3199200.0	10020500	1054000	335610	18825310.0	9883841.254575342	28709151.254575342	0.37801827309236946	True	20918280.0	864000000.0	45000000.0	68618392.53280939	5330016.2190696895	139866688.75187907	0	0.13	False	0	0	0.19090909090909092	False	3200000.0	28	8.16885625390588	2127	2034	True
132	0.68	734672000.0	147713335.34246576	882385335.3424658	9882715.755835617	True	56	77	238	2.03	409	40	151578000.0	508000000	659578000.0	526	27954000	17331480.0	0	0	17799600	4216000	3199200.0	10020500	1054000	334290	18823990.0	9882715.755835617	28706705.755835615	0.3779917670682731	True	20898680.0	864000000.0	45000000.0	68382184.87478165	5282718.447545564	139563583.32232723	0	0.13	False	0	0	0.19090909090909092	False	3200000.0	28	8.140736294616863	2119	2026	True
133	0.68	734672000.0	147600283.01369864	882272283.0136986	9881449.569753423	True	56	77	238	2.03	409	40	151578000.0	508000000	659578000.0	526	27954000	17331480.0	0	0	17740800	4216000	3199200.0	10020500	1054000	332805	18822505.0	9881449.569753423	28703954.569753423	0.37796194779116465	True	20888880.0	864000000.0	45000000.0	68146790.32320614	5235583.490908658	139271253.8141148	0	0.13	False	0	0	0.19090909090909092	False	3200000.0	28	8.112713133715017	2112	2017	True
134	0.68	734672000.0	147499792.0547945	882171792.0547945	9880324.071013698	True	56	77	238	2.03	409	40	151578000.0	508000000	659578000.0	526	27954000	17331480.0	0	0	17682000	4216000	3199200.0	10020500	1054000	331485	18821185.0	9880324.071013698	28701509.071013696	0.3779354417670683	True	20869280.0	864000000.0	45000000.0	67912206.07909615	5188610.788695208	138970096.86779135	0	0.13	False	0	0	0.19090909090909092	False	3200000.0	28	8.084786437987638	2105	2009	True
135	0.68	734672000.0	147399301.0958904	882071301.0958904	9879198.572273972	True	56	77	238	2.03	409	39	151578000.0	507570000	659148000.0	525	27860000	17273200.0	0	0	17623200	4216000	3199200.0	10020500	1054000	330165	18819865.0	9879198.572273972	28699063.57227397	0.3779089357429719	True	20801200.0	864000000.0	45000000.0	67678429.35309997	5141799.782370734	138621429.13547072	0	0.13	False	0	0	0.19090909090909092	False	3200000.0	28	8.056955875369045	2098	2001	True
136	0.68	734672000.0	147286248.76712325	881958248.7671232	9877932.38619178	True	56	77	238	2.03	409	39	151578000.0	507570000	659148000.0	525	27860000	17273200.0	0	0	17556000	4216000	3199200.0	10020500	1054000	328680	18818380.0	9877932.38619178	28696312.386191778	0.3778791164658635	True	20781600.0	864000000.0	45000000.0	67445457.36546783	5095149.91532344	138322207.28079128	0	0.13	False	0	0	0.19090909090909092	False	3200000.0	28	8.029221114936647	2090	1992	True
137	0.68	734672000.0	147185757.80821916	881857757.8082192	9876806.887452055	True	56	77	238	2.03	409	39	151578000.0	507570000	659148000.0	525	27860000	17273200.0	0	0	17497200	4216000	3199200.0	10020500	1054000	327360	18817060.0	9876806.887452055	28693866.887452055	0.37785261044176705	True	20771800.0	864000000.0	45000000.0	67213287.34601876	5048660.632857565	138033747.97887632	0	0.13	False	0	0	0.19090909090909092	False	3200000.0	28	8.001581826906994	2083	1984	True
138	0.68	734672000.0	147085266.84931505	881757266.849315	9875681.388712328	True	56	77	238	2.03	409	39	151578000.0	507570000	659148000.0	525	27860000	17273200.0	0	0	17438400	4216000	3199200.0	10020500	1054000	326040	18815740.0	9875681.388712328	28691421.388712328	0.37782610441767067	True	20752200.0	864000000.0	45000000.0	66981916.53410766	5002331.3821867965	137736447.91629446	0	0.13	False	0	0	0.19090909090909092	False	3200000.0	28	7.974037682631865	2076	1976	True
139	0.68	734672000.0	146972214.52054793	881644214.5205479	9874415.202630136	True	56	77	238	2.03	409	39	151578000.0	507570000	659148000.0	525	27860000	17273200.0	0	0	17379600	4216000	3199200.0	10020500	1054000	324555	18814255.0	9874415.202630136	28688670.202630136	0.37779628514056224	True	20742400.0	864000000.0	45000000.0	66751342.17859262	4956161.612427712	137449903.79102033	0	0.13	False	0	0	0.19090909090909092	False	3200000.0	28	7.946588354594359	2069	1967	True
140	0.68	734672000.0	146871723.56164384	881543723.5616438	9873289.703890411	True	56	77	238	2.03	409	39	151578000.0	507570000	659148000.0	525	27860000	17273200.0	0	0	17320800	4216000	3199200.0	10020500	1054000	323235	18812935.0	9873289.703890411	28686224.703890413	0.37776977911646586	True	20722800.0	864000000.0	45000000.0	66521561.53780197	4910150.774593204	137154512.3123952	0	0.13	False	0	0	0.19090909090909092	False	3200000.0	28	7.919233516404996	2062	1959	True
141	0.68	734672000.0	146771232.60273972	881443232.6027397	9872164.205150684	True	56	77	238	2.03	409	39	151578000.0	507570000	659148000.0	525	27860000	17273200.0	0	0	17262000	4216000	3199200.0	10020500	1054000	321915	18811615.0	9872164.205150684	28683779.205150686	0.3777432730923695	True	20713000.0	864000000.0	45000000.0	66292571.87950184	4864298.3215859635	136869870.2010878	0	0.13	False	0	0	0.19090909090909092	False	3200000.0	28	7.891972842797838	2055	1951	True
142	0.68	734672000.0	146670741.6438356	881342741.6438355	9871038.706410958	True	56	77	238	2.03	409	39	151578000.0	507570000	659148000.0	525	27860000	17273200.0	0	0	17194800	4216000	3199200.0	10020500	1054000	320595	18810295.0	9871038.706410958	28681333.70641096	0.3777167670682731	True	20693400.0	864000000.0	45000000.0	66064370.48086363	4818603.70819198	136576374.18905562	0	0.13	False	0	0	0.19090909090909092	False	3200000.0	28	7.864806009626623	2047	1943	True
143	0.68	734672000.0	146570250.68493152	881242250.6849315	9869913.207671233	True	56	77	238	2.03	409	38	151578000.0	507140000	658718000.0	524	27766000	17214920.0	0	0	17136000	4216000	3199200.0	10020500	1054000	319275	18808975.0	9869913.207671233	28678888.207671233	0.3776902610441767	True	20625320.0	864000000.0	45000000.0	65836954.628431626	4773066.391074047	136235341.01950568	0	0.13	False	0	0	0.19090909090909092	False	3200000.0	28	7.837732693860908	2040	1935	True
144	0.68	734672000.0	146469759.7260274	881141759.7260274	9868787.708931506	True	56	77	238	2.03	409	38	151578000.0	507140000	658718000.0	524	27766000	17214920.0	0	0	17077200	4216000	3199200.0	10020500	1054000	317955	18807655.0	9868787.708931506	28676442.708931506	0.3776637550200803	True	20605720.0	864000000.0	45000000.0	65610321.618090786	4727685.828765321	135943727.4468561	0	0.13	False	0	0	0.19090909090909092	False	3200000.0	28	7.810752573582236	2033	1927	True
145	0.68	734672000.0	146369268.76712328	881041268.7671232	9867662.21019178	True	56	77	238	2.03	409	38	151578000.0	507140000	658718000.0	524	27766000	17214920.0	0	0	17018400	4216000	3199200.0	10020500	1054000	316635	18806335.0	9867662.21019178	28673997.21019178	0.37763724899598394	True	20595920.0	864000000.0	45000000.0	65384468.75503448	4682461.481662856	135662850.23669735	0	0.13	False	0	0	0.19090909090909092	False	3200000.0	28	7.783865327980295	2026	1919	True
146	0.68	734672000.0	146268777.80821916	880940777.8082192	9866536.711452056	True	56	77	238	2.03	409	38	151578000.0	507140000	658718000.0	524	27766000	17214920.0	0	0	16959600	4216000	3199200.0	10020500	1054000	315315	18805015.0	9866536.711452056	28671551.711452056	0.37761074297188757	True	20576320.0	864000000.0	45000000.0	65159393.35373256	4637392.81202121	135373106.16575375	0	0.13	False	0	0	0.19090909090909092	False	3200000.0	28	7.7570706373491145	2019	1911	True
147	0.68	734672000.0	146168286.84931505	880840286.849315	9865411.212712329	True	56	77	238	2.03	409	38	151578000.0	507140000	658718000.0	524	27766000	17214920.0	0	0	16900800	4216000	3199200.0	10020500	1054000	313995	18803695.0	9865411.212712329	28669106.21271233	0.37758423694779114	True	20566520.0	864000000.0	45000000.0	64935092.73789935	4592479.283946035	135094092.02184537	0	0.13	False	0	0	0.19090909090909092	False	3200000.0	28	7.730368183083256	2012	1903	True
148	0.68	734672000.0	146067795.89041093	880739795.8904109	9864285.713972602	True	56	77	238	2.03	409	38	151578000.0	507140000	658718000.0	524	27766000	17214920.0	0	0	16850400	4216000	3199200.0	10020500	1054000	312675	18802375.0	9864285.713972602	28666660.713972602	0.37755773092369477	True	20556720.0	864000000.0	45000000.0	64711564.24046188	4547720.363387725	134816004.60384962	0	0.13	False	0	0	0.19090909090909092	False	3200000.0	28	7.703757647674034	2006	1895	True
149	0.68	734672000.0	145967304.93150684	880639304.9315069	9863160.215232877	True	56	77	238	2.03	409	38	151578000.0	507140000	658718000.0	524	27766000	17214920.0	0	0	16791600	4216000	3199200.0	10020500	1054000	311355	18801055.0	9863160.215232877	28664215.21523288	0.3775312248995984	True	20537120.0	864000000.0	45000000.0	64488805.20352813	4503115.518135036	134529040.72166318	0	0.13	False	0	0	0.19090909090909092	False	3200000.0	28	7.677238714705729	1999	1887	True
150	0.68	734672000.0	145866813.97260273	880538813.9726027	9862034.71649315	True	56	77	238	2.03	409	37	151578000.0	506710000	658288000.0	523	27672000	17156640.0	0	0	16732800	4216000	3199200.0	10020500	1054000	310035	18799735.0	9862034.71649315	28661769.716493152	0.377504718875502	True	20469040.0	864000000.0	45000000.0	64266812.978355415	4458664.217808789	134194517.19616419	0	0.13	False	0	0	0.19090909090909092	False	3200000.0	28	7.650811068851836	1992	1879	True
151	0.68	734672000.0	145766323.0136986	880438323.0136986	9860909.217753423	True	56	77	238	2.03	409	37	151578000.0	506710000	658288000.0	523	27672000	17156640.0	0	0	16674000	4216000	3199200.0	10020500	1054000	308715	18798415.0	9860909.217753423	28659324.217753425	0.37747821285140565	True	20449440.0	864000000.0	45000000.0	64045584.92531897	4414365.933855536	133909390.8591745	0	0.13	False	0	0	0.19090909090909092	False	3200000.0	28	7.624474395871306	1985	1871	True
152	0.68	734672000.0	145665832.05479452	880337832.0547945	9859783.719013698	True	56	77	238	2.03	409	37	151578000.0	506710000	658288000.0	523	27672000	17156640.0	0	0	16615200	4216000	3199200.0	10020500	1054000	307395	18797095.0	9859783.719013698	28656878.7190137	0.3774517068273092	True	20439640.0	864000000.0	45000000.0	63825118.413880475	4370220.139541304	133634978.55342177	0	0.13	False	0	0	0.19090909090909092	False	3200000.0	28	7.598228382604818	1978	1863	True
153	0.68	734672000.0	145565341.0958904	880237341.0958904	9858658.220273972	True	56	77	238	2.03	409	37	151578000.0	506710000	658288000.0	523	27672000	17156640.0	0	0	16556400	4216000	3199200.0	10020500	1054000	306075	18795775.0	9858658.220273972	28654433.22027397	0.37742520080321285	True	20420040.0	864000000.0	45000000.0	63605410.82255679	4326226.309945299	133351677.1325021	0	0.13	False	0	0	0.19090909090909092	False	3200000.0	28	7.5720727169710464	1971	1855	True
154	0.68	734672000.0	145464850.1369863	880136850.1369863	9857532.721534247	True	56	77	238	2.03	409	37	151578000.0	506710000	658288000.0	523	27672000	17156640.0	0	0	16497600	4216000	3199200.0	10020500	1054000	304755	18794455.0	9857532.721534247	28651987.721534245	0.3773986947791165	True	20410240.0	864000000.0	45000000.0	63386459.538888864	4282383.921953697	133079083.46084256	0	0.13	False	0	0	0.19090909090909092	False	3200000.0	28	7.546007087962959	1964	1847	True
155	0.68	734672000.0	145376920.5479452	880048920.5479453	9856547.910136987	True	56	77	238	2.03	409	37	151578000.0	506710000	658288000.0	523	27672000	17156640.0	0	0	16447200	4216000	3199200.0	10020500	1054000	303600	18793300.0	9856547.910136987	28649847.910136987	0.3773755020080321	True	20400440.0	864000000.0	45000000.0	63168261.95941055	4238692.4542534	132807394.41366395	0	0.13	False	0	0	0.19090909090909092	False	3200000.0	28	7.520031185644114	1958	1840	True
156	0.68	734672000.0	145276429.58904108	879948429.5890411	9855422.41139726	True	56	77	238	2.03	409	37	151578000.0	506710000	658288000.0	523	27672000	17156640.0	0	0	16388400	4216000	3199200.0	10020500	1054000	302280	18791980.0	9855422.41139726	28647402.41139726	0.37734899598393573	True	20380840.0	864000000.0	45000000.0	62950815.48961777	4195151.387325844	132526806.8769436	0	0.13	False	0	0	0.19090909090909092	False	3200000.0	28	7.494144701144973	1951	1832	True
157	0.68	734672000.0	145175938.63013697	879847938.630137	9854296.912657535	True	56	77	238	2.03	409	37	151578000.0	506710000	658288000.0	523	27672000	17156640.0	0	0	16329600	4216000	3199200.0	10020500	1054000	300960	18790660.0	9854296.912657535	28644956.912657537	0.37732248995983936	True	20371040.0	864000000.0	45000000.0	62734117.54393754	4151760.2034408264	132256917.74737836	0	0.13	False	0	0	0.19090909090909092	False	3200000.0	28	7.468347326659231	1944	1824	True
158	0.68	734672000.0	145075447.67123288	879747447.6712329	9853171.41391781	True	56	77	238	2.03	409	36	151578000.0	506280000	657858000.0	522	27578000	17098360.0	0	0	16279200	4216000	3199200.0	10020500	1054000	299640	18789340.0	9853171.41391781	28642511.41391781	0.377295983935743	True	20293160.0	864000000.0	45000000.0	62518165.54569734	4108518.3866503476	131919843.93234769	0	0.13	False	0	0	0.19090909090909092	False	3200000.0	28	7.442638755440159	1938	1816	True
159	0.68	734672000.0	144987518.08219177	879659518.0821917	9852186.602520548	True	56	77	238	2.03	409	36	151578000.0	506280000	657858000.0	522	27578000	17098360.0	0	0	16220400	4216000	3199200.0	10020500	1054000	298485	18788185.0	9852186.602520548	28640371.602520548	0.3772727911646586	True	20283360.0	864000000.0	45000000.0	62302956.9270944	4065425.4227824747	131651742.34987688	0	0.13	False	0	0	0.19090909090909092	False	3200000.0	28	7.417018681796953	1931	1809	True
160	0.68	734672000.0	144887027.12328768	879559027.1232877	9851061.103780821	True	56	77	238	2.03	409	36	151578000.0	506280000	657858000.0	522	27578000	17098360.0	0	0	16161600	4216000	3199200.0	10020500	1054000	297165	18786865.0	9851061.103780821	28637926.10378082	0.37724628514056224	True	20273560.0	864000000.0	45000000.0	62088489.129165225	4022480.7994352267	131384529.92860046	0	0.13	False	0	0	0.19090909090909092	False	3200000.0	28	7.391486801091098	1924	1801	True
161	0.68	734672000.0	144799097.53424656	879471097.5342466	9850076.29238356	True	56	77	238	2.03	409	36	151578000.0	506280000	657858000.0	522	27578000	17098360.0	0	0	16111200	4216000	3199200.0	10020500	1054000	296010	18785710.0	9850076.29238356	28635786.29238356	0.37722309236947793	True	20253960.0	864000000.0	45000000.0	61874759.60175508	3979684.005970482	131108403.60772556	0	0.13	False	0	0	0.19090909090909092	False	3200000.0	28	7.366042809732748	1918	1794	True
162	0.68	734672000.0	144698606.57534245	879370606.5753424	9848950.793643834	True	56	77	238	2.03	409	36	151578000.0	506280000	657858000.0	522	27578000	17098360.0	0	0	16052400	4216000	3199200.0	10020500	1054000	294690	18784390.0	9848950.793643834	28633340.793643832	0.3771965863453815	True	20244160.0	864000000.0	45000000.0	61661765.80348776	3937034.5335079073	130842960.33699568	0	0.13	False	0	0	0.19090909090909092	False	3200000.0	28	7.340686405177115	1911	1786	True
163	0.68	734672000.0	144598115.61643836	879270115.6164384	9847825.29490411	True	56	77	238	2.03	409	36	151578000.0	506280000	657858000.0	522	27578000	17098360.0	0	0	15993600	4216000	3199200.0	10020500	1054000	293370	18783070.0	9847825.29490411	28630895.29490411	0.37717008032128513	True	20234360.0	864000000.0	45000000.0	61449505.201735355	3894531.8749189125	130578397.07665426	0	0.13	False	0	0	0.19090909090909092	False	3200000.0	28	7.3154172859208755	1904	1778	True
164	0.68	734672000.0	144510186.02739727	879182186.0273973	9846840.483506849	True	56	77	238	2.03	409	36	151578000.0	506280000	657858000.0	522	27578000	17098360.0	0	0	15943200	4216000	3199200.0	10020500	1054000	292215	18781915.0	9846840.483506849	28628755.48350685	0.3771468875502008	True	20214760.0	864000000.0	45000000.0	61237975.272588074	3852175.524820613	130304910.79740869	0	0.13	False	0	0	0.19090909090909092	False	3200000.0	28	7.290235151498581	1898	1771	True
165	0.68	734672000.0	144409695.06849316	879081695.0684931	9845714.984767122	True	56	77	238	2.03	409	36	151578000.0	506280000	657858000.0	522	27578000	17098360.0	0	0	15884400	4216000	3199200.0	10020500	1054000	290895	18780595.0	9845714.984767122	28626309.984767124	0.37712038152610444	True	20204960.0	864000000.0	45000000.0	61027173.500824295	3809964.979569817	130042098.48039412	0	0.13	False	0	0	0.19090909090909092	False	3200000.0	28	7.2651397024790825	1891	1763	True
166	0.68	734672000.0	144321765.47945204	878993765.479452	9844730.173369862	True	56	77	238	2.03	409	35	151578000.0	505850000	657428000.0	521	27484000	17040080.0	0	0	15834000	4216000	3199200.0	10020500	1054000	289740	18779440.0	9844730.173369862	28624170.173369862	0.3770971887550201	True	20136880.0	864000000.0	45000000.0	60817097.37988064	3767899.7372570504	129721877.11713769	0	0.13	False	0	0	0.19090909090909092	False	3200000.0	28	7.24013064046198	1885	1756	True
167	0.68	734672000.0	144221274.52054793	878893274.5205479	9843604.674630135	True	56	77	238	2.03	409	35	151578000.0	505850000	657428000.0	521	27484000	17040080.0	0	0	15775200	4216000	3199200.0	10020500	1054000	288420	18778120.0	9843604.674630135	28621724.674630135	0.3770706827309237	True	20117280.0	864000000.0	45000000.0	60607744.41182215	3725979.297700577	129451003.70952272	0	0.13	False	0	0	0.19090909090909092	False	3200000.0	28	7.215207668074065	1878	1748	True
168	0.68	734672000.0	144133344.93150684	878805344.9315069	9842619.863232877	True	56	77	238	2.03	409	35	151578000.0	505850000	657428000.0	521	27484000	17040080.0	0	0	15724800	4216000	3199200.0	10020500	1054000	287265	18776965.0	9842619.863232877	28619584.863232877	0.37704748995983933	True	20107480.0	864000000.0	45000000.0	60399112.1073126	3684203.162440452	129190795.26975304	0	0.13	False	0	0	0.19090909090909092	False	3200000.0	28	7.190370488965786	1872	1741	True
169	0.68	734672000.0	144032853.97260275	878704853.9726027	9841494.36449315	True	56	77	238	2.03	409	35	151578000.0	505850000	657428000.0	521	27484000	17040080.0	0	0	15666000	4216000	3199200.0	10020500	1054000	285945	18775645.0	9841494.36449315	28617139.36449315	0.37702098393574296	True	20087880.0	864000000.0	45000000.0	60191197.98558494	3642570.8347326024	128921648.82031755	0	0.13	False	0	0	0.19090909090909092	False	3200000.0	28	7.16561880780773	1865	1733	True
170	0.68	734672000.0	143944924.38356164	878616924.3835616	9840509.55309589	True	56	77	238	2.03	409	35	151578000.0	505850000	657428000.0	521	27484000	17040080.0	0	0	15615600	4216000	3199200.0	10020500	1054000	284790	18774490.0	9840509.55309589	28614999.553095892	0.37699779116465865	True	20078080.0	864000000.0	45000000.0	59983999.5744117	3601081.819542913	128663161.3939546	0	0.13	False	0	0	0.19090909090909092	False	3200000.0	28	7.1409523302871065	1859	1726	True
171	0.68	734672000.0	143856994.79452056	878528994.7945206	9839524.74169863	True	56	77	238	2.03	409	35	151578000.0	505850000	657428000.0	521	27484000	17040080.0	0	0	15565200	4216000	3199200.0	10020500	1054000	283635	18773335.0	9839524.74169863	28612859.74169863	0.3769745983935743	True	20068280.0	864000000.0	45000000.0	59777514.4100757	3559735.6235413495	128405530.03361705	0	0.13	False	0	0	0.19090909090909092	False	3200000.0	28	7.116370763104251	1853	1719	True
172	0.68	734672000.0	143756503.83561644	878428503.8356165	9838399.242958905	True	56	77	238	2.03	409	35	151578000.0	505850000	657428000.0	521	27484000	17040080.0	0	0	15506400	4216000	3199200.0	10020500	1054000	282315	18772015.0	9838399.242958905	28610414.242958903	0.3769480923694779	True	20048680.0	864000000.0	45000000.0	59571740.0373407	3518531.755096078	128138951.79243678	0	0.13	False	0	0	0.19090909090909092	False	3200000.0	28	7.091873813969131	1846	1711	True
173	0.68	734672000.0	143668574.24657533	878340574.2465754	9837414.431561643	True	56	77	238	2.03	409	35	151578000.0	505850000	657428000.0	521	27484000	17040080.0	0	0	15456000	4216000	3199200.0	10020500	1054000	281160	18770860.0	9837414.431561643	28608274.43156164	0.3769248995983936	True	20038880.0	864000000.0	45000000.0	59366674.00942217	3477469.724267631	127883023.7336898	0	0.13	False	0	0	0.19090909090909092	False	3200000.0	28	7.067461191597878	1840	1704	True
174	0.68	734672000.0	143580644.65753424	878252644.6575342	9836429.620164383	True	56	77	238	2.03	409	34	151578000.0	505420000	656998000.0	520	27390000	16981800.0	0	0	15405600	4216000	3199200.0	10020500	1054000	280005	18769705.0	9836429.620164383	28606134.620164383	0.3769017068273092	True	19970800.0	864000000.0	45000000.0	59162313.887958266	3436549.042803072	127569662.93076134	0	0.13	False	0	0	0.19090909090909092	False	3200000.0	28	7.043132605709317	1834	1697	True
175	0.68	734672000.0	143480153.69863012	878152153.6986301	9835304.121424656	True	56	77	238	2.03	409	34	151578000.0	505420000	656998000.0	520	27390000	16981800.0	0	0	15346800	4216000	3199200.0	10020500	1054000	278685	18768385.0	9835304.121424656	28603689.121424656	0.37687520080321285	True	19961000.0	864000000.0	45000000.0	58958657.24298083	3395769.2241302095	127315426.46711105	0	0.13	False	0	0	0.19090909090909092	False	3200000.0	28	7.0188877670215275	1827	1689	True
176	0.68	734672000.0	143392224.10958904	878064224.1095891	9834319.310027398	True	56	77	238	2.03	409	34	151578000.0	505420000	656998000.0	520	27390000	16981800.0	0	0	15296400	4216000	3199200.0	10020500	1054000	277530	18767230.0	9834319.310027398	28601549.3100274	0.37685200803212854	True	19941400.0	864000000.0	45000000.0	58755701.65288644	3355129.783351786	127052231.43623823	0	0.13	False	0	0	0.19090909090909092	False	3200000.0	28	6.994726387248386	1821	1682	True
177	0.68	734672000.0	143304294.52054796	877976294.520548	9833334.498630138	True	56	77	238	2.03	409	34	151578000.0	505420000	656998000.0	520	27390000	16981800.0	0	0	15246000	4216000	3199200.0	10020500	1054000	276375	18766075.0	9833334.498630138	28599409.498630136	0.37682881526104417	True	19931600.0	864000000.0	45000000.0	58553444.70440767	3314630.237239726	126799674.94164738	0	0.13	False	0	0	0.19090909090909092	False	3200000.0	28	6.970648179096151	1815	1675	True
178	0.68	734672000.0	143216364.93150684	877888364.9315069	9832349.687232876	True	56	77	238	2.03	409	34	151578000.0	505420000	656998000.0	520	27390000	16981800.0	0	0	15187200	4216000	3199200.0	10020500	1054000	275220	18764920.0	9832349.687232876	28597269.687232874	0.37680562248995986	True	19921800.0	864000000.0	45000000.0	58351883.99258433	3274270.1042293874	126547954.09681372	0	0.13	False	0	0	0.19090909090909092	False	3200000.0	28	6.94665285626004	1808	1668	True
179	0.68	734672000.0	143128435.34246576	877800435.3424658	9831364.875835616	True	56	77	238	2.03	409	34	151578000.0	505420000	656998000.0	520	27390000	16981800.0	0	0	15136800	4216000	3199200.0	10020500	1054000	274065	18763765.0	9831364.875835616	28595129.875835616	0.3767824297188755	True	19902200.0	864000000.0	45000000.0	58151017.120735005	3234048.904413844	126287266.02514885	0	0.13	False	0	0	0.19090909090909092	False	3200000.0	28	6.9227401334208345	1802	1661	True
180	0.68	734672000.0	143040505.75342464	877712505.7534246	9830380.064438356	True	56	77	238	2.03	409	34	151578000.0	505420000	656998000.0	520	27390000	16981800.0	0	0	15086400	4216000	3199200.0	10020500	1054000	272910	18762610.0	9830380.064438356	28592990.064438358	0.3767592369477912	True	19892400.0	864000000.0	45000000.0	57950841.70042839	3193966.159538162	126037207.85996656	0	0.13	False	0	0	0.19090909090909092	False	3200000.0	28	6.898909726241476	1796	1654	True
181	0.68	734672000.0	142940014.79452053	877612014.7945205	9829254.56569863	True	56	77	238	2.03	409	34	151578000.0	505420000	656998000.0	520	27390000	16981800.0	0	0	15036000	4216000	3199200.0	10020500	1054000	271590	18761290.0	9829254.56569863	28590544.56569863	0.3767327309236948	True	19882600.0	864000000.0	45000000.0	57751355.351454996	3154021.392993726	125787976.74444872	0	0.13	False	0	0	0.19090909090909092	False	3200000.0	28	6.8751613513636896	1790	1646	True
182	0.68	734672000.0	142852085.20547944	877524085.2054794	9828269.75430137	True	56	77	238	2.03	409	33	151578000.0	504990000	656568000.0	519	27296000	16923520.0	0	0	14985600	4216000	3199200.0	10020500	1054000	270435	18760135.0	9828269.75430137	28588404.75430137	0.37670953815261043	True	19814520.0	864000000.0	45000000.0	57552555.70179876	3114214.1298125614	125481289.83161134	0	0.13	False	0	0	0.19090909090909092	False	3200000.0	28	6.851494726404614	1784	1639	True
183	0.68	734672000.0	142764155.61643833	877436155.6164384	9827284.94290411	True	56	77	238	2.03	409	33	151578000.0	504990000	656568000.0	519	27296000	16923520.0	0	0	14926800	4216000	3199200.0	10020500	1054000	269280	18758980.0	9827284.94290411	28586264.942904107	0.3766863453815261	True	19794920.0	864000000.0	45000000.0	57354440.38760903	3074543.8966617133	125223904.28427075	0	0.13	False	0	0	0.19090909090909092	False	3200000.0	28	6.827909569953456	1777	1632	True
184	0.68	734672000.0	142676226.02739722	877348226.0273972	9826300.131506847	True	56	77	238	2.03	409	33	151578000.0	504990000	656568000.0	519	27296000	16923520.0	0	0	14876400	4216000	3199200.0	10020500	1054000	268125	18757825.0	9826300.131506847	28584125.131506845	0.37666315261044175	True	19785120.0	864000000.0	45000000.0	57157007.05317218	3035010.221837572	124977137.27500974	0	0.13	False	0	0	0.19090909090909092	False	3200000.0	28	6.804405601568116	1771	1625	True
185	0.68	734672000.0	142588296.43835613	877260296.4383562	9825315.320109589	True	56	77	238	2.03	409	33	151578000.0	504990000	656568000.0	519	27296000	16923520.0	0	0	14826000	4216000	3199200.0	10020500	1054000	266970	18756670.0	9825315.320109589	28581985.32010959	0.37663995983935744	True	19775320.0	864000000.0	45000000.0	56960253.350883834	2995612.635260311	124731185.98614416	0	0.13	False	0	0	0.19090909090909092	False	3200000.0	28	6.780982541771885	1765	1618	True
186	0.68	734672000.0	142500366.84931508	877172366.849315	9824330.508712329	True	56	77	238	2.03	409	33	151578000.0	504990000	656568000.0	519	27296000	16923520.0	0	0	14775600	4216000	3199200.0	10020500	1054000	265815	18755515.0	9824330.508712329	28579845.50871233	0.3766167670682731	True	19755720.0	864000000.0	45000000.0	56764176.941220835	2956350.668468267	124476247.6096891	0	0.13	False	0	0	0.19090909090909092	False	3200000.0	28	6.757640112050099	1759	1611	True
187	0.68	734672000.0	142412437.26027396	877084437.2602739	9823345.697315067	True	56	77	238	2.03	409	33	151578000.0	504990000	656568000.0	519	27296000	16923520.0	0	0	14725200	4216000	3199200.0	10020500	1054000	264660	18754360.0	9823345.697315067	28577705.697315067	0.37659357429718876	True	19745920.0	864000000.0	45000000.0	56568775.492713474	2917223.8546123886	124231919.34732588	0	0.13	False	0	0	0.19090909090909092	False	3200000.0	28	6.734378034846842	1753	1604	True
188	0.68	734672000.0	142324507.67123288	876996507.6712329	9822360.885917809	True	56	77	238	2.03	409	33	151578000.0	504990000	656568000.0	519	27296000	16923520.0	0	0	14674800	4216000	3199200.0	10020500	1054000	263505	18753205.0	9822360.885917809	28575565.88591781	0.3765703815261044	True	19736120.0	864000000.0	45000000.0	56374046.68191771	2878231.728450665	123988398.41036838	0	0.13	False	0	0	0.19090909090909092	False	3200000.0	28	6.711196033561632	1747	1597	True
189	0.68	734672000.0	142236578.08219177	876908578.0821917	9821376.074520547	True	56	77	238	2.03	409	33	151578000.0	504990000	656568000.0	519	27296000	16923520.0	0	0	14624400	4216000	3199200.0	10020500	1054000	262350	18752050.0	9821376.074520547	28573426.074520547	0.3765471887550201	True	19726320.0	864000000.0	45000000.0	56179988.1933876	2839373.8263426116	123745682.01973021	0	0.13	False	0	0	0.19090909090909092	False	3200000.0	28	6.6880938325461425	1741	1590	True
190	0.68	734672000.0	142148648.49315068	876820648.4931507	9820391.263123289	True	56	77	238	2.03	409	33	151578000.0	504990000	656568000.0	519	27296000	16923520.0	0	0	14574000	4216000	3199200.0	10020500	1054000	261195	18750895.0	9820391.263123289	28571286.26312329	0.37652399598393577	True	19706720.0	864000000.0	45000000.0	55986597.71964775	2800649.686243752	123493967.40589151	0	0.13	False	0	0	0.19090909090909092	False	3200000.0	28	6.665071157100923	1735	1583	True
191	0.68	734672000.0	142073280.2739726	876745280.2739726	9819547.139068494	True	56	77	238	2.03	409	32	151578000.0	504560000	656138000.0	518	27202000	16865240.0	0	0	14523600	4216000	3199200.0	10020500	1054000	260205	18749905.0	9819547.139068494	28569452.13906849	0.37650411646586346	True	19638640.0	864000000.0	45000000.0	55793872.961165905	2762058.847700125	123194571.80886602	0	0.13	False	0	0	0.19090909090909092	False	3200000.0	28	6.642127733472131	1729	1577	True
192	0.68	734672000.0	141985350.6849315	876657350.6849315	9818562.327671234	True	56	77	238	2.03	409	32	151578000.0	504560000	656138000.0	518	27202000	16865240.0	0	0	14473200	4216000	3199200.0	10020500	1054000	259050	18748750.0	9818562.327671234	28567312.327671234	0.3764809236947791	True	19628840.0	864000000.0	45000000.0	55601811.62632549	2723600.8518427946	122954252.47816828	0	0.13	False	0	0	0.19090909090909092	False	3200000.0	28	6.6192632888482725	1723	1570	True
193	0.68	734672000.0	141897421.09589037	876569421.0958904	9817577.516273972	True	56	77	238	2.03	409	32	151578000.0	504560000	656138000.0	518	27202000	16865240.0	0	0	14422800	4216000	3199200.0	10020500	1054000	257895	18747595.0	9817577.516273972	28565172.51627397	0.3764577309236948	True	19619040.0	864000000.0	45000000.0	55410411.43139854	2685275.241382422	122714726.67278096	0	0.13	False	0	0	0.19090909090909092	False	3200000.0	28	6.596477551356969	1717	1563	True
194	0.68	734672000.0	141809491.5068493	876481491.5068493	9816592.704876712	True	56	77	238	2.03	409	32	151578000.0	504560000	656138000.0	518	27202000	16865240.0	0	0	14372400	4216000	3199200.0	10020500	1054000	256740	18746440.0	9816592.704876712	28563032.704876713	0.37643453815261047	True	19609240.0	864000000.0	45000000.0	55219670.10051839	2647081.5606038016	122475991.66112219	0	0.13	False	0	0	0.19090909090909092	False	3200000.0	28	6.573770250061713	1711	1556	True
195	0.68	734672000.0	141721561.9178082	876393561.9178082	9815607.893479452	True	56	77	238	2.03	409	32	151578000.0	504560000	656138000.0	518	27202000	16865240.0	0	0	14322000	4216000	3199200.0	10020500	1054000	255585	18745285.0	9815607.893479452	28560892.89347945	0.3764113453815261	True	19589640.0	864000000.0	45000000.0	55029585.36565272	2609019.355360461	122228244.72101317	0	0.13	False	0	0	0.19090909090909092	False	3200000.0	28	6.551141114958657	1705	1549	True
196	0.68	734672000.0	141646193.6986301	876318193.6986301	9814763.769424656	True	56	77	238	2.03	409	32	151578000.0	504560000	656138000.0	518	27202000	16865240.0	0	0	14280000	4216000	3199200.0	10020500	1054000	254595	18744295.0	9814763.769424656	28559058.769424655	0.3763914658634538	True	19579840.0	864000000.0	45000000.0	54840154.966576494	2571088.1730692466	121991083.13964574	0	0.13	False	0	0	0.19090909090909092	False	3200000.0	28	6.528589876973393	1700	1543	True
197	0.68	734672000.0	141558264.109589	876230264.109589	9813778.958027396	True	56	77	238	2.03	409	32	151578000.0	504560000	656138000.0	518	27202000	16865240.0	0	0	14229600	4216000	3199200.0	10020500	1054000	253440	18743140.0	9813778.958027396	28556918.958027396	0.3763682730923695	True	19570040.0	864000000.0	45000000.0	54651376.6508452	2533287.5627049557	121754704.21355015	0	0.13	False	0	0	0.19090909090909092	False	3200000.0	28	6.506116267957762	1694	1536	True
198	0.68	734672000.0	141470334.5205479	876142334.5205479	9812794.146630136	True	56	77	238	2.03	409	32	151578000.0	504560000	656138000.0	518	27202000	16865240.0	0	0	14179200	4216000	3199200.0	10020500	1054000	252285	18741985.0	9812794.146630136	28554779.14663014	0.37634508032128516	True	19560240.0	864000000.0	45000000.0	54463248.17376792	2495617.0747949565	121519105.24856289	0	0.13	False	0	0	0.19090909090909092	False	3200000.0	28	6.483720020686657	1688	1529	True
199	0.68	734672000.0	141382404.93150684	876054404.9315069	9811809.335232876	True	56	77	238	2.03	409	32	151578000.0	504560000	656138000.0	518	27202000	16865240.0	0	0	14128800	4216000	3199200.0	10020500	1054000	251130	18740830.0	9811809.335232876	28552639.335232876	0.3763218875502008	True	19540640.0	864000000.0	45000000.0	54275767.298380785	2458076.261413866	121274483.55979466	0	0.13	False	0	0	0.19090909090909092	False	3200000.0	28	6.461400868854855	1682	1522	True
200	0.68	734672000.0	141307036.71232876	875979036.7123288	9810965.211178083	True	56	77	238	2.03	409	31	151578000.0	504130000	655708000.0	517	27108000	16806960.0	0	0	14078400	4216000	3199200.0	10020500	1054000	250140	18739840.0	9810965.211178083	28550805.211178083	0.3763020080321285	True	19472560.0	864000000.0	45000000.0	54088931.795420274	2420664.6761782025	120982156.47159848	0	0.13	False	0	0	0.19090909090909092	False	3200000.0	28	6.439158547073842	1676	1516	True
201	0.68	734672000.0	141219107.12328765	875891107.1232877	9809980.399780821	True	56	77	238	2.03	409	31	151578000.0	504130000	655708000.0	517	27108000	16806960.0	0	0	14028000	4216000	3199200.0	10020500	1054000	248985	18738685.0	9809980.399780821	28548665.39978082	0.3762788152610442	True	19462760.0	864000000.0	45000000.0	53902739.44329675	2383381.8742410876	120748881.31753784	0	0.13	False	0	0	0.19090909090909092	False	3200000.0	28	6.416992790868661	1670	1509	True
202	0.68	734672000.0	141143738.90410957	875815738.9041096	9809136.275726028	True	56	77	238	2.03	409	31	151578000.0	504130000	655708000.0	517	27108000	16806960.0	0	0	13986000	4216000	3199200.0	10020500	1054000	247995	18737695.0	9809136.275726028	28546831.275726028	0.37625893574297187	True	19452960.0	864000000.0	45000000.0	53717188.028068066	2346227.412286962	120516375.44035503	0	0.13	False	0	0	0.19090909090909092	False	3200000.0	28	6.394903336674769	1665	1503	True
203	0.68	734672000.0	141055809.31506848	875727809.3150685	9808151.464328768	True	56	77	238	2.03	409	31	151578000.0	504130000	655708000.0	517	27108000	16806960.0	0	0	13935600	4216000	3199200.0	10020500	1054000	246840	18736540.0	9808151.464328768	28544691.464328766	0.37623574297188755	True	19443160.0	864000000.0	45000000.0	53532275.34341315	2309200.8485263013	120284636.19193944	0	0.13	False	0	0	0.19090909090909092	False	3200000.0	28	6.3728899218349	1659	1496	True
204	0.68	734672000.0	140967879.72602737	875639879.7260274	9807166.652931506	True	56	77	238	2.03	409	31	151578000.0	504130000	655708000.0	517	27108000	16806960.0	0	0	13885200	4216000	3199200.0	10020500	1054000	245685	18735385.0	9807166.652931506	28542551.652931504	0.3762125502008032	True	19433360.0	864000000.0	45000000.0	53347999.19060591	2272301.7426903723	120053660.93329628	0	0.13	False	0	0	0.19090909090909092	False	3200000.0	28	6.350952284595941	1653	1489	True
205	0.68	734672000.0	140892511.5068493	875564511.5068493	9806322.528876713	True	56	77	238	2.03	409	31	151578000.0	504130000	655708000.0	517	27108000	16806960.0	0	0	13843200	4216000	3199200.0	10020500	1054000	244695	18734395.0	9806322.528876713	28540717.528876714	0.37619267068273093	True	19413760.0	864000000.0	45000000.0	53164357.37848893	2235529.6560259974	119813647.03451492	0	0.13	False	0	0	0.19090909090909092	False	3200000.0	28	6.329090164105825	1648	1483	True
206	0.68	734672000.0	140804581.9178082	875476581.9178082	9805337.71747945	True	56	77	238	2.03	409	31	151578000.0	504130000	655708000.0	517	27108000	16806960.0	0	0	13792800	4216000	3199200.0	10020500	1054000	243540	18733240.0	9805337.71747945	28538577.717479452	0.37616947791164657	True	19403960.0	864000000.0	45000000.0	52981347.72344755	2198884.1512903315	119584191.87473787	0	0.13	False	0	0	0.19090909090909092	False	3200000.0	28	6.307303300410423	1642	1476	True
207	0.68	734672000.0	140729213.69863012	875401213.6986301	9804493.593424657	True	56	77	238	2.03	409	31	151578000.0	504130000	655708000.0	517	27108000	16806960.0	0	0	13742400	4216000	3199200.0	10020500	1054000	242550	18732250.0	9804493.593424657	28536743.593424655	0.3761495983935743	True	19394160.0	864000000.0	45000000.0	52798968.049383864	2162364.792745673	119355492.84212954	0	0.13	False	0	0	0.19090909090909092	False	3200000.0	28	6.28559143445046	1636	1470	True
208	0.68	734672000.0	140641284.10958904	875313284.1095891	9803508.782027397	True	56	77	238	2.03	409	31	151578000.0	504130000	655708000.0	517	27108000	16806960.0	0	0	13700400	4216000	3199200.0	10020500	1054000	241395	18731095.0	9803508.782027397	28534603.782027397	0.37612640562248995	True	19384360.0	864000000.0	45000000.0	52617216.18769076	2125971.1461542677	119127547.33384503	0	0.13	False	0	0	0.19090909090909092	False	3200000.0	28	6.263954308058423	1631	1463	True
209	0.68	734672000.0	140565915.89041093	875237915.8904109	9802664.657972602	True	56	77	238	2.03	409	30	151578000.0	503700000	655278000.0	516	27014000	16748680.0	0	0	13650000	4216000	3199200.0	10020500	1054000	240405	18730105.0	9802664.657972602	28532769.657972604	0.3761065261044177	True	19316280.0	864000000.0	45000000.0	52436089.97722624	2089702.77877316	118842072.7559994	0	0.13	False	0	0	0.19090909090909092	False	3200000.0	28	6.242391663955505	1625	1457	True
210	0.68	734672000.0	140477986.30136985	875149986.3013699	9801679.846575342	True	56	77	238	2.03	409	30	151578000.0	503700000	655278000.0	516	27014000	16748680.0	0	0	13599600	4216000	3199200.0	10020500	1054000	239250	18728950.0	9801679.846575342	28530629.846575342	0.3760833333333333	True	19306480.0	864000000.0	45000000.0	52255587.26428772	2053559.2593490407	118615626.52363676	0	0.13	False	0	0	0.19090909090909092	False	3200000.0	28	6.220903245748538	1619	1450	True
211	0.68	734672000.0	140402618.08219177	875074618.0821917	9800835.722520547	True	56	77	238	2.03	409	30	151578000.0	503700000	655278000.0	516	27014000	16748680.0	0	0	13557600	4216000	3199200.0	10020500	1054000	238260	18727960.0	9800835.722520547	28528795.722520545	0.376063453815261	True	19286880.0	864000000.0	45000000.0	52075705.90258634	2017540.1581131208	118380126.06069946	0	0.13	False	0	0	0.19090909090909092	False	3200000.0	28	6.199488797926945	1614	1444	True
212	0.68	734672000.0	140327249.8630137	874999249.8630137	9799991.598465754	True	56	77	238	2.03	409	30	151578000.0	503700000	655278000.0	516	27014000	16748680.0	0	0	13507200	4216000	3199200.0	10020500	1054000	237270	18726970.0	9799991.598465754	28526961.598465756	0.37604357429718877	True	19277080.0	864000000.0	45000000.0	51896443.753221504	1981645.0467760202	118155168.79999754	0	0.13	False	0	0	0.19090909090909092	False	3200000.0	28	6.178148065859703	1608	1438	True
213	0.68	734672000.0	140239320.2739726	874911320.2739726	9799006.787068494	True	56	77	238	2.03	409	30	151578000.0	503700000	655278000.0	516	27014000	16748680.0	0	0	13465200	4216000	3199200.0	10020500	1054000	236115	18725815.0	9799006.787068494	28524821.787068494	0.3760203815261044	True	19267280.0	864000000.0	45000000.0	51717798.68465544	1945873.4985226735	117930952.18317811	0	0.13	False	0	0	0.19090909090909092	False	3200000.0	28	6.156880795792315	1603	1431	True
214	0.68	734672000.0	140163952.05479452	874835952.0547945	9798162.663013699	True	56	77	238	2.03	409	30	151578000.0	503700000	655278000.0	516	27014000	16748680.0	0	0	13414800	4216000	3199200.0	10020500	1054000	235125	18724825.0	9798162.663013699	28522987.663013697	0.37600050200803214	True	19257480.0	864000000.0	45000000.0	51539768.57268784	1910225.0880072564	117707473.66069509	0	0.13	False	0	0	0.19090909090909092	False	3200000.0	28	6.135686734843791	1597	1425	True
215	0.68	734672000.0	140076022.46575344	874748022.4657534	9797177.851616438	True	56	77	238	2.03	409	30	151578000.0	503700000	655278000.0	516	27014000	16748680.0	0	0	13372800	4216000	3199200.0	10020500	1054000	233970	18723670.0	9797177.851616438	28520847.85161644	0.3759773092369478	True	19247680.0	864000000.0	45000000.0	51362351.30043062	1874699.391348132	117484730.69177876	0	0.13	False	0	0	0.19090909090909092	False	3200000.0	28	6.114565631003646	1592	1418	True
216	0.68	734672000.0	140000654.24657533	874672654.2465754	9796333.727561643	True	56	77	238	2.03	409	30	151578000.0	503700000	655278000.0	516	27014000	16748680.0	0	0	13322400	4216000	3199200.0	10020500	1054000	232980	18722680.0	9796333.727561643	28519013.727561645	0.3759574297188755	True	19237880.0	864000000.0	45000000.0	51185544.75828273	1839295.986122803	117262720.74440552	0	0.13	False	0	0	0.19090909090909092	False	3200000.0	28	6.093517233128896	1586	1412	True
217	0.68	734672000.0	139925286.02739725	874597286.0273973	9795489.60350685	True	56	77	238	2.03	409	30	151578000.0	503700000	655278000.0	516	27014000	16748680.0	0	0	13280400	4216000	3199200.0	10020500	1054000	231990	18721690.0	9795489.60350685	28517179.60350685	0.3759375502008032	True	19228080.0	864000000.0	45000000.0	51009346.84390507	1804014.4513628958	117041441.29526795	0	0.13	False	0	0	0.19090909090909092	False	3200000.0	28	6.072541290941079	1581	1406	True
218	0.68	734672000.0	139849917.80821916	874521917.8082192	9794645.479452055	True	56	77	238	2.03	409	30	151578000.0	503700000	655278000.0	516	27014000	16748680.0	0	0	13230000	4216000	3199200.0	10020500	1054000	231000	18720700.0	9794645.479452055	28515345.479452055	0.3759176706827309	True	19218280.0	864000000.0	45000000.0	50833755.46219554	1768854.3675491544	116820889.8297447	0	0.13	False	0	0	0.19090909090909092	False	3200000.0	28	6.051637555023278	1575	1400	True
219	0.68	734672000.0	139761988.21917805	874433988.2191781	9793660.668054795	True	56	77	238	2.03	409	29	151578000.0	503270000	654848000.0	515	26920000	16690400.0	0	0	13188000	4216000	3199200.0	10020500	1054000	229845	18719545.0	9793660.668054795	28513205.668054797	0.3758944779116466	True	19140400.0	864000000.0	45000000.0	50658768.52526403	1733815.3166064406	116532983.84187047	0	0.13	False	0	0	0.19090909090909092	False	3200000.0	28	6.030805776817147	1570	1393	True
220	0.68	734672000.0	139686620.0	874358620.0	9792816.544	True	56	77	238	2.03	409	29	151578000.0	503270000	654848000.0	515	26920000	16690400.0	0	0	13146000	4216000	3199200.0	10020500	1054000	228855	18718555.0	9792816.544	28511371.544	0.3758745983935743	True	19130600.0	864000000.0	45000000.0	50484383.95240768	1698896.8818987755	116313880.83430646	0	0.13	False	0	0	0.19090909090909092	False	3200000.0	28	6.010045708619962	1565	1387	True
221	0.68	734672000.0	139611251.78082192	874283251.7808219	9791972.419945205	True	56	77	238	2.03	409	29	151578000.0	503270000	654848000.0	515	26920000	16690400.0	0	0	13095600	4216000	3199200.0	10020500	1054000	227865	18717565.0	9791972.419945205	28509537.419945203	0.375854718875502	True	19120800.0	864000000.0	45000000.0	50310599.67008616	1664098.648224395	116095498.31831056	0	0.13	False	0	0	0.19090909090909092	False	3200000.0	28	5.9893571035816855	1559	1381	True
222	0.68	734672000.0	139535883.5616438	874207883.5616438	9791128.295890411	True	56	77	238	2.03	409	29	151578000.0	503270000	654848000.0	515	26920000	16690400.0	0	0	13053600	4216000	3199200.0	10020500	1054000	226875	18716575.0	9791128.295890411	28507703.295890413	0.37583483935742973	True	19111000.0	864000000.0	45000000.0	50137413.61189687	1629420.201810779	115877833.81370765	0	0.13	False	0	0	0.19090909090909092	False	3200000.0	28	5.968739715702009	1554	1375	True
223	0.68	734672000.0	139460515.34246573	874132515.3424658	9790284.171835616	True	56	77	238	2.03	409	29	151578000.0	503270000	654848000.0	515	26920000	16690400.0	0	0	13003200	4216000	3199200.0	10020500	1054000	225885	18715585.0	9790284.171835616	28505869.171835616	0.3758149598393574	True	19101200.0	864000000.0	45000000.0	49964823.71855055	1594861.1303097648	115660884.84886031	0	0.13	False	0	0	0.19090909090909092	False	3200000.0	28	5.948193299827446	1548	1369	True
224	0.68	734672000.0	139385147.12328765	874057147.1232877	9789440.047780821	True	56	77	238	2.03	409	29	151578000.0	503270000	654848000.0	515	26920000	16690400.0	0	0	12961200	4216000	3199200.0	10020500	1054000	224895	18714595.0	9789440.047780821	28504035.04778082	0.3757950803212851	True	19091400.0	864000000.0	45000000.0	49792827.93784662	1560421.022792622	115444648.96063925	0	0.13	False	0	0	0.19090909090909092	False	3200000.0	28	5.927717611648408	1543	1363	True
225	0.68	734672000.0	139297217.53424656	873969217.5342466	9788455.236383561	True	56	77	238	2.03	409	29	151578000.0	503270000	654848000.0	515	26920000	16690400.0	0	0	12919200	4216000	3199200.0	10020500	1054000	223740	18713440.0	9788455.236383561	28501895.23638356	0.3757718875502008	True	19081600.0	864000000.0	45000000.0	49621424.22464898	1526099.4697451885	115229123.69439417	0	0.13	False	0	0	0.19090909090909092	False	3200000.0	28	5.907312407696307	1538	1356	True
226	0.68	734672000.0	139221849.31506848	873893849.3150685	9787611.112328768	True	56	77	238	2.03	409	29	151578000.0	503270000	654848000.0	515	26920000	16690400.0	0	0	12868800	4216000	3199200.0	10020500	1054000	222750	18712450.0	9787611.112328768	28500061.112328768	0.3757520080321285	True	19071800.0	864000000.0	45000000.0	49450610.540861495	1491896.06306298	115014306.60392447	0	0.13	False	0	0	0.19090909090909092	False	3200000.0	28	5.886977445340654	1532	1350	True
227	0.68	734672000.0	139146481.0958904	873818481.0958904	9786766.988273973	True	56	77	238	2.03	409	29	151578000.0	503270000	654848000.0	515	26920000	16690400.0	0	0	12826800	4216000	3199200.0	10020500	1054000	221760	18711460.0	9786766.988273973	28498226.98827397	0.37573212851405624	True	19052200.0	864000000.0	45000000.0	49280384.855403855	1457810.3960463437	114790395.2514502	0	0.13	False	0	0	0.19090909090909092	False	3200000.0	28	5.866712482786173	1527	1344	True
228	0.68	734672000.0	139071112.87671232	873743112.8767123	9785922.864219178	True	56	77	238	2.03	409	28	151578000.0	502840000	654418000.0	514	26826000	16632120.0	0	0	12784800	4216000	3199200.0	10020500	1054000	220770	18710470.0	9785922.864219178	28496392.864219178	0.37571224899598393	True	18984120.0	864000000.0	45000000.0	49110745.14418743	1423842.0633956257	114518707.20758304	0	0.13	False	0	0	0.19090909090909092	False	3200000.0	28	5.846517279069932	1522	1338	True
229	0.68	734672000.0	138995744.65753424	873667744.6575342	9785078.740164384	True	56	77	238	2.03	409	28	151578000.0	502840000	654418000.0	514	26826000	16632120.0	0	0	12742800	4216000	3199200.0	10020500	1054000	219780	18709480.0	9785078.740164384	28494558.740164384	0.3756923694779116	True	18974320.0	864000000.0	45000000.0	48941689.39009119	1389990.6612063556	114306000.05129753	0	0.13	False	0	0	0.19090909090909092	False	3200000.0	28	5.826391594058475	1517	1332	True
230	0.68	734672000.0	138920376.43835616	873592376.4383562	9784234.61610959	True	56	77	238	2.03	409	28	151578000.0	502840000	654418000.0	514	26826000	16632120.0	0	0	12692400	4216000	3199200.0	10020500	1054000	218790	18708490.0	9784234.61610959	28492724.616109587	0.3756724899598394	True	18964520.0	864000000.0	45000000.0	48773215.5829377	1356255.7869644316	114093991.36990213	0	0.13	False	0	0	0.19090909090909092	False	3200000.0	28	5.806335188444965	1511	1326	True
231	0.68	734672000.0	138845008.21917808	873517008.2191781	9783390.492054794	True	56	77	238	2.03	409	28	151578000.0	502840000	654418000.0	514	26826000	16632120.0	0	0	12650400	4216000	3199200.0	10020500	1054000	217800	18707500.0	9783390.492054794	28490890.492054794	0.37565261044176707	True	18954720.0	864000000.0	45000000.0	48605321.719469264	1322637.0395413449	113882678.75901061	0	0.13	False	0	0	0.19090909090909092	False	3200000.0	28	5.786347823746341	1506	1320	True
232	0.68	734672000.0	138769640.0	873441640.0	9782546.368	True	56	77	238	2.03	409	28	151578000.0	502840000	654418000.0	514	26826000	16632120.0	0	0	12608400	4216000	3199200.0	10020500	1054000	216810	18706510.0	9782546.368	28489056.368	0.37563273092369476	True	18944920.0	864000000.0	45000000.0	48438005.80332402	1289134.0191894053	113672059.82251342	0	0.13	False	0	0	0.19090909090909092	False	3200000.0	28	5.766429262300479	1501	1314	True
233	0.68	734672000.0	138694271.78082192	873366271.7808219	9781702.243945206	True	56	77	238	2.03	409	28	151578000.0	502840000	654418000.0	514	26826000	16632120.0	0	0	12566400	4216000	3199200.0	10020500	1054000	215820	18705520.0	9781702.243945206	28487222.243945204	0.3756128514056225	True	18935120.0	864000000.0	45000000.0	48271265.845012315	1255746.3275369888	113462132.17254929	0	0.13	False	0	0	0.19090909090909092	False	3200000.0	28	5.74657926726337	1496	1308	True
234	0.68	734672000.0	138618903.56164384	873290903.5616438	9780858.11989041	True	56	77	238	2.03	409	28	151578000.0	502840000	654418000.0	514	26826000	16632120.0	0	0	12524400	4216000	3199200.0	10020500	1054000	214830	18704530.0	9780858.11989041	28485388.11989041	0.3755929718875502	True	18925320.0	864000000.0	45000000.0	48105099.861892946	1222473.5675838017	113252893.42947674	0	0.13	False	0	0	0.19090909090909092	False	3200000.0	28	5.726797602606303	1491	1302	True
235	0.68	734672000.0	138543535.34246573	873215535.3424658	9780013.995835617	True	56	77	238	2.03	409	28	151578000.0	502840000	654418000.0	514	26826000	16632120.0	0	0	12482400	4216000	3199200.0	10020500	1054000	213840	18703540.0	9780013.995835617	28483553.995835617	0.3755730923694779	True	18915520.0	864000000.0	45000000.0	47939505.87814966	1189315.3436961577	113044341.22184582	0	0.13	False	0	0	0.19090909090909092	False	3200000.0	28	5.707084033113055	1486	1296	True
236	0.68	734672000.0	138480728.49315068	873152728.4931507	9779310.559123287	True	56	77	238	2.03	409	28	151578000.0	502840000	654418000.0	514	26826000	16632120.0	0	0	12440400	4216000	3199200.0	10020500	1054000	213015	18702715.0	9779310.559123287	28482025.559123285	0.3755565261044177	True	18905720.0	864000000.0	45000000.0	47774481.92476762	1156271.2616022786	112836473.1863699	0	0.13	False	0	0	0.19090909090909092	False	3200000.0	28	5.687438324377098	1481	1291	True
237	0.68	734672000.0	138405360.2739726	873077360.2739726	9778466.435068494	True	56	77	238	2.03	409	28	151578000.0	502840000	654418000.0	514	26826000	16632120.0	0	0	12390000	4216000	3199200.0	10020500	1054000	212025	18701725.0	9778466.435068494	28480191.435068496	0.3755366465863454	True	18895920.0	864000000.0	45000000.0	47610026.03950999	1123340.9283875963	112629286.96789758	0	0.13	False	0	0	0.19090909090909092	False	3200000.0	28	5.667860242798809	1475	1285	True
238	0.68	734672000.0	138329992.0547945	873001992.0547945	9777622.311013699	True	56	77	238	2.03	409	28	151578000.0	502840000	654418000.0	514	26826000	16632120.0	0	0	12348000	4216000	3199200.0	10020500	1054000	211035	18700735.0	9777622.311013699	28478357.3110137	0.3755167670682731	True	18886120.0	864000000.0	45000000.0	47446136.266894646	1090523.9524900946	112422780.21938473	0	0.13	False	0	0	0.19090909090909092	False	3200000.0	28	5.648349555582696	1470	1279	True
239	0.68	734672000.0	138254623.8356164	872926623.8356164	9776778.186958903	True	56	77	238	2.03	409	27	151578000.0	502410000	653988000.0	513	26732000	16573840.0	0	0	12306000	4216000	3199200.0	10020500	1054000	210045	18699745.0	9776778.186958903	28476523.1869589	0.37549688755020083	True	18818040.0	864000000.0	45000000.0	47282810.65817088	1057819.9436956441	112158670.60186653	0	0.13	False	0	0	0.19090909090909092	False	3200000.0	28	5.628906030734628	1465	1273	True
240	0.68	734672000.0	138179255.61643836	872851255.6164384	9775934.06290411	True	56	77	238	2.03	409	27	151578000.0	502410000	653988000.0	513	26732000	16573840.0	0	0	12264000	4216000	3199200.0	10020500	1054000	209055	18698755.0	9775934.06290411	28474689.062904112	0.3754770080321285	True	18808240.0	864000000.0	45000000.0	47120047.2712962	1025228.5131333588	111953515.78442957	0	0.13	False	0	0	0.19090909090909092	False	3200000.0	28	5.609529437059072	1460	1267	True
241	0.68	734672000.0	138103887.39726028	872775887.3972603	9775089.938849315	True	56	77	238	2.03	409	27	151578000.0	502410000	653988000.0	513	26732000	16573840.0	0	0	12222000	4216000	3199200.0	10020500	1054000	208065	18697765.0	9775089.938849315	28472854.938849315	0.3754571285140562	True	18788640.0	864000000.0	45000000.0	46957844.170913346	992749.273270983	111739233.44418432	0	0.13	False	0	0	0.19090909090909092	False	3200000.0	28	5.590219544156351	1455	1261	True
242	0.68	734672000.0	138041080.5479452	872713080.5479453	9774386.502136987	True	56	77	238	2.03	409	27	151578000.0	502410000	653988000.0	513	26732000	16573840.0	0	0	12180000	4216000	3199200.0	10020500	1054000	207240	18696940.0	9774386.502136987	28471326.502136987	0.37544056224899597	True	18788640.0	864000000.0	45000000.0	46796199.42832717	960381.8379102746	111545221.26623745	0	0.13	False	0	0	0.19090909090909092	False	3200000.0	28	5.570976122419902	1450	1256	True
243	0.68	734672000.0	137965712.32876712	872637712.3287671	9773542.378082192	True	56	77	238	2.03	409	27	151578000.0	502410000	653988000.0	513	26732000	16573840.0	0	0	12138000	4216000	3199200.0	10020500	1054000	206250	18695950.0	9773542.378082192	28469492.378082193	0.3754206827309237	True	18778840.0	864000000.0	45000000.0	46635111.121481754	928125.8221824187	111342076.94366416	0	0.13	False	0	0	0.19090909090909092	False	3200000.0	28	5.551798943033543	1445	1250	True
244	0.68	734672000.0	137890344.10958904	872562344.1095891	9772698.254027398	True	56	77	238	2.03	409	27	151578000.0	502410000	653988000.0	513	26732000	16573840.0	0	0	12096000	4216000	3199200.0	10020500	1054000	205260	18694960.0	9772698.254027398	28467658.254027396	0.3754008032128514	True	18759240.0	864000000.0	45000000.0	46474577.33493755	895980.842543448	111129798.177481	0	0.13	False	0	0	0.19090909090909092	False	3200000.0	28	5.532687777968756	1440	1244	True
245	0.68	734672000.0	137814975.89041096	872486975.8904109	9771854.129972601	True	56	77	238	2.03	409	27	151578000.0	502410000	653988000.0	513	26732000	16573840.0	0	0	12054000	4216000	3199200.0	10020500	1054000	204270	18693970.0	9771854.129972601	28465824.1299726	0.3753809236947791	True	18749440.0	864000000.0	45000000.0	46314596.159848586	863946.5167696812	110927982.67661826	0	0.13	False	0	0	0.19090909090909092	False	3200000.0	28	5.513642399981975	1435	1238	True
246	0.68	734672000.0	137752169.04109588	872424169.0410959	9771150.693260273	True	56	77	238	2.03	409	27	151578000.0	502410000	653988000.0	513	26732000	16573840.0	0	0	12012000	4216000	3199200.0	10020500	1054000	203445	18693145.0	9771150.693260273	28464295.693260275	0.37536435742971885	True	18739640.0	864000000.0	45000000.0	46155165.69393979	832022.4639531814	110726828.15789297	0	0.13	False	0	0	0.19090909090909092	False	3200000.0	28	5.49466258261188	1430	1233	True
247	0.68	734672000.0	137676800.8219178	872348800.8219178	9770306.56920548	True	56	77	238	2.03	409	27	151578000.0	502410000	653988000.0	513	26732000	16573840.0	0	0	11970000	4216000	3199200.0	10020500	1054000	202455	18692155.0	9770306.56920548	28462461.569205478	0.3753444779116466	True	18729840.0	864000000.0	45000000.0	45996284.04148436	800208.3044972259	110526332.34598158	0	0.13	False	0	0	0.19090909090909092	False	3200000.0	28	5.47574810017671	1425	1227	True
248	0.68	734672000.0	137601432.60273972	872273432.6027397	9769462.445150685	True	56	77	238	2.03	409	27	151578000.0	502410000	653988000.0	513	26732000	16573840.0	0	0	11928000	4216000	3199200.0	10020500	1054000	201465	18691165.0	9769462.445150685	28460627.445150685	0.3753245983935743	True	18720040.0	864000000.0	45000000.0	45837949.31328124	768503.6601117911	110326492.97339302	0	0.13	False	0	0	0.19090909090909092	False	3200000.0	28	5.456898727771576	1420	1221	True
249	0.68	734672000.0	137538625.75342467	872210625.7534246	9768759.008438356	True	56	77	238	2.03	409	26	151578000.0	501980000	653558000.0	512	26638000	16515560.0	0	0	11894400	4216000	3199200.0	10020500	1054000	200640	18690340.0	9768759.008438356	28459099.008438356	0.37530803212851405	True	18651960.0	864000000.0	45000000.0	45680159.6266326	736908.153809053	110069027.78044166	0	0.13	False	0	0	0.19090909090909092	False	3200000.0	28	5.438114241265787	1416	1216	True
250	0.68	734672000.0	137463257.53424656	872135257.5342466	9767914.884383561	True	56	77	238	2.03	409	26	151578000.0	501980000	653558000.0	512	26638000	16515560.0	0	0	11852400	4216000	3199200.0	10020500	1054000	199650	18689350.0	9767914.884383561	28457264.88438356	0.3752881526104418	True	18642160.0	864000000.0	45000000.0	45522913.10532156	705421.4098989114	109870494.51522046	0	0.13	False	0	0	0.19090909090909092	False	3200000.0	28	5.419394417300185	1411	1210	True
251	0.68	734672000.0	137400450.6849315	872072450.6849315	9767211.447671233	True	56	77	238	2.03	409	26	151578000.0	501980000	653558000.0	512	26638000	16515560.0	0	0	11810400	4216000	3199200.0	10020500	1054000	198825	18688525.0	9767211.447671233	28455736.447671235	0.37527158634538155	True	18632360.0	864000000.0	45000000.0	45366207.87958974	674043.053984516	109672610.93357426	0	0.13	False	0	0	0.19090909090909092	False	3200000.0	28	5.400739033284492	1406	1205	True
252	0.68	734672000.0	137325082.46575344	871997082.4657534	9766367.323616438	True	56	77	238	2.03	409	26	151578000.0	501980000	653558000.0	512	26638000	16515560.0	0	0	11768400	4216000	3199200.0	10020500	1054000	197835	18687535.0	9766367.323616438	28453902.323616438	0.37525170682730924	True	18622560.0	864000000.0	45000000.0	45210042.08611514	642772.7129578164	109475374.79907295	0	0.13	False	0	0	0.19090909090909092	False	3200000.0	28	5.382147867394659	1401	1199	True
253	0.68	734672000.0	137249714.24657533	871921714.2465754	9765523.199561644	True	56	77	238	2.03	409	26	151578000.0	501980000	653558000.0	512	26638000	16515560.0	0	0	11726400	4216000	3199200.0	10020500	1054000	196845	18686545.0	9765523.199561644	28452068.199561644	0.37523182730923693	True	18612760.0	864000000.0	45000000.0	45054413.86798993	611610.0149951271	109278783.88298506	0	0.13	False	0	0	0.19090909090909092	False	3200000.0	28	5.36362069857023	1396	1193	True
254	0.68	734672000.0	137186907.39726025	871858907.3972602	9764819.762849314	True	56	77	238	2.03	409	26	151578000.0	501980000	653558000.0	512	26638000	16515560.0	0	0	11684400	4216000	3199200.0	10020500	1054000	196020	18685720.0	9764819.762849314	28450539.762849316	0.3752152610441767	True	18602960.0	864000000.0	45000000.0	44899321.37469841	580554.5895527047	109082835.9642511	0	0.13	False	0	0	0.19090909090909092	False	3200000.0	28	5.345157306511715	1391	1188	True
255	0.68	734672000.0	137111539.17808217	871783539.1780822	9763975.63879452	True	56	77	238	2.03	409	26	151578000.0	501980000	653558000.0	512	26638000	16515560.0	0	0	11650800	4216000	3199200.0	10020500	1054000	195030	18684730.0	9763975.63879452	28448705.63879452	0.37519538152610443	True	18593160.0	864000000.0	45000000.0	44744762.76209492	549606.0673623399	108887528.82945725	0	0.13	False	0	0	0.19090909090909092	False	3200000.0	28	5.326757471677967	1387	1182	True
256	0.68	734672000.0	137048732.32876712	871720732.3287671	9763272.20208219	True	56	77	238	2.03	409	26	151578000.0	501980000	653558000.0	512	26638000	16515560.0	0	0	11608800	4216000	3199200.0	10020500	1054000	194205	18683905.0	9763272.20208219	28447177.20208219	0.3751788152610442	True	18583360.0	864000000.0	45000000.0	44590736.19238203	518764.08042697265	108692860.27280901	0	0.13	False	0	0	0.19090909090909092	False	3200000.0	28	5.308420975283575	1382	1177	True
257	0.68	734672000.0	136973364.10958904	871645364.1095891	9762428.078027397	True	56	77	238	2.03	409	26	151578000.0	501980000	653558000.0	512	26638000	16515560.0	0	0	11566800	4216000	3199200.0	10020500	1054000	193215	18682915.0	9762428.078027397	28445343.078027397	0.3751589357429719	True	18573560.0	864000000.0	45000000.0	44437239.834088586	488028.2620163106	108498828.0961049	0	0.13	False	0	0	0.19090909090909092	False	3200000.0	28	5.290147599296261	1377	1171	True
258	0.68	734672000.0	136910557.26027393	871582557.2602739	9761724.641315067	True	56	77	238	2.03	409	26	151578000.0	501980000	653558000.0	512	26638000	16515560.0	0	0	11524800	4216000	3199200.0	10020500	1054000	192390	18682090.0	9761724.641315067	28443814.641315065	0.37514236947791163	True	18563760.0	864000000.0	45000000.0	44284271.86204803	457398.24666247435	108305430.1087105	0	0.13	False	0	0	0.19090909090909092	False	3200000.0	28	5.271937126434289	1372	1166	True
259	0.68	734672000.0	136847750.41095892	871519750.4109589	9761021.204602739	True	56	77	238	2.03	409	26	151578000.0	501980000	653558000.0	512	26638000	16515560.0	0	0	11491200	4216000	3199200.0	10020500	1054000	191565	18681265.0	9761021.204602739	28442286.20460274	0.3751258032128514	True	18553960.0	864000000.0	45000000.0	44131830.4573766	426873.6701556469	108112664.12753224	0	0.13	False	0	0	0.19090909090909092	False	3200000.0	28	5.25378934016388	1368	1161	True
260	0.68	734672000.0	136772382.1917808	871444382.1917808	9760177.080547946	True	56	77	238	2.03	409	25	151578000.0	501550000	653128000.0	511	26544000	16457280.0	0	0	11449200	4216000	3199200.0	10020500	1054000	190575	18680275.0	9760177.080547946	28440452.080547944	0.37510592369477913	True	18485880.0	864000000.0	45000000.0	43979913.80745172	396454.1695397357	107862247.97699146	0	0.13	False	0	0	0.19090909090909092	False	3200000.0	28	5.235704024696632	1363	1155	True
261	0.68	734672000.0	136709575.34246573	871381575.3424658	9759473.643835617	True	56	77	238	2.03	409	25	151578000.0	501550000	653128000.0	511	26544000	16457280.0	0	0	11407200	4216000	3199200.0	10020500	1054000	189750	18679450.0	9759473.643835617	28438923.64383562	0.3750893574297189	True	18485880.0	864000000.0	45000000.0	43828520.10589053	366139.38310808054	107680539.4889986	0	0.13	False	0	0	0.19090909090909092	False	3200000.0	28	5.217680964986968	1358	1150	True
262	0.68	734672000.0	136634207.12328765	871306207.1232877	9758629.519780822	True	56	77	238	2.03	409	25	151578000.0	501550000	653128000.0	511	26544000	16457280.0	0	0	11373600	4216000	3199200.0	10020500	1054000	188760	18678460.0	9758629.519780822	28437089.519780822	0.3750694779116466	True	18466280.0	864000000.0	45000000.0	43677647.55252834	335928.95039912674	107479856.50292747	0	0.13	False	0	0	0.19090909090909092	False	3200000.0	28	5.199719946729564	1354	1144	True
263	0.68	734672000.0	136571400.2739726	871243400.2739726	9757926.083068494	True	56	77	238	2.03	409	25	151578000.0	501550000	653128000.0	511	26544000	16457280.0	0	0	11331600	4216000	3199200.0	10020500	1054000	187935	18677635.0	9757926.083068494	28435561.083068494	0.37505291164658633	True	18466280.0	864000000.0	45000000.0	43527294.3533972	305822.5121921532	107299396.86558935	0	0.13	False	0	0	0.19090909090909092	False	3200000.0	28	5.181820756356809	1349	1139	True
264	0.68	734672000.0	136508593.42465752	871180593.4246576	9757222.646356165	True	56	77	238	2.03	409	25	151578000.0	501550000	653128000.0	511	26544000	16457280.0	0	0	11289600	4216000	3199200.0	10020500	1054000	187110	18676810.0	9757222.646356165	28434032.646356165	0.3750363453815261	True	18456480.0	864000000.0	45000000.0	43377458.72070464	275819.7105030009	107109758.43120764	0	0.13	False	0	0	0.19090909090909092	False	3200000.0	28	5.163983181036267	1344	1134	True
265	0.68	734672000.0	136433225.2054794	871105225.2054794	9756378.522301368	True	56	77	238	2.03	409	25	151578000.0	501550000	653128000.0	511	26544000	16457280.0	0	0	11256000	4216000	3199200.0	10020500	1054000	186120	18675820.0	9756378.522301368	28432198.52230137	0.37501646586345383	True	18446680.0	864000000.0	45000000.0	43228138.872812346	245920.18857980618	106920739.06139216	0	0.13	False	0	0	0.19090909090909092	False	3200000.0	28	5.146207008668137	1340	1128	True
266	0.68	734672000.0	136370418.35616437	871042418.3561643	9755675.08558904	True	56	77	238	2.03	409	25	151578000.0	501550000	653128000.0	511	26544000	16457280.0	0	0	11214000	4216000	3199200.0	10020500	1054000	185295	18674995.0	9755675.08558904	28430670.08558904	0.3749998995983936	True	18436880.0	864000000.0	45000000.0	43079333.034215026	216123.59089877043	106732336.6251138	0	0.13	False	0	0	0.19090909090909092	False	3200000.0	28	5.128492027882741	1335	1123	True
267	0.68	734672000.0	136307611.5068493	870979611.5068493	9754971.648876712	True	56	77	238	2.03	409	25	151578000.0	501550000	653128000.0	511	26544000	16457280.0	0	0	11172000	4216000	3199200.0	10020500	1054000	184470	18674170.0	9754971.648876712	28429141.64887671	0.37498333333333334	True	18427080.0	864000000.0	45000000.0	42931039.435519256	186429.56315992743	106544548.99867918	0	0.13	False	0	0	0.19090909090909092	False	3200000.0	28	5.110838028038007	1330	1118	True
268	0.68	734672000.0	136232243.2876712	870904243.2876712	9754127.524821917	True	56	77	238	2.03	409	25	151578000.0	501550000	653128000.0	511	26544000	16457280.0	0	0	11138400	4216000	3199200.0	10020500	1054000	183480	18673180.0	9754127.524821917	28427307.524821915	0.374963453815261	True	18417280.0	864000000.0	45000000.0	42783256.31342248	156837.75228293054	106357374.0657054	0	0.13	False	0	0	0.19090909090909092	False	3200000.0	28	5.093244799216962	1326	1112	True
269	0.68	734672000.0	136169436.43835616	870841436.4383562	9753424.088109588	True	56	77	238	2.03	409	25	151578000.0	501550000	653128000.0	511	26544000	16457280.0	0	0	11096400	4216000	3199200.0	10020500	1054000	182655	18672355.0	9753424.088109588	28425779.08810959	0.3749468875502008	True	18407480.0	864000000.0	45000000.0	42635981.910692014	127347.80640285346	106170809.71709485	0	0.13	False	0	0	0.19090909090909092	False	3200000.0	28	5.07571213222524	1321	1107	True
270	0.68	734672000.0	136106629.58904108	870778629.5890411	9752720.65139726	True	56	77	238	2.03	409	25	151578000.0	501550000	653128000.0	511	26544000	16457280.0	0	0	11062800	4216000	3199200.0	10020500	1054000	181830	18671530.0	9752720.65139726	28424250.651397258	0.3749303212851406	True	18397680.0	864000000.0	45000000.0	42489214.47614417	97959.37486601167	105984853.85101017	0	0.13	False	0	0	0.19090909090909092	False	3200000.0	28	5.058239818588592	1317	1102	True
271	0.68	734672000.0	136043822.739726	870715822.7397261	9752017.214684932	True	56	77	238	2.03	409	25	151578000.0	501550000	653128000.0	511	26544000	16457280.0	0	0	11020800	4216000	3199200.0	10020500	1054000	181005	18670705.0	9752017.214684932	28422722.214684933	0.37491375502008034	True	18387880.0	864000000.0	45000000.0	42342952.26462341	68672.1082257824	105799504.37284918	0	0.13	False	0	0	0.19090909090909092	False	3200000.0	28	5.040827650550406	1312	1097	True
272	0.68	734672000.0	135981015.89041093	870653015.8904109	9751313.777972601	True	56	77	238	2.03	409	24	151578000.0	501120000	652698000.0	510	26450000	16399000.0	0	0	10987200	4216000	3199200.0	10020500	1054000	180180	18669880.0	9751313.777972601	28421193.7779726	0.3748971887550201	True	18319800.0	864000000.0	45000000.0	42197193.53698162	39485.65823846214	105556479.19522007	0	0.13	False	0	0	0.19090909090909092	False	3200000.0	28	5.02347542106924	1308	1092	True
273	0.68	734672000.0	135905647.67123288	870577647.6712329	9750469.653917808	True	56	77	238	2.03	409	24	151578000.0	501120000	652698000.0	510	26450000	16399000.0	0	0	10945200	4216000	3199200.0	10020500	1054000	179190	18668890.0	9750469.653917808	28419359.653917808	0.3748773092369478	True	18310000.0	864000000.0	45000000.0	42051936.560057424	10399.67785911787	105372336.23791654	0	0.13	False	0	0	0.19090909090909092	False	3200000.0	28	5.00618292381636	1303	1086	True
274	0.68	734672000.0	135855402.1917808	870527402.1917808	9749906.904547945	True	56	77	238	2.03	409	24	151578000.0	501120000	652698000.0	510	26450000	16399000.0	0	0	10911600	4216000	3199200.0	10020500	0	178530	17614230.0	9749906.904547945	27364136.904547945	0.35369939759036145	True	18300200.0	864000000.0	45000000.0	41907179.60665556	0	105207379.60665557	0	0.13	False	0	0	0.19090909090909092	False	3200000.0	28	4.988949953173281	1299	1082	True
275	0.68	734672000.0	135805156.71232876	870477156.7123288	9749344.155178083	True	56	77	238	2.03	409	24	151578000.0	501120000	652698000.0	510	26450000	16399000.0	0	0	10869600	4216000	3199200.0	10020500	0	177870	17613570.0	9749344.155178083	27362914.155178085	0.35368614457831327	True	18300200.0	864000000.0	45000000.0	41762920.95552638	0	105063120.95552638	0	0.13	False	0	0	0.19090909090909092	False	3200000.0	28	4.971776304229331	1294	1078	True
276	0.68	734672000.0	135767472.60273972	870439472.6027397	9748922.093150685	True	56	77	238	2.03	409	24	151578000.0	501120000	652698000.0	510	26450000	16399000.0	0	0	10836000	4216000	3199200.0	10020500	0	177375	17613075.0	9748922.093150685	27361997.093150683	0.3536762048192771	True	18290400.0	864000000.0	45000000.0	41619158.89134533	0	104909558.89134532	0	0.13	False	0	0	0.19090909090909092	False	3200000.0	28	4.954661772779206	1290	1075	True
277	0.68	734672000.0	135717227.12328768	870389227.1232877	9748359.343780821	True	56	77	238	2.03	409	24	151578000.0	501120000	652698000.0	510	26450000	16399000.0	0	0	10794000	4216000	3199200.0	10020500	0	176715	17612415.0	9748359.343780821	27360774.343780823	0.3536629518072289	True	18280600.0	864000000.0	45000000.0	41475891.70469258	0	104756491.70469257	0	0.13	False	0	0	0.19090909090909092	False	3200000.0	28	4.9376061553205455	1285	1071	True
278	0.68	734672000.0	135666981.6438356	870338981.6438355	9747796.594410958	True	56	77	238	2.03	409	24	151578000.0	501120000	652698000.0	510	26450000	16399000.0	0	0	10760400	4216000	3199200.0	10020500	0	176055	17611755.0	9747796.594410958	27359551.594410956	0.3536496987951807	True	18280600.0	864000000.0	45000000.0	41333117.69203274	0	104613717.69203274	0	0.13	False	0	0	0.19090909090909092	False	3200000.0	28	4.920609249051516	1281	1067	True
279	0.68	734672000.0	135629297.53424656	870301297.5342466	9747374.532383561	True	56	77	238	2.03	409	24	151578000.0	501120000	652698000.0	510	26450000	16399000.0	0	0	10718400	4216000	3199200.0	10020500	0	175560	17611260.0	9747374.532383561	27358634.53238356	0.3536397590361446	True	18270800.0	864000000.0	45000000.0	41190835.15569451	0	104461635.15569451	0	0.13	False	0	0	0.19090909090909092	False	3200000.0	28	4.903670851868394	1276	1064	True
280	0.68	734672000.0	135579052.0547945	870251052.0547945	9746811.7830137	True	56	77	238	2.03	409	24	151578000.0	501120000	652698000.0	510	26450000	16399000.0	0	0	10684800	4216000	3199200.0	10020500	0	174900	17610600.0	9746811.7830137	27357411.7830137	0.3536265060240964	True	18261000.0	864000000.0	45000000.0	41049042.40385059	0	104310042.40385059	0	0.13	False	0	0	0.19090909090909092	False	3200000.0	28	4.886790762363165	1272	1060	True
281	0.68	734672000.0	135528806.57534245	870200806.5753424	9746249.033643834	True	56	77	238	2.03	409	24	151578000.0	501120000	652698000.0	510	26450000	16399000.0	0	0	10651200	4216000	3199200.0	10020500	0	174240	17609940.0	9746249.033643834	27356189.033643834	0.3536132530120482	True	18261000.0	864000000.0	45000000.0	40907737.7504975	0	104168737.75049749	0	0.13	False	0	0	0.19090909090909092	False	3200000.0	28	4.86996877982113	1268	1056	True
282	0.68	734672000.0	135491122.4657534	870163122.4657534	9745826.971616438	True	56	77	238	2.03	409	24	151578000.0	501120000	652698000.0	510	26450000	16399000.0	0	0	10609200	4216000	3199200.0	10020500	0	173745	17609445.0	9745826.971616438	27355271.97161644	0.35360331325301203	True	18251200.0	864000000.0	45000000.0	40766919.51543554	0	104018119.51543555	0	0.13	False	0	0	0.19090909090909092	False	3200000.0	28	4.853204704218517	1263	1053	True
283	0.68	734672000.0	135440876.98630136	870112876.9863014	9745264.222246576	True	56	77	238	2.03	409	23	151578000.0	500690000	652268000.0	509	26356000	16340720.0	0	0	10575600	4216000	3199200.0	10020500	0	173085	17608785.0	9745264.222246576	27354049.222246576	0.35359006024096384	True	18183120.0	864000000.0	45000000.0	40626586.024248876	0	103809706.02424887	0	0.13	False	0	0	0.19090909090909092	False	3200000.0	28	4.836498336220104	1259	1049	True
284	0.68	734672000.0	135390631.50684932	870062631.5068493	9744701.472876713	True	56	77	238	2.03	409	23	151578000.0	500690000	652268000.0	509	26356000	16340720.0	0	0	10542000	4216000	3199200.0	10020500	0	172425	17608125.0	9744701.472876713	27352826.472876713	0.35357680722891566	True	18183120.0	864000000.0	45000000.0	40486735.608285524	0	103669855.60828552	0	0.13	False	0	0	0.19090909090909092	False	3200000.0	28	4.819849477176848	1255	1045	True
285	0.68	734672000.0	135352947.39726025	870024947.3972602	9744279.410849314	True	56	77	238	2.03	409	23	151578000.0	500690000	652268000.0	509	26356000	16340720.0	0	0	10500000	4216000	3199200.0	10020500	0	171930	17607630.0	9744279.410849314	27351909.410849314	0.35356686746987953	True	18173320.0	864000000.0	45000000.0	40347366.60463757	0	103520686.60463756	0	0.13	False	0	0	0.19090909090909092	False	3200000.0	28	4.80325792912352	1250	1042	True
286	0.68	734672000.0	135302701.9178082	869974701.9178082	9743716.66147945	True	56	77	238	2.03	409	23	151578000.0	500690000	652268000.0	509	26356000	16340720.0	0	0	10466400	4216000	3199200.0	10020500	0	171270	17606970.0	9743716.66147945	27350686.66147945	0.35355361445783134	True	18163520.0	864000000.0	45000000.0	40208477.35612141	0	103371997.35612142	0	0.13	False	0	0	0.19090909090909092	False	3200000.0	28	4.786723494776359	1246	1038	True
287	0.68	734672000.0	135265017.80821916	869937017.8082192	9743294.599452054	True	56	77	238	2.03	409	23	151578000.0	500690000	652268000.0	509	26356000	16340720.0	0	0	10432800	4216000	3199200.0	10020500	0	170775	17606475.0	9743294.599452054	27349769.599452056	0.35354367469879516	True	18163520.0	864000000.0	45000000.0	40070066.21125805	0	103233586.21125805	0	0.13	False	0	0	0.19090909090909092	False	3200000.0	28	4.7702459775307195	1242	1035	True
288	0.68	734672000.0	135214772.32876712	869886772.3287671	9742731.85008219	True	56	77	238	2.03	409	23	151578000.0	500690000	652268000.0	509	26356000	16340720.0	0	0	10390800	4216000	3199200.0	10020500	0	170115	17605815.0	9742731.85008219	27348546.85008219	0.353530421686747	True	18153720.0	864000000.0	45000000.0	39932131.524253346	0	103085851.52425334	0	0.13	False	0	0	0.19090909090909092	False	3200000.0	28	4.753825181458732	1237	1031	True
289	0.68	734672000.0	135177088.21917808	869849088.2191781	9742309.788054794	True	56	77	238	2.03	409	23	151578000.0	500690000	652268000.0	509	26356000	16340720.0	0	0	10357200	4216000	3199200.0	10020500	0	169620	17605320.0	9742309.788054794	27347629.788054794	0.35352048192771085	True	18153720.0	864000000.0	45000000.0	39794671.65497864	0	102948391.65497863	0	0.13	False	0	0	0.19090909090909092	False	3200000.0	28	4.737460911306981	1233	1028	True
290	0.68	734672000.0	135126842.739726	869798842.7397261	9741747.038684933	True	56	77	238	2.03	409	23	151578000.0	500690000	652268000.0	509	26356000	16340720.0	0	0	10323600	4216000	3199200.0	10020500	0	168960	17604660.0	9741747.038684933	27346407.038684934	0.35350722891566266	True	18143920.0	864000000.0	45000000.0	39657684.96895113	0	102801604.96895114	0	0.13	False	0	0	0.19090909090909092	False	3200000.0	28	4.721152972494182	1229	1024	True
291	0.68	734672000.0	135076597.26027396	869748597.2602739	9741184.289315067	True	56	77	238	2.03	409	23	151578000.0	500690000	652268000.0	509	26356000	16340720.0	0	0	10290000	4216000	3199200.0	10020500	0	168300	17604000.0	9741184.289315067	27345184.289315067	0.3534939759036145	True	18134120.0	864000000.0	45000000.0	39521169.8373144	0	102655289.8373144	0	0.13	False	0	0	0.19090909090909092	False	3200000.0	28	4.704901171108856	1225	1020	True
292	0.68	734672000.0	135038913.15068492	869710913.150685	9740762.22728767	True	56	77	238	2.03	409	23	151578000.0	500690000	652268000.0	509	26356000	16340720.0	0	0	10248000	4216000	3199200.0	10020500	0	167805	17603505.0	9740762.22728767	27344267.227287672	0.3534840361445783	True	18134120.0	864000000.0	45000000.0	39385124.636819124	0	102519244.63681912	0	0.13	False	0	0	0.19090909090909092	False	3200000.0	28	4.688705313907039	1220	1017	True
293	0.68	734672000.0	134988667.67123288	869660667.6712329	9740199.477917809	True	56	77	238	2.03	409	23	151578000.0	500690000	652268000.0	509	26356000	16340720.0	0	0	10214400	4216000	3199200.0	10020500	0	167145	17602845.0	9740199.477917809	27343044.47791781	0.3534707831325301	True	18124320.0	864000000.0	45000000.0	39249547.749803804	0	102373867.74980381	0	0.13	False	0	0	0.19090909090909092	False	3200000.0	28	4.672565208309977	1216	1013	True
294	0.68	734672000.0	134950983.5616438	869622983.5616438	9739777.41589041	True	56	77	238	2.03	409	23	151578000.0	500690000	652268000.0	509	26356000	16340720.0	0	0	10180800	4216000	3199200.0	10020500	0	166650	17602350.0	9739777.41589041	27342127.41589041	0.353460843373494	True	18114520.0	864000000.0	45000000.0	39114437.56417542	0	102228957.56417543	0	0.13	False	0	0	0.19090909090909092	False	3200000.0	28	4.656480662401836	1212	1010	True
295	0.68	734672000.0	134900738.08219177	869572738.0821917	9739214.666520547	True	56	77	238	2.03	409	23	151578000.0	500690000	652268000.0	509	26356000	16340720.0	0	0	10147200	4216000	3199200.0	10020500	0	165990	17601690.0	9739214.666520547	27340904.666520547	0.3534475903614458	True	18114520.0	864000000.0	45000000.0	38979792.47339034	0	102094312.47339034	0	0.13	False	0	0	0.19090909090909092	False	3200000.0	28	4.640451484927421	1208	1006	True
296	0.68	734672000.0	134863053.97260275	869535053.9726027	9738792.60449315	True	56	77	238	2.03	409	22	151578000.0	500260000	651838000.0	508	26262000	16282440.0	0	0	10113600	4216000	3199200.0	10020500	0	165495	17601195.0	9738792.60449315	27339987.60449315	0.3534376506024096	True	18046440.0	864000000.0	45000000.0	38845610.876435205	0	101892050.8764352	0	0.13	False	0	0	0.19090909090909092	False	3200000.0	28	4.624477485289906	1204	1003	True
297	0.68	734672000.0	134825369.86301368	869497369.8630137	9738370.542465754	True	56	77	238	2.03	409	22	151578000.0	500260000	651838000.0	508	26262000	16282440.0	0	0	10080000	4216000	3199200.0	10020500	0	165000	17600700.0	9738370.542465754	27339070.542465754	0.3534277108433735	True	18046440.0	864000000.0	45000000.0	38711891.17780786	0	101758331.17780787	0	0.13	False	0	0	0.19090909090909092	False	3200000.0	28	4.608558473548555	1200	1000	True
298	0.68	734672000.0	134775124.38356164	869447124.3835616	9737807.79309589	True	56	77	238	2.03	409	22	151578000.0	500260000	651838000.0	508	26262000	16282440.0	0	0	10038000	4216000	3199200.0	10020500	0	164340	17600040.0	9737807.79309589	27337847.79309589	0.3534144578313253	True	18036640.0	864000000.0	45000000.0	38578631.78749844	0	101615271.78749844	0	0.13	False	0	0	0.19090909090909092	False	3200000.0	28	4.592694260416481	1195	996	True
299	0.68	734672000.0	134737440.2739726	869409440.2739726	9737385.731068494	True	56	77	238	2.03	409	22	151578000.0	500260000	651838000.0	508	26262000	16282440.0	0	0	10004400	4216000	3199200.0	10020500	0	163845	17599545.0	9737385.731068494	27336930.731068492	0.3534045180722892	True	18026840.0	864000000.0	45000000.0	38445831.120970406	0	101472671.1209704	0	0.13	False	0	0	0.19090909090909092	False	3200000.0	28	4.576884657258382	1191	993	True
300	0.68	734672000.0	134687194.79452056	869359194.7945206	9736822.98169863	True	56	77	238	2.03	409	22	151578000.0	500260000	651838000.0	508	26262000	16282440.0	0	0	9970800	4216000	3199200.0	10020500	0	163185	17598885.0	9736822.98169863	27335707.981698632	0.353391265060241	True	18026840.0	864000000.0	45000000.0	38313487.59914173	0	101340327.59914173	0	0.13	False	0	0	0.19090909090909092	False	3200000.0	28	4.561129476088301	1187	989	True
301	0.68	734672000.0	134649510.6849315	869321510.6849315	9736400.919671234	True	56	77	238	2.03	409	22	151578000.0	500260000	651838000.0	508	26262000	16282440.0	0	0	9937200	4216000	3199200.0	10020500	0	162690	17598390.0	9736400.919671234	27334790.919671234	0.3533813253012048	True	18017040.0	864000000.0	45000000.0	38181599.64836612	0	101198639.64836612	0	0.13	False	0	0	0.19090909090909092	False	3200000.0	28	4.545428529567396	1183	986	True
302	0.68	734672000.0	134599265.20547944	869271265.2054794	9735838.170301368	True	56	77	238	2.03	409	22	151578000.0	500260000	651838000.0	508	26262000	16282440.0	0	0	9903600	4216000	3199200.0	10020500	0	162030	17597730.0	9735838.170301368	27333568.17030137	0.3533680722891566	True	18007240.0	864000000.0	45000000.0	38050165.70041433	0	101057405.70041433	0	0.13	False	0	0	0.19090909090909092	False	3200000.0	28	4.529781631001706	1179	982	True
303	0.68	734672000.0	134561581.0958904	869233581.0958904	9735416.108273972	True	56	77	238	2.03	409	22	151578000.0	500260000	651838000.0	508	26262000	16282440.0	0	0	9870000	4216000	3199200.0	10020500	0	161535	17597235.0	9735416.108273972	27332651.10827397	0.3533581325301205	True	18007240.0	864000000.0	45000000.0	37919184.19245543	0	100926424.19245544	0	0.13	False	0	0	0.19090909090909092	False	3200000.0	28	4.514188594339933	1175	979	True
304	0.68	734672000.0	134523896.98630136	869195896.9863014	9734994.046246575	True	56	77	238	2.03	409	22	151578000.0	500260000	651838000.0	508	26262000	16282440.0	0	0	9836400	4216000	3199200.0	10020500	0	161040	17596740.0	9734994.046246575	27331734.046246573	0.3533481927710843	True	17997440.0	864000000.0	45000000.0	37788653.56703836	0	100786093.56703836	0	0.13	False	0	0	0.19090909090909092	False	3200000.0	28	4.498649234171233	1171	976	True
305	0.68	734672000.0	134473651.5068493	869145651.5068493	9734431.296876712	True	56	77	238	2.03	409	22	151578000.0	500260000	651838000.0	508	26262000	16282440.0	0	0	9802800	4216000	3199200.0	10020500	0	160380	17596080.0	9734431.296876712	27330511.296876714	0.3533349397590361	True	17987640.0	864000000.0	45000000.0	37658572.272073254	0	100646212.27207325	0	0.13	False	0	0	0.19090909090909092	False	3200000.0	28	4.483163365723006	1167	972	True
306	0.68	734672000.0	134435967.39726028	869107967.3972603	9734009.234849315	True	56	77	238	2.03	409	22	151578000.0	500260000	651838000.0	508	26262000	16282440.0	0	0	9769200	4216000	3199200.0	10020500	0	159885	17595585.0	9734009.234849315	27329594.234849315	0.353325	True	17987640.0	864000000.0	45000000.0	37528938.7608131	0	100516578.7608131	0	0.13	False	0	0	0.19090909090909092	False	3200000.0	28	4.467730804858703	1163	969	True
307	0.68	734672000.0	134398283.28767124	869070283.2876712	9733587.172821917	True	56	77	238	2.03	409	22	151578000.0	500260000	651838000.0	508	26262000	16282440.0	0	0	9735600	4216000	3199200.0	10020500	0	159390	17595090.0	9733587.172821917	27328677.172821917	0.3533150602409639	True	17977840.0	864000000.0	45000000.0	37399751.49183533	0	100377591.49183533	0	0.13	False	0	0	0.19090909090909092	False	3200000.0	28	4.452351368075635	1159	966	True
308	0.68	734672000.0	134348037.80821916	869020037.8082192	9733024.423452055	True	56	77	238	2.03	409	22	151578000.0	500260000	651838000.0	508	26262000	16282440.0	0	0	9702000	4216000	3199200.0	10020500	0	158730	17594430.0	9733024.423452055	27327454.423452057	0.3533018072289157	True	17977840.0	864000000.0	45000000.0	37271008.92902345	0	100248848.92902344	0	0.13	False	0	0	0.19090909090909092	False	3200000.0	28	4.437024872502792	1155	962	True
309	0.68	734672000.0	134310353.69863015	868982353.6986301	9732602.361424657	True	56	77	238	2.03	409	21	151578000.0	499830000	651408000.0	507	26168000	16224160.0	0	0	9668400	4216000	3199200.0	10020500	0	158235	17593935.0	9732602.361424657	27326537.361424655	0.3532918674698795	True	17909760.0	864000000.0	45000000.0	37142709.54154879	0	100052469.54154879	0	0.13	False	0	0	0.19090909090909092	False	3200000.0	28	4.421751135898665	1151	959	True
310	0.68	734672000.0	134272669.58904108	868944669.5890411	9732180.29939726	True	56	77	238	2.03	409	21	151578000.0	499830000	651408000.0	507	26168000	16224160.0	0	0	9634800	4216000	3199200.0	10020500	0	157740	17593440.0	9732180.29939726	27325620.29939726	0.3532819277108434	True	17909760.0	864000000.0	45000000.0	37014851.803852305	0	99924611.8038523	0	0.13	False	0	0	0.19090909090909092	False	3200000.0	28	4.406529976649084	1147	956	True
311	0.68	734672000.0	134222424.10958904	868894424.1095891	9731617.550027398	True	56	77	238	2.03	409	21	151578000.0	499830000	651408000.0	507	26168000	16224160.0	0	0	9601200	4216000	3199200.0	10020500	0	157080	17592780.0	9731617.550027398	27324397.5500274	0.3532686746987952	True	17899960.0	864000000.0	45000000.0	36887434.195626475	0	99787394.19562647	0	0.13	False	0	0	0.19090909090909092	False	3200000.0	28	4.391361213765056	1143	952	True
312	0.68	734672000.0	134184739.99999999	868856740.0	9731195.488	True	56	77	238	2.03	409	21	151578000.0	499830000	651408000.0	507	26168000	16224160.0	0	0	9567600	4216000	3199200.0	10020500	0	156585	17592285.0	9731195.488	27323480.487999998	0.353258734939759	True	17890160.0	864000000.0	45000000.0	36760455.20179716	0	99650615.20179716	0	0.13	False	0	0	0.19090909090909092	False	3200000.0	28	4.376244666880614	1139	949	True
313	0.68	734672000.0	134147055.89041094	868819055.8904109	9730773.425972601	True	56	77	238	2.03	409	21	151578000.0	499830000	651408000.0	507	26168000	16224160.0	0	0	9534000	4216000	3199200.0	10020500	0	156090	17591790.0	9730773.425972601	27322563.425972603	0.3532487951807229	True	17890160.0	864000000.0	45000000.0	36633913.31250561	0	99524073.3125056	0	0.13	False	0	0	0.19090909090909092	False	3200000.0	28	4.361180156250668	1135	946	True
314	0.68	734672000.0	134109371.78082192	868781371.7808219	9730351.363945205	True	56	77	238	2.03	409	21	151578000.0	499830000	651408000.0	507	26168000	16224160.0	0	0	9500400	4216000	3199200.0	10020500	0	155595	17591295.0	9730351.363945205	27321646.363945205	0.35323885542168676	True	17880360.0	864000000.0	45000000.0	36507807.02309056	0	99388167.02309057	0	0.13	False	0	0	0.19090909090909092	False	3200000.0	28	4.346167502748877	1131	943	True
315	0.68	734672000.0	134059126.30136986	868731126.3013699	9729788.614575343	True	56	77	238	2.03	409	21	151578000.0	499830000	651408000.0	507	26168000	16224160.0	0	0	9466800	4216000	3199200.0	10020500	0	154935	17590635.0	9729788.614575343	27320423.61457534	0.3532256024096386	True	17880360.0	864000000.0	45000000.0	36382134.83407025	0	99262494.83407025	0	0.13	False	0	0	0.19090909090909092	False	3200000.0	28	4.331206527865506	1127	939	True
316	0.68	734672000.0	134021442.19178082	868693442.1917808	9729366.552547945	True	56	77	238	2.03	409	21	151578000.0	499830000	651408000.0	507	26168000	16224160.0	0	0	9433200	4216000	3199200.0	10020500	0	154440	17590140.0	9729366.552547945	27319506.552547947	0.3532156626506024	True	17870560.0	864000000.0	45000000.0	36256895.25112467	0	99127455.25112468	0	0.13	False	0	0	0.19090909090909092	False	3200000.0	28	4.316297053705318	1123	936	True
317	0.68	734672000.0	133983758.08219178	868655758.0821918	9728944.490520548	True	56	77	238	2.03	409	21	151578000.0	499830000	651408000.0	507	26168000	16224160.0	0	0	9408000	4216000	3199200.0	10020500	0	153945	17589645.0	9728944.490520548	27318589.490520548	0.35320572289156626	True	17860760.0	864000000.0	45000000.0	36132086.78507775	0	98992846.78507775	0	0.13	False	0	0	0.19090909090909092	False	3200000.0	28	4.3014389029854465	1120	933	True
318	0.68	734672000.0	133946073.97260273	868618073.9726027	9728522.42849315	True	56	77	238	2.03	409	21	151578000.0	499830000	651408000.0	507	26168000	16224160.0	0	0	9374400	4216000	3199200.0	10020500	0	153450	17589150.0	9728522.42849315	27317672.42849315	0.35319578313253014	True	17860760.0	864000000.0	45000000.0	36007707.95187967	0	98868467.95187968	0	0.13	False	0	0	0.19090909090909092	False	3200000.0	28	4.286631899033295	1116	930	True
319	0.68	734672000.0	133895828.49315067	868567828.4931507	9727959.679123288	True	56	77	238	2.03	409	21	151578000.0	499830000	651408000.0	507	26168000	16224160.0	0	0	9340800	4216000	3199200.0	10020500	0	152790	17588490.0	9727959.679123288	27316449.67912329	0.35318253012048195	True	17850960.0	864000000.0	45000000.0	35883757.27258923	0	98734717.27258924	0	0.13	False	0	0	0.19090909090909092	False	3200000.0	28	4.271875865784431	1112	926	True
320	0.68	734672000.0	133858144.38356164	868530144.3835616	9727537.61709589	True	56	77	238	2.03	409	21	151578000.0	499830000	651408000.0	507	26168000	16224160.0	0	0	9307200	4216000	3199200.0	10020500	0	152295	17587995.0	9727537.61709589	27315532.617095888	0.35317259036144577	True	17850960.0	864000000.0	45000000.0	35760233.27335621	0	98611193.2733562	0	0.13	False	0	0	0.19090909090909092	False	3200000.0	28	4.257170627780501	1108	923	True
321	0.68	734672000.0	133820460.27397257	868492460.2739725	9727115.555068493	True	56	77	238	2.03	409	21	151578000.0	499830000	651408000.0	507	26168000	16224160.0	0	0	9273600	4216000	3199200.0	10020500	0	151800	17587500.0	9727115.555068493	27314615.555068493	0.35316265060240964	True	17841160.0	864000000.0	45000000.0	35637134.48540388	0	98478294.48540388	0	0.13	False	0	0	0.19090909090909092	False	3200000.0	28	4.242516010167129	1104	920	True
322	0.68	734672000.0	133782776.16438356	868454776.1643835	9726693.493041096	True	56	77	238	2.03	409	20	151578000.0	499400000	650978000.0	506	26074000	16165880.0	0	0	9240000	4216000	3199200.0	10020500	0	151305	17587005.0	9726693.493041096	27313698.493041098	0.3531527108433735	True	17782880.0	864000000.0	45000000.0	35514459.445011586	0	98297339.44501159	0	0.13	False	0	0	0.19090909090909092	False	3200000.0	28	4.227911838691855	1100	917	True
323	0.68	734672000.0	133745092.05479452	868417092.0547945	9726271.4310137	True	56	77	238	2.03	409	20	151578000.0	499400000	650978000.0	506	26074000	16165880.0	0	0	9214800	4216000	3199200.0	10020500	0	150810	17586510.0	9726271.4310137	27312781.4310137	0.35314277108433734	True	17773080.0	864000000.0	45000000.0	35392206.69349723	0	98165286.69349724	0	0.13	False	0	0	0.19090909090909092	False	3200000.0	28	4.2133579397020515	1097	914	True
324	0.68	734672000.0	133707407.94520546	868379407.9452055	9725849.368986301	True	56	77	238	2.03	409	20	151578000.0	499400000	650978000.0	506	26074000	16165880.0	0	0	9181200	4216000	3199200.0	10020500	0	150315	17586015.0	9725849.368986301	27311864.3689863	0.3531328313253012	True	17763280.0	864000000.0	45000000.0	35270374.77720005	0	98033654.77720004	0	0.13	False	0	0	0.19090909090909092	False	3200000.0	28	4.198854140142863	1093	911	True
325	0.68	734672000.0	133669723.83561642	868341723.8356165	9725427.306958904	True	56	77	238	2.03	409	20	151578000.0	499400000	650978000.0	506	26074000	16165880.0	0	0	9147600	4216000	3199200.0	10020500	0	149820	17585520.0	9725427.306958904	27310947.306958906	0.3531228915662651	True	17763280.0	864000000.0	45000000.0	35148962.24746321	0	97912242.24746321	0	0.13	False	0	0	0.19090909090909092	False	3200000.0	28	4.184400267555144	1089	908	True
326	0.68	734672000.0	133619478.35616437	868291478.3561643	9724864.557589041	True	56	77	238	2.03	409	20	151578000.0	499400000	650978000.0	506	26074000	16165880.0	0	0	9114000	4216000	3199200.0	10020500	0	149160	17584860.0	9724864.557589041	27309724.55758904	0.35310963855421684	True	17753480.0	864000000.0	45000000.0	35027967.66061671	0	97781447.66061671	0	0.13	False	0	0	0.19090909090909092	False	3200000.0	28	4.169996150073418	1085	904	True
327	0.68	734672000.0	133581794.24657534	868253794.2465754	9724442.495561644	True	56	77	238	2.03	409	20	151578000.0	499400000	650978000.0	506	26074000	16165880.0	0	0	9088800	4216000	3199200.0	10020500	0	148665	17584365.0	9724442.495561644	27308807.495561644	0.3530996987951807	True	17753480.0	864000000.0	45000000.0	34907389.57796008	0	97660869.57796007	0	0.13	False	0	0	0.19090909090909092	False	3200000.0	28	4.155641616423819	1082	901	True
328	0.68	734672000.0	133544110.1369863	868216110.1369863	9724020.433534246	True	56	77	238	2.03	409	20	151578000.0	499400000	650978000.0	506	26074000	16165880.0	0	0	9055200	4216000	3199200.0	10020500	0	148170	17583870.0	9724020.433534246	27307890.433534246	0.3530897590361446	True	17743680.0	864000000.0	45000000.0	34787226.5657454	0	97530906.5657454	0	0.13	False	0	0	0.19090909090909092	False	3200000.0	28	4.141336495922071	1078	898	True
329	0.68	734672000.0	133506426.02739726	868178426.0273973	9723598.37150685	True	56	77	238	2.03	409	20	151578000.0	499400000	650978000.0	506	26074000	16165880.0	0	0	9021600	4216000	3199200.0	10020500	0	147675	17583375.0	9723598.37150685	27306973.371506847	0.3530798192771084	True	17743680.0	864000000.0	45000000.0	34667477.19516016	0	97411157.19516015	0	0.13	False	0	0	0.19090909090909092	False	3200000.0	28	4.127080618471447	1074	895	True
330	0.68	734672000.0	133468741.9178082	868140741.9178082	9723176.30947945	True	56	77	238	2.03	409	20	151578000.0	499400000	650978000.0	506	26074000	16165880.0	0	0	8988000	4216000	3199200.0	10020500	0	147180	17582880.0	9723176.30947945	27306056.309479453	0.3530698795180723	True	17733880.0	864000000.0	45000000.0	34548140.042310305	0	97282020.0423103	0	0.13	False	0	0	0.19090909090909092	False	3200000.0	28	4.112873814560751	1070	892	True
331	0.68	734672000.0	133431057.80821916	868103057.8082192	9722754.247452054	True	56	77	238	2.03	409	20	151578000.0	499400000	650978000.0	506	26074000	16165880.0	0	0	8962800	4216000	3199200.0	10020500	0	146685	17582385.0	9722754.247452054	27305139.247452054	0.35305993975903616	True	17733880.0	864000000.0	45000000.0	34429213.68820332	0	97163093.68820332	0	0.13	False	0	0	0.19090909090909092	False	3200000.0	28	4.0987159152623	1067	889	True
332	0.68	734672000.0	133393373.69863012	868065373.6986301	9722332.185424658	True	56	77	238	2.03	409	20	151578000.0	499400000	650978000.0	506	26074000	16165880.0	0	0	8929200	4216000	3199200.0	10020500	0	146190	17581890.0	9722332.185424658	27304222.185424656	0.35305	True	17724080.0	864000000.0	45000000.0	34310696.71873136	0	97034776.71873136	0	0.13	False	0	0	0.19090909090909092	False	3200000.0	28	4.084606752229924	1063	886	True
333	0.68	734672000.0	133355689.5890411	868027689.5890411	9721910.12339726	True	56	77	238	2.03	409	20	151578000.0	499400000	650978000.0	506	26074000	16165880.0	0	0	8895600	4216000	3199200.0	10020500	0	145695	17581395.0	9721910.12339726	27303305.12339726	0.35304006024096385	True	17714280.0	864000000.0	45000000.0	34192587.72465434	0	96906867.72465435	0	0.13	False	0	0	0.19090909090909092	False	3200000.0	28	4.0705461576969455	1059	883	True
334	0.68	734672000.0	133318005.47945204	867990005.479452	9721488.061369862	True	56	77	238	2.03	409	20	151578000.0	499400000	650978000.0	506	26074000	16165880.0	0	0	8870400	4216000	3199200.0	10020500	0	145200	17580900.0	9721488.061369862	27302388.061369862	0.3530301204819277	True	17714280.0	864000000.0	45000000.0	34074885.301583335	0	96789165.30158333	0	0.13	False	0	0	0.19090909090909092	False	3200000.0	28	4.056533964474207	1056	880	True
335	0.68	734672000.0	133280321.36986302	867952321.369863	9721065.999342466	True	56	77	238	2.03	409	20	151578000.0	499400000	650978000.0	506	26074000	16165880.0	0	0	8836800	4216000	3199200.0	10020500	0	144705	17580405.0	9721065.999342466	27301470.999342464	0.35302018072289154	True	17704480.0	864000000.0	45000000.0	33957588.04996377	0	96662068.04996377	0	0.13	False	0	0	0.19090909090909092	False	3200000.0	28	4.042570005948068	1052	877	True
336	0.68	734672000.0	133242637.26027395	867914637.2602739	9720643.937315067	True	56	77	238	2.03	409	19	151578000.0	498970000	650548000.0	505	25980000	16107600.0	0	0	8811600	4216000	3199200.0	10020500	0	144210	17579910.0	9720643.937315067	27300553.93731507	0.3530102409638554	True	17646200.0	864000000.0	45000000.0	33840694.57505881	0	96486894.57505882	0	0.13	False	0	0	0.19090909090909092	False	3200000.0	28	4.02865411607843	1049	874	True
337	0.68	734672000.0	133204953.15068494	867876953.150685	9720221.87528767	True	56	77	238	2.03	409	19	151578000.0	498970000	650548000.0	505	25980000	16107600.0	0	0	8778000	4216000	3199200.0	10020500	0	143715	17579415.0	9720221.87528767	27299636.87528767	0.3530003012048193	True	17636400.0	864000000.0	45000000.0	33724203.48693278	0	96360603.48693278	0	0.13	False	0	0	0.19090909090909092	False	3200000.0	28	4.014786129396759	1045	871	True
338	0.68	734672000.0	133167269.04109588	867839269.0410959	9719799.813260274	True	56	77	238	2.03	409	19	151578000.0	498970000	650548000.0	505	25980000	16107600.0	0	0	8744400	4216000	3199200.0	10020500	0	143220	17578920.0	9719799.813260274	27298719.813260272	0.3529903614457831	True	17636400.0	864000000.0	45000000.0	33608113.4004346	0	96244513.4004346	0	0.13	False	0	0	0.19090909090909092	False	3200000.0	28	4.000965881004118	1041	868	True
339	0.68	734672000.0	133129584.93150684	867801584.9315069	9719377.751232877	True	56	77	238	2.03	409	19	151578000.0	498970000	650548000.0	505	25980000	16107600.0	0	0	8719200	4216000	3199200.0	10020500	0	142725	17578425.0	9719377.751232877	27297802.751232877	0.352980421686747	True	17626600.0	864000000.0	45000000.0	33492422.935181405	0	96119022.93518141	0	0.13	False	0	0	0.19090909090909092	False	3200000.0	28	3.9871932065692146	1038	865	True
340	0.68	734672000.0	133091900.8219178	867763900.8219178	9718955.689205479	True	56	77	238	2.03	409	19	151578000.0	498970000	650548000.0	505	25980000	16107600.0	0	0	8685600	4216000	3199200.0	10020500	0	142230	17577930.0	9718955.689205479	27296885.68920548	0.35297048192771086	True	17626600.0	864000000.0	45000000.0	33377130.715542015	0	96003730.71554202	0	0.13	False	0	0	0.19090909090909092	False	3200000.0	28	3.9734679423264305	1034	862	True
341	0.68	734672000.0	133054216.71232876	867726216.7123288	9718533.627178082	True	56	77	238	2.03	409	19	151578000.0	498970000	650548000.0	505	25980000	16107600.0	0	0	8660400	4216000	3199200.0	10020500	0	141735	17577435.0	9718533.627178082	27295968.62717808	0.3529605421686747	True	17616800.0	864000000.0	45000000.0	33262235.370620694	0	95879035.3706207	0	0.13	False	0	0	0.19090909090909092	False	3200000.0	28	3.959789925073892	1031	859	True
342	0.68	734672000.0	133016532.60273972	867688532.6027397	9718111.565150684	True	56	77	238	2.03	409	19	151578000.0	498970000	650548000.0	505	25980000	16107600.0	0	0	8626800	4216000	3199200.0	10020500	0	141240	17576940.0	9718111.565150684	27295051.565150686	0.35295060240963855	True	17616800.0	864000000.0	45000000.0	33147735.53424074	0	95764535.53424074	0	0.13	False	0	0	0.19090909090909092	False	3200000.0	28	3.946158992171517	1027	856	True
343	0.68	734672000.0	132978848.4931507	867650848.4931507	9717689.503123287	True	56	77	238	2.03	409	19	151578000.0	498970000	650548000.0	505	25980000	16107600.0	0	0	8601600	4216000	3199200.0	10020500	0	140745	17576445.0	9717689.503123287	27294134.503123287	0.3529406626506024	True	17607000.0	864000000.0	45000000.0	33033629.844928328	0	95640629.84492832	0	0.13	False	0	0	0.19090909090909092	False	3200000.0	28	3.932574981539087	1024	853	True
344	0.68	734672000.0	132941164.38356163	867613164.3835616	9717267.44109589	True	56	77	238	2.03	409	19	151578000.0	498970000	650548000.0	505	25980000	16107600.0	0	0	8568000	4216000	3199200.0	10020500	0	140250	17575950.0	9717267.44109589	27293217.44109589	0.35293072289156624	True	17607000.0	864000000.0	45000000.0	32919916.94589627	0	95526916.94589627	0	0.13	False	0	0	0.19090909090909092	False	3200000.0	28	3.919037731654318	1020	850	True
345	0.68	734672000.0	132903480.27397262	867575480.2739726	9716845.379068494	True	56	77	238	2.03	409	19	151578000.0	498970000	650548000.0	505	25980000	16107600.0	0	0	8542800	4216000	3199200.0	10020500	0	139755	17575455.0	9716845.379068494	27292300.379068494	0.3529207831325301	True	17597200.0	864000000.0	45000000.0	32806595.485027887	0	95403795.48502788	0	0.13	False	0	0	0.19090909090909092	False	3200000.0	28	3.9055470815509388	1017	847	True
346	0.68	734672000.0	132865796.16438355	867537796.1643835	9716423.317041095	True	56	77	238	2.03	409	19	151578000.0	498970000	650548000.0	505	25980000	16107600.0	0	0	8509200	4216000	3199200.0	10020500	0	139260	17574960.0	9716423.317041095	27291383.317041095	0.352910843373494	True	17587400.0	864000000.0	45000000.0	32693664.11486096	0	95281064.11486095	0	0.13	False	0	0	0.19090909090909092	False	3200000.0	28	3.8921028708167813	1013	844	True
347	0.68	734672000.0	132828112.05479452	867500112.0547945	9716001.255013699	True	56	77	238	2.03	409	19	151578000.0	498970000	650548000.0	505	25980000	16107600.0	0	0	8484000	4216000	3199200.0	10020500	0	138765	17574465.0	9716001.255013699	27290466.255013697	0.3529009036144578	True	17587400.0	864000000.0	45000000.0	32581121.492571697	0	95168521.4925717	0	0.13	False	0	0	0.19090909090909092	False	3200000.0	28	3.8787049395918687	1010	841	True
348	0.68	734672000.0	132790427.94520548	867462427.9452055	9715579.1929863	True	56	77	238	2.03	409	19	151578000.0	498970000	650548000.0	505	25980000	16107600.0	0	0	8450400	4216000	3199200.0	10020500	0	138270	17573970.0	9715579.1929863	27289549.192986302	0.3528909638554217	True	17577600.0	864000000.0	45000000.0	32468966.27995872	0	95046566.27995872	0	0.13	False	0	0	0.19090909090909092	False	3200000.0	28	3.865353128566515	1006	838	True
349	0.68	734672000.0	132752743.83561644	867424743.8356165	9715157.130958904	True	56	77	238	2.03	409	19	151578000.0	498970000	650548000.0	505	25980000	16107600.0	0	0	8425200	4216000	3199200.0	10020500	0	137775	17573475.0	9715157.130958904	27288632.130958904	0.35288102409638555	True	17577600.0	864000000.0	45000000.0	32357197.143427234	0	94934797.14342724	0	0.13	False	0	0	0.19090909090909092	False	3200000.0	28	3.852047278979433	1003	835	True
350	0.68	734672000.0	132727621.09589042	867399621.0958904	9714875.756273972	True	56	77	238	2.03	409	19	151578000.0	498970000	650548000.0	505	25980000	16107600.0	0	0	8391600	4216000	3199200.0	10020500	0	137445	17573145.0	9714875.756273972	27288020.75627397	0.35287439759036143	True	17567800.0	864000000.0	45000000.0	32245812.75397311	0	94813612.75397311	0	0.13	False	0	0	0.19090909090909092	False	3200000.0	28	3.838787232615846	999	833	True
351	0.68	734672000.0	132689936.98630138	867361936.9863014	9714453.694246575	True	56	77	238	2.03	409	18	151578000.0	498540000	650118000.0	504	25886000	16049320.0	0	0	8366400	4216000	3199200.0	10020500	0	136950	17572650.0	9714453.694246575	27287103.694246575	0.3528644578313253	True	17509520.0	864000000.0	45000000.0	32134811.78716708	0	94644331.78716707	0	0.13	False	0	0	0.19090909090909092	False	3200000.0	28	3.825572831805605	996	830	True
352	0.68	734672000.0	132652252.87671232	867324252.8767123	9714031.632219179	True	56	77	238	2.03	409	18	151578000.0	498540000	650118000.0	504	25886000	16049320.0	0	0	8332800	4216000	3199200.0	10020500	0	136455	17572155.0	9714031.632219179	27286186.63221918	0.3528545180722892	True	17499720.0	864000000.0	45000000.0	32024192.923139047	0	94523912.92313905	0	0.13	False	0	0	0.19090909090909092	False	3200000.0	28	3.812403919421315	992	827	True
353	0.68	734672000.0	132614568.76712328	867286568.7671232	9713609.57019178	True	56	77	238	2.03	409	18	151578000.0	498540000	650118000.0	504	25886000	16049320.0	0	0	8307600	4216000	3199200.0	10020500	0	135960	17571660.0	9713609.57019178	27285269.57019178	0.352844578313253	True	17499720.0	864000000.0	45000000.0	31913954.846562326	0	94413674.84656233	0	0.13	False	0	0	0.19090909090909092	False	3200000.0	28	3.7992803388764673	989	824	True
354	0.68	734672000.0	132576884.65753421	867248884.6575342	9713187.508164383	True	56	77	238	2.03	409	18	151578000.0	498540000	650118000.0	504	25886000	16049320.0	0	0	8274000	4216000	3199200.0	10020500	0	135465	17571165.0	9713187.508164383	27284352.508164383	0.3528346385542169	True	17489920.0	864000000.0	45000000.0	31804096.24663804	0	94294016.24663804	0	0.13	False	0	0	0.19090909090909092	False	3200000.0	28	3.786201934123576	985	821	True
355	0.68	734672000.0	132539200.5479452	867211200.5479453	9712765.446136987	True	56	77	238	2.03	409	18	151578000.0	498540000	650118000.0	504	25886000	16049320.0	0	0	8248800	4216000	3199200.0	10020500	0	134970	17570670.0	9712765.446136987	27283435.44613699	0.35282469879518075	True	17489920.0	864000000.0	45000000.0	31694615.817079518	0	94184535.81707951	0	0.13	False	0	0	0.19090909090909092	False	3200000.0	28	3.7731685496523233	982	818	True
356	0.68	734672000.0	132501516.43835618	867173516.4383562	9712343.384109588	True	56	77	238	2.03	409	18	151578000.0	498540000	650118000.0	504	25886000	16049320.0	0	0	8223600	4216000	3199200.0	10020500	0	134475	17570175.0	9712343.384109588	27282518.384109586	0.35281475903614457	True	17480120.0	864000000.0	45000000.0	31585512.256096777	0	94065632.25609678	0	0.13	False	0	0	0.19090909090909092	False	3200000.0	28	3.760180030487711	979	815	True
357	0.68	734672000.0	132476393.69863011	867148393.6986301	9712062.009424657	True	56	77	238	2.03	409	18	151578000.0	498540000	650118000.0	504	25886000	16049320.0	0	0	8190000	4216000	3199200.0	10020500	0	134145	17569845.0	9712062.009424657	27281907.009424657	0.3528081325301205	True	17480120.0	864000000.0	45000000.0	31476784.26638101	0	93956904.26638101	0	0.13	False	0	0	0.19090909090909092	False	3200000.0	28	3.7472362221882154	975	813	True
358	0.68	734672000.0	132438709.58904108	867110709.5890411	9711639.94739726	True	56	77	238	2.03	409	18	151578000.0	498540000	650118000.0	504	25886000	16049320.0	0	0	8164800	4216000	3199200.0	10020500	0	133650	17569350.0	9711639.94739726	27280989.94739726	0.3527981927710843	True	17470320.0	864000000.0	45000000.0	31368430.555089228	0	93838750.55508924	0	0.13	False	0	0	0.19090909090909092	False	3200000.0	28	3.7343369708439558	972	810	True
359	0.68	734672000.0	132401025.47945203	867073025.479452	9711217.885369863	True	56	77	238	2.03	409	18	151578000.0	498540000	650118000.0	504	25886000	16049320.0	0	0	8139600	4216000	3199200.0	10020500	0	133155	17568855.0	9711217.885369863	27280072.885369863	0.3527882530120482	True	17470320.0	864000000.0	45000000.0	31260449.833828807	0	93730769.8338288	0	0.13	False	0	0	0.19090909090909092	False	3200000.0	28	3.721482123074858	969	807	True
360	0.68	734672000.0	132363341.369863	867035341.369863	9710795.823342467	True	56	77	238	2.03	409	18	151578000.0	498540000	650118000.0	504	25886000	16049320.0	0	0	8106000	4216000	3199200.0	10020500	0	132660	17568360.0	9710795.823342467	27279155.823342465	0.35277831325301207	True	17460520.0	864000000.0	45000000.0	31152840.818642218	0	93613360.81864221	0	0.13	False	0	0	0.19090909090909092	False	3200000.0	28	3.7086715260288354	965	804	True
361	0.68	734672000.0	132338218.63013698	867010218.630137	9710514.448657533	True	56	77	238	2.03	409	18	151578000.0	498540000	650118000.0	504	25886000	16049320.0	0	0	8080800	4216000	3199200.0	10020500	0	132330	17568030.0	9710514.448657533	27278544.448657535	0.35277168674698794	True	17460520.0	864000000.0	45000000.0	31045602.22999174	0	93506122.22999173	0	0.13	False	0	0	0.19090909090909092	False	3200000.0	28	3.695905027379969	962	802	True
362	0.68	734672000.0	132300534.52054791	866972534.5205479	9710092.386630137	True	56	77	238	2.03	409	18	151578000.0	498540000	650118000.0	504	25886000	16049320.0	0	0	8055600	4216000	3199200.0	10020500	0	131835	17567535.0	9710092.386630137	27277627.386630137	0.3527617469879518	True	17450720.0	864000000.0	45000000.0	30938732.792744283	0	93389452.79274428	0	0.13	False	0	0	0.19090909090909092	False	3200000.0	28	3.6831824753267	959	799	True
363	0.68	734672000.0	132262850.4109589	866934850.4109589	9709670.32460274	True	56	77	238	2.03	409	18	151578000.0	498540000	650118000.0	504	25886000	16049320.0	0	0	8022000	4216000	3199200.0	10020500	0	131340	17567040.0	9709670.32460274	27276710.324602738	0.35275180722891564	True	17450720.0	864000000.0	45000000.0	30832231.236156132	0	93282951.23615614	0	0.13	False	0	0	0.19090909090909092	False	3200000.0	28	3.670503718590016	955	796	True
364	0.68	734672000.0	132225166.30136988	866897166.3013699	9709248.262575343	True	56	77	238	2.03	409	18	151578000.0	498540000	650118000.0	504	25886000	16049320.0	0	0	7996800	4216000	3199200.0	10020500	0	130845	17566545.0	9709248.262575343	27275793.262575343	0.3527418674698795	True	17440920.0	864000000.0	45000000.0	30726096.293857973	0	93167016.29385798	0	0.13	False	0	0	0.19090909090909092	False	3200000.0	28	3.6578686064116637	952	793	True
365	0.68	734672000.0	132200043.56164381	866872043.5616438	9708966.887890412	True	56	77	238	2.03	409	18	151578000.0	498540000	650118000.0	504	25886000	16049320.0	0	0	7971600	4216000	3199200.0	10020500	0	130515	17566215.0	9708966.887890412	27275181.887890413	0.35273524096385545	True	17440920.0	864000000.0	45000000.0	30620326.703839727	0	93061246.70383972	0	0.13	False	0	0	0.19090909090909092	False	3200000.0	28	3.6452769885523484	949	791	True
366	0.68	734672000.0	132162359.45205478	866834359.4520547	9708544.825863013	True	56	77	238	2.03	409	18	151578000.0	498540000	650118000.0	504	25886000	16049320.0	0	0	7938000	4216000	3199200.0	10020500	0	130020	17565720.0	9708544.825863013	27274264.82586301	0.35272530120481926	True	17431120.0	864000000.0	45000000.0	30514921.208435558	0	92946041.20843557	0	0.13	False	0	0	0.19090909090909092	False	3200000.0	28	3.632728715289947	945	788	True
367	0.68	734672000.0	132124675.34246577	866796675.3424658	9708122.763835616	True	56	77	238	2.03	409	17	151578000.0	498110000	649688000.0	503	25792000	15991040.0	0	0	7912800	4216000	3199200.0	10020500	0	129525	17565225.0	9708122.763835616	27273347.763835616	0.35271536144578314	True	17372840.0	864000000.0	45000000.0	30409878.554308973	0	92782718.55430898	0	0.13	False	0	0	0.19090909090909092	False	3200000.0	28	3.6202236374177352	942	785	True
368	0.68	734672000.0	132086991.2328767	866758991.2328767	9707700.701808218	True	56	77	238	2.03	409	17	151578000.0	498110000	649688000.0	503	25792000	15991040.0	0	0	7887600	4216000	3199200.0	10020500	0	129030	17564730.0	9707700.701808218	27272430.701808218	0.352705421686747	True	17363040.0	864000000.0	45000000.0	30305197.49243789	0	92668237.4924379	0	0.13	False	0	0	0.19090909090909092	False	3200000.0	28	3.607761606242606	939	782	True
369	0.68	734672000.0	132061868.49315068	866733868.4931507	9707419.327123288	True	56	77	238	2.03	409	17	151578000.0	498110000	649688000.0	503	25792000	15991040.0	0	0	7862400	4216000	3199200.0	10020500	0	128700	17564400.0	9707419.327123288	27271819.327123288	0.3526987951807229	True	17363040.0	864000000.0	45000000.0	30200876.778099764	0	92563916.77809976	0	0.13	False	0	0	0.19090909090909092	False	3200000.0	28	3.5953424735833055	936	780	True
370	0.68	734672000.0	132024184.38356161	866696184.3835616	9706997.26509589	True	56	77	238	2.03	409	17	151578000.0	498110000	649688000.0	503	25792000	15991040.0	0	0	7837200	4216000	3199200.0	10020500	0	128205	17563905.0	9706997.26509589	27270902.26509589	0.35268885542168676	True	17353240.0	864000000.0	45000000.0	30096915.170856804	0	92450155.1708568	0	0.13	False	0	0	0.19090909090909092	False	3200000.0	28	3.5829660917686668	933	777	True
371	0.68	734672000.0	131986500.27397259	866658500.2739726	9706575.203068493	True	56	77	238	2.03	409	17	151578000.0	498110000	649688000.0	503	25792000	15991040.0	0	0	7803600	4216000	3199200.0	10020500	0	127710	17563410.0	9706575.203068493	27269985.203068495	0.3526789156626506	True	17353240.0	864000000.0	45000000.0	29993311.43454123	0	92346551.43454123	0	0.13	False	0	0	0.19090909090909092	False	3200000.0	28	3.5706323136358606	929	774	True
372	0.68	734672000.0	131961377.53424658	866633377.5342466	9706293.828383561	True	56	77	238	2.03	409	17	151578000.0	498110000	649688000.0	503	25792000	15991040.0	0	0	7778400	4216000	3199200.0	10020500	0	127380	17563080.0	9706293.828383561	27269373.82838356	0.3526722891566265	True	17343440.0	864000000.0	45000000.0	29890064.337240566	0	92233504.33724056	0	0.13	False	0	0	0.19090909090909092	False	3200000.0	28	3.5583409925286387	926	772	True
373	0.68	734672000.0	131923693.42465751	866595693.4246575	9705871.766356163	True	56	77	238	2.03	409	17	151578000.0	498110000	649688000.0	503	25792000	15991040.0	0	0	7753200	4216000	3199200.0	10020500	0	126885	17562585.0	9705871.766356163	27268456.766356163	0.35266234939759034	True	17343440.0	864000000.0	45000000.0	29787172.651283015	0	92130612.65128301	0	0.13	False	0	0	0.19090909090909092	False	3200000.0	28	3.546091982295597	923	769	True
374	0.68	734672000.0	131886009.31506848	866558009.3150685	9705449.704328766	True	56	77	238	2.03	409	17	151578000.0	498110000	649688000.0	503	25792000	15991040.0	0	0	7728000	4216000	3199200.0	10020500	0	126390	17562090.0	9705449.704328766	27267539.704328768	0.3526524096385542	True	17333640.0	864000000.0	45000000.0	29684635.153222803	0	92018275.1532228	0	0.13	False	0	0	0.19090909090909092	False	3200000.0	28	3.533885137288429	920	766	True
375	0.68	734672000.0	131860886.57534246	866532886.5753424	9705168.329643834	True	56	77	238	2.03	409	17	151578000.0	498110000	649688000.0	503	25792000	15991040.0	0	0	7702800	4216000	3199200.0	10020500	0	126060	17561760.0	9705168.329643834	27266928.329643834	0.35264578313253014	True	17333640.0	864000000.0	45000000.0	29582450.6238257	0	91916090.6238257	0	0.13	False	0	0	0.19090909090909092	False	3200000.0	28	3.5217203123602023	917	764	True
376	0.68	734672000.0	131823202.46575339	866495202.4657534	9704746.267616438	True	56	77	238	2.03	409	17	151578000.0	498110000	649688000.0	503	25792000	15991040.0	0	0	7669200	4216000	3199200.0	10020500	0	125565	17561265.0	9704746.267616438	27266011.267616436	0.35263584337349396	True	17323840.0	864000000.0	45000000.0	29480617.848054476	0	91804457.84805447	0	0.13	False	0	0	0.19090909090909092	False	3200000.0	28	3.5095973628636283	913	761	True
377	0.68	734672000.0	131785518.35616438	866457518.3561643	9704324.205589041	True	56	77	238	2.03	409	17	151578000.0	498110000	649688000.0	503	25792000	15991040.0	0	0	7644000	4216000	3199200.0	10020500	0	125070	17560770.0	9704324.205589041	27265094.20558904	0.35262590361445784	True	17323840.0	864000000.0	45000000.0	29379135.61505448	0	91702975.61505449	0	0.13	False	0	0	0.19090909090909092	False	3200000.0	28	3.4975161446493432	910	758	True
378	0.68	734672000.0	131760395.61643836	866432395.6164384	9704042.83090411	True	56	77	238	2.03	409	17	151578000.0	498110000	649688000.0	503	25792000	15991040.0	0	0	7618800	4216000	3199200.0	10020500	0	124740	17560440.0	9704042.83090411	27264482.83090411	0.3526192771084337	True	17323840.0	864000000.0	45000000.0	29278002.718139224	0	91601842.71813923	0	0.13	False	0	0	0.19090909090909092	False	3200000.0	28	3.4854765140641932	907	756	True
379	0.68	734672000.0	131722711.50684929	866394711.5068493	9703620.768876713	True	56	77	238	2.03	409	17	151578000.0	498110000	649688000.0	503	25792000	15991040.0	0	0	7593600	4216000	3199200.0	10020500	0	124245	17559945.0	9703620.768876713	27263565.768876713	0.3526093373493976	True	17314040.0	864000000.0	45000000.0	29177217.954776037	0	91491257.95477603	0	0.13	False	0	0	0.19090909090909092	False	3200000.0	28	3.4734783279495285	904	753	True
380	0.68	734672000.0	131697588.76712327	866369588.7671232	9703339.39419178	True	56	77	238	2.03	409	17	151578000.0	498110000	649688000.0	503	25792000	15991040.0	0	0	7568400	4216000	3199200.0	10020500	0	123915	17559615.0	9703339.39419178	27262954.39419178	0.35260271084337347	True	17314040.0	864000000.0	45000000.0	29076780.126571786	0	91390820.12657179	0	0.13	False	0	0	0.19090909090909092	False	3200000.0	28	3.4615214436394983	901	751	True
381	0.68	734672000.0	131659904.65753424	866331904.6575342	9702917.332164383	True	56	77	238	2.03	409	17	151578000.0	498110000	649688000.0	503	25792000	15991040.0	0	0	7543200	4216000	3199200.0	10020500	0	123420	17559120.0	9702917.332164383	27262037.332164384	0.35259277108433734	True	17304240.0	864000000.0	45000000.0	28976688.039258584	0	91280928.03925858	0	0.13	False	0	0	0.19090909090909092	False	3200000.0	28	3.449605718959355	898	748	True
382	0.68	734672000.0	131622220.54794519	866294220.5479451	9702495.270136986	True	56	77	238	2.03	409	17	151578000.0	498110000	649688000.0	503	25792000	15991040.0	0	0	7518000	4216000	3199200.0	10020500	0	122925	17558625.0	9702495.270136986	27261120.270136986	0.3525828313253012	True	17304240.0	864000000.0	45000000.0	28876940.502679653	0	91181180.50267965	0	0.13	False	0	0	0.19090909090909092	False	3200000.0	28	3.437731012223768	895	745	True
383	0.68	734672000.0	131597097.80821916	866269097.8082192	9702213.895452054	True	56	77	238	2.03	409	16	151578000.0	497680000	649258000.0	502	25698000	15932760.0	0	0	7492800	4216000	3199200.0	10020500	0	122595	17558295.0	9702213.895452054	27260508.895452052	0.3525762048192771	True	17236160.0	864000000.0	45000000.0	28777536.330775116	0	91013696.33077511	0	0.13	False	0	0	0.19090909090909092	False	3200000.0	28	3.4258971822351327	892	743	True
384	0.68	734672000.0	131559413.69863014	866231413.6986301	9701791.833424658	True	56	77	238	2.03	409	16	151578000.0	497680000	649258000.0	502	25698000	15932760.0	0	0	7467600	4216000	3199200.0	10020500	0	122100	17557800.0	9701791.833424658	27259591.833424658	0.35256626506024097	True	17236160.0	864000000.0	45000000.0	28678474.34156792	0	90914634.34156792	0	0.13	False	0	0	0.19090909090909092	False	3200000.0	28	3.414104088281895	889	740	True
385	0.68	734672000.0	131534290.9589041	866206290.9589041	9701510.458739726	True	56	77	238	2.03	409	16	151578000.0	497680000	649258000.0	502	25698000	15932760.0	0	0	7434000	4216000	3199200.0	10020500	0	121770	17557470.0	9701510.458739726	27258980.458739728	0.35255963855421685	True	17226360.0	864000000.0	45000000.0	28579753.357149757	0	90806113.35714975	0	0.13	False	0	0	0.19090909090909092	False	3200000.0	28	3.4023515901368757	885	738	True
386	0.68	734672000.0	131496606.84931505	866168606.849315	9701088.39671233	True	56	77	238	2.03	409	16	151578000.0	497680000	649258000.0	502	25698000	15932760.0	0	0	7408800	4216000	3199200.0	10020500	0	121275	17556975.0	9701088.39671233	27258063.39671233	0.3525496987951807	True	17226360.0	864000000.0	45000000.0	28481372.20366711	0	90707732.2036671	0	0.13	False	0	0	0.19090909090909092	False	3200000.0	28	3.3906395480556086	882	735	True
387	0.68	734672000.0	131471484.10958903	866143484.109589	9700807.022027396	True	56	77	238	2.03	409	16	151578000.0	497680000	649258000.0	502	25698000	15932760.0	0	0	7383600	4216000	3199200.0	10020500	0	120945	17556645.0	9700807.022027396	27257452.022027396	0.3525430722891566	True	17216560.0	864000000.0	45000000.0	28383329.71130724	0	90599889.71130724	0	0.13	False	0	0	0.19090909090909092	False	3200000.0	28	3.3789678227746713	879	733	True
388	0.68	734672000.0	131433799.99999999	866105800.0	9700384.959999999	True	56	77	238	2.03	409	16	151578000.0	497680000	649258000.0	502	25698000	15932760.0	0	0	7358400	4216000	3199200.0	10020500	0	120450	17556150.0	9700384.959999999	27256534.96	0.3525331325301205	True	17216560.0	864000000.0	45000000.0	28285624.7142843	0	90502184.7142843	0	0.13	False	0	0	0.19090909090909092	False	3200000.0	28	3.367336275510036	876	730	True
389	0.68	734672000.0	131408677.26027396	866080677.2602739	9700103.585315067	True	56	77	238	2.03	409	16	151578000.0	497680000	649258000.0	502	25698000	15932760.0	0	0	7333200	4216000	3199200.0	10020500	0	120120	17555820.0	9700103.585315067	27255923.585315067	0.3525265060240964	True	17216560.0	864000000.0	45000000.0	28188256.05082547	0	90404816.05082548	0	0.13	False	0	0	0.19090909090909092	False	3200000.0	28	3.355744767955413	873	728	True
390	0.68	734672000.0	131370993.15068492	866042993.150685	9699681.52328767	True	56	77	238	2.03	409	16	151578000.0	497680000	649258000.0	502	25698000	15932760.0	0	0	7308000	4216000	3199200.0	10020500	0	119625	17555325.0	9699681.52328767	27255006.52328767	0.3525165662650602	True	17206760.0	864000000.0	45000000.0	28091222.56315716	0	90297982.56315716	0	0.13	False	0	0	0.19090909090909092	False	3200000.0	28	3.344193162280614	870	725	True
391	0.68	734672000.0	131345870.41095889	866017870.4109589	9699400.148602739	True	56	77	238	2.03	409	16	151578000.0	497680000	649258000.0	502	25698000	15932760.0	0	0	7282800	4216000	3199200.0	10020500	0	119295	17554995.0	9699400.148602739	27254395.14860274	0.35250993975903616	True	17206760.0	864000000.0	45000000.0	27994523.0974912	0	90201283.0974912	0	0.13	False	0	0	0.19090909090909092	False	3200000.0	28	3.332681321129905	867	723	True
392	0.68	734672000.0	131308186.30136986	865980186.3013699	9698978.086575342	True	56	77	238	2.03	409	16	151578000.0	497680000	649258000.0	502	25698000	15932760.0	0	0	7257600	4216000	3199200.0	10020500	0	118800	17554500.0	9698978.086575342	27253478.086575344	0.3525	True	17196960.0	864000000.0	45000000.0	27898156.50401118	0	90095116.50401118	0	0.13	False	0	0	0.19090909090909092	False	3200000.0	28	3.3212091076203785	864	720	True
393	0.68	734672000.0	131283063.56164384	865955063.5616438	9698696.71189041	True	56	77	238	2.03	409	16	151578000.0	497680000	649258000.0	502	25698000	15932760.0	0	0	7232400	4216000	3199200.0	10020500	0	118470	17554170.0	9698696.71189041	27252866.71189041	0.3524933734939759	True	17196960.0	864000000.0	45000000.0	27802121.63685872	0	89999081.63685872	0	0.13	False	0	0	0.19090909090909092	False	3200000.0	28	3.309776385340324	861	718	True
394	0.68	734672000.0	131245379.45205477	865917379.4520547	9698274.649863012	True	56	77	238	2.03	409	16	151578000.0	497680000	649258000.0	502	25698000	15932760.0	0	0	7207200	4216000	3199200.0	10020500	0	117975	17553675.0	9698274.649863012	27251949.649863012	0.35248343373493973	True	17187160.0	864000000.0	45000000.0	27706417.354119875	0	89893577.35411987	0	0.13	False	0	0	0.19090909090909092	False	3200000.0	28	3.298383018347604	858	715	True
395	0.68	734672000.0	131220256.71232875	865892256.7123288	9697993.275178082	True	56	77	238	2.03	409	16	151578000.0	497680000	649258000.0	502	25698000	15932760.0	0	0	7182000	4216000	3199200.0	10020500	0	117645	17553345.0	9697993.275178082	27251338.275178082	0.35247680722891567	True	17187160.0	864000000.0	45000000.0	27611042.517811567	0	89798202.51781157	0	0.13	False	0	0	0.19090909090909092	False	3200000.0	28	3.2870288711680438	855	713	True
396	0.68	734672000.0	131182572.6027397	865854572.6027397	9697571.213150684	True	56	77	238	2.03	409	16	151578000.0	497680000	649258000.0	502	25698000	15932760.0	0	0	7156800	4216000	3199200.0	10020500	0	117150	17552850.0	9697571.213150684	27250421.213150684	0.35246686746987954	True	17177360.0	864000000.0	45000000.0	27515995.993868034	0	89693355.99386804	0	0.13	False	0	0	0.19090909090909092	False	3200000.0	28	3.275713808793814	852	710	True
397	0.68	734672000.0	131157449.86301368	865829449.8630137	9697289.838465754	True	56	77	238	2.03	409	16	151578000.0	497680000	649258000.0	502	25698000	15932760.0	0	0	7140000	4216000	3199200.0	10020500	0	116820	17552520.0	9697289.838465754	27249809.838465754	0.3524602409638554	True	17177360.0	864000000.0	45000000.0	27421276.65212734	0	89598636.65212734	0	0.13	False	0	0	0.19090909090909092	False	3200000.0	28	3.2644376966818265	850	708	True
398	0.68	734672000.0	131119765.75342464	865791765.7534246	9696867.776438355	True	56	77	238	2.03	409	16	151578000.0	497680000	649258000.0	502	25698000	15932760.0	0	0	7114800	4216000	3199200.0	10020500	0	116325	17552025.0	9696867.776438355	27248892.776438355	0.3524503012048193	True	17167560.0	864000000.0	45000000.0	27326883.366317954	0	89494443.36631796	0	0.13	False	0	0	0.19090909090909092	False	3200000.0	28	3.2532004007521373	847	705	True
399	0.68	734672000.0	131094643.01369862	865766643.0136986	9696586.401753424	True	56	77	238	2.03	409	16	151578000.0	497680000	649258000.0	502	25698000	15932760.0	0	0	7089600	4216000	3199200.0	10020500	0	115995	17551695.0	9696586.401753424	27248281.401753426	0.3524436746987952	True	17167560.0	864000000.0	45000000.0	27232815.014045373	0	89400375.01404537	0	0.13	False	0	0	0.19090909090909092	False	3200000.0	28	3.242001787386354	844	703	True
400	0.68	734672000.0	131069520.27397257	865741520.2739725	9696305.027068492	True	56	77	238	2.03	409	16	151578000.0	497680000	649258000.0	502	25698000	15932760.0	0	0	7064400	4216000	3199200.0	10020500	0	115665	17551365.0	9696305.027068492	27247670.027068492	0.3524370481927711	True	17167560.0	864000000.0	45000000.0	27139070.476778705	0	89306630.4767787	0	0.13	False	0	0	0.19090909090909092	False	3200000.0	28	3.2308417234260363	841	701	True
401	0.68	734672000.0	131031836.16438356	865703836.1643835	9695882.965041095	True	56	77	238	2.03	409	15	151578000.0	497250000	648828000.0	501	25604000	15874480.0	0	0	7039200	4216000	3199200.0	10020500	0	115170	17550870.0	9695882.965041095	27246752.965041094	0.3524271084337349	True	17099480.0	864000000.0	45000000.0	27045648.639837474	0	89145128.63983747	0	0.13	False	0	0	0.19090909090909092	False	3200000.0	28	3.2197200761711278	838	698	True
402	0.68	734672000.0	131006713.42465754	865678713.4246576	9695601.590356166	True	56	77	238	2.03	409	15	151578000.0	497250000	648828000.0	501	25604000	15874480.0	0	0	7014000	4216000	3199200.0	10020500	0	114840	17550540.0	9695601.590356166	27246141.590356164	0.35242048192771086	True	17099480.0	864000000.0	45000000.0	26952548.392378267	0	89052028.39237827	0	0.13	False	0	0	0.19090909090909092	False	3200000.0	28	3.208636713378365	835	696	True
403	0.68	734672000.0	130969029.31506847	865641029.3150685	9695179.528328767	True	56	77	238	2.03	409	15	151578000.0	497250000	648828000.0	501	25604000	15874480.0	0	0	6988800	4216000	3199200.0	10020500	0	114345	17550045.0	9695179.528328767	27245224.52832877	0.3524105421686747	True	17089680.0	864000000.0	45000000.0	26859768.627381604	0	88949448.62738161	0	0.13	False	0	0	0.19090909090909092	False	3200000.0	28	3.197591503259715	832	693	True
404	0.68	734672000.0	130943906.57534245	865615906.5753424	9694898.153643835	True	56	77	238	2.03	409	15	151578000.0	497250000	648828000.0	501	25604000	15874480.0	0	0	6963600	4216000	3199200.0	10020500	0	114015	17549715.0	9694898.153643835	27244613.153643835	0.3524039156626506	True	17089680.0	864000000.0	45000000.0	26767308.241638705	0	88856988.2416387	0	0.13	False	0	0	0.19090909090909092	False	3200000.0	28	3.1865843144807986	829	691	True
405	0.68	734672000.0	130918783.83561642	865590783.8356165	9694616.778958904	True	56	77	238	2.03	409	15	151578000.0	497250000	648828000.0	501	25604000	15874480.0	0	0	6938400	4216000	3199200.0	10020500	0	113685	17549385.0	9694616.778958904	27244001.7789589	0.3523972891566265	True	17089680.0	864000000.0	45000000.0	26675166.135738444	0	88764846.13573845	0	0.13	False	0	0	0.19090909090909092	False	3200000.0	28	3.175615016159339	826	689	True
406	0.68	734672000.0	130881099.72602738	865553099.7260274	9694194.716931507	True	56	77	238	2.03	409	15	151578000.0	497250000	648828000.0	501	25604000	15874480.0	0	0	6921600	4216000	3199200.0	10020500	0	113190	17548890.0	9694194.716931507	27243084.716931507	0.35238734939759037	True	17079880.0	864000000.0	45000000.0	26583341.2140542	0	88663221.2140542	0	0.13	False	0	0	0.19090909090909092	False	3200000.0	28	3.164683477863595	824	686	True
407	0.68	734672000.0	130855976.98630136	865527976.9863014	9693913.342246575	True	56	77	238	2.03	409	15	151578000.0	497250000	648828000.0	501	25604000	15874480.0	0	0	6896400	4216000	3199200.0	10020500	0	112860	17548560.0	9693913.342246575	27242473.342246577	0.35238072289156624	True	17079880.0	864000000.0	45000000.0	26491832.38473091	0	88571712.3847309	0	0.13	False	0	0	0.19090909090909092	False	3200000.0	28	3.1537895696108222	821	684	True
408	0.68	734672000.0	130830854.24657534	865502854.2465754	9693631.967561644	True	56	77	238	2.03	409	15	151578000.0	497250000	648828000.0	501	25604000	15874480.0	0	0	6871200	4216000	3199200.0	10020500	0	112530	17548230.0	9693631.967561644	27241861.967561644	0.3523740963855422	True	17070080.0	864000000.0	45000000.0	26400638.559671987	0	88470718.55967198	0	0.13	False	0	0	0.19090909090909092	False	3200000.0	28	3.1429331618657126	818	682	True
409	0.68	734672000.0	130793170.13698627	865465170.1369863	9693209.905534245	True	56	77	238	2.03	409	15	151578000.0	497250000	648828000.0	501	25604000	15874480.0	0	0	6846000	4216000	3199200.0	10020500	0	112035	17547735.0	9693209.905534245	27240944.905534245	0.352364156626506	True	17070080.0	864000000.0	45000000.0	26309758.65452651	0	88379838.6545265	0	0.13	False	0	0	0.19090909090909092	False	3200000.0	28	3.1321141255388705	815	679	True
410	0.68	734672000.0	130768047.39726025	865440047.3972602	9692928.530849313	True	56	77	238	2.03	409	15	151578000.0	497250000	648828000.0	501	25604000	15874480.0	0	0	6820800	4216000	3199200.0	10020500	0	111705	17547405.0	9692928.530849313	27240333.530849315	0.35235753012048193	True	17060280.0	864000000.0	45000000.0	26219191.588676203	0	88279471.5886762	0	0.13	False	0	0	0.19090909090909092	False	3200000.0	28	3.1213323319852626	812	677	True
411	0.68	734672000.0	130730363.28767124	865402363.2876712	9692506.468821917	True	56	77	238	2.03	409	15	151578000.0	497250000	648828000.0	501	25604000	15874480.0	0	0	6795600	4216000	3199200.0	10020500	0	111210	17546910.0	9692506.468821917	27239416.468821917	0.3523475903614458	True	17060280.0	864000000.0	45000000.0	26128936.285222683	0	88189216.28522268	0	0.13	False	0	0	0.19090909090909092	False	3200000.0	28	3.1105876530027	809	674	True
412	0.68	734672000.0	130705240.54794519	865377240.5479451	9692225.094136985	True	56	77	238	2.03	409	15	151578000.0	497250000	648828000.0	501	25604000	15874480.0	0	0	6778800	4216000	3199200.0	10020500	0	110880	17546580.0	9692225.094136985	27238805.094136983	0.3523409638554217	True	17050480.0	864000000.0	45000000.0	26038991.670974586	0	88089471.67097458	0	0.13	False	0	0	0.19090909090909092	False	3200000.0	28	3.099879960830308	807	672	True
413	0.68	734672000.0	130680117.80821916	865352117.8082192	9691943.719452055	True	56	77	238	2.03	409	15	151578000.0	497250000	648828000.0	501	25604000	15874480.0	0	0	6753600	4216000	3199200.0	10020500	0	110550	17546250.0	9691943.719452055	27238193.719452053	0.35233433734939756	True	17050480.0	864000000.0	45000000.0	25949356.676434826	0	87999836.67643483	0	0.13	False	0	0	0.19090909090909092	False	3200000.0	28	3.089209128147003	804	670	True
414	0.68	734672000.0	130654995.06849314	865326995.0684931	9691662.344767123	True	56	77	238	2.03	409	15	151578000.0	497250000	648828000.0	501	25604000	15874480.0	0	0	6728400	4216000	3199200.0	10020500	0	110220	17545920.0	9691662.344767123	27237582.344767123	0.3523277108433735	True	17050480.0	864000000.0	45000000.0	25860030.23578794	0	87910510.23578794	0	0.13	False	0	0	0.19090909090909092	False	3200000.0	28	3.078575028069993	801	668	True
415	0.68	734672000.0	130617310.9589041	865289310.9589041	9691240.282739727	True	56	77	238	2.03	409	15	151578000.0	497250000	648828000.0	501	25604000	15874480.0	0	0	6703200	4216000	3199200.0	10020500	0	109725	17545425.0	9691240.282739727	27236665.28273973	0.35231777108433737	True	17040680.0	864000000.0	45000000.0	25771011.2868873	0	87811691.2868873	0	0.13	False	0	0	0.19090909090909092	False	3200000.0	28	3.0679775341532496	798	665	True
416	0.68	734672000.0	130592188.21917807	865264188.2191781	9690958.908054795	True	56	77	238	2.03	409	15	151578000.0	497250000	648828000.0	501	25604000	15874480.0	0	0	6686400	4216000	3199200.0	10020500	0	109395	17545095.0	9690958.908054795	27236053.908054795	0.35231114457831325	True	17040680.0	864000000.0	45000000.0	25682298.771242578	0	87722978.77124257	0	0.13	False	0	0	0.19090909090909092	False	3200000.0	28	3.0574165203860213	796	663	True
417	0.68	734672000.0	130567065.47945204	865239065.479452	9690677.533369862	True	56	77	238	2.03	409	15	151578000.0	497250000	648828000.0	501	25604000	15874480.0	0	0	6661200	4216000	3199200.0	10020500	0	109065	17544765.0	9690677.533369862	27235442.53336986	0.35230451807228913	True	17030880.0	864000000.0	45000000.0	25593891.63400713	0	87624771.63400713	0	0.13	False	0	0	0.19090909090909092	False	3200000.0	28	3.046891861191325	793	661	True
418	0.68	734672000.0	130529381.36986302	865201381.369863	9690255.471342467	True	56	77	238	2.03	409	15	151578000.0	497250000	648828000.0	501	25604000	15874480.0	0	0	6636000	4216000	3199200.0	10020500	0	108570	17544270.0	9690255.471342467	27234525.471342467	0.352294578313253	True	17030880.0	864000000.0	45000000.0	25505788.823965434	0	87536668.82396543	0	0.13	False	0	0	0.19090909090909092	False	3200000.0	28	3.036403431424456	790	658	True
419	0.68	734672000.0	130504258.63013697	865176258.630137	9689974.096657533	True	56	77	238	2.03	409	15	151578000.0	497250000	648828000.0	501	25604000	15874480.0	0	0	6610800	4216000	3199200.0	10020500	0	108240	17543940.0	9689974.096657533	27233914.096657533	0.35228795180722894	True	17030880.0	864000000.0	45000000.0	25417989.29352061	0	87448869.29352061	0	0.13	False	0	0	0.19090909090909092	False	3200000.0	28	3.0259511063715014	787	656	True
420	0.68	734672000.0	130479135.89041094	865151135.8904109	9689692.721972601	True	56	77	238	2.03	409	14	151578000.0	496820000	648398000.0	500	25510000	15816200.0	0	0	6594000	4216000	3199200.0	10020500	0	107910	17543610.0	9689692.721972601	27233302.7219726	0.3522813253012048	True	16962800.0	864000000.0	45000000.0	25330491.998681974	0	87293291.99868198	0	0.13	False	0	0	0.19090909090909092	False	3200000.0	28	3.0155347617478543	785	654	True
421	0.68	734672000.0	130454013.15068494	865126013.150685	9689411.347287672	True	56	77	238	2.03	409	14	151578000.0	496820000	648398000.0	500	25510000	15816200.0	0	0	6568800	4216000	3199200.0	10020500	0	107580	17543280.0	9689411.347287672	27232691.34728767	0.3522746987951807	True	16962800.0	864000000.0	45000000.0	25243295.899052586	0	87206095.89905259	0	0.13	False	0	0	0.19090909090909092	False	3200000.0	28	3.0051542736967365	782	652	True
422	0.68	734672000.0	130416329.04109587	865088329.0410959	9688989.285260273	True	56	77	238	2.03	409	14	151578000.0	496820000	648398000.0	500	25510000	15816200.0	0	0	6543600	4216000	3199200.0	10020500	0	107085	17542785.0	9688989.285260273	27231774.285260275	0.35226475903614457	True	16953000.0	864000000.0	45000000.0	25156399.95781693	0	87109399.95781693	0	0.13	False	0	0	0.19090909090909092	False	3200000.0	28	2.9948095187877297	779	649	True
423	0.68	734672000.0	130391206.30136985	865063206.3013699	9688707.910575343	True	56	77	238	2.03	409	14	151578000.0	496820000	648398000.0	500	25510000	15816200.0	0	0	6526800	4216000	3199200.0	10020500	0	106755	17542455.0	9688707.910575343	27231162.910575345	0.3522581325301205	True	16953000.0	864000000.0	45000000.0	25069803.141728524	0	87022803.14172852	0	0.13	False	0	0	0.19090909090909092	False	3200000.0	28	2.9845003740153007	777	647	True
424	0.68	734672000.0	130366083.56164382	865038083.5616438	9688426.535890412	True	56	77	238	2.03	409	14	151578000.0	496820000	648398000.0	500	25510000	15816200.0	0	0	6501600	4216000	3199200.0	10020500	0	106425	17542125.0	9688426.535890412	27230551.53589041	0.3522515060240964	True	16953000.0	864000000.0	45000000.0	24983504.421097722	0	86936504.42109773	0	0.13	False	0	0	0.19090909090909092	False	3200000.0	28	2.974226716797348	774	645	True
425	0.68	734672000.0	130340960.8219178	865012960.8219178	9688145.16120548	True	56	77	238	2.03	409	14	151578000.0	496820000	648398000.0	500	25510000	15816200.0	0	0	6476400	4216000	3199200.0	10020500	0	106095	17541795.0	9688145.16120548	27229940.161205478	0.35224487951807226	True	16943200.0	864000000.0	45000000.0	24897502.769779358	0	86840702.76977935	0	0.13	False	0	0	0.19090909090909092	False	3200000.0	28	2.9639884249737327	771	643	True
426	0.68	734672000.0	130303276.71232876	864975276.7123288	9687723.099178083	True	56	77	238	2.03	409	14	151578000.0	496820000	648398000.0	500	25510000	15816200.0	0	0	6459600	4216000	3199200.0	10020500	0	105600	17541300.0	9687723.099178083	27229023.099178083	0.35223493975903614	True	16943200.0	864000000.0	45000000.0	24811797.165160645	0	86754997.16516064	0	0.13	False	0	0	0.19090909090909092	False	3200000.0	28	2.9537853768048388	769	640	True
427	0.68	734672000.0	130278153.97260274	864950153.9726027	9687441.72449315	True	56	77	238	2.03	409	14	151578000.0	496820000	648398000.0	500	25510000	15816200.0	0	0	6434400	4216000	3199200.0	10020500	0	105270	17540970.0	9687441.72449315	27228411.72449315	0.35222831325301207	True	16933400.0	864000000.0	45000000.0	24726386.58814895	0	86659786.58814895	0	0.13	False	0	0	0.19090909090909092	False	3200000.0	28	2.943617450970113	766	638	True
428	0.68	734672000.0	130253031.23287672	864925031.2328768	9687160.34980822	True	56	77	238	2.03	409	14	151578000.0	496820000	648398000.0	500	25510000	15816200.0	0	0	6409200	4216000	3199200.0	10020500	0	104940	17540640.0	9687160.34980822	27227800.34980822	0.35222168674698795	True	16933400.0	864000000.0	45000000.0	24641270.023159724	0	86574670.02315973	0	0.13	False	0	0	0.19090909090909092	False	3200000.0	28	2.933484526566634	763	636	True
429	0.68	734672000.0	130227908.49315067	864899908.4931507	9686878.975123288	True	56	77	238	2.03	409	14	151578000.0	496820000	648398000.0	500	25510000	15816200.0	0	0	6392400	4216000	3199200.0	10020500	0	104610	17540310.0	9686878.975123288	27227188.975123286	0.35221506024096383	True	16933400.0	864000000.0	45000000.0	24556446.458104383	0	86489846.45810439	0	0.13	False	0	0	0.19090909090909092	False	3200000.0	28	2.923386483107665	761	634	True
430	0.68	734672000.0	130202785.75342464	864874785.7534246	9686597.600438356	True	56	77	238	2.03	409	14	151578000.0	496820000	648398000.0	500	25510000	15816200.0	0	0	6367200	4216000	3199200.0	10020500	0	104280	17539980.0	9686597.600438356	27226577.600438356	0.35220843373493976	True	16923600.0	864000000.0	45000000.0	24471914.884378303	0	86395514.8843783	0	0.13	False	0	0	0.19090909090909092	False	3200000.0	28	2.9133232005212264	758	632	True
431	0.68	734672000.0	130177663.01369862	864849663.0136986	9686316.225753425	True	56	77	238	2.03	409	14	151578000.0	496820000	648398000.0	500	25510000	15816200.0	0	0	6350400	4216000	3199200.0	10020500	0	103950	17539650.0	9686316.225753425	27225966.225753427	0.35220180722891564	True	16923600.0	864000000.0	45000000.0	24387674.296848807	0	86311274.2968488	0	0.13	False	0	0	0.19090909090909092	False	3200000.0	28	2.9032945591486676	756	630	True
432	0.68	734672000.0	130139978.90410957	864811978.9041096	9685894.163726028	True	56	77	238	2.03	409	14	151578000.0	496820000	648398000.0	500	25510000	15816200.0	0	0	6325200	4216000	3199200.0	10020500	0	103455	17539155.0	9685894.163726028	27225049.163726028	0.3521918674698795	True	16913800.0	864000000.0	45000000.0	24303723.693843238	0	86217523.69384325	0	0.13	False	0	0	0.19090909090909092	False	3200000.0	28	2.8933004397432427	753	627	True
433	0.68	734672000.0	130114856.16438355	864786856.1643835	9685612.789041096	True	56	77	238	2.03	409	14	151578000.0	496820000	648398000.0	500	25510000	15816200.0	0	0	6300000	4216000	3199200.0	10020500	0	103125	17538825.0	9685612.789041096	27224437.789041094	0.3521852409638554	True	16913800.0	864000000.0	45000000.0	24220062.077137034	0	86133862.07713704	0	0.13	False	0	0	0.19090909090909092	False	3200000.0	28	2.8833407234686947	750	625	True
434	0.68	734672000.0	130089733.42465752	864761733.4246576	9685331.414356165	True	56	77	238	2.03	409	14	151578000.0	496820000	648398000.0	500	25510000	15816200.0	0	0	6283200	4216000	3199200.0	10020500	0	102795	17538495.0	9685331.414356165	27223826.414356165	0.35217861445783133	True	16913800.0	864000000.0	45000000.0	24136688.451941837	0	86050488.45194183	0	0.13	False	0	0	0.19090909090909092	False	3200000.0	28	2.8734152918978375	748	623	True
435	0.68	734672000.0	130064610.6849315	864736610.6849315	9685050.039671233	True	56	77	238	2.03	409	14	151578000.0	496820000	648398000.0	500	25510000	15816200.0	0	0	6258000	4216000	3199200.0	10020500	0	102465	17538165.0	9685050.039671233	27223215.039671235	0.3521719879518072	True	16904000.0	864000000.0	45000000.0	24053601.826893717	0	85957601.82689372	0	0.13	False	0	0	0.19090909090909092	False	3200000.0	28	2.863524027011157	745	621	True
436	0.68	734672000.0	130039487.94520545	864711487.9452055	9684768.664986301	True	56	77	238	2.03	409	14	151578000.0	496820000	648398000.0	500	25510000	15816200.0	0	0	6241200	4216000	3199200.0	10020500	0	102135	17537835.0	9684768.664986301	27222603.6649863	0.35216536144578314	True	16904000.0	864000000.0	45000000.0	23970801.21404133	0	85874801.21404132	0	0.13	False	0	0	0.19090909090909092	False	3200000.0	28	2.8536668111953962	743	619	True
437	0.68	734672000.0	130014365.20547943	864686365.2054794	9684487.29030137	True	56	77	238	2.03	409	14	151578000.0	496820000	648398000.0	500	25510000	15816200.0	0	0	6216000	4216000	3199200.0	10020500	0	101805	17537505.0	9684487.29030137	27221992.290301368	0.352158734939759	True	16904000.0	864000000.0	45000000.0	23888285.6288342	0	85792285.6288342	0	0.13	False	0	0	0.19090909090909092	False	3200000.0	28	2.8438435272421665	740	617	True
438	0.68	734672000.0	129976681.09589042	864648681.0958904	9684065.228273973	True	56	77	238	2.03	409	14	151578000.0	496820000	648398000.0	500	25510000	15816200.0	0	0	6190800	4216000	3199200.0	10020500	0	101310	17537010.0	9684065.228273973	27221075.228273973	0.3521487951807229	True	16894200.0	864000000.0	45000000.0	23806054.090111006	0	85700254.090111	0	0.13	False	0	0	0.19090909090909092	False	3200000.0	28	2.8340540583465486	737	614	True
439	0.68	734672000.0	129951558.3561644	864623558.3561645	9683783.853589041	True	56	77	238	2.03	409	14	151578000.0	496820000	648398000.0	500	25510000	15816200.0	0	0	6174000	4216000	3199200.0	10020500	0	100980	17536680.0	9683783.853589041	27220463.853589043	0.3521421686746988	True	16894200.0	864000000.0	45000000.0	23724105.62008793	0	85618305.62008792	0	0.13	False	0	0	0.19090909090909092	False	3200000.0	28	2.8242982881057057	735	612	True
440	0.68	734672000.0	129926435.61643834	864598435.6164384	9683502.47890411	True	56	77	238	2.03	409	13	151578000.0	496390000	647968000.0	499	25416000	15757920.0	0	0	6148800	4216000	3199200.0	10020500	0	100650	17536350.0	9683502.47890411	27219852.47890411	0.3521355421686747	True	16826120.0	864000000.0	45000000.0	23642439.244346987	0	85468559.24434699	0	0.13	False	0	0	0.19090909090909092	False	3200000.0	28	2.8145761005174985	732	610	True
441	0.68	734672000.0	129901312.87671232	864573312.8767123	9683221.104219178	True	56	77	238	2.03	409	13	151578000.0	496390000	647968000.0	499	25416000	15757920.0	0	0	6132000	4216000	3199200.0	10020500	0	100320	17536020.0	9683221.104219178	27219241.104219176	0.3521289156626506	True	16826120.0	864000000.0	45000000.0	23561053.991824497	0	85387173.9918245	0	0.13	False	0	0	0.19090909090909092	False	3200000.0	28	2.8048873799791068	730	608	True
442	0.68	734672000.0	129876190.1369863	864548190.1369863	9682939.729534246	True	56	77	238	2.03	409	13	151578000.0	496390000	647968000.0	499	25416000	15757920.0	0	0	6106800	4216000	3199200.0	10020500	0	99990	17535690.0	9682939.729534246	27218629.729534246	0.3521222891566265	True	16826120.0	864000000.0	45000000.0	23479948.894799475	0	85306068.89479947	0	0.13	False	0	0	0.19090909090909092	False	3200000.0	28	2.795232011285652	727	606	True
443	0.68	734672000.0	129851067.39726026	864523067.3972603	9682658.354849316	True	56	77	238	2.03	409	13	151578000.0	496390000	647968000.0	499	25416000	15757920.0	0	0	6090000	4216000	3199200.0	10020500	0	99660	17535360.0	9682658.354849316	27218018.354849316	0.3521156626506024	True	16816320.0	864000000.0	45000000.0	23399122.9888822	0	85215442.9888822	0	0.13	False	0	0	0.19090909090909092	False	3200000.0	28	2.7856098796288333	725	604	True
444	0.68	734672000.0	129825944.65753424	864497944.6575342	9682376.980164383	True	56	77	238	2.03	409	13	151578000.0	496390000	647968000.0	499	25416000	15757920.0	0	0	6064800	4216000	3199200.0	10020500	0	99330	17535030.0	9682376.980164383	27217406.980164383	0.35210903614457834	True	16816320.0	864000000.0	45000000.0	23318575.313002676	0	85134895.31300268	0	0.13	False	0	0	0.19090909090909092	False	3200000.0	28	2.7760208705955565	722	602	True
445	0.68	734672000.0	129800821.91780822	864472821.9178082	9682095.60547945	True	56	77	238	2.03	409	13	151578000.0	496390000	647968000.0	499	25416000	15757920.0	0	0	6048000	4216000	3199200.0	10020500	0	99000	17534700.0	9682095.60547945	27216795.60547945	0.3521024096385542	True	16816320.0	864000000.0	45000000.0	23238304.909399234	0	85054624.90939924	0	0.13	False	0	0	0.19090909090909092	False	3200000.0	28	2.7664648701665753	720	600	True
446	0.68	734672000.0	129775699.1780822	864447699.1780822	9681814.230794521	True	56	77	238	2.03	409	13	151578000.0	496390000	647968000.0	499	25416000	15757920.0	0	0	6022800	4216000	3199200.0	10020500	0	98670	17534370.0	9681814.230794521	27216184.23079452	0.3520957831325301	True	16806520.0	864000000.0	45000000.0	23158310.823607165	0	84964830.82360716	0	0.13	False	0	0	0.19090909090909092	False	3200000.0	28	2.7569417647151386	717	598	True
447	0.68	734672000.0	129750576.43835615	864422576.4383562	9681532.85610959	True	56	77	238	2.03	409	13	151578000.0	496390000	647968000.0	499	25416000	15757920.0	0	0	6006000	4216000	3199200.0	10020500	0	98340	17534040.0	9681532.85610959	27215572.85610959	0.35208915662650603	True	16806520.0	864000000.0	45000000.0	23078592.10444732	0	84885112.10444732	0	0.13	False	0	0	0.19090909090909092	False	3200000.0	28	2.747451441005633	715	596	True
448	0.68	734672000.0	129725453.69863012	864397453.6986301	9681251.481424658	True	56	77	238	2.03	409	13	151578000.0	496390000	647968000.0	499	25416000	15757920.0	0	0	5980800	4216000	3199200.0	10020500	0	98010	17533710.0	9681251.481424658	27214961.48142466	0.3520825301204819	True	16796720.0	864000000.0	45000000.0	22999147.804014858	0	84795867.80401486	0	0.13	False	0	0	0.19090909090909092	False	3200000.0	28	2.737993786192245	712	594	True
449	0.68	734672000.0	129700330.95890412	864372330.9589041	9680970.106739726	True	56	77	238	2.03	409	13	151578000.0	496390000	647968000.0	499	25416000	15757920.0	0	0	5964000	4216000	3199200.0	10020500	0	97680	17533380.0	9680970.106739726	27214350.106739726	0.35207590361445784	True	16796720.0	864000000.0	45000000.0	22919976.977667928	0	84716696.97766793	0	0.13	False	0	0	0.19090909090909092	False	3200000.0	28	2.7285686878176105	710	592	True
450	0.68	734672000.0	129675208.2191781	864347208.2191781	9680688.732054794	True	56	77	238	2.03	409	13	151578000.0	496390000	647968000.0	499	25416000	15757920.0	0	0	5947200	4216000	3199200.0	10020500	0	97350	17533050.0	9680688.732054794	27213738.732054792	0.3520692771084337	True	16796720.0	864000000.0	45000000.0	22841078.684016474	0	84637798.68401647	0	0.13	False	0	0	0.19090909090909092	False	3200000.0	28	2.7191760338114848	708	590	True
451	0.68	734672000.0	129650085.47945204	864322085.479452	9680407.357369862	True	56	77	238	2.03	409	13	151578000.0	496390000	647968000.0	499	25416000	15757920.0	0	0	5922000	4216000	3199200.0	10020500	0	97020	17532720.0	9680407.357369862	27213127.357369862	0.35206265060240965	True	16786920.0	864000000.0	45000000.0	22762451.98491099	0	84549371.984911	0	0.13	False	0	0	0.19090909090909092	False	3200000.0	28	2.709815712489404	705	588	True
452	0.68	734672000.0	129624962.73972602	864296962.7397261	9680125.982684933	True	56	77	238	2.03	409	13	151578000.0	496390000	647968000.0	499	25416000	15757920.0	0	0	5905200	4216000	3199200.0	10020500	0	96690	17532390.0	9680125.982684933	27212515.982684933	0.35205602409638553	True	16786920.0	864000000.0	45000000.0	22684095.94543143	0	84471015.94543143	0	0.13	False	0	0	0.19090909090909092	False	3200000.0	28	2.700487612551361	703	586	True
453	0.68	734672000.0	129587278.63013698	864259278.630137	9679703.920657534	True	56	77	238	2.03	409	13	151578000.0	496390000	647968000.0	499	25416000	15757920.0	0	0	5880000	4216000	3199200.0	10020500	0	96195	17531895.0	9679703.920657534	27211598.920657534	0.3520460843373494	True	16777120.0	864000000.0	45000000.0	22606009.63387604	0	84383129.63387604	0	0.13	False	0	0	0.19090909090909092	False	3200000.0	28	2.691191623080481	700	583	True
454	0.68	734672000.0	129562155.89041093	864234155.8904109	9679422.545972602	True	56	77	238	2.03	409	13	151578000.0	496390000	647968000.0	499	25416000	15757920.0	0	0	5863200	4216000	3199200.0	10020500	0	95865	17531565.0	9679422.545972602	27210987.5459726	0.3520394578313253	True	16777120.0	864000000.0	45000000.0	22528192.121750306	0	84305312.12175031	0	0.13	False	0	0	0.19090909090909092	False	3200000.0	28	2.681927633541703	698	581	True
455	0.68	734672000.0	129537033.15068491	864209033.150685	9679141.17128767	True	56	77	238	2.03	409	13	151578000.0	496390000	647968000.0	499	25416000	15757920.0	0	0	5838000	4216000	3199200.0	10020500	0	95535	17531235.0	9679141.17128767	27210376.17128767	0.3520328313253012	True	16777120.0	864000000.0	45000000.0	22450642.483755894	0	84227762.48375589	0	0.13	False	0	0	0.19090909090909092	False	3200000.0	28	2.672695533780464	695	579	True
456	0.68	734672000.0	129511910.4109589	864183910.4109589	9678859.796602739	True	56	77	238	2.03	409	13	151578000.0	496390000	647968000.0	499	25416000	15757920.0	0	0	5821200	4216000	3199200.0	10020500	0	95205	17530905.0	9678859.796602739	27209764.79660274	0.3520262048192771	True	16767320.0	864000000.0	45000000.0	22373359.797779676	0	84140679.79777968	0	0.13	False	0	0	0.19090909090909092	False	3200000.0	28	2.66349521402139	693	577	True
457	0.68	734672000.0	129486787.67123288	864158787.6712329	9678578.42191781	True	56	77	238	2.03	409	13	151578000.0	496390000	647968000.0	499	25416000	15757920.0	0	0	5804400	4216000	3199200.0	10020500	0	94875	17530575.0	9678578.42191781	27209153.42191781	0.35201957831325303	True	16767320.0	864000000.0	45000000.0	22296343.14488273	0	84063663.14488274	0	0.13	False	0	0	0.19090909090909092	False	3200000.0	28	2.654326564866992	691	575	True
458	0.68	734672000.0	129474226.30136985	864146226.3013699	9678437.734575342	True	56	77	238	2.03	409	13	151578000.0	496390000	647968000.0	499	25416000	15757920.0	0	0	5779200	4216000	3199200.0	10020500	0	94710	17530410.0	9678437.734575342	27208847.734575342	0.352016265060241	True	16767320.0	864000000.0	45000000.0	22219591.609289452	0	83986911.60928945	0	0.13	False	0	0	0.19090909090909092	False	3200000.0	28	2.6451894772963636	688	574	True
459	0.68	734672000.0	129449103.56164382	864121103.5616438	9678156.35989041	True	56	77	238	2.03	409	13	151578000.0	496390000	647968000.0	499	25416000	15757920.0	0	0	5762400	4216000	3199200.0	10020500	0	94380	17530080.0	9678156.35989041	27208236.35989041	0.35200963855421685	True	16757520.0	864000000.0	45000000.0	22143104.278376624	0	83900624.27837662	0	0.13	False	0	0	0.19090909090909092	False	3200000.0	28	2.636083842663884	686	572	True
460	0.68	734672000.0	129423980.8219178	864095980.8219178	9677874.985205479	True	56	77	238	2.03	409	13	151578000.0	496390000	647968000.0	499	25416000	15757920.0	0	0	5745600	4216000	3199200.0	10020500	0	94050	17529750.0	9677874.985205479	27207624.98520548	0.3520030120481928	True	16757520.0	864000000.0	45000000.0	22066880.24266261	0	83824400.24266261	0	0.13	False	0	0	0.19090909090909092	False	3200000.0	28	2.62700955269793	684	570	True
461	0.68	734672000.0	129398858.08219178	864070858.0821918	9677593.61052055	True	56	77	238	2.03	409	12	151578000.0	495960000	647538000.0	498	25322000	15699640.0	0	0	5720400	4216000	3199200.0	10020500	0	93720	17529420.0	9677593.61052055	27207013.61052055	0.35199638554216867	True	16699240.0	864000000.0	45000000.0	21990918.595796492	0	83690158.5957965	0	0.13	False	0	0	0.19090909090909092	False	3200000.0	28	2.617966499499582	681	568	True
462	0.68	734672000.0	129373735.34246574	864045735.3424658	9677312.235835616	True	56	77	238	2.03	409	12	151578000.0	495960000	647538000.0	498	25322000	15699640.0	0	0	5703600	4216000	3199200.0	10020500	0	93390	17529090.0	9677312.235835616	27206402.235835616	0.3519897590361446	True	16689440.0	864000000.0	45000000.0	21915218.43454733	0	83604658.43454733	0	0.13	False	0	0	0.19090909090909092	False	3200000.0	28	2.608954575541349	679	566	True
463	0.68	734672000.0	129348612.60273972	864020612.6027397	9677030.861150684	True	56	77	238	2.03	409	12	151578000.0	495960000	647538000.0	498	25322000	15699640.0	0	0	5686800	4216000	3199200.0	10020500	0	93060	17528760.0	9677030.861150684	27205790.861150682	0.3519831325301205	True	16689440.0	864000000.0	45000000.0	21839778.858793415	0	83529218.85879341	0	0.13	False	0	0	0.19090909090909092	False	3200000.0	28	2.599973673665883	677	564	True
464	0.68	734672000.0	129323489.8630137	863995489.8630137	9676749.486465754	True	56	77	238	2.03	409	12	151578000.0	495960000	647538000.0	498	25322000	15699640.0	0	0	5661600	4216000	3199200.0	10020500	0	92730	17528430.0	9676749.486465754	27205179.486465752	0.35197650602409636	True	16689440.0	864000000.0	45000000.0	21764598.971511547	0	83454038.97151154	0	0.13	False	0	0	0.19090909090909092	False	3200000.0	28	2.591023687084708	674	562	True
465	0.68	734672000.0	129298367.12328768	863970367.1232877	9676468.111780822	True	56	77	238	2.03	409	12	151578000.0	495960000	647538000.0	498	25322000	15699640.0	0	0	5644800	4216000	3199200.0	10020500	0	92400	17528100.0	9676468.111780822	27204568.111780822	0.3519698795180723	True	16679640.0	864000000.0	45000000.0	21689677.878766403	0	83369317.8787664	0	0.13	False	0	0	0.19090909090909092	False	3200000.0	28	2.5821045093769524	672	560	True
466	0.68	734672000.0	129273244.38356164	863945244.3835616	9676186.73709589	True	56	77	238	2.03	409	12	151578000.0	495960000	647538000.0	498	25322000	15699640.0	0	0	5628000	4216000	3199200.0	10020500	0	92070	17527770.0	9676186.73709589	27203956.737095892	0.35196325301204817	True	16679640.0	864000000.0	45000000.0	21615014.68969985	0	83294654.68969986	0	0.13	False	0	0	0.19090909090909092	False	3200000.0	28	2.5732160344880777	670	558	True
467	0.68	734672000.0	129248121.64383562	863920121.6438357	9675905.362410959	True	56	77	238	2.03	409	12	151578000.0	495960000	647538000.0	498	25322000	15699640.0	0	0	5602800	4216000	3199200.0	10020500	0	91740	17527440.0	9675905.362410959	27203345.36241096	0.3519566265060241	True	16679640.0	864000000.0	45000000.0	21540608.516520444	0	83220248.51652044	0	0.13	False	0	0	0.19090909090909092	False	3200000.0	28	2.564358156728624	667	556	True
468	0.68	734672000.0	129222998.9041096	863894998.9041096	9675623.987726027	True	56	77	238	2.03	409	12	151578000.0	495960000	647538000.0	498	25322000	15699640.0	0	0	5586000	4216000	3199200.0	10020500	0	91410	17527110.0	9675623.987726027	27202733.987726025	0.35195	True	16669840.0	864000000.0	45000000.0	21466458.474492755	0	83136298.47449276	0	0.13	False	0	0	0.19090909090909092	False	3200000.0	28	2.5555307707729473	665	554	True
469	0.68	734672000.0	129197876.16438358	863869876.1643835	9675342.613041095	True	56	77	238	2.03	409	12	151578000.0	495960000	647538000.0	498	25322000	15699640.0	0	0	5569200	4216000	3199200.0	10020500	0	91080	17526780.0	9675342.613041095	27202122.613041095	0.3519433734939759	True	16669840.0	864000000.0	45000000.0	21392563.681926973	0	83062403.68192697	0	0.13	False	0	0	0.19090909090909092	False	3200000.0	28	2.5467337716579728	663	552	True
470	0.68	734672000.0	129172753.42465752	863844753.4246576	9675061.238356166	True	56	77	238	2.03	409	12	151578000.0	495960000	647538000.0	498	25322000	15699640.0	0	0	5544000	4216000	3199200.0	10020500	0	90750	17526450.0	9675061.238356166	27201511.238356166	0.3519367469879518	True	16669840.0	864000000.0	45000000.0	21318923.26016831	0	82988763.26016831	0	0.13	False	0	0	0.19090909090909092	False	3200000.0	28	2.5379670547819417	660	550	True
471	0.68	734672000.0	129147630.6849315	863819630.6849315	9674779.863671232	True	56	77	238	2.03	409	12	151578000.0	495960000	647538000.0	498	25322000	15699640.0	0	0	5527200	4216000	3199200.0	10020500	0	90420	17526120.0	9674779.863671232	27200899.863671232	0.35193012048192773	True	16660040.0	864000000.0	45000000.0	21245536.333586644	0	82905576.33358665	0	0.13	False	0	0	0.19090909090909092	False	3200000.0	28	2.529230515903172	658	548	True
472	0.68	734672000.0	129122507.94520548	863794507.9452055	9674498.4889863	True	56	77	238	2.03	409	12	151578000.0	495960000	647538000.0	498	25322000	15699640.0	0	0	5510400	4216000	3199200.0	10020500	0	90090	17525790.0	9674498.4889863	27200288.4889863	0.3519234939759036	True	16660040.0	864000000.0	45000000.0	21172402.029566035	0	82832442.02956603	0	0.13	False	0	0	0.19090909090909092	False	3200000.0	28	2.5205240511388136	656	546	True
473	0.68	734672000.0	129109946.57534246	863781946.5753424	9674357.801643835	True	56	77	238	2.03	409	12	151578000.0	495960000	647538000.0	498	25322000	15699640.0	0	0	5493600	4216000	3199200.0	10020500	0	89925	17525625.0	9674357.801643835	27199982.801643834	0.35192018072289155	True	16660040.0	864000000.0	45000000.0	21099519.47849441	0	82759559.4784944	0	0.13	False	0	0	0.19090909090909092	False	3200000.0	28	2.51184755696362	654	545	True
474	0.68	734672000.0	129084823.83561642	863756823.8356165	9674076.426958904	True	56	77	238	2.03	409	12	151578000.0	495960000	647538000.0	498	25322000	15699640.0	0	0	5468400	4216000	3199200.0	10020500	0	89595	17525295.0	9674076.426958904	27199371.426958904	0.3519135542168675	True	16650240.0	864000000.0	45000000.0	21026887.813753165	0	82677127.81375316	0	0.13	False	0	0	0.19090909090909092	False	3200000.0	28	2.50320093020871	651	543	True
475	0.68	734672000.0	129059701.0958904	863731701.0958904	9673795.052273972	True	56	77	238	2.03	409	12	151578000.0	495960000	647538000.0	498	25322000	15699640.0	0	0	5451600	4216000	3199200.0	10020500	0	89265	17524965.0	9673795.052273972	27198760.052273974	0.35190692771084336	True	16650240.0	864000000.0	45000000.0	20954506.171706922	0	82604746.17170691	0	0.13	False	0	0	0.19090909090909092	False	3200000.0	28	2.4945840680603477	649	541	True
476	0.68	734672000.0	129034578.35616438	863706578.3561643	9673513.67758904	True	56	77	238	2.03	409	12	151578000.0	495960000	647538000.0	498	25322000	15699640.0	0	0	5434800	4216000	3199200.0	10020500	0	88935	17524635.0	9673513.67758904	27198148.67758904	0.3519003012048193	True	16650240.0	864000000.0	45000000.0	20882373.691693194	0	82532613.69169319	0	0.13	False	0	0	0.19090909090909092	False	3200000.0	28	2.4859968680587134	647	539	True
477	0.68	734672000.0	129009455.61643833	863681455.6164384	9673232.30290411	True	56	77	238	2.03	409	12	151578000.0	495960000	647538000.0	498	25322000	15699640.0	0	0	5418000	4216000	3199200.0	10020500	0	88605	17524305.0	9673232.30290411	27197537.30290411	0.3518936746987952	True	16640440.0	864000000.0	45000000.0	20810489.51601221	0	82450929.5160122	0	0.13	False	0	0	0.19090909090909092	False	3200000.0	28	2.4774392280966917	645	537	True
478	0.68	734672000.0	128984332.8767123	863656332.8767123	9672950.928219179	True	56	77	238	2.03	409	12	151578000.0	495960000	647538000.0	498	25322000	15699640.0	0	0	5392800	4216000	3199200.0	10020500	0	88275	17523975.0	9672950.928219179	27196925.928219177	0.35188704819277106	True	16640440.0	864000000.0	45000000.0	20738852.78991669	0	82379292.7899167	0	0.13	False	0	0	0.19090909090909092	False	3200000.0	28	2.4689110464186537	642	535	True
479	0.68	734672000.0	128959210.13698629	863631210.1369863	9672669.553534245	True	56	77	238	2.03	409	12	151578000.0	495960000	647538000.0	498	25322000	15699640.0	0	0	5376000	4216000	3199200.0	10020500	0	87945	17523645.0	9672669.553534245	27196314.553534247	0.351880421686747	True	16630640.0	864000000.0	45000000.0	20667462.66160166	0	82298102.66160166	0	0.13	False	0	0	0.19090909090909092	False	3200000.0	28	2.460412221619245	640	533	True
480	0.68	734672000.0	128946648.7671233	863618648.7671233	9672528.866191782	True	56	77	238	2.03	409	12	151578000.0	495960000	647538000.0	498	25322000	15699640.0	0	0	5359200	4216000	3199200.0	10020500	0	87780	17523480.0	9672528.866191782	27196008.866191782	0.35187710843373493	True	16630640.0	864000000.0	45000000.0	20596318.282194365	0	82226958.28219436	0	0.13	False	0	0	0.19090909090909092	False	3200000.0	28	2.4519426526421864	638	532	True
481	0.68	734672000.0	128921526.02739727	863593526.0273973	9672247.491506848	True	56	77	238	2.03	409	12	151578000.0	495960000	647538000.0	498	25322000	15699640.0	0	0	5342400	4216000	3199200.0	10020500	0	87450	17523150.0	9672247.491506848	27195397.49150685	0.35187048192771087	True	16630640.0	864000000.0	45000000.0	20525418.80574416	0	82156058.80574416	0	0.13	False	0	0	0.19090909090909092	False	3200000.0	28	2.4435022387790664	636	530	True
482	0.68	734672000.0	128896403.28767122	863568403.2876712	9671966.116821917	True	56	77	238	2.03	409	12	151578000.0	495960000	647538000.0	498	25322000	15699640.0	0	0	5325600	4216000	3199200.0	10020500	0	87120	17522820.0	9671966.116821917	27194786.116821915	0.35186385542168674	True	16630640.0	864000000.0	45000000.0	20454763.389212433	0	82085403.38921243	0	0.13	False	0	0	0.19090909090909092	False	3200000.0	28	2.4350908796681465	634	528	True
483	0.68	734672000.0	128871280.5479452	863543280.5479453	9671684.742136987	True	56	77	238	2.03	409	12	151578000.0	495960000	647538000.0	498	25322000	15699640.0	0	0	5300400	4216000	3199200.0	10020500	0	86790	17522490.0	9671684.742136987	27194174.742136985	0.3518572289156626	True	16620840.0	864000000.0	45000000.0	20384351.192462593	0	82005191.1924626	0	0.13	False	0	0	0.19090909090909092	False	3200000.0	28	2.426708475293166	631	526	True
484	0.68	734672000.0	128846157.80821918	863518157.8082192	9671403.367452055	True	56	77	238	2.03	409	11	151578000.0	495530000	647108000.0	497	25228000	15641360.0	0	0	5283600	4216000	3199200.0	10020500	0	86460	17522160.0	9671403.367452055	27193563.367452055	0.35185060240963856	True	16562560.0	864000000.0	45000000.0	20314181.37825011	0	81876741.3782501	0	0.13	False	0	0	0.19090909090909092	False	3200000.0	28	2.4183549259821557	629	524	True
485	0.68	734672000.0	128821035.06849314	863493035.0684931	9671121.992767124	True	56	77	238	2.03	409	11	151578000.0	495530000	647108000.0	497	25228000	15641360.0	0	0	5266800	4216000	3199200.0	10020500	0	86130	17521830.0	9671121.992767124	27192951.992767125	0.35184397590361444	True	16552760.0	864000000.0	45000000.0	20244253.112212498	0	81797013.1122125	0	0.13	False	0	0	0.19090909090909092	False	3200000.0	28	2.41003013240625	627	522	True
486	0.68	734672000.0	128808473.69863011	863480473.6986301	9670981.305424657	True	56	77	238	2.03	409	11	151578000.0	495530000	647108000.0	497	25228000	15641360.0	0	0	5250000	4216000	3199200.0	10020500	0	85965	17521665.0	9670981.305424657	27192646.305424657	0.35184066265060243	True	16552760.0	864000000.0	45000000.0	20174565.56285946	0	81727325.56285946	0	0.13	False	0	0	0.19090909090909092	False	3200000.0	28	2.4017339955785073	625	521	True
487	0.68	734672000.0	128783350.95890409	863455350.958904	9670699.930739725	True	56	77	238	2.03	409	11	151578000.0	495530000	647108000.0	497	25228000	15641360.0	0	0	5233200	4216000	3199200.0	10020500	0	85635	17521335.0	9670699.930739725	27192034.930739723	0.3518340361445783	True	16552760.0	864000000.0	45000000.0	20105117.90156294	0	81657877.90156294	0	0.13	False	0	0	0.19090909090909092	False	3200000.0	28	2.393466416852731	623	519	True
488	0.68	734672000.0	128758228.21917808	863430228.2191781	9670418.556054795	True	56	77	238	2.03	409	11	151578000.0	495530000	647108000.0	497	25228000	15641360.0	0	0	5216400	4216000	3199200.0	10020500	0	85305	17521005.0	9670418.556054795	27191423.556054793	0.3518274096385542	True	16552760.0	864000000.0	45000000.0	20035909.302547317	0	81588669.30254732	0	0.13	False	0	0	0.19090909090909092	False	3200000.0	28	2.3852272979222997	621	517	True
489	0.68	734672000.0	128733105.47945206	863405105.479452	9670137.181369862	True	56	77	238	2.03	409	11	151578000.0	495530000	647108000.0	497	25228000	15641360.0	0	0	5191200	4216000	3199200.0	10020500	0	84975	17520675.0	9670137.181369862	27190812.181369863	0.3518207831325301	True	16542960.0	864000000.0	45000000.0	19966938.94287956	0	81509898.94287956	0	0.13	False	0	0	0.19090909090909092	False	3200000.0	28	2.3770165408189956	618	515	True
490	0.68	734672000.0	128720544.10958903	863392544.109589	9669996.494027397	True	56	77	238	2.03	409	11	151578000.0	495530000	647108000.0	497	25228000	15641360.0	0	0	5174400	4216000	3199200.0	10020500	0	84810	17520510.0	9669996.494027397	27190506.4940274	0.35181746987951806	True	16542960.0	864000000.0	45000000.0	19898206.002459466	0	81441166.00245947	0	0.13	False	0	0	0.19090909090909092	False	3200000.0	28	2.3688340479118413	616	514	True
491	0.68	734672000.0	128695421.369863	863367421.369863	9669715.119342465	True	56	77	238	2.03	409	11	151578000.0	495530000	647108000.0	497	25228000	15641360.0	0	0	5157600	4216000	3199200.0	10020500	0	84480	17520180.0	9669715.119342465	27189895.119342465	0.351810843373494	True	16542960.0	864000000.0	45000000.0	19829709.66400987	0	81372669.66400987	0	0.13	False	0	0	0.19090909090909092	False	3200000.0	28	2.360679721905937	614	512	True
492	0.68	734672000.0	128670298.63013698	863342298.630137	9669433.744657533	True	56	77	238	2.03	409	11	151578000.0	495530000	647108000.0	497	25228000	15641360.0	0	0	5140800	4216000	3199200.0	10020500	0	84150	17519850.0	9669433.744657533	27189283.74465753	0.3518042168674699	True	16533160.0	864000000.0	45000000.0	19761449.113066968	0	81294609.11306697	0	0.13	False	0	0	0.19090909090909092	False	3200000.0	28	2.352553465841306	612	510	True
493	0.68	734672000.0	128645175.89041096	863317175.8904109	9669152.369972602	True	56	77	238	2.03	409	11	151578000.0	495530000	647108000.0	497	25228000	15641360.0	0	0	5124000	4216000	3199200.0	10020500	0	83820	17519520.0	9669152.369972602	27188672.3699726	0.35179759036144576	True	16533160.0	864000000.0	45000000.0	19693423.537970614	0	81226583.53797062	0	0.13	False	0	0	0.19090909090909092	False	3200000.0	28	2.3444551830917395	610	508	True
494	0.68	734672000.0	128620053.15068492	863292053.150685	9668870.995287672	True	56	77	238	2.03	409	11	151578000.0	495530000	647108000.0	497	25228000	15641360.0	0	0	5107200	4216000	3199200.0	10020500	0	83490	17519190.0	9668870.995287672	27188060.99528767	0.3517909638554217	True	16533160.0	864000000.0	45000000.0	19625632.129854657	0	81158792.12985465	0	0.13	False	0	0	0.19090909090909092	False	3200000.0	28	2.3363847773636497	608	506	True
495	0.68	734672000.0	128607491.7808219	863279491.7808219	9668730.307945205	True	56	77	238	2.03	409	11	151578000.0	495530000	647108000.0	497	25228000	15641360.0	0	0	5090400	4216000	3199200.0	10020500	0	83325	17519025.0	9668730.307945205	27187755.307945207	0.35178765060240963	True	16523360.0	864000000.0	45000000.0	19558074.08263736	0	81081434.08263735	0	0.13	False	0	0	0.19090909090909092	False	3200000.0	28	2.3283421526949235	606	505	True
496	0.68	734672000.0	128582369.04109588	863254369.0410959	9668448.933260273	True	56	77	238	2.03	409	11	151578000.0	495530000	647108000.0	497	25228000	15641360.0	0	0	5073600	4216000	3199200.0	10020500	0	82995	17518695.0	9668448.933260273	27187143.933260273	0.35178102409638556	True	16523360.0	864000000.0	45000000.0	19490748.59301176	0	81014108.59301177	0	0.13	False	0	0	0.19090909090909092	False	3200000.0	28	2.3203272134537807	604	503	True
497	0.68	734672000.0	128557246.30136986	863229246.3013699	9668167.558575343	True	56	77	238	2.03	409	11	151578000.0	495530000	647108000.0	497	25228000	15641360.0	0	0	5056800	4216000	3199200.0	10020500	0	82665	17518365.0	9668167.558575343	27186532.558575343	0.35177439759036144	True	16523360.0	864000000.0	45000000.0	19423654.860436175	0	80947014.86043617	0	0.13	False	0	0	0.19090909090909092	False	3200000.0	28	2.31233986433764	602	501	True
498	0.68	734672000.0	128544684.93150686	863216684.9315069	9668026.871232877	True	56	77	238	2.03	409	11	151578000.0	495530000	647108000.0	497	25228000	15641360.0	0	0	5040000	4216000	3199200.0	10020500	0	82500	17518200.0	9668026.871232877	27186226.871232875	0.3517710843373494	True	16523360.0	864000000.0	45000000.0	19356792.087124646	0	80880152.08712465	0	0.13	False	0	0	0.19090909090909092	False	3200000.0	28	2.3043800103719816	600	500	True
499	0.68	734672000.0	128519562.19178082	863191562.1917808	9667745.496547945	True	56	77	238	2.03	409	11	151578000.0	495530000	647108000.0	497	25228000	15641360.0	0	0	5014800	4216000	3199200.0	10020500	0	82170	17517870.0	9667745.496547945	27185615.496547945	0.3517644578313253	True	16513560.0	864000000.0	45000000.0	19290159.47803746	0	80803719.47803746	0	0.13	False	0	0	0.19090909090909092	False	3200000.0	28	2.2964475569092215	597	498	True
