	delta_T_C	oxidation_mult	precip_mult	extreme_event_mult	dam_risk_mult	fire_season_days	drought_mult	flood_mult	acid_load	growth_loss_frac	ca_depletion_frac	mycorrhizal_dead	timber_volume_lost_m3	pulp_grade_rejected	direct_timber_loss_usd	pulp_grade_loss_usd	total_lumber_loss_usd	lumber_jobs_lost	fish_tissue_hg_mg_kg	state_avg_rfd_ratio	ojibwe_mean_rfd_ratio	ojibwe_high_rfd_ratio	iq_loss_per_child	cumulative_impaired_children	fish_advisory_triggered	harvest_displacement_cost_usd	treaty_rights_violation	so2_tonnes_yr	pm25_tonnes_yr	pm10_tonnes_yr	hg_atmospheric_kg_yr	asthma_attacks_yr	copd_hospitalizations_yr	cardio_deaths_yr	air_quality_health_cost_usd	bwca_visibility_km	class_i_violation	soy_yield_loss_frac	annual_fire_prob_mult	expected_burn_acres_yr	tailings_overrun_acres	hg_re_released_kg_yr	firefighters_exposed	firefighter_cancer_excess	residents_evacuated	structures_lost	suppression_cost_usd	evacuation_cost_usd	structure_cost_usd	recreation_closure_cost	total_fire_cost_usd	hg_loading_increase	intake_upgrade_required	intake_upgrade_capex_usd	annual_dredge_cost_usd	canadian_refusal_prob	backhaul_loss_usd	fishing_advisory	fishing_jobs_lost	fishing_revenue_loss_usd	iron_revenue_at_risk_usd	ballast_surcharge_usd	port_jobs_lost	total_port_annual_cost_usd	sulfate_mg_l	methyl_hg_ng_l	mine_active	tailings_failed
0	tailings_failure	0.0	1.0	1.0	1.0	1.0	128.0	1.0	1.0	0.0	0.0	0	False	0.0	False	0.0	0.0	0.0	0	0	0	0	0	0	0	False	0	False	0	0	0	0	0.0	0.0	0.0	0.0	165.0	False	0.0	1.0	1872.0	0	0	15	0.7349999999999995	464	0	5241600.0	858400	0	0.0	6100000.0	0	False	0	0	0	0	False	0	0	0	0	0	0	0.0	0.0	False	False
1	tailings_failure	0.06486486486486487	1.0048241655583745	1.002027027027027	1.018918918918919	1.0090999999999999	128.67567567567568	1.0121621621621621	1.0148648648648648	0.0	0.0	0	False	0.0	False	0.0	0.0	0.0	0	0	0	0	0	0	0	False	0	False	0	0	0	0	0.0	0.0	0.0	0.0	165.0	False	0.0	1.0243243243243243	1917.5351351351353	0	0	15	0.7349999999999995	475	0	5369098.378378379	878750	0	0.0	6247848.378378379	0	False	0	0	0	0	False	0	0	0	0	0	0	0.0	0.0	False	False
2	tailings_failure	0.12972972972972974	1.0096716036900837	1.0040540540540541	1.037837837837838	1.0182	129.35135135135135	1.0243243243243243	1.0297297297297296	0.0	0.0	0	False	0.0	False	0.0	0.0	0.0	0	0	0	0	0	0	0	False	0	False	0	0	0	0	0.0	0.0	0.0	0.0	165.0	False	0.0	1.0486486486486488	1963.0702702702706	0	0	15	0.7349999999999995	486	0	5496596.756756757	899100	0	0.0	6395696.756756757	0	False	0	0	0	0	False	0	0	0	0	0	0	0.0	0.0	False	False
3	tailings_failure	0.1945945945945946	1.014542426665874	1.0060810810810812	1.0567567567567568	1.0272999999999999	130.02702702702703	1.0364864864864864	1.0445945945945947	0.0	0.0	0	False	0.0	False	0.0	0.0	0.0	0	0	0	0	0	0	0	False	0	False	0	0	0	0	0.0	0.0	0.0	0.0	165.0	False	0.0	1.0729729729729731	2008.6054054054057	0	0	30	1.469999999999999	498	0	5624095.135135136	921300	0	0.0	6545395.135135136	0	False	0	0	0	0	False	0	0	0	0	0	0	0.0	0.0	False	False
4	tailings_failure	0.2594594594594595	1.0194367472981054	1.008108108108108	1.0756756756756758	1.0363999999999998	130.7027027027027	1.0486486486486486	1.0594594594594595	0.0	0.0	0	False	0.0	False	0.0	0.0	0.0	0	0	0	0	0	0	0	False	0	False	0	0	0	0	0.0	0.0	0.0	0.0	165.0	False	0.0	1.0972972972972974	2054.1405405405408	0	0	30	1.469999999999999	509	0	5751593.513513514	941650	0	0.0	6693243.513513514	0	False	0	0	0	0	False	0	0	0	0	0	0	0.0	0.0	False	False
5	tailings_failure	0.32432432432432434	1.0243546789433622	1.010135135135135	1.0945945945945945	1.0455	131.3783783783784	1.0608108108108107	1.0743243243243243	0.0	0.0	0	False	0.0	False	0.0	0.0	0.0	0	0	0	0	0	0	0	False	0	False	3400	190.94594594594594	657.7027027027027	85	32736.0	8.523827027027027	2.486116216216216	47982666.52540541	124.19999999999999	True	0.0004896	1.121621621621622	2099.6756756756763	41.99351351351353	0.0002699759394594596	30	1.469999999999999	520	0	5879091.891891894	962000	0	0.0	6841091.891891894	0.0	False	0	5040000.0	0	0.0	False	0	0	48360000.0	0.0	0	53400000.0	0.0	0.0	True	False
6	tailings_failure	0.3891891891891892	1.0292963355050806	1.0121621621621621	1.1135135135135135	1.0546	132.05405405405406	1.072972972972973	1.0891891891891892	0.004336504085360068	0.00024257195921506547	0	False	3444.5218208539295	False	344314.40121255885	0.0	344314.40121255885	0	2.440497636854289	6.1012440921357225	48.132036726848476	96.60303145881561	0.8012641841320002	158	True	20880000	True	3400	193.13513513513513	665.2432432432432	85	32736.0	8.621552432432432	2.5146194594594595	48315102.29448649	124.19999999999999	True	0.0004896	1.1466130843937767	2146.4596939851504	42.92919387970301	0.0005519828410728473	30	1.469999999999999	532	0	6010087.143158421	984200	0	0.0	6994287.143158421	0.3190818640065749	False	0	19513553.351338238	0	0.0	True	420	38000000.0	48360000.0	12865380.756745104	3762	118738934.10808334	0.21682520426800336	4.786227960098625	True	False
7	tailings_failure	0.4540540540540541	1.0342618314361853	1.0141891891891892	1.1324324324324324	1.0637000000000003	132.72972972972974	1.085135135135135	1.104054054054054	0.011318075507697947	0.0012655553409522957	0	False	17970.8858415226	False	1796369.748718599	0.0	1796369.748718599	2	2.452271001499296	6.130677503748239	48.36423364068055	97.06906047601379	0.8051296152122488	316	True	20880000	True	3400	195.3243243243243	672.7837837837837	85	32736.0	8.719277837837836	2.543122702702702	48647538.063567564	124.19999999999999	True	0.0004896	1.1738247705684264	2197.399970504094	43.947999410081884	0.0008476239377504697	30	1.469999999999999	544	0	6152719.917411463	1006400	0	0.0	7159119.917411463	0.32062116774521754	False	0	19583376.16892307	0	0.0	True	420	38000000.0	48360000.0	12927445.483487168	3762	118870821.65241024	0.5659037753848973	4.809317516178262	True	False
8	tailings_failure	0.518918918918919	1.0392512817417412	1.0162162162162163	1.1513513513513514	1.0728	133.40540540540542	1.0972972972972972	1.118918918918919	0.019850793191140553	0.0033260547072387903	0	False	47229.97684279082	False	4721108.485205371	0.0	4721108.485205371	6	2.4641011628045293	6.160252907011323	48.597550710867104	97.53733769434596	0.8090136937719831	475	True	20880000	True	3400	197.5135135135135	680.3243243243243	85	32736.0	8.817003243243242	2.5716259459459456	48979973.83264865	124.19999999999999	True	0.0004896	1.2041304833336193	2254.1322648005353	45.0826452960107	0.0011593437651451928	30	1.469999999999999	559	0	6311570.341441499	1034150	0	0.0	7345720.341441499	0.3221678973399398	False	0	19653535.82333967	0	0.0	True	420	38000000.0	48360000.0	12989809.620746372	3762	119003345.44408605	0.9925396595570277	4.832518460099097	True	False
9	tailings_failure	0.5837837837837838	1.044264801981616	1.0182432432432433	1.1702702702702703	1.0818999999999999	134.0810810810811	1.1094594594594596	1.1337837837837839	0.02924043423037833	0.0065219465899355455	0	False	92611.64157708475	False	9257459.692045392	0.0	9257459.692045392	13	2.4759883947664814	6.189970986916203	48.83199334122782	98.00787395950657	0.8129165097697311	633	True	20880000	True	3400	199.7027027027027	687.8648648648649	85	32736.0	8.914728648648648	2.600129189189189	49312409.60172973	124.19999999999999	True	0.0004896	1.2379982567268824	2317.5327365927237	46.350654731854476	0.0014899398155582514	30	1.469999999999999	574	0	6489091.662459627	1061900	0	0.0	7550991.662459627	0.3237220886143011	False	0	19724033.939544696	0	0.0	True	420	38000000.0	48360000.0	13052474.612928618	3762	119136508.5524733	1.4620217115189165	4.855831329214515	True	False
10	tailings_failure	0.6486486486486487	1.0493025082731586	1.0202702702702702	1.1891891891891893	1.0910000000000002	134.75675675675674	1.1216216216216217	1.1486486486486487	0.03905752792597859	0.010865708767624271	0	False	154293.06450026465	False	15423134.727446454	0.0	15423134.727446454	22	2.4879329727034487	6.219832431758621	49.067566961651345	98.4806801695115	0.8168381535979963	791	True	20880000	True	3400	201.8918918918919	695.4054054054054	85	32736.0	9.012454054054054	2.6286324324324326	49644845.37081081	124.19999999999999	True	0.0004896	1.2756641688633974	2388.04332411228	47.7608664822456	0.001842325214410938	30	1.469999999999999	592	0	6686521.307514384	1095200	0	0.0	7781721.307514384	0.3252837775646791	False	0	19794872.150333844	0	0.0	True	420	38000000.0	48360000.0	13115441.911407866	3762	119270314.06174171	1.9528763962989293	4.879256663470188	True	False
11	tailings_failure	0.7135135135135136	1.054364517293886	1.0222972972972972	1.2081081081081082	1.1000999999999999	135.43243243243242	1.1337837837837839	1.1635135135135135	0.04904585421384784	0.016328154217837065	0	False	231859.78989328633	False	23176704.597732905	0.0	23176704.597732905	34	2.499935173261909	6.249837933154772	49.30427702822098	98.95576727495056	0.82077871608535	950	True	20880000	True	3400	204.0810810810811	702.945945945946	85	32736.0	9.11017945945946	2.6571356756756757	49977281.13989189	124.19999999999999	True	0.0004896	1.3172404605070196	2465.874142069141	49.31748284138282	0.0022194317296921197	30	1.469999999999999	611	0	6904447.597793594	1130350	0	0.0	8034797.597793594	0.32685300036110476	False	0	19866052.096379712	0	0.0	True	420	38000000.0	48360000.0	13178712.974559741	3762	119404765.07093945	2.452292710692392	4.9027950054165705	True	False
12	tailings_failure	0.7783783783783784	1.0594509462841875	1.0243243243243243	1.227027027027027	1.1091999999999997	136.1081081081081	1.145945945945946	1.1783783783783783	0.132886889491537	0.05070869642685505	0.3221904219945497	False	720063.4892613417	False	71977546.38656372	0.0	71977546.38656372	106	2.511995274422928	6.27998818605732	49.54212902334108	99.4331462792409	0.8247382884985359	1108	True	20880000	True	3400	206.2702702702703	710.4864864864866	85	32736.0	9.207904864864865	2.685638918918919	50309716.90897298	124.19999999999999	True	0.0004896	1.4491162609213188	2712.745640444709	54.254912808894176	0.00627847867316119	30	1.469999999999999	672	0	7595687.793245185	1243200	0	0.0	8838887.793245185	0.3284297933480982	False	0	19937575.426269736	0	0.0	True	420	38000000.0	48360000.0	13242289.267795315	3762	119539864.69406505	6.644344474576851	4.926446900221472	True	True
13	tailings_failure	0.8432432432432433	1.0645619130500388	1.0263513513513514	1.2459459459459459	1.1183	136.78378378378378	1.1581081081081082	1.1932432432432432	0.2224249520318266	0.09475235527218706	0.3588196115700454	False	1345483.4448650563	False	134494525.14871106	0.0	134494525.14871106	198	2.5241135555085985	6.310283888771496	49.78112845586403	99.91282823888201	0.828716962544583	1266	True	20880000	True	3400	208.45945945945948	718.0270270270271	85	32736.0	9.305630270270271	2.7141421621621626	50642152.67805406	124.19999999999999	True	0.0004896	1.6155312238976542	3024.2744511364085	60.485489022728174	0.011276960066756707	45	2.2049999999999983	750	0	8467968.463181945	1387500	0	0.0	9855468.463181945	0.33001419304551205	False	0	20009443.796544425	0	0.0	True	420	38000000.0	48360000.0	13306172.263595046	3762	119675616.06013948	11.12124760159133	4.9502128956826805	True	True
14	tailings_failure	0.9081081081081082	1.0696975359657321	1.0283783783783784	1.2648648648648648	1.1274000000000002	137.45945945945945	1.1702702702702703	1.2081081081081082	0.3156717355684357	0.1469519958024419	0.3934693402873666	False	2086718.3403946748	False	208588365.3058517	0.0	208588365.3058517	308	2.53629029718851	6.340725742971275	50.02128086121783	100.39482426371187	0.8327148303729316	1425	True	20880000	True	3400	210.64864864864865	725.5675675675676	85	32736.0	9.403355675675675	2.7426454054054052	50974588.447135136	124.19999999999999	True	0.0004896	1.8133287994681802	3394.5515126044334	67.89103025208867	0.01745883412901849	45	2.2049999999999983	841	0	9504744.235292414	1555850	0	0.0	11060594.235292414	0.331606236149377	False	0	20081658.871735744	0	0.0	True	420	38000000.0	48360000.0	13370363.44154288	3762	119812022.31327863	15.783586778421784	4.974093542240655	True	True
15	tailings_failure	0.972972972972973	1.0748579339766162	1.0304054054054055	1.2837837837837838	1.1365000000000003	138.13513513513513	1.1824324324324325	1.222972972972973	0.41135795450124446	0.37002555878488624	0.42624657926256726	True	5254362.934745384	False	525226118.9571486	0.0	525226118.9571486	777	2.548525781486246	6.371314453715615	50.26259180153429	100.87914551716389	0.8367319845775643	1583	True	20880000	True	3400	212.83783783783784	733.1081081081081	85	32736.0	9.50108108108108	2.7711486486486483	51307024.216216214	124.19999999999999	True	0.0004896	2.576948587154816	4824.047755153816	96.48095510307633	0.03163403702244062	60	2.939999999999998	1196	0	13507333.714430684	2212600	0	0.0	15719933.714430684	0.333205959532751	False	0	20154222.32440559	0.18	25200000.0	True	420	38000000.0	48360000.0	13434864.288360521	3762	145149086.6127661	20.567897725062224	4.9980893929912655	True	True
16	tailings_failure	1.037837837837838	1.0800432266018518	1.0324324324324325	1.3027027027027027	1.1456000000000002	138.8108108108108	1.1945945945945946	1.2378378378378379	0.5086924180012102	0.48380435279389955	0.4572525188357781	True	6870021.809673374	False	686727380.0949504	0.0	686727380.0949504	1015	2.5608202917859217	6.402050729464804	50.50506686577789	101.36580321652606	0.8407685181991539	1741	True	20880000	True	3400	215.02702702702703	740.6486486486486	85	32736.0	9.598806486486486	2.799651891891892	51639459.98529729	124.19999999999999	True	0.0004896	3.0022190529906876	5620.154067198567	112.40308134397134	0.04480358385351827	75	3.674999999999997	1393	0	15736431.388155987	2577050	0	0.0	18313481.38815599	0.33481340024657413	False	0	20227135.835184604	0.18	25200000.0	True	420	38000000.0	48360000.0	13440000.0	3762	145227135.8351846	25.434620900060512	5.022201003698611	True	True
17	tailings_failure	1.1027027027027028	1.08525353393718	1.0344594594594594	1.3216216216216217	1.1547	139.48648648648648	1.2067567567567568	1.2527027027027027	0.6071982899965545	0.6025941186367113	0.486582880967408	True	8556836.4846413	False	855341375.0047445	0.0	855341375.0047445	1265	2.5731741128387418	6.432935282096854	50.74871166987518	101.85480863320018	0.8448245247272157	1900	True	20880000	True	3400	217.21621621621622	748.1891891891892	85	32736.0	9.69653189189189	2.828155135135135	51971895.75437838	124.19999999999999	True	0.0004896	3.4577733451697292	6472.951702157734	129.45903404315467	0.060757244706445876	90	4.409999999999997	1605	0	18124264.766041655	2969250	0	0.0	21093514.766041655	0.33642859552052595	False	0	20300401.09281106	0.18	25200000.0	True	420	38000000.0	48360000.0	13440000.0	3762	145300401.09281105	30.359914499827724	5.0464289328078875	True	True
18	tailings_failure	1.1675675675675676	1.0904889766577042	1.0364864864864864	1.3405405405405406	1.1638000000000002	140.16216216216216	1.218918918918919	1.2675675675675677	0.7066025494378085	0.7233068825374255	0.5143282147522876	True	10270957.732031442	False	1026684934.893863	0.0	1026684934.893863	1518	2.5855875307695997	6.463968826923999	50.99353185684489	102.34617309296333	0.848900098102275	2058	True	20880000	True	3400	219.4054054054054	755.7297297297297	85	32736.0	9.794257297297296	2.8566583783783783	52304331.52345946	124.19999999999999	True	0.0004896	3.9338330476318513	7364.135465166827	147.28270930333653	0.07953785945990433	105	5.144999999999996	1826	0	20619579.302467115	3378100	0	0.0	23997679.302467115	0.33805158276388836	False	0	20374019.794169977	0.18	25200000.0	True	420	38000000.0	48360000.0	13440000.0	3762	145374019.79416996	35.33012747189043	5.070773741458325	True	True
19	tailings_failure	1.2324324324324323	1.0957496760206833	1.0385135135135135	1.3594594594594593	1.1729	140.83783783783784	1.231081081081081	1.2824324324324325	0.806761956204013	0.8431247079789048	0.5405741759640734	True	11972370.853300449	False	1196758190.495913	0.0	1196758190.495913	1770	2.5980608330837005	6.495152082709251	51.23953309692853	102.83990797622981	0.8529953327180405	2216	True	20880000	True	3400	221.59459459459458	763.2702702702702	85	32736.0	9.8919827027027	2.885161621621621	52636767.292540535	124.19999999999999	True	0.0004896	4.420846272540027	8275.824222194931	165.51648444389863	0.10108988606280664	120	5.879999999999996	2052	1	23172307.82214581	3796200	340000	0.0	27308507.82214581	0.3396823995664118	False	0	20447993.64433244	0.18	25200000.0	True	420	38000000.0	48360000.0	13440000.0	3762	145447993.64433244	40.33809781020065	5.0952359934961775	True	True
20	tailings_failure	1.2972972972972974	1.1010357538683422	1.0405405405405406	1.3783783783783785	1.182	141.51351351351352	1.2432432432432432	1.2972972972972974	0.9076139394264169	0.9595742316767081	0.5654017914929218	True	13625954.089809254	False	1362050370.8173332	0.0	1362050370.8173332	2015	2.610594308673225	6.526485771683062	51.48672108772193	103.33602471831516	0.8571103234235933	2375	True	20880000	True	3400	223.78378378378378	770.8108108108108	85	32736.0	9.989708108108106	2.9136648648648644	52969203.06162162	124.19999999999999	True	0.0004896	4.909832394089878	9191.206241736252	183.82412483472504	0.1252711951061046	135	6.614999999999996	2279	1	25735377.476861507	4216150	340000	0.0	30291527.476861507	0.341321083699186	False	0	20522324.356595077	0.18	25200000.0	True	420	38000000.0	48360000.0	13440000.0	3762	145522324.35659507	45.380696971320845	5.119816255487792	True	True
21	tailings_failure	1.362162162162162	1.106347332630693	1.0425675675675676	1.3972972972972972	1.1911	142.1891891891892	1.2554054054054054	1.3121621621621622	1.0	1.0	0.5888877094928125	True	14200000.0	False	1419432000.0	0.0	1419432000.0	2100	2.6231882478240154	6.557970619560038	51.735101554306965	103.83453480970061	0.8612451655255808	2533	True	20880000	True	3400	225.97297297297297	778.3513513513514	85	32736.0	10.087433513513512	2.942168108108108	53301638.8307027	124.19999999999999	True	0.0004896	5.136756756756757	9616.008648648649	192.32017297297298	0.1446616955488865	135	6.614999999999996	2384	1	26924824.216216218	4410400	340000	0.0	31675224.216216218	0.3429676731155147	False	0	20597013.652519748	0.18	25200000.0	True	420	38000000.0	48360000.0	13440000.0	3762	145597013.65251976	50.457219997566305	5.1445150967327224	True	True
22	tailings_failure	1.427027027027027	1.1116845353283693	1.0445945945945947	1.4162162162162162	1.2002	142.86486486486487	1.2675675675675675	1.327027027027027	1.0	1.0	0.6111044360107771	True	14200000.0	False	1419432000.0	0.0	1419432000.0	2100	2.6358429422223	6.589607355555749	51.98468024938425	104.33544979629937	0.8653999547904256	2691	True	20880000	True	3400	228.16216216216216	785.8918918918919	85	32736.0	10.185158918918917	2.970671351351351	53634074.59978378	124.19999999999999	True	0.0004896	5.21945945945946	9770.82810810811	195.4165621621622	0.16081042021292977	135	6.614999999999996	2423	1	27358318.702702705	4482550	340000	0.0	32180868.702702705	0.3446222059517945	False	0	20672063.261973396	0.18	25200000.0	True	420	38000000.0	48360000.0	13440000.0	3762	145672063.26197338	55.56834562333997	5.169333089276917	True	True
23	tailings_failure	1.4918918918918918	1.117047485575478	1.0466216216216215	1.4351351351351351	1.2092999999999998	143.54054054054055	1.2797297297297296	1.3418918918918918	1.0	1.0	0.6321205588285577	True	14200000.0	False	1419432000.0	0.0	1419432000.0	2100	2.6485586849614533	6.621396712403633	52.23546295340643	104.83878127972419	0.8695747874465445	2850	True	20880000	True	3400	230.35135135135133	793.4324324324324	85	32736.0	10.282884324324321	2.999174594594594	53966510.368864864	124.19999999999999	True	0.0004896	5.302162162162163	9925.64756756757	198.5129513513514	0.17739709138888654	135	6.614999999999996	2461	1	27791813.189189196	4552850	340000	0.0	32684663.189189196	0.3462847205283981	False	0	20747474.923168134	0.18	25200000.0	True	420	38000000.0	48360000.0	13440000.0	3762	145747474.92316812	60.71547736973252	5.194270807925973	True	True
24	tailings_failure	1.5567567567567568	1.1224363075824602	1.0486486486486486	1.454054054054054	1.2184	144.21621621621622	1.2918918918918918	1.3567567567567569	1.0	1.0	0.6520009592077447	True	14200000.0	False	1419432000.0	0.0	1419432000.0	2100	2.6613357705487783	6.653339426371946	52.48745547471201	105.3445409175558	0.8737697601865749	3008	True	20880000	True	3400	232.54054054054052	800.9729729729729	85	32736.0	10.380609729729729	3.0276778378378375	54298946.13794594	124.19999999999999	True	0.0004896	5.384864864864865	10080.467027027029	201.6093405405406	0.19442170907675682	150	7.349999999999994	2499	1	28225307.675675683	4623150	340000	0.0	33188457.675675683	0.3479552553505627	False	0	20823250.382701524	0.18	25200000.0	True	420	38000000.0	48360000.0	13440000.0	3762	145823250.38270152	65.9003367616856	5.21932883025844	True	True
25	tailings_failure	1.6216216216216215	1.1278511261589685	1.0506756756756757	1.4729729729729728	1.2275	144.8918918918919	1.304054054054054	1.3716216216216217	1.0	1.0	0.6708070121920944	True	14200000.0	False	1419432000.0	0.0	1419432000.0	2100	2.67417449491233	6.6854362372808245	52.740663649659844	105.85274042361307	0.8779849701696163	3166	True	20880000	True	0	45.0	155.0	12.75	0.0	2.0088	0.5859	6833401.92	165.0	False	0.0	5.467567567567568	10235.28648648649	204.7057297297298	0.1974077080216217	150	7.349999999999994	2538	1	28658802.16216217	4695300	340000	0.0	33694102.16216217	0.3496338491092803	False	0	20899391.395596955	0.18	25200000.0	True	420	38000000.0	0.0	13440000.0	3762	97539391.39559695	66.26526832717916	5.244507736639204	False	True
26	tailings_failure	1.6864864864864866	1.1332920667167585	1.0527027027027027	1.4918918918918918	1.2366000000000001	145.56756756756758	1.3162162162162163	1.3864864864864865	1.0	1.0	0.6885967760854024	True	14200000.0	False	1419432000.0	0.0	1419432000.0	2100	2.68707515540777	6.717687888519424	52.99509334276434	106.36339156822423	0.8822205150234791	3325	True	20880000	True	0	45.0	155.0	12.75	0.0	2.0088	0.5859	6833401.92	165.0	False	0.0	5.550270270270271	10390.105945945948	207.80211891891898	0.20039370696648656	150	7.349999999999994	2576	1	29092296.648648657	4765600	340000	0.0	34197896.64864866	0.3513205406821951	False	0	20975899.725344367	0.18	25200000.0	True	420	38000000.0	0.0	13440000.0	3762	97615899.72534436	66.39018076274452	5.269808110232928	False	True
27	tailings_failure	1.7513513513513512	1.1387592552725927	1.0547297297297298	1.5108108108108107	1.2457	146.24324324324323	1.3283783783783782	1.4013513513513514	1.0	1.0	0.7054251716898927	True	14200000.0	False	1419432000.0	0.0	1419432000.0	2100	2.700038050825252	6.75009512706313	53.25075044683136	106.87650617849957	0.8864764928469469	3483	True	20880000	True	0	45.0	155.0	12.75	0.0	2.0088	0.5859	6833401.92	165.0	False	0.0	5.63297297297297	10544.9254054054	210.898508108108	0.2033797059113512	150	7.349999999999994	2615	1	29525791.13513512	4837750	340000	0.0	34703541.13513512	0.3530153691345037	False	0	21052777.14394109	0.18	25200000.0	True	420	38000000.0	0.0	13440000.0	3762	97692777.14394109	66.50605346259053	5.295230537017557	False	True
28	tailings_failure	1.8162162162162163	1.144252818451159	1.0567567567567568	1.5297297297297296	1.2548	146.9189189189189	1.3405405405405406	1.4162162162162164	1.0	1.0	0.7213441518584691	True	14200000.0	False	1419432000.0	0.0	1419432000.0	2100	2.7130634813963437	6.782658703490859	53.50764088309455	107.39209613860527	0.8907530022120476	3641	True	20880000	True	0	45.0	155.0	12.75	0.0	2.0088	0.5859	6833401.92	165.0	False	0.0	5.715675675675674	10699.74486486486	213.99489729729723	0.20636570485621616	150	7.349999999999994	2653	1	29959285.62162161	4908050	340000	0.0	35207335.62162161	0.35471837371985937	False	0	21130025.431932822	0.18	25200000.0	True	420	38000000.0	0.0	13440000.0	3762	97770025.43193282	66.61533677831935	5.320775605797889	False	True
29	tailings_failure	1.881081081081081	1.1497728834880039	1.0587837837837837	1.5486486486486486	1.2639	147.59459459459458	1.3527027027027025	1.4310810810810812	1.0	1.0	0.7364028618842733	True	14200000.0	False	1419432000.0	0.0	1419432000.0	2100	2.7261517488009797	6.8153793720024485	53.76577060135265	107.91017339003879	0.8950501421663377	3800	True	20880000	True	0	45.0	155.0	12.75	0.0	2.0088	0.5859	6833401.92	165.0	False	0.0	5.798378378378377	10854.564324324321	217.09128648648644	0.20935170380108106	150	7.349999999999994	2691	1	30392780.1081081	4978350	340000	0.0	35711130.1081081	0.35642959388128115	False	0	21207646.37845491	0.18	25200000.0	True	420	38000000.0	0.0	13440000.0	3762	97847646.37845491	66.71982591831686	5.346443908219219	False	True
30	tailings_failure	1.945945945945946	1.1553195782324797	1.0608108108108107	1.5675675675675675	1.273	148.27027027027026	1.364864864864865	1.445945945945946	1.0	1.0	0.7506477912227038	True	14200000.0	False	1419432000.0	0.0	1419432000.0	2100	2.7393031561744476	6.848257890436119	54.02514558010716	108.43074993190521	0.8993680122351948	3958	True	20880000	True	0	45.0	155.0	12.75	0.0	2.0088	0.5859	6833401.92	165.0	False	0.0	5.88108108108108	11009.383783783782	220.18767567567565	0.21233770274594596	165	8.084999999999994	2730	1	30826274.59459459	5050500	340000	0.0	36216774.59459459	0.3581490692520688	False	0	21285641.78127384	0.18	25200000.0	True	420	38000000.0	0.0	13440000.0	3762	97925641.78127384	66.82083612364605	5.372236038781031	False	True
31	tailings_failure	2.0108108108108107	1.1608930311507046	1.0628378378378378	1.5864864864864865	1.2820999999999998	148.94594594594594	1.377027027027027	1.4608108108108109	1.0	1.0	0.7641229170143	True	14200000.0	False	1419432000.0	0.0	1419432000.0	2100	2.752518008114411	6.881295020286028	54.28577182670088	108.95383782119545	0.9037067124241235	4116	True	20880000	True	0	45.0	155.0	12.75	0.0	2.0088	0.5859	6833401.92	165.0	False	0.0	5.963783783783782	11164.20324324324	223.28406486486483	0.2153237016908108	165	8.084999999999994	2768	1	31259769.081081074	5120800	340000	0.0	36720569.08108108	0.35987683965671846	False	0	21364013.44682875	0.18	25200000.0	True	420	38000000.0	0.0	13440000.0	3762	98004013.44682875	66.9193310044374	5.398152594850777	False	True
32	tailings_failure	2.075675675675676	1.1664933713285388	1.0648648648648649	1.6054054054054054	1.2912	149.6216216216216	1.3891891891891892	1.4756756756756757	1.0	1.0	0.7768698398515702	True	14200000.0	False	1419432000.0	0.0	1419432000.0	2100	2.7657966106879623	6.914491526719906	54.54765537745704	109.47944917306518	0.9080663432210719	4275	True	20880000	True	0	45.0	155.0	12.75	0.0	2.0088	0.5859	6833401.92	165.0	False	0.0	6.046486486486485	11319.0227027027	226.38045405405398	0.21830970063567562	165	8.084999999999994	2807	1	31693263.567567557	5192950	340000	0.0	37226213.56756756	0.36161294511184705	False	0	21442763.19027338	0.18	25200000.0	True	420	38000000.0	0.0	13440000.0	3762	98082763.19027337	67.01601656098252	5.424194176677706	False	True
33	tailings_failure	2.1405405405405404	1.1721207284745743	1.066891891891892	1.6243243243243244	1.3002999999999998	150.2972972972973	1.4013513513513514	1.4905405405405405	1.0	1.0	0.7889279122089098	True	14200000.0	False	1419432000.0	0.0	1419432000.0	2100	2.7791392714387126	6.947848178596781	54.81080229781906	110.0075961611157	0.9124470055987581	4433	True	20880000	True	0	45.0	155.0	12.75	0.0	2.0088	0.5859	6833401.92	165.0	False	0.0	6.129189189189187	11473.842162162158	229.47684324324317	0.2212956995805405	165	8.084999999999994	2845	1	32126758.054054044	5263250	340000	0.0	37730008.054054044	0.36335742582711794	False	0	21521892.83551807	0.18	25200000.0	True	420	38000000.0	0.0	13440000.0	3762	98161892.83551806	67.11141006494572	5.450361387406771	False	True
34	tailings_failure	2.2054054054054055	1.1777752329231381	1.068918918918919	1.6432432432432433	1.3094000000000003	150.97297297297297	1.4135135135135135	1.5054054054054054	1.0	1.0	0.8003343599320981	True	14200000.0	False	1419432000.0	0.0	1419432000.0	2100	2.792546299393913	6.981365748484782	55.075218682491055	110.53829101767572	0.9168488010170095	4591	True	20880000	True	0	45.0	155.0	12.75	0.0	2.0088	0.5859	6833401.92	165.0	False	0.0	6.211891891891891	11628.661621621619	232.57323243243238	0.22428169852540536	165	8.084999999999994	2883	1	32560252.54054053	5333550	340000	0.0	38233802.54054053	0.3651103222061729	False	0	21601404.215272002	0.18	25200000.0	True	420	38000000.0	0.0	13440000.0	3762	98241404.21527201	67.2058905227348	5.476654833092593	False	True
35	tailings_failure	2.27027027027027	1.1834570156373125	1.070945945945946	1.6621621621621623	1.3185000000000002	151.64864864864865	1.4256756756756757	1.5202702702702702	1.0	1.0	0.8111243971624382	True	14200000.0	False	1419432000.0	0.0	1419432000.0	2100	2.8060180050716155	7.015045012679038	55.34091065557908	111.07154603408478	0.9212718314251129	4750	True	20880000	True	0	45.0	155.0	12.75	0.0	2.0088	0.5859	6833401.92	165.0	False	0.0	6.294594594594594	11783.481081081081	235.66962162162164	0.2272676974702703	165	8.084999999999994	2922	1	32993747.02702703	5405700	340000	0.0	38739447.027027026	0.3668716748475669	False	0	21681299.171085633	0.18	25200000.0	True	420	38000000.0	0.0	13440000.0	3762	98321299.17108563	67.29973564569568	5.503075122713503	False	True
36	tailings_failure	2.3351351351351353	1.1891662082119667	1.072972972972973	1.6810810810810812	1.3276	152.32432432432432	1.4378378378378378	1.5351351351351352	1.0	1.0	0.8213313350503348	True	14200000.0	False	1419432000.0	0.0	1419432000.0	2100	2.8195547004878607	7.048886751219651	55.60788437073281	111.6073735609778	0.9257161992641744	4908	True	20880000	True	0	45.0	155.0	12.75	0.0	2.0088	0.5859	6833401.92	165.0	False	0.0	6.3772972972972966	11938.30054054054	238.7660108108108	0.2302536964151351	165	8.084999999999994	2960	1	33427241.513513513	5476000	340000	0.0	39243241.51351351	0.36864152454570975	False	0	21761579.553393394	0.18	25200000.0	True	420	38000000.0	0.0	13440000.0	3762	98401579.5533934	67.39314893501097	5.529622868185646	False	True
37	tailings_failure	2.4	1.1949029428768057	1.075	1.7	1.3367000000000002	153.0	1.45	1.55	1.0	1.0	0.8309866845939339	True	14200000.0	False	1419432000.0	0.0	1419432000.0	2100	2.833156699163907	7.082891747909767	55.876146011288164	112.1457860085713	0.9301820074694939	5066	True	20880000	True	0	45.0	155.0	12.75	0.0	2.0088	0.5859	6833401.92	165.0	False	0.0	6.46	12093.119999999999	241.86239999999998	0.23323969536	180	8.819999999999993	2999	1	33860736.0	5548150	340000	0.0	39748886.0	0.3704199122918097	False	0	21842247.22155649	0.18	25200000.0	True	420	38000000.0	0.0	13440000.0	3762	98482247.22155648	67.48627952448821	5.556298684377147	False	True
38	tailings_failure	2.4648648648648646	1.2006673524994322	1.077027027027027	1.7189189189189187	1.3458	153.67567567567568	1.462162162162162	1.5648648648648649	1.0	1.0	0.8401202539203061	True	14200000.0	False	1419432000.0	0.0	1419432000.0	2100	2.846824316133491	7.117060790333728	56.14570179041051	112.68679584695069	0.9346693594729478	5225	True	20880000	True	0	45.0	155.0	12.75	0.0	2.0088	0.5859	6833401.92	165.0	False	0.0	6.5427027027027025	12247.93945945946	244.9587891891892	0.23622569430486484	180	8.819999999999993	3037	1	34294230.48648649	5618450	340000	0.0	40252680.48648649	0.3722068792748239	False	0	21923304.043906014	0.18	25200000.0	True	420	38000000.0	0.0	13440000.0	3762	98563304.04390602	67.57923671767317	5.58310318912236	False	True
39	tailings_failure	2.529729729729729	1.2064595705884247	1.079054054054054	1.7378378378378376	1.3548999999999998	154.35135135135135	1.4743243243243243	1.5797297297297297	1.0	1.0	0.8487602403095043	True	14200000.0	False	1419432000.0	0.0	1419432000.0	2100	2.8605578679501256	7.151394669875313	56.41655795123858	113.23041560635912	0.9391783592053852	5383	True	20880000	True	0	45.0	155.0	12.75	0.0	2.0088	0.5859	6833401.92	165.0	False	0.0	6.625405405405405	12402.758918918917	248.05517837837834	0.23921169324972968	180	8.819999999999993	3075	1	34727724.97297297	5688750	340000	0.0	40756474.97297297	0.37400246688241157	False	0	22004751.89778619	0.18	25200000.0	True	420	38000000.0	0.0	13440000.0	3762	98644751.89778619	67.67210063794921	5.610037003236175	False	True
40	tailings_failure	2.5945945945945947	1.2122797312964289	1.0810810810810811	1.7567567567567568	1.364	155.02702702702703	1.4864864864864864	1.5945945945945947	1.0	1.0	0.8569333172455917	True	14200000.0	False	1419432000.0	0.0	1419432000.0	2100	2.874357672694428	7.18589418173607	56.688720767029004	113.77665787748776	0.9437091110990347	5541	True	20880000	True	0	45.0	155.0	12.75	0.0	2.0088	0.5859	6833401.92	165.0	False	0.0	6.708108108108109	12557.57837837838	251.1515675675676	0.2421976921945946	180	8.819999999999993	3114	1	35161219.45945947	5760900	340000	0.0	41262119.45945947	0.37580671670189303	False	0	22086592.669597868	0.18	25200000.0	True	420	38000000.0	0.0	13440000.0	3762	98726592.66959786	67.764930030954	5.637100750528394	False	True
41	tailings_failure	2.6594594594594594	1.2181279694232645	1.0831081081081082	1.7756756756756755	1.3731	155.7027027027027	1.4986486486486486	1.6094594594594596	1.0	1.0	0.8646647167633873	True	14200000.0	False	1419432000.0	0.0	1419432000.0	2100	2.8882240499814897	7.220560124953724	56.962196541301594	114.3255353117673	0.9482617200899227	5700	True	20880000	True	0	45.0	155.0	12.75	0.0	2.0088	0.5859	6833401.92	165.0	False	0.0	6.790810810810812	12712.39783783784	254.2479567567568	0.24518369113945948	180	8.819999999999993	3152	1	35594713.94594595	5831200	340000	0.0	41765913.94594595	0.37761967052121204	False	0	22168828.254842177	0.18	25200000.0	True	420	38000000.0	0.0	13440000.0	3762	98808828.25484218	67.85776798074276	5.6642950578181805	False	True
42	tailings_failure	2.724324324324324	1.224004420419049	1.085135135135135	1.7945945945945945	1.3821999999999997	156.3783783783784	1.5108108108108107	1.6243243243243244	1.0	1.0	0.8719783073451471	True	14200000.0	False	1419432000.0	0.0	1419432000.0	2100	2.90215732096828	7.255393302420699	57.236991607985516	114.87706062166107	0.9528362916203057	5858	True	20880000	True	0	45.0	155.0	12.75	0.0	2.0088	0.5859	6833401.92	165.0	False	0.0	6.873513513513514	12867.217297297297	257.3443459459459	0.24816969008432427	180	8.819999999999993	3191	1	36028208.43243243	5903350	340000	0.0	42271558.43243243	0.3794413703299051	False	0	22251460.558164496	0.18	25200000.0	True	420	38000000.0	0.0	13440000.0	3762	98891460.55816449	67.95064609753226	5.691620554948578	False	True
43	tailings_failure	2.7891891891891887	1.2299092203873325	1.087162162162162	1.8135135135135134	1.3913000000000002	157.05405405405406	1.5229729729729728	1.6391891891891892	1.0	1.0	0.8788966676076703	True	14200000.0	False	1419432000.0	0.0	1419432000.0	2100	2.916157808361079	7.290394520902697	57.51311233156572	115.43124658095938	0.9574329316411095	6016	True	20880000	True	0	45.0	155.0	12.75	0.0	2.0088	0.5859	6833401.92	165.0	False	0.0	6.956216216216217	13022.036756756757	260.4407351351351	0.2511556890291892	195	9.554999999999993	3229	1	36461702.91891892	5973650	340000	0.0	42775352.91891892	0.38127185832007315	False	0	22334491.49339852	0.18	25200000.0	True	420	38000000.0	0.0	13440000.0	3762	98974491.49339852	68.04358758570241	5.719077874801097	False	True
44	tailings_failure	2.854054054054054	1.2358425060882525	1.0891891891891892	1.8324324324324324	1.4004	157.72972972972974	1.535135135135135	1.654054054054054	1.0	1.0	0.8854411560073123	True	14200000.0	False	1419432000.0	0.0	1419432000.0	2100	2.93022583642296	7.325564591057399	57.7905651072306	115.98810602507548	0.9620517466143862	6175	True	20880000	True	0	45.0	155.0	12.75	0.0	2.0088	0.5859	6833401.92	165.0	False	0.0	7.038918918918921	13176.85621621622	263.5371243243244	0.2541416879740541	195	9.554999999999993	3267	1	36895197.40540542	6043950	340000	0.0	43279147.40540542	0.3831111768873583	False	0	22417922.98361057	0.18	25200000.0	True	420	38000000.0	0.0	13440000.0	3762	99057922.98361057	68.13660949145896	5.746667653310375	False	True
45	tailings_failure	2.918918918918919	1.2418044149416987	1.0912162162162162	1.8513513513513513	1.4095000000000002	158.40540540540542	1.5472972972972974	1.6689189189189189	1.0	1.0	0.8916319767781041	True	14200000.0	False	1419432000.0	0.0	1419432000.0	2100	2.9443617309812904	7.360904327453226	58.069356361019885	116.54765185134274	0.9666928435157773	6333	True	20880000	True	0	45.0	155.0	12.75	0.0	2.0088	0.5859	6833401.92	165.0	False	0.0	7.121621621621622	13331.675675675677	266.63351351351355	0.25712768691891896	195	9.554999999999993	3306	1	37328691.8918919	6116100	340000	0.0	43784791.8918919	0.3849593686319266	False	0	22501756.96114419	0.18	25200000.0	True	420	38000000.0	0.0	13440000.0	3762	99141756.9611442	68.22972434950339	5.774390529478899	False	True
46	tailings_failure	2.9837837837837835	1.247795085030498	1.0932432432432433	1.8702702702702703	1.4186	159.0810810810811	1.5594594594594593	1.6837837837837837	1.0	1.0	0.8974882423065393	True	14200000.0	False	1419432000.0	0.0	1419432000.0	2100	2.958565819435287	7.396414548588217	58.34949254997371	117.10989701931344	0.9713563298369935	6333	True	20880000	True	0	45.0	155.0	12.75	0.0	2.0088	0.5859	6833401.92	165.0	False	0.0	7.204324324324326	13486.49513513514	269.7299027027028	0.2601136858637839	195	9.554999999999993	3344	1	37762186.37837839	6186400	340000	0.0	44288586.37837839	0.3868164763594544	False	0	22585995.367664855	0.18	25200000.0	True	420	38000000.0	0.0	13440000.0	3762	99225995.36766486	68.32294138940743	5.802247145391816	False	True
47	tailings_failure	3.048648648648648	1.253814655103611	1.0952702702702704	1.8891891891891892	1.4277	159.75675675675674	1.5716216216216217	1.6986486486486485	1.0	1.0	0.9030280321355949	True	14200000.0	False	1419432000.0	0.0	1419432000.0	2100	2.97283843076359	7.432096076908975	58.63098016228191	117.67485455105877	0.9760423135883018	6333	True	20880000	True	0	45.0	155.0	12.75	0.0	2.0088	0.5859	6833401.92	165.0	False	0.0	7.287027027027024	13641.314594594589	272.8262918918918	0.26309968480864854	195	9.554999999999993	3383	1	38195680.86486485	6258550	340000	0.0	44794230.86486485	0.38868254308211947	False	0	22670640.15420494	0.18	25200000.0	True	420	38000000.0	0.0	13440000.0	3762	99310640.15420493	68.41626741942046	5.830238146231791	False	True
48	tailings_failure	3.1135135135135137	1.259863264579347	1.0972972972972972	1.9081081081081082	1.4368	160.43243243243245	1.5837837837837836	1.7135135135135138	1.0	1.0	0.9082684487801435	True	14200000.0	False	1419432000.0	0.0	1419432000.0	2100	2.9871798955318924	7.467949738829731	58.91382571743454	118.24253753147073	0.9807509033010311	6333	True	20880000	True	0	45.0	155.0	12.75	0.0	2.0088	0.5859	6833401.92	165.0	False	0.0	7.369729729729731	13796.134054054057	275.9226810810811	0.26608568375351355	195	9.554999999999993	3421	1	38629175.35135136	6328850	340000	0.0	45298025.35135136	0.3905576120195975	False	0	22755693.281208944	0.18	25200000.0	True	420	38000000.0	0.0	13440000.0	3762	99395693.28120895	68.50970747395968	5.8583641802939646	False	True
49	tailings_failure	3.1783783783783783	1.265941053548592	1.0993243243243243	1.927027027027027	1.4459	161.1081081081081	1.595945945945946	1.7283783783783786	1.0	1.0	0.9132256705260707	True	14200000.0	False	1419432000.0	0.0	1419432000.0	2100	3.001590545900586	7.503976364751464	59.19803576637266	118.81295910856487	0.9854822080300805	6333	True	20880000	True	0	45.0	155.0	12.75	0.0	2.0088	0.5859	6833401.92	165.0	False	0.0	7.452432432432431	13950.953513513512	279.0190702702702	0.26907168269837833	195	9.554999999999993	3459	1	39062669.83783783	6399150	340000	0.0	45801819.83783783	0.3924417266000635	False	0	22841156.71857888	0.18	25200000.0	True	420	38000000.0	0.0	13440000.0	3762	99481156.71857888	68.60326528797066	5.886625899000953	False	True
50	tailings_failure	3.243243243243243	1.2720481627780535	1.1013513513513513	1.9459459459459458	1.4549999999999998	161.78378378378378	1.608108108108108	1.7432432432432434	1.0	1.0	0.9179150013761012	True	14200000.0	False	1419432000.0	0.0	1419432000.0	2100	3.0160707156324618	7.540176789081154	59.48361689164021	119.38613249378494	0.9902363373564499	6333	True	20880000	True	0	45.0	155.0	12.75	0.0	2.0088	0.5859	6833401.92	165.0	False	0.0	7.535135135135134	14105.77297297297	282.11545945945943	0.27205768164324323	210	10.289999999999992	3498	1	39496164.32432432	6471300	340000	0.0	46307464.32432432	0.3943349304611965	False	0	22927032.445719875	0.18	25200000.0	True	420	38000000.0	0.0	13440000.0	3762	99567032.44571987	68.69694364445112	5.915023956917949	False	True
51	tailings_failure	3.3081081081081076	1.278184733713521	1.1033783783783784	1.9648648648648648	1.4641	162.45945945945945	1.6202702702702703	1.7581081081081082	1.0	1.0	0.9223509182965242	True	14200000.0	False	1419432000.0	0.0	1419432000.0	2100	3.0306207401004386	7.5765518502510965	59.77057570753642	119.96207096230901	0.9950134013897761	6333	True	20880000	True	0	45.0	155.0	12.75	0.0	2.0088	0.5859	6833401.92	165.0	False	0.0	7.617837837837836	14260.592432432428	285.2118486486486	0.275043680588108	210	10.289999999999992	3536	1	39929658.8108108	6541600	340000	0.0	46811258.8108108	0.3962372674511916	False	0	23013322.45158605	0.18	25200000.0	True	420	38000000.0	0.0	13440000.0	3762	99653322.45158605	68.79074462905186	5.943559011767873	False	True
52	tailings_failure	3.372972972972973	1.284350908483142	1.1054054054054054	1.9837837837837837	1.4732	163.13513513513513	1.6324324324324324	1.772972972972973	1.0	1.0	0.926547115910682	True	14200000.0	False	1419432000.0	0.0	1419432000.0	2100	3.045240956295326	7.613102390738315	60.058918860268925	120.54078785335666	0.9998135107708815	6333	True	20880000	True	0	45.0	155.0	12.75	0.0	2.0088	0.5859	6833401.92	165.0	False	0.0	7.700540540540539	14415.411891891887	288.30823783783774	0.2780296795329729	210	10.289999999999992	3575	1	40363153.297297284	6613750	340000	0.0	47316903.297297284	0.39814878162977396	False	0	23100028.73472655	0.18	25200000.0	True	420	38000000.0	0.0	13440000.0	3762	99740028.73472655	68.88466981660095	5.97223172444661	False	True
53	tailings_failure	3.437837837837838	1.2905468299007132	1.1074324324324325	2.0027027027027025	1.4822999999999997	163.8108108108108	1.6445945945945946	1.787837837837838	1.0	1.0	0.9305165487771985	True	14200000.0	False	1419432000.0	0.0	1419432000.0	2100	3.0599317028336372	7.649829257084093	60.34865302810784	121.12229657049814	1.0046367766743398	6333	True	20880000	True	0	45.0	155.0	12.75	0.0	2.0088	0.5859	6833401.92	165.0	False	0.0	7.783243243243243	14570.23135135135	291.404627027027	0.2810156784778378	210	10.289999999999992	3613	1	40796647.783783786	6684050	340000	0.0	47820697.783783786	0.400069517269221	False	0	23187153.303331867	0.18	25200000.0	True	420	38000000.0	0.0	13440000.0	3762	99827153.30333187	68.97872040775452	6.001042759038317	False	True
54	tailings_failure	3.5027027027027025	1.2967726414689897	1.1094594594594596	2.0216216216216214	1.4914	164.48648648648648	1.6567567567567567	1.8027027027027027	1.0	1.0	0.9342714713834696	True	14200000.0	False	1419432000.0	0.0	1419432000.0	2100	3.074693319965426	7.6867332999135645	60.63978492154034	121.7066105819648	1.0094833108110488	6333	True	20880000	True	0	45.0	155.0	12.75	0.0	2.0088	0.5859	6833401.92	165.0	False	0.0	7.8659459459459455	14725.05081081081	294.5010162162162	0.2840016774227027	210	10.289999999999992	3651	1	41230142.270270266	6754350	340000	0.0	48324492.270270266	0.4019995188553869	False	0	23274698.175280347	0.18	25200000.0	True	420	38000000.0	0.0	13440000.0	3762	99914698.17528035	69.0728973291088	6.029992782830803	False	True
55	tailings_failure	3.567567567567567	1.3030284873830067	1.1114864864864864	2.0405405405405403	1.5005000000000002	165.16216216216216	1.6689189189189189	1.8175675675675675	1.0	1.0	0.9378234759778836	True	14200000.0	False	1419432000.0	0.0	1419432000.0	2100	3.0895261495821673	7.723815373955418	60.93232128342608	122.2937434209608	1.0143532254308172	6333	True	20880000	True	0	45.0	155.0	12.75	0.0	2.0088	0.5859	6833401.92	165.0	False	0.0	7.948648648648648	14879.870270270269	297.59740540540537	0.28698767636756756	210	10.289999999999992	3690	1	41663636.75675675	6826500	340000	0.0	48830136.75675675	0.4039388310887322	False	0	23362665.378184892	0.18	25200000.0	True	420	38000000.0	0.0	13440000.0	3762	100002665.37818488	69.16720130654399	6.059082466330982	False	True
56	tailings_failure	3.6324324324324326	1.309314512533421	1.1135135135135135	2.0594594594594593	1.5096000000000003	165.83783783783784	1.681081081081081	1.8324324324324326	1.0	1.0	0.9411835283575701	True	14200000.0	False	1419432000.0	0.0	1419432000.0	2100	3.1044305352246795	7.761076338061699	61.226268889153395	122.88370868597688	1.0192466333249668	6333	True	20880000	True	0	45.0	155.0	12.75	0.0	2.0088	0.5859	6833401.92	165.0	False	0.0	8.03135135135135	15034.689729729727	300.6937945945946	0.2899736753124324	225	11.024999999999991	3728	1	42097131.24324324	6896800	340000	0.0	49333931.24324324	0.40588749888536046	False	0	23451056.949439947	0.18	25200000.0	True	420	38000000.0	0.0	13440000.0	3762	100091056.94943994	69.2616329189571	6.088312483280408	False	True
57	tailings_failure	3.6972972972972973	1.3156308625098645	1.1155405405405405	2.0783783783783782	1.5187	166.51351351351352	1.6932432432432432	1.8472972972972974	1.0	1.0	0.9443620017221572	True	14200000.0	False	1419432000.0	0.0	1419432000.0	2100	3.1194068220910767	7.798517055227691	61.521634546796236	123.4765200411051	1.0241636478289422	6333	True	20880000	True	0	45.0	155.0	12.75	0.0	2.0088	0.5859	6833401.92	165.0	False	0.0	8.114054054054053	15189.509189189188	303.7901837837838	0.2929596742572973	225	11.024999999999991	3766	1	42530625.72972973	6967100	340000	0.0	49837725.72972973	0.4078455673780579	False	0	23539874.936268706	0.18	25200000.0	True	420	38000000.0	0.0	13440000.0	3762	100179874.9362687	69.35619263762734	6.1176835106708705	False	True
58	tailings_failure	3.762162162162162	1.321977683604319	1.1175675675675676	2.097297297297297	1.5278	167.1891891891892	1.7054054054054053	1.8621621621621622	1.0	1.0	0.9473687086980563	True	14200000.0	False	1419432000.0	0.0	1419432000.0	2100	3.134455357044767	7.836138392611917	61.81842509727179	124.07219121635536	1.029104382824938	6333	True	20880000	True	0	45.0	155.0	12.75	0.0	2.0088	0.5859	6833401.92	165.0	False	0.0	8.196756756756757	15344.32864864865	306.886572972973	0.2959456732021622	225	11.024999999999991	3805	1	42964120.21621622	7039250	340000	0.0	50343370.21621622	0.4098130819173389	False	0	23629121.395770494	0.18	25200000.0	True	420	38000000.0	0.0	13440000.0	3762	100269121.39577049	69.45088085505604	6.147196228760085	False	True
59	tailings_failure	3.8270270270270266	1.3283551228145027	1.1195945945945946	2.116216216216216	1.5369000000000002	167.86486486486487	1.7175675675675675	1.877027027027027	1.0	1.0	0.950212931632136	True	14200000.0	False	1419432000.0	0.0	1419432000.0	2100	3.149576488622485	7.873941221556212	62.116647414499	124.67073600797336	1.0340689527445341	6333	True	20880000	True	0	45.0	155.0	12.75	0.0	2.0088	0.5859	6833401.92	165.0	False	0.0	8.279459459459458	15499.148108108107	309.98296216216215	0.29893167214702704	225	11.024999999999991	3843	1	43397614.7027027	7109550	340000	0.0	50847164.7027027	0.41179008807249584	False	0	23718798.394968413	0.18	25200000.0	True	420	38000000.0	0.0	13440000.0	3762	100358798.39496842	69.54569790609513	6.1768513210874385	False	True
60	tailings_failure	3.891891891891892	1.3347633278472748	1.1216216216216217	2.135135135135135	1.5459999999999998	168.54054054054055	1.7297297297297298	1.891891891891892	1.0	1.0	0.9529034512483106	True	14200000.0	False	1419432000.0	0.0	1419432000.0	2100	3.164770567042363	7.911926417605907	62.416308405557714	125.2721682787602	1.0390574725713486	6333	True	20880000	True	0	45.0	155.0	12.75	0.0	2.0088	0.5859	6833401.92	165.0	False	0.0	8.362162162162162	15653.96756756757	313.0793513513514	0.301917671091892	225	11.024999999999991	3882	1	43831109.189189196	7181700	340000	0.0	51352809.189189196	0.4137766316326552	False	0	23808908.01085724	0.18	25200000.0	True	420	38000000.0	0.0	13440000.0	3762	100448908.01085724	69.6406440834265	6.206649474489828	False	True
61	tailings_failure	3.9567567567567568	1.3412024471220572	1.1236486486486486	2.154054054054054	1.5551000000000004	169.21621621621622	1.7418918918918918	1.906756756756757	1.0	1.0	0.9554485737555103	True	14200000.0	False	1419432000.0	0.0	1419432000.0	2100	3.180037944212047	7.950094860530117	62.717415010848704	125.87650195839353	1.0440700578436994	6333	True	20880000	True	0	45.0	155.0	12.75	0.0	2.0088	0.5859	6833401.92	165.0	False	0.0	8.444864864864865	15808.787027027029	316.1757405405406	0.3049036700367568	225	11.024999999999991	3920	1	44264603.67567568	7252000	340000	0.0	51856603.67567568	0.4157727586078377	False	0	23899452.33045152	0.18	25200000.0	True	420	38000000.0	0.0	13440000.0	3762	100539452.33045152	69.73571964890206	6.2365913791175664	False	True
62	tailings_failure	4.021621621621621	1.347672629774271	1.1256756756756756	2.172972972972973	1.5642	169.8918918918919	1.7540540540540541	1.9216216216216218	1.0	1.0	0.9578561564907236	True	14200000.0	False	1419432000.0	0.0	1419432000.0	2100	3.1953789737368385	7.988447434342096	63.01997420425431	126.48375104374985	1.049106824657279	6333	True	20880000	True	0	45.0	155.0	12.75	0.0	2.0088	0.5859	6833401.92	165.0	False	0.0	8.527567567567568	15963.606486486486	319.2721297297297	0.3078896689816216	225	11.024999999999991	3958	1	44698098.16216216	7322300	340000	0.0	52360398.16216216	0.41777851523002396	False	0	23990433.45083389	0.18	25200000.0	True	420	38000000.0	0.0	13440000.0	3762	100630433.45083389	69.8309248418522	6.26667772845036	False	True
63	tailings_failure	4.0864864864864865	1.354174025658792	1.1277027027027027	2.191891891891892	1.5733000000000001	170.56756756756755	1.766216216216216	1.9364864864864866	1.0	1.0	0.960133632176275	True	14200000.0	False	1419432000.0	0.0	1419432000.0	2100	3.2107940109278936	8.026985027319734	63.323992993300116	127.09392959922911	1.0541678896678461	6333	True	20880000	True	0	45.0	155.0	12.75	0.0	2.0088	0.5859	6833401.92	165.0	False	0.0	8.610270270270268	16118.42594594594	322.3685189189188	0.3108756679264864	240	11.759999999999993	3997	2	45131592.648648635	7394450	680000	0.0	53206042.648648635	0.41979394795422564	False	0	24081853.479203675	0.18	25200000.0	True	420	38000000.0	0.0	13440000.0	3762	100721853.47920367	69.92625988517246	6.296909219313383	False	True
64	tailings_failure	4.151351351351352	1.3607067853534205	1.1297297297297297	2.210810810810811	1.5824000000000003	171.24324324324323	1.7783783783783784	1.9513513513513514	1.0	1.0	0.9622880318662274	True	14200000.0	False	1419432000.0	0.0	1419432000.0	2100	3.226283412810447	8.065708532026118	63.62947841931715	127.7070517570802	1.059253370093926	6333	True	20880000	True	0	45.0	155.0	12.75	0.0	2.0088	0.5859	6833401.92	165.0	False	0.0	8.69297297297297	16273.2454054054	325.464908108108	0.31386166687135125	240	11.759999999999993	4035	2	45565087.13513512	7464750	680000	0.0	53709837.13513512	0.4218191034595604	False	0	24173714.532925658	0.18	25200000.0	True	420	38000000.0	0.0	13440000.0	3762	100813714.53292567	70.02172498978295	6.327286551893406	False	True
65	tailings_failure	4.216216216216216	1.367271060162369	1.1317567567567568	2.22972972972973	1.5915000000000001	171.9189189189189	1.7905405405405403	1.9662162162162162	1.0	1.0	0.9643260066527476	True	14200000.0	False	1419432000.0	0.0	1419432000.0	2100	3.241847538132083	8.104618845330206	63.93643755760497	128.32313171772827	1.0643633837195254	6333	True	20880000	True	0	45.0	155.0	12.75	0.0	2.0088	0.5859	6833401.92	165.0	False	0.0	8.775675675675673	16428.06486486486	328.5612972972972	0.3168476658162161	240	11.759999999999993	4074	2	45998581.62162161	7536900	680000	0.0	54215481.62162161	0.4238540286503345	False	0	24266018.73957917	0.18	25200000.0	True	420	38000000.0	0.0	13440000.0	3762	100906018.73957917	70.11732035789537	6.357810429755016	False	True
66	tailings_failure	4.281081081081081	1.3738670021197665	1.1337837837837839	2.2486486486486488	1.6006	172.59459459459458	1.8027027027027027	1.981081081081081	1.0	1.0	0.9662538481994496	True	14200000.0	False	1419432000.0	0.0	1419432000.0	2100	3.2574867473710407	8.143716868427601	64.24487751759553	128.94218375010368	1.0694980488968602	6333	True	20880000	True	0	45.0	155.0	12.75	0.0	2.0088	0.5859	6833401.92	165.0	False	0.0	8.858378378378376	16582.88432432432	331.6576864864864	0.319833664761081	240	11.759999999999993	4112	2	46432076.108108096	7607200	680000	0.0	54719276.108108096	0.42589877065712756	False	0	24358768.237007305	0.18	25200000.0	True	420	38000000.0	0.0	13440000.0	3762	100998768.2370073	70.21304618540668	6.388481559856915	False	True
67	tailings_failure	4.345945945945946	1.38049476399318	1.1358108108108107	2.2675675675675677	1.6097000000000001	173.27027027027026	1.8148648648648646	1.9959459459459459	1.0	1.0	0.9680775081651043	True	14200000.0	False	1419432000.0	0.0	1419432000.0	2100	3.2732014027445695	8.183003506861423	64.55480544301788	129.56422219197253	1.074657484549097	6333	True	20880000	True	0	45.0	155.0	12.75	0.0	2.0088	0.5859	6833401.92	165.0	False	0.0	8.94108108108108	16737.70378378378	334.75407567567567	0.32281966370594595	240	11.759999999999993	4150	2	46865570.59459459	7677500	680000	0.0	55223070.59459459	0.4279533768378858	False	0	24451965.1733665	0.18	25200000.0	True	420	38000000.0	0.0	13440000.0	3762	101091965.1733665	70.30890266365265	6.419300652568287	False	True
68	tailings_failure	4.410810810810811	1.3871544992871523	1.1378378378378378	2.2864864864864867	1.6188	173.94594594594594	1.827027027027027	2.0108108108108107	1.0	1.0	0.9698026165776815	True	14200000.0	False	1419432000.0	0.0	1419432000.0	2100	3.2889918682173134	8.222479670543283	64.86622851206367	130.18926145026865	1.0798418101731084	6333	True	20880000	True	0	45.0	155.0	12.75	0.0	2.0088	0.5859	6833401.92	165.0	False	0.0	9.023783783783783	16892.52324324324	337.85046486486476	0.32580566265081073	240	11.759999999999993	4189	2	47299065.08108107	7749650	680000	0.0	55728715.08108107	0.4300178947790172	False	0	24545611.70717622	0.18	25200000.0	True	420	38000000.0	0.0	13440000.0	3762	101185611.70717622	70.40488998069291	6.450268421685259	False	True
69	tailings_failure	4.475675675675675	1.3938463622467576	1.1398648648648648	2.3054054054054056	1.6279	174.6216216216216	1.8391891891891892	2.025675675675676	1.0	1.0	0.9714344992154497	True	14200000.0	False	1419432000.0	0.0	1419432000.0	2100	3.304858509509741	8.262146273774352	65.17915393755321	130.81731600142723	1.0850511458422383	6333	True	20880000	True	0	45.0	155.0	12.75	0.0	2.0088	0.5859	6833401.92	165.0	False	0.0	9.106486486486485	17047.3427027027	340.946854054054	0.32879166159567563	255	12.49499999999999	4227	2	47732559.56756756	7819950	680000	0.0	56232509.56756756	0.4320923722964949	False	0	24639710.007369008	0.18	25200000.0	True	420	38000000.0	0.0	13440000.0	3762	101279710.00736901	70.50100832225219	6.481385584447423	False	True
70	tailings_failure	4.54054054054054	1.4005705078611739	1.1418918918918919	2.3243243243243246	1.6370000000000005	175.2972972972973	1.8513513513513513	2.0405405405405403	1.0	1.0	0.9729781940487909	True	14200000.0	False	1419432000.0	0.0	1419432000.0	2100	3.3208016941066187	8.302004235266546	65.49358896710277	131.4484003917203	1.0902856122090852	6333	True	20880000	True	0	45.0	155.0	12.75	0.0	2.0088	0.5859	6833401.92	165.0	False	0.0	9.18918918918919	17202.162162162163	344.0432432432433	0.3317776605405406	255	12.49499999999999	4266	2	48166054.05405406	7892100	680000	0.0	56738154.05405406	0.434176857436964	False	0	24734262.253340684	0.18	25200000.0	True	420	38000000.0	0.0	13440000.0	3762	101374262.25334069	70.5972578724101	6.512652861554459	False	True
71	tailings_failure	4.605405405405405	1.407327091867273	1.143918918918919	2.343243243243243	1.6461	175.97297297297297	1.8635135135135132	2.0554054054054056	1.0	1.0	0.9744384667934926	True	14200000.0	False	1419432000.0	0.0	1419432000.0	2100	3.3368217912655194	8.342054478163798	65.80954088329219	132.08252923759346	1.0955453305082954	6333	True	20880000	True	0	45.0	155.0	12.75	0.0	2.0088	0.5859	6833401.92	165.0	False	0.0	9.27189189189189	17356.981621621617	347.13963243243234	0.3347636594854053	255	12.49499999999999	4304	2	48599548.540540524	7962400	680000	0.0	57241948.540540524	0.43627139847885466	False	0	24829270.635000847	0.18	25200000.0	True	420	38000000.0	0.0	13440000.0	3762	101469270.63500085	70.69363881410666	6.54407097718282	False	True
72	tailings_failure	4.6702702702702705	1.4141162707532264	1.145945945945946	2.3621621621621625	1.6552000000000002	176.64864864864865	1.8756756756756756	2.0702702702702704	1.0	1.0	0.9758198256235296	True	14200000.0	False	1419432000.0	0.0	1419432000.0	2100	3.352919172025376	8.382297930063439	66.1270170038338	132.71971722600446	1.1008304225593715	6333	True	20880000	True	0	45.0	155.0	12.75	0.0	2.0088	0.5859	6833401.92	165.0	False	0.0	9.354594594594595	17511.801081081077	350.23602162162155	0.3377496584302702	255	12.49499999999999	4342	2	49033043.02702702	8032700	680000	0.0	57745743.02702702	0.43837604393350027	False	0	24924737.352823574	0.18	25200000.0	True	420	38000000.0	0.0	13440000.0	3762	101564737.35282357	70.79015132951255	6.575640659002503	False	True
73	tailings_failure	4.735135135135135	1.420938201762131	1.147972972972973	2.381081081081081	1.6643000000000003	177.32432432432432	1.8878378378378378	2.0851351351351353	1.0	1.0	0.9771265350887611	True	14200000.0	False	1419432000.0	0.0	1419432000.0	2100	3.369094209215074	8.422735523037685	66.44602468174173	133.35997911476335	1.1061410107694931	6333	True	20880000	True	0	45.0	155.0	12.75	0.0	2.0088	0.5859	6833401.92	165.0	False	0.0	9.437297297297295	17666.620540540538	353.33241081081076	0.34073565737513506	255	12.49499999999999	4381	2	49466537.513513505	8104850	680000	0.0	58251387.513513505	0.4404908425462606	False	0	25020664.61789838	0.18	25200000.0	True	420	38000000.0	0.0	13440000.0	3762	101660664.61789837	70.88679560030059	6.6073626381939095	False	True
74	tailings_failure	4.8	1.4277930428956507	1.15	2.4	1.6734	178.0	1.9	2.1	1.0	1.0	0.9783626292805069	True	14200000.0	False	1419432000.0	0.0	1419432000.0	2100	3.385347277462089	8.463368193655223	66.76657130550231	134.00332973287436	1.1114772181363533	6333	True	20880000	True	0	45.0	155.0	12.75	0.0	2.0088	0.5859	6833401.92	165.0	False	0.0	9.52	17821.44	356.42879999999997	0.34372165632	255	12.49499999999999	4419	2	49900032.0	8175150	680000	0.0	58755182.0	0.4426158432976517	False	0	25117054.65198148	0.18	25200000.0	True	420	38000000.0	0.0	13440000.0	3762	101757054.65198147	70.98357180784468	6.639237649464776	False	True
75	tailings_failure	4.8	1.4277930428956507	1.15	2.4	1.6825	178.0	1.9	2.1	1.0	1.0	0.9795319242856495	True	14200000.0	False	1419432000.0	0.0	1419432000.0	2100	3.385347277462089	8.463368193655223	66.76657130550231	134.00332973287436	1.1114772181363533	6333	True	20880000	True	0	45.0	155.0	12.75	0.0	2.0088	0.5859	6833401.92	165.0	False	0.0	9.52	17821.44	356.42879999999997	0.34372165632	255	12.49499999999999	4419	2	49900032.0	8175150	680000	0.0	58755182.0	0.4426158432976517	False	0	25117054.65198148	0.18	25200000.0	True	420	38000000.0	0.0	13440000.0	3762	101757054.65198147	70.73922241297478	6.639237649464776	False	True
76	tailings_failure	4.8	1.4277930428956507	1.15	2.4	1.6916000000000002	178.0	1.9	2.1	1.0	1.0	0.9806380299677095	True	14200000.0	False	1419432000.0	0.0	1419432000.0	2100	3.385347277462089	8.463368193655223	66.76657130550231	134.00332973287436	1.1114772181363533	6333	True	20880000	True	0	45.0	155.0	12.75	0.0	2.0088	0.5859	6833401.92	165.0	False	0.0	9.52	17821.44	356.42879999999997	0.34372165632	255	12.49499999999999	4419	2	49900032.0	8175150	680000	0.0	58755182.0	0.4426158432976517	False	0	25117054.65198148	0.18	25200000.0	True	420	38000000.0	0.0	13440000.0	3762	101757054.65198147	70.4957141489402	6.639237649464776	False	True
77	tailings_failure	4.8	1.4277930428956507	1.15	2.4	1.7006999999999999	178.0	1.9	2.1	1.0	1.0	0.9816843611112658	True	14200000.0	False	1419432000.0	0.0	1419432000.0	2100	3.385347277462089	8.463368193655223	66.76657130550231	134.00332973287436	1.1114772181363533	6333	True	20880000	True	0	45.0	155.0	12.75	0.0	2.0088	0.5859	6833401.92	165.0	False	0.0	9.52	17821.44	356.42879999999997	0.34372165632	255	12.49499999999999	4419	2	49900032.0	8175150	680000	0.0	58755182.0	0.4426158432976517	False	0	25117054.65198148	0.18	25200000.0	True	420	38000000.0	0.0	13440000.0	3762	101757054.65198147	70.25304412088674	6.639237649464776	False	True
78	tailings_failure	4.8	1.4277930428956507	1.15	2.4	1.7098	178.0	1.9	2.1	1.0	1.0	0.9826741479641249	True	14200000.0	False	1419432000.0	0.0	1419432000.0	2100	3.385347277462089	8.463368193655223	66.76657130550231	134.00332973287436	1.1114772181363533	6333	True	20880000	True	0	45.0	155.0	12.75	0.0	2.0088	0.5859	6833401.92	165.0	False	0.0	9.52	17821.44	356.42879999999997	0.34372165632	255	12.49499999999999	4419	2	49900032.0	8175150	680000	0.0	58755182.0	0.4426158432976517	False	0	25117054.65198148	0.18	25200000.0	True	420	38000000.0	0.0	13440000.0	3762	101757054.65198147	70.01120944376228	6.639237649464776	False	True
79	tailings_failure	4.8	1.4277930428956507	1.15	2.4	1.7189	178.0	1.9	2.1	1.0	1.0	0.9836104462097864	True	14200000.0	False	1419432000.0	0.0	1419432000.0	2100	3.385347277462089	8.463368193655223	66.76657130550231	134.00332973287436	1.1114772181363533	6333	True	20880000	True	0	45.0	155.0	12.75	0.0	2.0088	0.5859	6833401.92	165.0	False	0.0	9.52	17821.44	356.42879999999997	0.34372165632	255	12.49499999999999	4419	2	49900032.0	8175150	680000	0.0	58755182.0	0.4426158432976517	False	0	25117054.65198148	0.18	25200000.0	True	420	38000000.0	0.0	13440000.0	3762	101757054.65198147	69.77020724232703	6.639237649464776	False	True
80	tailings_failure	4.8	1.4277930428956507	1.15	2.4	1.7279999999999998	178.0	1.9	2.1	1.0	1.0	0.9844961464009907	True	14200000.0	False	1419432000.0	0.0	1419432000.0	2100	3.385347277462089	8.463368193655223	66.76657130550231	134.00332973287436	1.1114772181363533	6333	True	20880000	True	0	45.0	155.0	12.75	0.0	2.0088	0.5859	6833401.92	165.0	False	0.0	9.52	17821.44	356.42879999999997	0.34372165632	255	12.49499999999999	4419	2	49900032.0	8175150	680000	0.0	58755182.0	0.4426158432976517	False	0	25117054.65198148	0.18	25200000.0	True	420	38000000.0	0.0	13440000.0	3762	101757054.65198147	69.53003465115215	6.639237649464776	False	True
81	tailings_failure	4.8	1.4277930428956507	1.15	2.4	1.7371000000000003	178.0	1.9	2.1	1.0	1.0	0.9853339828834728	True	14200000.0	False	1419432000.0	0.0	1419432000.0	2100	3.385347277462089	8.463368193655223	66.76657130550231	134.00332973287436	1.1114772181363533	6333	True	20880000	True	0	45.0	155.0	12.75	0.0	2.0088	0.5859	6833401.92	165.0	False	0.0	9.52	17821.44	356.42879999999997	0.34372165632	255	12.49499999999999	4419	2	49900032.0	8175150	680000	0.0	58755182.0	0.4426158432976517	False	0	25117054.65198148	0.18	25200000.0	True	420	38000000.0	0.0	13440000.0	3762	101757054.65198147	69.29068881460933	6.639237649464776	False	True
82	tailings_failure	4.8	1.4277930428956507	1.15	2.4	1.7462	178.0	1.9	2.1	1.0	1.0	0.9861265422374725	True	14200000.0	False	1419432000.0	0.0	1419432000.0	2100	3.385347277462089	8.463368193655223	66.76657130550231	134.00332973287436	1.1114772181363533	6333	True	20880000	True	0	45.0	155.0	12.75	0.0	2.0088	0.5859	6833401.92	165.0	False	0.0	9.52	17821.44	356.42879999999997	0.34372165632	255	12.49499999999999	4419	2	49900032.0	8175150	680000	0.0	58755182.0	0.4426158432976517	False	0	25117054.65198148	0.18	25200000.0	True	420	38000000.0	0.0	13440000.0	3762	101757054.65198147	69.05216688685417	6.639237649464776	False	True
83	tailings_failure	4.8	1.4277930428956507	1.15	2.4	1.7553000000000003	178.0	1.9	2.1	1.0	1.0	0.986876271263059	True	14200000.0	False	1419432000.0	0.0	1419432000.0	2100	3.385347277462089	8.463368193655223	66.76657130550231	134.00332973287436	1.1114772181363533	6333	True	20880000	True	0	45.0	155.0	12.75	0.0	2.0088	0.5859	6833401.92	165.0	False	0.0	9.52	17821.44	356.42879999999997	0.34372165632	255	12.49499999999999	4419	2	49900032.0	8175150	680000	0.0	58755182.0	0.4426158432976517	False	0	25117054.65198148	0.18	25200000.0	True	420	38000000.0	0.0	13440000.0	3762	101757054.65198147	68.8144660318051	6.639237649464776	False	True
84	tailings_failure	4.8	1.4277930428956507	1.15	2.4	1.7644000000000002	178.0	1.9	2.1	1.0	1.0	0.9875854845339269	True	14200000.0	False	1419432000.0	0.0	1419432000.0	2100	3.385347277462089	8.463368193655223	66.76657130550231	134.00332973287436	1.1114772181363533	6333	True	20880000	True	0	45.0	155.0	12.75	0.0	2.0088	0.5859	6833401.92	165.0	False	0.0	9.52	17821.44	356.42879999999997	0.34372165632	255	12.49499999999999	4419	2	49900032.0	8175150	680000	0.0	58755182.0	0.4426158432976517	False	0	25117054.65198148	0.18	25200000.0	True	420	38000000.0	0.0	13440000.0	3762	101757054.65198147	68.57758342311878	6.639237649464776	False	True
85	tailings_failure	4.8	1.4277930428956507	1.15	2.4	1.7734999999999999	178.0	1.9	2.1	1.0	1.0	0.9882563715429786	True	14200000.0	False	1419432000.0	0.0	1419432000.0	2100	3.385347277462089	8.463368193655223	66.76657130550231	134.00332973287436	1.1114772181363533	6333	True	20880000	True	0	45.0	155.0	12.75	0.0	2.0088	0.5859	6833401.92	165.0	False	0.0	9.52	17821.44	356.42879999999997	0.34372165632	255	12.49499999999999	4419	2	49900032.0	8175150	680000	0.0	58755182.0	0.4426158432976517	False	0	25117054.65198148	0.18	25200000.0	True	420	38000000.0	0.0	13440000.0	3762	101757054.65198147	68.34151624416322	6.639237649464776	False	True
86	tailings_failure	4.8	1.4277930428956507	1.15	2.4	1.7826000000000002	178.0	1.9	2.1	1.0	1.0	0.9888910034617577	True	14200000.0	False	1419432000.0	0.0	1419432000.0	2100	3.385347277462089	8.463368193655223	66.76657130550231	134.00332973287436	1.1114772181363533	6333	True	20880000	True	0	45.0	155.0	12.75	0.0	2.0088	0.5859	6833401.92	165.0	False	0.0	9.52	17821.44	356.42879999999997	0.34372165632	255	12.49499999999999	4419	2	49900032.0	8175150	680000	0.0	58755182.0	0.4426158432976517	False	0	25117054.65198148	0.18	25200000.0	True	420	38000000.0	0.0	13440000.0	3762	101757054.65198147	68.1062616879892	6.639237649464776	False	True
87	tailings_failure	4.8	1.4277930428956507	1.15	2.4	1.7917	178.0	1.9	2.1	1.0	1.0	0.9894913395345972	True	14200000.0	False	1419432000.0	0.0	1419432000.0	2100	3.385347277462089	8.463368193655223	66.76657130550231	134.00332973287436	1.1114772181363533	6333	True	20880000	True	0	45.0	155.0	12.75	0.0	2.0088	0.5859	6833401.92	165.0	False	0.0	9.52	17821.44	356.42879999999997	0.34372165632	255	12.49499999999999	4419	2	49900032.0	8175150	680000	0.0	58755182.0	0.4426158432976517	False	0	25117054.65198148	0.18	25200000.0	True	420	38000000.0	0.0	13440000.0	3762	101757054.65198147	67.87181695730054	6.639237649464776	False	True
88	tailings_failure	4.8	1.4277930428956507	1.15	2.4	1.8007999999999997	178.0	1.9	2.1	1.0	1.0	0.9900592331272261	True	14200000.0	False	1419432000.0	0.0	1419432000.0	2100	3.385347277462089	8.463368193655223	66.76657130550231	134.00332973287436	1.1114772181363533	6333	True	20880000	True	0	45.0	155.0	12.75	0.0	2.0088	0.5859	6833401.92	165.0	False	0.0	9.52	17821.44	356.42879999999997	0.34372165632	255	12.49499999999999	4419	2	49900032.0	8175150	680000	0.0	58755182.0	0.4426158432976517	False	0	25117054.65198148	0.18	25200000.0	True	420	38000000.0	0.0	13440000.0	3762	101757054.65198147	67.63817926442327	6.639237649464776	False	True
89	tailings_failure	4.8	1.4277930428956507	1.15	2.4	1.8099	178.0	1.9	2.1	1.0	1.0	0.9905964374485048	True	14200000.0	False	1419432000.0	0.0	1419432000.0	2100	3.385347277462089	8.463368193655223	66.76657130550231	134.00332973287436	1.1114772181363533	6333	True	20880000	True	0	45.0	155.0	12.75	0.0	2.0088	0.5859	6833401.92	165.0	False	0.0	9.52	17821.44	356.42879999999997	0.34372165632	255	12.49499999999999	4419	2	49900032.0	8175150	680000	0.0	58755182.0	0.4426158432976517	False	0	25117054.65198148	0.18	25200000.0	True	420	38000000.0	0.0	13440000.0	3762	101757054.65198147	67.40534583127459	6.639237649464776	False	True
90	tailings_failure	4.8	1.4277930428956507	1.15	2.4	1.8190000000000002	178.0	1.9	2.1	1.0	1.0	0.991104610962956	True	14200000.0	False	1419432000.0	0.0	1419432000.0	2100	3.385347277462089	8.463368193655223	66.76657130550231	134.00332973287436	1.1114772181363533	6333	True	20880000	True	0	45.0	155.0	12.75	0.0	2.0088	0.5859	6833401.92	165.0	False	0.0	9.52	17821.44	356.42879999999997	0.34372165632	255	12.49499999999999	4419	2	49900032.0	8175150	680000	0.0	58755182.0	0.4426158432976517	False	0	25117054.65198148	0.18	25200000.0	True	420	38000000.0	0.0	13440000.0	3762	101757054.65198147	67.17331388933103	6.639237649464776	False	True
91	tailings_failure	4.8	1.4277930428956507	1.15	2.4	1.8280999999999996	178.0	1.9	2.1	1.0	1.0	0.9915853225107988	True	14200000.0	False	1419432000.0	0.0	1419432000.0	2100	3.385347277462089	8.463368193655223	66.76657130550231	134.00332973287436	1.1114772181363533	6333	True	20880000	True	0	45.0	155.0	12.75	0.0	2.0088	0.5859	6833401.92	165.0	False	0.0	9.52	17821.44	356.42879999999997	0.34372165632	255	12.49499999999999	4419	2	49900032.0	8175150	680000	0.0	58755182.0	0.4426158432976517	False	0	25117054.65198148	0.18	25200000.0	True	420	38000000.0	0.0	13440000.0	3762	101757054.65198147	66.94208067959669	6.639237649464776	False	True
92	tailings_failure	4.8	1.4277930428956507	1.15	2.4	1.8372000000000002	178.0	1.9	2.1	1.0	1.0	0.9920400561512935	True	14200000.0	False	1419432000.0	0.0	1419432000.0	2100	3.385347277462089	8.463368193655223	66.76657130550231	134.00332973287436	1.1114772181363533	6333	True	20880000	True	0	45.0	155.0	12.75	0.0	2.0088	0.5859	6833401.92	165.0	False	0.0	9.52	17821.44	356.42879999999997	0.34372165632	255	12.49499999999999	4419	2	49900032.0	8175150	680000	0.0	58755182.0	0.4426158432976517	False	0	25117054.65198148	0.18	25200000.0	True	420	38000000.0	0.0	13440000.0	3762	101757054.65198147	66.71164345257108	6.639237649464776	False	True
93	tailings_failure	4.8	1.4277930428956507	1.15	2.4	1.8463	178.0	1.9	2.1	1.0	1.0	0.99247021574435	True	14200000.0	False	1419432000.0	0.0	1419432000.0	2100	3.385347277462089	8.463368193655223	66.76657130550231	134.00332973287436	1.1114772181363533	6333	True	20880000	True	0	45.0	155.0	12.75	0.0	2.0088	0.5859	6833401.92	165.0	False	0.0	9.52	17821.44	356.42879999999997	0.34372165632	255	12.49499999999999	4419	2	49900032.0	8175150	680000	0.0	58755182.0	0.4426158432976517	False	0	25117054.65198148	0.18	25200000.0	True	420	38000000.0	0.0	13440000.0	3762	101757054.65198147	66.48199946821701	6.639237649464776	False	True
94	tailings_failure	4.8	1.4277930428956507	1.15	2.4	1.8554000000000002	178.0	1.9	2.1	1.0	1.0	0.9928771292845427	True	14200000.0	False	1419432000.0	0.0	1419432000.0	2100	3.385347277462089	8.463368193655223	66.76657130550231	134.00332973287436	1.1114772181363533	6333	True	20880000	True	0	45.0	155.0	12.75	0.0	2.0088	0.5859	6833401.92	165.0	False	0.0	9.52	17821.44	356.42879999999997	0.34372165632	255	12.49499999999999	4419	2	49900032.0	8175150	680000	0.0	58755182.0	0.4426158432976517	False	0	25117054.65198148	0.18	25200000.0	True	420	38000000.0	0.0	13440000.0	3762	101757054.65198147	66.25314599592836	6.639237649464776	False	True
95	tailings_failure	4.8	1.4277930428956507	1.15	2.4	1.8645	178.0	1.9	2.1	1.0	1.0	0.9932620530009145	True	14200000.0	False	1419432000.0	0.0	1419432000.0	2100	3.385347277462089	8.463368193655223	66.76657130550231	134.00332973287436	1.1114772181363533	6333	True	20880000	True	0	45.0	155.0	12.75	0.0	2.0088	0.5859	6833401.92	165.0	False	0.0	9.52	17821.44	356.42879999999997	0.34372165632	255	12.49499999999999	4419	2	49900032.0	8175150	680000	0.0	58755182.0	0.4426158432976517	False	0	25117054.65198148	0.18	25200000.0	True	420	38000000.0	0.0	13440000.0	3762	101757054.65198147	66.02508031449797	6.639237649464776	False	True
96	tailings_failure	4.8	1.4277930428956507	1.15	2.4	1.8736	178.0	1.9	2.1	1.0	1.0	0.9936261752352232	True	14200000.0	False	1419432000.0	0.0	1419432000.0	2100	3.385347277462089	8.463368193655223	66.76657130550231	134.00332973287436	1.1114772181363533	6333	True	20880000	True	0	45.0	155.0	12.75	0.0	2.0088	0.5859	6833401.92	165.0	False	0.0	9.52	17821.44	356.42879999999997	0.34372165632	255	12.49499999999999	4419	2	49900032.0	8175150	680000	0.0	58755182.0	0.4426158432976517	False	0	25117054.65198148	0.18	25200000.0	True	420	38000000.0	0.0	13440000.0	3762	101757054.65198147	65.79779971208535	6.639237649464776	False	True
97	tailings_failure	4.8	1.4277930428956507	1.15	2.4	1.8827	178.0	1.9	2.1	1.0	1.0	0.9939706201106069	True	14200000.0	False	1419432000.0	0.0	1419432000.0	2100	3.385347277462089	8.463368193655223	66.76657130550231	134.00332973287436	1.1114772181363533	6333	True	20880000	True	0	45.0	155.0	12.75	0.0	2.0088	0.5859	6833401.92	165.0	False	0.0	9.52	17821.44	356.42879999999997	0.34372165632	255	12.49499999999999	4419	2	49900032.0	8175150	680000	0.0	58755182.0	0.4426158432976517	False	0	25117054.65198148	0.18	25200000.0	True	420	38000000.0	0.0	13440000.0	3762	101757054.65198147	65.57130148618478	6.639237649464776	False	True
98	tailings_failure	4.8	1.4277930428956507	1.15	2.4	1.8918000000000004	178.0	1.9	2.1	1.0	1.0	0.9942964510019926	True	14200000.0	False	1419432000.0	0.0	1419432000.0	2100	3.385347277462089	8.463368193655223	66.76657130550231	134.00332973287436	1.1114772181363533	6333	True	20880000	True	0	45.0	155.0	12.75	0.0	2.0088	0.5859	6833401.92	165.0	False	0.0	9.52	17821.44	356.42879999999997	0.34372165632	255	12.49499999999999	4419	2	49900032.0	8175150	680000	0.0	58755182.0	0.4426158432976517	False	0	25117054.65198148	0.18	25200000.0	True	420	38000000.0	0.0	13440000.0	3762	101757054.65198147	65.3455829435931	6.639237649464776	False	True
99	tailings_failure	4.8	1.4277930428956507	1.15	2.4	1.9009	178.0	1.9	2.1	1.0	1.0	0.9946046738189612	True	14200000.0	False	1419432000.0	0.0	1419432000.0	2100	3.385347277462089	8.463368193655223	66.76657130550231	134.00332973287436	1.1114772181363533	6333	True	20880000	True	0	45.0	155.0	12.75	0.0	2.0088	0.5859	6833401.92	165.0	False	0.0	9.52	17821.44	356.42879999999997	0.34372165632	255	12.49499999999999	4419	2	49900032.0	8175150	680000	0.0	58755182.0	0.4426158432976517	False	0	25117054.65198148	0.18	25200000.0	True	420	38000000.0	0.0	13440000.0	3762	101757054.65198147	65.12064140037789	6.639237649464776	False	True
100	tailings_failure	4.8	1.4277930428956507	1.15	2.4	1.91	178.0	1.9	2.1	1.0	1.0	0.9948962401112058	True	14200000.0	False	1419432000.0	0.0	1419432000.0	2100	3.385347277462089	8.463368193655223	66.76657130550231	134.00332973287436	1.1114772181363533	6333	True	20880000	True	0	45.0	155.0	12.75	0.0	2.0088	0.5859	6833401.92	165.0	False	0.0	9.52	17821.44	356.42879999999997	0.34372165632	255	12.49499999999999	4419	2	49900032.0	8175150	680000	0.0	58755182.0	0.4426158432976517	False	0	25117054.65198148	0.18	25200000.0	True	420	38000000.0	0.0	13440000.0	3762	101757054.65198147	64.89647418184556	6.639237649464776	False	True
101	tailings_failure	4.8	1.4277930428956507	1.15	2.4	1.9191000000000003	178.0	1.9	2.1	1.0	1.0	0.9951720500061686	True	14200000.0	False	1419432000.0	0.0	1419432000.0	2100	3.385347277462089	8.463368193655223	66.76657130550231	134.00332973287436	1.1114772181363533	6333	True	20880000	True	0	45.0	155.0	12.75	0.0	2.0088	0.5859	6833401.92	165.0	False	0.0	9.52	17821.44	356.42879999999997	0.34372165632	255	12.49499999999999	4419	2	49900032.0	8175150	680000	0.0	58755182.0	0.4426158432976517	False	0	25117054.65198148	0.18	25200000.0	True	420	38000000.0	0.0	13440000.0	3762	101757054.65198147	64.67307862250964	6.639237649464776	False	True
102	tailings_failure	4.8	1.4277930428956507	1.15	2.4	1.9282000000000004	178.0	1.9	2.1	1.0	1.0	0.9954329549879268	True	14200000.0	False	1419432000.0	0.0	1419432000.0	2100	3.385347277462089	8.463368193655223	66.76657130550231	134.00332973287436	1.1114772181363533	6333	True	20880000	True	0	45.0	155.0	12.75	0.0	2.0088	0.5859	6833401.92	165.0	False	0.0	9.52	17821.44	356.42879999999997	0.34372165632	255	12.49499999999999	4419	2	49900032.0	8175150	680000	0.0	58755182.0	0.4426158432976517	False	0	25117054.65198148	0.18	25200000.0	True	420	38000000.0	0.0	13440000.0	3762	101757054.65198147	64.45045206605901	6.639237649464776	False	True
103	tailings_failure	4.8	1.4277930428956507	1.15	2.4	1.9373	178.0	1.9	2.1	1.0	1.0	0.9956797605259059	True	14200000.0	False	1419432000.0	0.0	1419432000.0	2100	3.385347277462089	8.463368193655223	66.76657130550231	134.00332973287436	1.1114772181363533	6333	True	20880000	True	0	45.0	155.0	12.75	0.0	2.0088	0.5859	6833401.92	165.0	False	0.0	9.52	17821.44	356.42879999999997	0.34372165632	255	12.49499999999999	4419	2	49900032.0	8175150	680000	0.0	58755182.0	0.4426158432976517	False	0	25117054.65198148	0.18	25200000.0	True	420	38000000.0	0.0	13440000.0	3762	101757054.65198147	64.22859186532649	6.639237649464776	False	True
104	tailings_failure	4.8	1.4277930428956507	1.15	2.4	1.9464000000000001	178.0	1.9	2.1	1.0	1.0	0.995913228561536	True	14200000.0	False	1419432000.0	0.0	1419432000.0	2100	3.385347277462089	8.463368193655223	66.76657130550231	134.00332973287436	1.1114772181363533	6333	True	20880000	True	0	45.0	155.0	12.75	0.0	2.0088	0.5859	6833401.92	165.0	False	0.0	9.52	17821.44	356.42879999999997	0.34372165632	255	12.49499999999999	4419	2	49900032.0	8175150	680000	0.0	58755182.0	0.4426158432976517	False	0	25117054.65198148	0.18	25200000.0	True	420	38000000.0	0.0	13440000.0	3762	101757054.65198147	64.00749538225726	6.639237649464776	False	True
105	tailings_failure	4.8	1.4277930428956507	1.15	2.4	1.9555000000000002	178.0	1.9	2.1	1.0	1.0	0.9961340798605272	True	14200000.0	False	1419432000.0	0.0	1419432000.0	2100	3.385347277462089	8.463368193655223	66.76657130550231	134.00332973287436	1.1114772181363533	6333	True	20880000	True	0	45.0	155.0	12.75	0.0	2.0088	0.5859	6833401.92	165.0	False	0.0	9.52	17821.44	356.42879999999997	0.34372165632	255	12.49499999999999	4419	2	49900032.0	8175150	680000	0.0	58755182.0	0.4426158432976517	False	0	25117054.65198148	0.18	25200000.0	True	420	38000000.0	0.0	13440000.0	3762	101757054.65198147	63.78715998787751	6.639237649464776	False	True
106	tailings_failure	4.8	1.4277930428956507	1.15	2.4	1.9646	178.0	1.9	2.1	1.0	1.0	0.9963429962380284	True	14200000.0	False	1419432000.0	0.0	1419432000.0	2100	3.385347277462089	8.463368193655223	66.76657130550231	134.00332973287436	1.1114772181363533	6333	True	20880000	True	0	45.0	155.0	12.75	0.0	2.0088	0.5859	6833401.92	165.0	False	0.0	9.52	17821.44	356.42879999999997	0.34372165632	255	12.49499999999999	4419	2	49900032.0	8175150	680000	0.0	58755182.0	0.4426158432976517	False	0	25117054.65198148	0.18	25200000.0	True	420	38000000.0	0.0	13440000.0	3762	101757054.65198147	63.567583062263246	6.639237649464776	False	True
107	tailings_failure	4.8	1.4277930428956507	1.15	2.4	1.9737	178.0	1.9	2.1	1.0	1.0	0.9965406226635353	True	14200000.0	False	1419432000.0	0.0	1419432000.0	2100	3.385347277462089	8.463368193655223	66.76657130550231	134.00332973287436	1.1114772181363533	6333	True	20880000	True	0	45.0	155.0	12.75	0.0	2.0088	0.5859	6833401.92	165.0	False	0.0	9.52	17821.44	356.42879999999997	0.34372165632	255	12.49499999999999	4419	2	49900032.0	8175150	680000	0.0	58755182.0	0.4426158432976517	False	0	25117054.65198148	0.18	25200000.0	True	420	38000000.0	0.0	13440000.0	3762	101757054.65198147	63.34876199450917	6.639237649464776	False	True
108	tailings_failure	4.8	1.4277930428956507	1.15	2.4	1.9828000000000001	178.0	1.9	2.1	1.0	1.0	0.9967275692520497	True	14200000.0	False	1419432000.0	0.0	1419432000.0	2100	3.385347277462089	8.463368193655223	66.76657130550231	134.00332973287436	1.1114772181363533	6333	True	20880000	True	0	45.0	155.0	12.75	0.0	2.0088	0.5859	6833401.92	165.0	False	0.0	9.52	17821.44	356.42879999999997	0.34372165632	255	12.49499999999999	4419	2	49900032.0	8175150	680000	0.0	58755182.0	0.4426158432976517	False	0	25117054.65198148	0.18	25200000.0	True	420	38000000.0	0.0	13440000.0	3762	101757054.65198147	63.13069418269749	6.639237649464776	False	True
109	tailings_failure	4.8	1.4277930428956507	1.15	2.4	1.9919000000000002	178.0	1.9	2.1	1.0	1.0	0.9969044131476348	True	14200000.0	False	1419432000.0	0.0	1419432000.0	2100	3.385347277462089	8.463368193655223	66.76657130550231	134.00332973287436	1.1114772181363533	6333	True	20880000	True	0	45.0	155.0	12.75	0.0	2.0088	0.5859	6833401.92	165.0	False	0.0	9.52	17821.44	356.42879999999997	0.34372165632	255	12.49499999999999	4419	2	49900032.0	8175150	680000	0.0	58755182.0	0.4426158432976517	False	0	25117054.65198148	0.18	25200000.0	True	420	38000000.0	0.0	13440000.0	3762	101757054.65198147	62.91337703386719	6.639237649464776	False	True
110	tailings_failure	4.8	1.4277930428956507	1.15	2.4	2.0010000000000003	178.0	1.9	2.1	1.0	1.0	0.9970717003051818	True	14200000.0	False	1419432000.0	0.0	1419432000.0	2100	3.385347277462089	8.463368193655223	66.76657130550231	134.00332973287436	1.1114772181363533	6333	True	20880000	True	0	45.0	155.0	12.75	0.0	2.0088	0.5859	6833401.92	165.0	False	0.0	9.52	17821.44	356.42879999999997	0.34372165632	255	12.49499999999999	4419	2	49900032.0	8175150	680000	0.0	58755182.0	0.4426158432976517	False	0	25117054.65198148	0.18	25200000.0	True	420	38000000.0	0.0	13440000.0	3762	101757054.65198147	62.696807963983034	6.639237649464776	False	True
111	tailings_failure	4.8	1.4277930428956507	1.15	2.4	2.0101	178.0	1.9	2.1	1.0	1.0	0.99722994717589	True	14200000.0	False	1419432000.0	0.0	1419432000.0	2100	3.385347277462089	8.463368193655223	66.76657130550231	134.00332973287436	1.1114772181363533	6333	True	20880000	True	0	45.0	155.0	12.75	0.0	2.0088	0.5859	6833401.92	165.0	False	0.0	9.52	17821.44	356.42879999999997	0.34372165632	255	12.49499999999999	4419	2	49900032.0	8175150	680000	0.0	58755182.0	0.4426158432976517	False	0	25117054.65198148	0.18	25200000.0	True	420	38000000.0	0.0	13440000.0	3762	101757054.65198147	62.48098439790489	6.639237649464776	False	True
112	tailings_failure	4.8	1.4277930428956507	1.15	2.4	2.0192	178.0	1.9	2.1	1.0	1.0	0.9973796423016612	True	14200000.0	False	1419432000.0	0.0	1419432000.0	2100	3.385347277462089	8.463368193655223	66.76657130550231	134.00332973287436	1.1114772181363533	6333	True	20880000	True	0	45.0	155.0	12.75	0.0	2.0088	0.5859	6833401.92	165.0	False	0.0	9.52	17821.44	356.42879999999997	0.34372165632	255	12.49499999999999	4419	2	49900032.0	8175150	680000	0.0	58755182.0	0.4426158432976517	False	0	25117054.65198148	0.18	25200000.0	True	420	38000000.0	0.0	13440000.0	3762	101757054.65198147	62.26590376935715	6.639237649464776	False	True
113	tailings_failure	4.8	1.4277930428956507	1.15	2.4	2.0283	178.0	1.9	2.1	1.0	1.0	0.9975212478233336	True	14200000.0	False	1419432000.0	0.0	1419432000.0	2100	3.385347277462089	8.463368193655223	66.76657130550231	134.00332973287436	1.1114772181363533	6333	True	20880000	True	0	45.0	155.0	12.75	0.0	2.0088	0.5859	6833401.92	165.0	False	0.0	9.52	17821.44	356.42879999999997	0.34372165632	255	12.49499999999999	4419	2	49900032.0	8175150	680000	0.0	58755182.0	0.4426158432976517	False	0	25117054.65198148	0.18	25200000.0	True	420	38000000.0	0.0	13440000.0	3762	101757054.65198147	62.051563520898185	6.639237649464776	False	True
114	tailings_failure	4.8	1.4277930428956507	1.15	2.4	2.0374	178.0	1.9	2.1	1.0	1.0	0.9976552009074092	True	14200000.0	False	1419432000.0	0.0	1419432000.0	2100	3.385347277462089	8.463368193655223	66.76657130550231	134.00332973287436	1.1114772181363533	6333	True	20880000	True	0	45.0	155.0	12.75	0.0	2.0088	0.5859	6833401.92	165.0	False	0.0	9.52	17821.44	356.42879999999997	0.34372165632	255	12.49499999999999	4419	2	49900032.0	8175150	680000	0.0	58755182.0	0.4426158432976517	False	0	25117054.65198148	0.18	25200000.0	True	420	38000000.0	0.0	13440000.0	3762	101757054.65198147	61.83796110388994	6.639237649464776	False	True
115	tailings_failure	4.8	1.4277930428956507	1.15	2.4	2.0465	178.0	1.9	2.1	1.0	1.0	0.9977819150956797	True	14200000.0	False	1419432000.0	0.0	1419432000.0	2100	3.385347277462089	8.463368193655223	66.76657130550231	134.00332973287436	1.1114772181363533	6333	True	20880000	True	0	45.0	155.0	12.75	0.0	2.0088	0.5859	6833401.92	165.0	False	0.0	9.52	17821.44	356.42879999999997	0.34372165632	255	12.49499999999999	4419	2	49900032.0	8175150	680000	0.0	58755182.0	0.4426158432976517	False	0	25117054.65198148	0.18	25200000.0	True	420	38000000.0	0.0	13440000.0	3762	101757054.65198147	61.62509397846763	6.639237649464776	False	True
116	tailings_failure	4.8	1.4277930428956507	1.15	2.4	2.0556	178.0	1.9	2.1	1.0	1.0	0.9979017815819191	True	14200000.0	False	1419432000.0	0.0	1419432000.0	2100	3.385347277462089	8.463368193655223	66.76657130550231	134.00332973287436	1.1114772181363533	6333	True	20880000	True	0	45.0	155.0	12.75	0.0	2.0088	0.5859	6833401.92	165.0	False	0.0	9.52	17821.44	356.42879999999997	0.34372165632	255	12.49499999999999	4419	2	49900032.0	8175150	680000	0.0	58755182.0	0.4426158432976517	False	0	25117054.65198148	0.18	25200000.0	True	420	38000000.0	0.0	13440000.0	3762	101757054.65198147	61.41295961350955	6.639237649464776	False	True
117	tailings_failure	4.8	1.4277930428956507	1.15	2.4	2.0647	178.0	1.9	2.1	1.0	1.0	0.9980151704195818	True	14200000.0	False	1419432000.0	0.0	1419432000.0	2100	3.385347277462089	8.463368193655223	66.76657130550231	134.00332973287436	1.1114772181363533	6333	True	20880000	True	0	45.0	155.0	12.75	0.0	2.0088	0.5859	6833401.92	165.0	False	0.0	9.52	17821.44	356.42879999999997	0.34372165632	255	12.49499999999999	4419	2	49900032.0	8175150	680000	0.0	58755182.0	0.4426158432976517	False	0	25117054.65198148	0.18	25200000.0	True	420	38000000.0	0.0	13440000.0	3762	101757054.65198147	61.20155548660694	6.639237649464776	False	True
118	tailings_failure	4.8	1.4277930428956507	1.15	2.4	2.0738000000000003	178.0	1.9	2.1	1.0	1.0	0.9981224316642372	True	14200000.0	False	1419432000.0	0.0	1419432000.0	2100	3.385347277462089	8.463368193655223	66.76657130550231	134.00332973287436	1.1114772181363533	6333	True	20880000	True	0	45.0	155.0	12.75	0.0	2.0088	0.5859	6833401.92	165.0	False	0.0	9.52	17821.44	356.42879999999997	0.34372165632	255	12.49499999999999	4419	2	49900032.0	8175150	680000	0.0	58755182.0	0.4426158432976517	False	0	25117054.65198148	0.18	25200000.0	True	420	38000000.0	0.0	13440000.0	3762	101757054.65198147	60.99087908403407	6.639237649464776	False	True
119	tailings_failure	4.8	1.4277930428956507	1.15	2.4	2.0829	178.0	1.9	2.1	1.0	1.0	0.9982238964542656	True	14200000.0	False	1419432000.0	0.0	1419432000.0	2100	3.385347277462089	8.463368193655223	66.76657130550231	134.00332973287436	1.1114772181363533	6333	True	20880000	True	0	45.0	155.0	12.75	0.0	2.0088	0.5859	6833401.92	165.0	False	0.0	9.52	17821.44	356.42879999999997	0.34372165632	255	12.49499999999999	4419	2	49900032.0	8175150	680000	0.0	58755182.0	0.4426158432976517	False	0	25117054.65198148	0.18	25200000.0	True	420	38000000.0	0.0	13440000.0	3762	101757054.65198147	60.78092790071827	6.639237649464776	False	True
120	tailings_failure	4.8	1.4277930428956507	1.15	2.4	2.092	178.0	1.9	2.1	1.0	1.0	0.9983198780331537	True	14200000.0	False	1419432000.0	0.0	1419432000.0	2100	3.385347277462089	8.463368193655223	66.76657130550231	134.00332973287436	1.1114772181363533	6333	True	20880000	True	0	45.0	155.0	12.75	0.0	2.0088	0.5859	6833401.92	165.0	False	0.0	9.52	17821.44	356.42879999999997	0.34372165632	255	12.49499999999999	4419	2	49900032.0	8175150	680000	0.0	58755182.0	0.4426158432976517	False	0	25117054.65198148	0.18	25200000.0	True	420	38000000.0	0.0	13440000.0	3762	101757054.65198147	60.57169944021015	6.639237649464776	False	True
121	tailings_failure	4.8	1.4277930428956507	1.15	2.4	2.1011	178.0	1.9	2.1	1.0	1.0	0.9984106727165435	True	14200000.0	False	1419432000.0	0.0	1419432000.0	2100	3.385347277462089	8.463368193655223	66.76657130550231	134.00332973287436	1.1114772181363533	6333	True	20880000	True	0	45.0	155.0	12.75	0.0	2.0088	0.5859	6833401.92	165.0	False	0.0	9.52	17821.44	356.42879999999997	0.34372165632	255	12.49499999999999	4419	2	49900032.0	8175150	680000	0.0	58755182.0	0.4426158432976517	False	0	25117054.65198148	0.18	25200000.0	True	420	38000000.0	0.0	13440000.0	3762	101757054.65198147	60.36319121465399	6.639237649464776	False	True
122	tailings_failure	4.8	1.4277930428956507	1.15	2.4	2.1102	178.0	1.9	2.1	1.0	1.0	0.9984965608070224	True	14200000.0	False	1419432000.0	0.0	1419432000.0	2100	3.385347277462089	8.463368193655223	66.76657130550231	134.00332973287436	1.1114772181363533	6333	True	20880000	True	0	45.0	155.0	12.75	0.0	2.0088	0.5859	6833401.92	165.0	False	0.0	9.52	17821.44	356.42879999999997	0.34372165632	255	12.49499999999999	4419	2	49900032.0	8175150	680000	0.0	58755182.0	0.4426158432976517	False	0	25117054.65198148	0.18	25200000.0	True	420	38000000.0	0.0	13440000.0	3762	101757054.65198147	60.155400744758076	6.639237649464776	False	True
123	tailings_failure	4.8	1.4277930428956507	1.15	2.4	2.1193	178.0	1.9	2.1	1.0	1.0	0.9985778074594773	True	14200000.0	False	1419432000.0	0.0	1419432000.0	2100	3.385347277462089	8.463368193655223	66.76657130550231	134.00332973287436	1.1114772181363533	6333	True	20880000	True	0	45.0	155.0	12.75	0.0	2.0088	0.5859	6833401.92	165.0	False	0.0	9.52	17821.44	356.42879999999997	0.34372165632	255	12.49499999999999	4419	2	49900032.0	8175150	680000	0.0	58755182.0	0.4426158432976517	False	0	25117054.65198148	0.18	25200000.0	True	420	38000000.0	0.0	13440000.0	3762	101757054.65198147	59.94832555976529	6.639237649464776	False	True
124	tailings_failure	4.8	1.4277930428956507	1.15	2.4	2.1284	178.0	1.9	2.1	1.0	1.0	0.998654663499684	True	14200000.0	False	1419432000.0	0.0	1419432000.0	2100	3.385347277462089	8.463368193655223	66.76657130550231	134.00332973287436	1.1114772181363533	6333	True	20880000	True	0	45.0	155.0	12.75	0.0	2.0088	0.5859	6833401.92	165.0	False	0.0	9.52	17821.44	356.42879999999997	0.34372165632	255	12.49499999999999	4419	2	49900032.0	8175150	680000	0.0	58755182.0	0.4426158432976517	False	0	25117054.65198148	0.18	25200000.0	True	420	38000000.0	0.0	13440000.0	3762	101757054.65198147	59.741963197423644	6.639237649464776	False	True
125	tailings_failure	4.8	1.4277930428956507	1.15	2.4	2.1375	178.0	1.9	2.1	1.0	1.0	0.9987273661986602	True	14200000.0	False	1419432000.0	0.0	1419432000.0	2100	3.385347277462089	8.463368193655223	66.76657130550231	134.00332973287436	1.1114772181363533	6333	True	20880000	True	0	45.0	155.0	12.75	0.0	2.0088	0.5859	6833401.92	165.0	False	0.0	9.52	17821.44	356.42879999999997	0.34372165632	255	12.49499999999999	4419	2	49900032.0	8175150	680000	0.0	58755182.0	0.4426158432976517	False	0	25117054.65198148	0.18	25200000.0	True	420	38000000.0	0.0	13440000.0	3762	101757054.65198147	59.53631120395709	6.639237649464776	False	True
126	tailings_failure	4.8	1.4277930428956507	1.15	2.4	2.1466000000000003	178.0	1.9	2.1	1.0	1.0	0.9987961400051718	True	14200000.0	False	1419432000.0	0.0	1419432000.0	2100	3.385347277462089	8.463368193655223	66.76657130550231	134.00332973287436	1.1114772181363533	6333	True	20880000	True	0	45.0	155.0	12.75	0.0	2.0088	0.5859	6833401.92	165.0	False	0.0	9.52	17821.44	356.42879999999997	0.34372165632	255	12.49499999999999	4419	2	49900032.0	8175150	680000	0.0	58755182.0	0.4426158432976517	False	0	25117054.65198148	0.18	25200000.0	True	420	38000000.0	0.0	13440000.0	3762	101757054.65198147	59.33136713403629	6.639237649464776	False	True
127	tailings_failure	4.8	1.4277930428956507	1.15	2.4	2.1557	178.0	1.9	2.1	1.0	1.0	0.9988611972386542	True	14200000.0	False	1419432000.0	0.0	1419432000.0	2100	3.385347277462089	8.463368193655223	66.76657130550231	134.00332973287436	1.1114772181363533	6333	True	20880000	True	0	45.0	155.0	12.75	0.0	2.0088	0.5859	6833401.92	165.0	False	0.0	9.52	17821.44	356.42879999999997	0.34372165632	255	12.49499999999999	4419	2	49900032.0	8175150	680000	0.0	58755182.0	0.4426158432976517	False	0	25117054.65198148	0.18	25200000.0	True	420	38000000.0	0.0	13440000.0	3762	101757054.65198147	59.12712855074954	6.639237649464776	False	True
128	tailings_failure	4.8	1.4277930428956507	1.15	2.4	2.1648000000000005	178.0	1.9	2.1	1.0	1.0	0.9989227387446877	True	14200000.0	False	1419432000.0	0.0	1419432000.0	2100	3.385347277462089	8.463368193655223	66.76657130550231	134.00332973287436	1.1114772181363533	6333	True	20880000	True	0	45.0	155.0	12.75	0.0	2.0088	0.5859	6833401.92	165.0	False	0.0	9.52	17821.44	356.42879999999997	0.34372165632	255	12.49499999999999	4419	2	49900032.0	8175150	680000	0.0	58755182.0	0.4426158432976517	False	0	25117054.65198148	0.18	25200000.0	True	420	38000000.0	0.0	13440000.0	3762	101757054.65198147	58.923593025573844	6.639237649464776	False	True
129	tailings_failure	4.8	1.4277930428956507	1.15	2.4	2.1739	178.0	1.9	2.1	1.0	1.0	0.998980954515051	True	14200000.0	False	1419432000.0	0.0	1419432000.0	2100	3.385347277462089	8.463368193655223	66.76657130550231	134.00332973287436	1.1114772181363533	6333	True	20880000	True	0	45.0	155.0	12.75	0.0	2.0088	0.5859	6833401.92	165.0	False	0.0	9.52	17821.44	356.42879999999997	0.34372165632	255	12.49499999999999	4419	2	49900032.0	8175150	680000	0.0	58755182.0	0.4426158432976517	False	0	25117054.65198148	0.18	25200000.0	True	420	38000000.0	0.0	13440000.0	3762	101757054.65198147	58.720758138345964	6.639237649464776	False	True
130	tailings_failure	4.8	1.4277930428956507	1.15	2.4	2.183	178.0	1.9	2.1	1.0	1.0	0.9990360242742659	True	14200000.0	False	1419432000.0	0.0	1419432000.0	2100	3.385347277462089	8.463368193655223	66.76657130550231	134.00332973287436	1.1114772181363533	6333	True	20880000	True	0	45.0	155.0	12.75	0.0	2.0088	0.5859	6833401.92	165.0	False	0.0	9.52	17821.44	356.42879999999997	0.34372165632	255	12.49499999999999	4419	2	49900032.0	8175150	680000	0.0	58755182.0	0.4426158432976517	False	0	25117054.65198148	0.18	25200000.0	True	420	38000000.0	0.0	13440000.0	3762	101757054.65198147	58.5186214772337	6.639237649464776	False	True
131	tailings_failure	4.8	1.4277930428956507	1.15	2.4	2.1921	178.0	1.9	2.1	1.0	1.0	0.9990881180344455	True	14200000.0	False	1419432000.0	0.0	1419432000.0	2100	3.385347277462089	8.463368193655223	66.76657130550231	134.00332973287436	1.1114772181363533	6333	True	20880000	True	0	45.0	155.0	12.75	0.0	2.0088	0.5859	6833401.92	165.0	False	0.0	9.52	17821.44	356.42879999999997	0.34372165632	255	12.49499999999999	4419	2	49900032.0	8175150	680000	0.0	58755182.0	0.4426158432976517	False	0	25117054.65198148	0.18	25200000.0	True	420	38000000.0	0.0	13440000.0	3762	101757054.65198147	58.31718063870722	6.639237649464776	False	True
132	tailings_failure	4.8	1.4277930428956507	1.15	2.4	2.2012	178.0	1.9	2.1	1.0	1.0	0.9991373966201584	True	14200000.0	False	1419432000.0	0.0	1419432000.0	2100	3.385347277462089	8.463368193655223	66.76657130550231	134.00332973287436	1.1114772181363533	6333	True	20880000	True	0	45.0	155.0	12.75	0.0	2.0088	0.5859	6833401.92	165.0	False	0.0	9.52	17821.44	356.42879999999997	0.34372165632	255	12.49499999999999	4419	2	49900032.0	8175150	680000	0.0	58755182.0	0.4426158432976517	False	0	25117054.65198148	0.18	25200000.0	True	420	38000000.0	0.0	13440000.0	3762	101757054.65198147	58.116433227510385	6.639237649464776	False	True
133	tailings_failure	4.8	1.4277930428956507	1.15	2.4	2.2103	178.0	1.9	2.1	1.0	1.0	0.9991840121649278	True	14200000.0	False	1419432000.0	0.0	1419432000.0	2100	3.385347277462089	8.463368193655223	66.76657130550231	134.00332973287436	1.1114772181363533	6333	True	20880000	True	0	45.0	155.0	12.75	0.0	2.0088	0.5859	6833401.92	165.0	False	0.0	9.52	17821.44	356.42879999999997	0.34372165632	255	12.49499999999999	4419	2	49900032.0	8175150	680000	0.0	58755182.0	0.4426158432976517	False	0	25117054.65198148	0.18	25200000.0	True	420	38000000.0	0.0	13440000.0	3762	101757054.65198147	57.91637685663238	6.639237649464776	False	True
134	tailings_failure	4.8	1.4277930428956507	1.15	2.4	2.2194000000000003	178.0	1.9	2.1	1.0	1.0	0.9992281085809007	True	14200000.0	False	1419432000.0	0.0	1419432000.0	2100	3.385347277462089	8.463368193655223	66.76657130550231	134.00332973287436	1.1114772181363533	6333	True	20880000	True	0	45.0	155.0	12.75	0.0	2.0088	0.5859	6833401.92	165.0	False	0.0	9.52	17821.44	356.42879999999997	0.34372165632	255	12.49499999999999	4419	2	49900032.0	8175150	680000	0.0	58755182.0	0.4426158432976517	False	0	25117054.65198148	0.18	25200000.0	True	420	38000000.0	0.0	13440000.0	3762	101757054.65198147	57.717009147279285	6.639237649464776	False	True
135	tailings_failure	4.8	1.4277930428956507	1.15	2.4	2.2285000000000004	178.0	1.9	2.1	1.0	1.0	0.9992698220031352	True	14200000.0	False	1419432000.0	0.0	1419432000.0	2100	3.385347277462089	8.463368193655223	66.76657130550231	134.00332973287436	1.1114772181363533	6333	True	20880000	True	0	45.0	155.0	12.75	0.0	2.0088	0.5859	6833401.92	165.0	False	0.0	9.52	17821.44	356.42879999999997	0.34372165632	255	12.49499999999999	4419	2	49900032.0	8175150	680000	0.0	58755182.0	0.4426158432976517	False	0	25117054.65198148	0.18	25200000.0	True	420	38000000.0	0.0	13440000.0	3762	101757054.65198147	57.518327728845804	6.639237649464776	False	True
136	tailings_failure	4.8	1.4277930428956507	1.15	2.4	2.2376000000000005	178.0	1.9	2.1	1.0	1.0	0.9993092812098784	True	14200000.0	False	1419432000.0	0.0	1419432000.0	2100	3.385347277462089	8.463368193655223	66.76657130550231	134.00332973287436	1.1114772181363533	6333	True	20880000	True	0	45.0	155.0	12.75	0.0	2.0088	0.5859	6833401.92	165.0	False	0.0	9.52	17821.44	356.42879999999997	0.34372165632	255	12.49499999999999	4419	2	49900032.0	8175150	680000	0.0	58755182.0	0.4426158432976517	False	0	25117054.65198148	0.18	25200000.0	True	420	38000000.0	0.0	13440000.0	3762	101757054.65198147	57.32033023888702	6.639237649464776	False	True
137	tailings_failure	4.8	1.4277930428956507	1.15	2.4	2.2467	178.0	1.9	2.1	1.0	1.0	0.9993466080201326	True	14200000.0	False	1419432000.0	0.0	1419432000.0	2100	3.385347277462089	8.463368193655223	66.76657130550231	134.00332973287436	1.1114772181363533	6333	True	20880000	True	0	45.0	155.0	12.75	0.0	2.0088	0.5859	6833401.92	165.0	False	0.0	9.52	17821.44	356.42879999999997	0.34372165632	255	12.49499999999999	4419	2	49900032.0	8175150	680000	0.0	58755182.0	0.4426158432976517	False	0	25117054.65198148	0.18	25200000.0	True	420	38000000.0	0.0	13440000.0	3762	101757054.65198147	57.12301432309038	6.639237649464776	False	True
138	tailings_failure	4.8	1.4277930428956507	1.15	2.4	2.2558	178.0	1.9	2.1	1.0	1.0	0.9993819176697367	True	14200000.0	False	1419432000.0	0.0	1419432000.0	2100	3.385347277462089	8.463368193655223	66.76657130550231	134.00332973287436	1.1114772181363533	6333	True	20880000	True	0	45.0	155.0	12.75	0.0	2.0088	0.5859	6833401.92	165.0	False	0.0	9.52	17821.44	356.42879999999997	0.34372165632	255	12.49499999999999	4419	2	49900032.0	8175150	680000	0.0	58755182.0	0.4426158432976517	False	0	25117054.65198148	0.18	25200000.0	True	420	38000000.0	0.0	13440000.0	3762	101757054.65198147	56.92637763524767	6.639237649464776	False	True
139	tailings_failure	4.8	1.4277930428956507	1.15	2.4	2.2649	178.0	1.9	2.1	1.0	1.0	0.9994153191671235	True	14200000.0	False	1419432000.0	0.0	1419432000.0	2100	3.385347277462089	8.463368193655223	66.76657130550231	134.00332973287436	1.1114772181363533	6333	True	20880000	True	0	45.0	155.0	12.75	0.0	2.0088	0.5859	6833401.92	165.0	False	0.0	9.52	17821.44	356.42879999999997	0.34372165632	255	12.49499999999999	4419	2	49900032.0	8175150	680000	0.0	58755182.0	0.4426158432976517	False	0	25117054.65198148	0.18	25200000.0	True	420	38000000.0	0.0	13440000.0	3762	101757054.65198147	56.730417837227115	6.639237649464776	False	True
140	tailings_failure	4.8	1.4277930428956507	1.15	2.4	2.274	178.0	1.9	2.1	1.0	1.0	0.9994469156298522	True	14200000.0	False	1419432000.0	0.0	1419432000.0	2100	3.385347277462089	8.463368193655223	66.76657130550231	134.00332973287436	1.1114772181363533	6333	True	20880000	True	0	45.0	155.0	12.75	0.0	2.0088	0.5859	6833401.92	165.0	False	0.0	9.52	17821.44	356.42879999999997	0.34372165632	255	12.49499999999999	4419	2	49900032.0	8175150	680000	0.0	58755182.0	0.4426158432976517	False	0	25117054.65198148	0.18	25200000.0	True	420	38000000.0	0.0	13440000.0	3762	101757054.65198147	56.53513259894556	6.639237649464776	False	True
141	tailings_failure	4.8	1.4277930428956507	1.15	2.4	2.2831	178.0	1.9	2.1	1.0	1.0	0.9994768046029543	True	14200000.0	False	1419432000.0	0.0	1419432000.0	2100	3.385347277462089	8.463368193655223	66.76657130550231	134.00332973287436	1.1114772181363533	6333	True	20880000	True	0	45.0	155.0	12.75	0.0	2.0088	0.5859	6833401.92	165.0	False	0.0	9.52	17821.44	356.42879999999997	0.34372165632	255	12.49499999999999	4419	2	49900032.0	8175150	680000	0.0	58755182.0	0.4426158432976517	False	0	25117054.65198148	0.18	25200000.0	True	420	38000000.0	0.0	13440000.0	3762	101757054.65198147	56.34051959834081	6.639237649464776	False	True
142	tailings_failure	4.8	1.4277930428956507	1.15	2.4	2.2922000000000002	178.0	1.9	2.1	1.0	1.0	0.9995050783600762	True	14200000.0	False	1419432000.0	0.0	1419432000.0	2100	3.385347277462089	8.463368193655223	66.76657130550231	134.00332973287436	1.1114772181363533	6333	True	20880000	True	0	45.0	155.0	12.75	0.0	2.0088	0.5859	6833401.92	165.0	False	0.0	9.52	17821.44	356.42879999999997	0.34372165632	255	12.49499999999999	4419	2	49900032.0	8175150	680000	0.0	58755182.0	0.4426158432976517	False	0	25117054.65198148	0.18	25200000.0	True	420	38000000.0	0.0	13440000.0	3762	101757054.65198147	56.146576521343974	6.639237649464776	False	True
143	tailings_failure	4.8	1.4277930428956507	1.15	2.4	2.3013	178.0	1.9	2.1	1.0	1.0	0.9995318241883472	True	14200000.0	False	1419432000.0	0.0	1419432000.0	2100	3.385347277462089	8.463368193655223	66.76657130550231	134.00332973287436	1.1114772181363533	6333	True	20880000	True	0	45.0	155.0	12.75	0.0	2.0088	0.5859	6833401.92	165.0	False	0.0	9.52	17821.44	356.42879999999997	0.34372165632	255	12.49499999999999	4419	2	49900032.0	8175150	680000	0.0	58755182.0	0.4426158432976517	False	0	25117054.65198148	0.18	25200000.0	True	420	38000000.0	0.0	13440000.0	3762	101757054.65198147	55.95330106185195	6.639237649464776	False	True
144	tailings_failure	4.8	1.4277930428956507	1.15	2.4	2.3104	178.0	1.9	2.1	1.0	1.0	0.999557124657854	True	14200000.0	False	1419432000.0	0.0	1419432000.0	2100	3.385347277462089	8.463368193655223	66.76657130550231	134.00332973287436	1.1114772181363533	6333	True	20880000	True	0	45.0	155.0	12.75	0.0	2.0088	0.5859	6833401.92	165.0	False	0.0	9.52	17821.44	356.42879999999997	0.34372165632	255	12.49499999999999	4419	2	49900032.0	8175150	680000	0.0	58755182.0	0.4426158432976517	False	0	25117054.65198148	0.18	25200000.0	True	420	38000000.0	0.0	13440000.0	3762	101757054.65198147	55.76069092170008	6.639237649464776	False	True
145	tailings_failure	4.8	1.4277930428956507	1.15	2.4	2.3195	178.0	1.9	2.1	1.0	1.0	0.9995810578765516	True	14200000.0	False	1419432000.0	0.0	1419432000.0	2100	3.385347277462089	8.463368193655223	66.76657130550231	134.00332973287436	1.1114772181363533	6333	True	20880000	True	0	45.0	155.0	12.75	0.0	2.0088	0.5859	6833401.92	165.0	False	0.0	9.52	17821.44	356.42879999999997	0.34372165632	255	12.49499999999999	4419	2	49900032.0	8175150	680000	0.0	58755182.0	0.4426158432976517	False	0	25117054.65198148	0.18	25200000.0	True	420	38000000.0	0.0	13440000.0	3762	101757054.65198147	55.56874381063469	6.639237649464776	False	True
146	tailings_failure	4.8	1.4277930428956507	1.15	2.4	2.3286000000000007	178.0	1.9	2.1	1.0	1.0	0.9996036977314001	True	14200000.0	False	1419432000.0	0.0	1419432000.0	2100	3.385347277462089	8.463368193655223	66.76657130550231	134.00332973287436	1.1114772181363533	6333	True	20880000	True	0	45.0	155.0	12.75	0.0	2.0088	0.5859	6833401.92	165.0	False	0.0	9.52	17821.44	356.42879999999997	0.34372165632	255	12.49499999999999	4419	2	49900032.0	8175150	680000	0.0	58755182.0	0.4426158432976517	False	0	25117054.65198148	0.18	25200000.0	True	420	38000000.0	0.0	13440000.0	3762	101757054.65198147	55.37745744628599	6.639237649464776	False	True
147	tailings_failure	4.8	1.4277930428956507	1.15	2.4	2.3377	178.0	1.9	2.1	1.0	1.0	0.9996251141164687	True	14200000.0	False	1419432000.0	0.0	1419432000.0	2100	3.385347277462089	8.463368193655223	66.76657130550231	134.00332973287436	1.1114772181363533	6333	True	20880000	True	0	45.0	155.0	12.75	0.0	2.0088	0.5859	6833401.92	165.0	False	0.0	9.52	17821.44	356.42879999999997	0.34372165632	255	12.49499999999999	4419	2	49900032.0	8175150	680000	0.0	58755182.0	0.4426158432976517	False	0	25117054.65198148	0.18	25200000.0	True	420	38000000.0	0.0	13440000.0	3762	101757054.65198147	55.18682955414082	6.639237649464776	False	True
148	tailings_failure	4.8	1.4277930428956507	1.15	2.4	2.3468	178.0	1.9	2.1	1.0	1.0	0.999645373148714	True	14200000.0	False	1419432000.0	0.0	1419432000.0	2100	3.385347277462089	8.463368193655223	66.76657130550231	134.00332973287436	1.1114772181363533	6333	True	20880000	True	0	45.0	155.0	12.75	0.0	2.0088	0.5859	6833401.92	165.0	False	0.0	9.52	17821.44	356.42879999999997	0.34372165632	255	12.49499999999999	4419	2	49900032.0	8175150	680000	0.0	58755182.0	0.4426158432976517	False	0	25117054.65198148	0.18	25200000.0	True	420	38000000.0	0.0	13440000.0	3762	101757054.65198147	54.99685786751574	6.639237649464776	False	True
149	tailings_failure	4.8	1.4277930428956507	1.15	2.4	2.3559	178.0	1.9	2.1	1.0	1.0	0.9996645373720975	True	14200000.0	False	1419432000.0	0.0	1419432000.0	2100	3.385347277462089	8.463368193655223	66.76657130550231	134.00332973287436	1.1114772181363533	6333	True	20880000	True	0	45.0	155.0	12.75	0.0	2.0088	0.5859	6833401.92	165.0	False	0.0	9.52	17821.44	356.42879999999997	0.34372165632	255	12.49499999999999	4419	2	49900032.0	8175150	680000	0.0	58755182.0	0.4426158432976517	False	0	25117054.65198148	0.18	25200000.0	True	420	38000000.0	0.0	13440000.0	3762	101757054.65198147	54.80754012752994	6.639237649464776	False	True
150	tailings_failure	4.8	1.4277930428956507	1.15	2.4	2.365	178.0	1.9	2.1	1.0	1.0	0.9996826659506712	True	14200000.0	False	1419432000.0	0.0	1419432000.0	2100	3.385347277462089	8.463368193655223	66.76657130550231	134.00332973287436	1.1114772181363533	6333	True	20880000	True	0	45.0	155.0	12.75	0.0	2.0088	0.5859	6833401.92	165.0	False	0.0	9.52	17821.44	356.42879999999997	0.34372165632	255	12.49499999999999	4419	2	49900032.0	8175150	680000	0.0	58755182.0	0.4426158432976517	False	0	25117054.65198148	0.18	25200000.0	True	420	38000000.0	0.0	13440000.0	3762	101757054.65198147	54.61887408307844	6.639237649464776	False	True
151	tailings_failure	4.8	1.4277930428956507	1.15	2.4	2.3741	178.0	1.9	2.1	1.0	1.0	0.9996998148512309	True	14200000.0	False	1419432000.0	0.0	1419432000.0	2100	3.385347277462089	8.463368193655223	66.76657130550231	134.00332973287436	1.1114772181363533	6333	True	20880000	True	0	45.0	155.0	12.75	0.0	2.0088	0.5859	6833401.92	165.0	False	0.0	9.52	17821.44	356.42879999999997	0.34372165632	255	12.49499999999999	4419	2	49900032.0	8175150	680000	0.0	58755182.0	0.4426158432976517	False	0	25117054.65198148	0.18	25200000.0	True	420	38000000.0	0.0	13440000.0	3762	101757054.65198147	54.43085749080535	6.639237649464776	False	True
152	tailings_failure	4.8	1.4277930428956507	1.15	2.4	2.3832000000000004	178.0	1.9	2.1	1.0	1.0	0.9997160370160968	True	14200000.0	False	1419432000.0	0.0	1419432000.0	2100	3.385347277462089	8.463368193655223	66.76657130550231	134.00332973287436	1.1114772181363533	6333	True	20880000	True	0	45.0	155.0	12.75	0.0	2.0088	0.5859	6833401.92	165.0	False	0.0	9.52	17821.44	356.42879999999997	0.34372165632	255	12.49499999999999	4419	2	49900032.0	8175150	680000	0.0	58755182.0	0.4426158432976517	False	0	25117054.65198148	0.18	25200000.0	True	420	38000000.0	0.0	13440000.0	3762	101757054.65198147	54.243488115077156	6.639237649464776	False	True
153	tailings_failure	4.8	1.4277930428956507	1.15	2.4	2.3923000000000005	178.0	1.9	2.1	1.0	1.0	0.9997313825265577	True	14200000.0	False	1419432000.0	0.0	1419432000.0	2100	3.385347277462089	8.463368193655223	66.76657130550231	134.00332973287436	1.1114772181363533	6333	True	20880000	True	0	45.0	155.0	12.75	0.0	2.0088	0.5859	6833401.92	165.0	False	0.0	9.52	17821.44	356.42879999999997	0.34372165632	255	12.49499999999999	4419	2	49900032.0	8175150	680000	0.0	58755182.0	0.4426158432976517	False	0	25117054.65198148	0.18	25200000.0	True	420	38000000.0	0.0	13440000.0	3762	101757054.65198147	54.05676372795613	6.639237649464776	False	True
154	tailings_failure	4.8	1.4277930428956507	1.15	2.4	2.4013999999999998	178.0	1.9	2.1	1.0	1.0	0.9997458987574834	True	14200000.0	False	1419432000.0	0.0	1419432000.0	2100	3.385347277462089	8.463368193655223	66.76657130550231	134.00332973287436	1.1114772181363533	6333	True	20880000	True	0	45.0	155.0	12.75	0.0	2.0088	0.5859	6833401.92	165.0	False	0.0	9.52	17821.44	356.42879999999997	0.34372165632	255	12.49499999999999	4419	2	49900032.0	8175150	680000	0.0	58755182.0	0.4426158432976517	False	0	25117054.65198148	0.18	25200000.0	True	420	38000000.0	0.0	13440000.0	3762	101757054.65198147	53.8706821091739	6.639237649464776	False	True
155	tailings_failure	4.8	1.4277930428956507	1.15	2.4	2.4105	178.0	1.9	2.1	1.0	1.0	0.9997596305235805	True	14200000.0	False	1419432000.0	0.0	1419432000.0	2100	3.385347277462089	8.463368193655223	66.76657130550231	134.00332973287436	1.1114772181363533	6333	True	20880000	True	0	45.0	155.0	12.75	0.0	2.0088	0.5859	6833401.92	165.0	False	0.0	9.52	17821.44	356.42879999999997	0.34372165632	255	12.49499999999999	4419	2	49900032.0	8175150	680000	0.0	58755182.0	0.4426158432976517	False	0	25117054.65198148	0.18	25200000.0	True	420	38000000.0	0.0	13440000.0	3762	101757054.65198147	53.68524104610499	6.639237649464776	False	True
156	tailings_failure	4.8	1.4277930428956507	1.15	2.4	2.4196	178.0	1.9	2.1	1.0	1.0	0.9997726202177448	True	14200000.0	False	1419432000.0	0.0	1419432000.0	2100	3.385347277462089	8.463368193655223	66.76657130550231	134.00332973287436	1.1114772181363533	6333	True	20880000	True	0	45.0	155.0	12.75	0.0	2.0088	0.5859	6833401.92	165.0	False	0.0	9.52	17821.44	356.42879999999997	0.34372165632	255	12.49499999999999	4419	2	49900032.0	8175150	680000	0.0	58755182.0	0.4426158432976517	False	0	25117054.65198148	0.18	25200000.0	True	420	38000000.0	0.0	13440000.0	3762	101757054.65198147	53.50043833374048	6.639237649464776	False	True
157	tailings_failure	4.8	1.4277930428956507	1.15	2.4	2.4287	178.0	1.9	2.1	1.0	1.0	0.9997849079419378	True	14200000.0	False	1419432000.0	0.0	1419432000.0	2100	3.385347277462089	8.463368193655223	66.76657130550231	134.00332973287436	1.1114772181363533	6333	True	20880000	True	0	45.0	155.0	12.75	0.0	2.0088	0.5859	6833401.92	165.0	False	0.0	9.52	17821.44	356.42879999999997	0.34372165632	255	12.49499999999999	4419	2	49900032.0	8175150	680000	0.0	58755182.0	0.4426158432976517	False	0	25117054.65198148	0.18	25200000.0	True	420	38000000.0	0.0	13440000.0	3762	101757054.65198147	53.3162717746619	6.639237649464776	False	True
158	tailings_failure	4.8	1.4277930428956507	1.15	2.4	2.4378	178.0	1.9	2.1	1.0	1.0	0.9997965316309894	True	14200000.0	False	1419432000.0	0.0	1419432000.0	2100	3.385347277462089	8.463368193655223	66.76657130550231	134.00332973287436	1.1114772181363533	6333	True	20880000	True	0	45.0	155.0	12.75	0.0	2.0088	0.5859	6833401.92	165.0	False	0.0	9.52	17821.44	356.42879999999997	0.34372165632	255	12.49499999999999	4419	2	49900032.0	8175150	680000	0.0	58755182.0	0.4426158432976517	False	0	25117054.65198148	0.18	25200000.0	True	420	38000000.0	0.0	13440000.0	3762	101757054.65198147	53.13273917901501	6.639237649464776	False	True
159	tailings_failure	4.8	1.4277930428956507	1.15	2.4	2.4469000000000003	178.0	1.9	2.1	1.0	1.0	0.9998075271697113	True	14200000.0	False	1419432000.0	0.0	1419432000.0	2100	3.385347277462089	8.463368193655223	66.76657130550231	134.00332973287436	1.1114772181363533	6333	True	20880000	True	0	45.0	155.0	12.75	0.0	2.0088	0.5859	6833401.92	165.0	False	0.0	9.52	17821.44	356.42879999999997	0.34372165632	255	12.49499999999999	4419	2	49900032.0	8175150	680000	0.0	58755182.0	0.4426158432976517	False	0	25117054.65198148	0.18	25200000.0	True	420	38000000.0	0.0	13440000.0	3762	101757054.65198147	52.9498383644838	6.639237649464776	False	True
160	tailings_failure	4.8	1.4277930428956507	1.15	2.4	2.4560000000000004	178.0	1.9	2.1	1.0	1.0	0.9998179285036812	True	14200000.0	False	1419432000.0	0.0	1419432000.0	2100	3.385347277462089	8.463368193655223	66.76657130550231	134.00332973287436	1.1114772181363533	6333	True	20880000	True	0	45.0	155.0	12.75	0.0	2.0088	0.5859	6833401.92	165.0	False	0.0	9.52	17821.44	356.42879999999997	0.34372165632	255	12.49499999999999	4419	2	49900032.0	8175150	680000	0.0	58755182.0	0.4426158432976517	False	0	25117054.65198148	0.18	25200000.0	True	420	38000000.0	0.0	13440000.0	3762	101757054.65198147	52.76756715626448	6.639237649464776	False	True
161	tailings_failure	4.8	1.4277930428956507	1.15	2.4	2.4651000000000005	178.0	1.9	2.1	1.0	1.0	0.9998277677440391	True	14200000.0	False	1419432000.0	0.0	1419432000.0	2100	3.385347277462089	8.463368193655223	66.76657130550231	134.00332973287436	1.1114772181363533	6333	True	20880000	True	0	45.0	155.0	12.75	0.0	2.0088	0.5859	6833401.92	165.0	False	0.0	9.52	17821.44	356.42879999999997	0.34372165632	255	12.49499999999999	4419	2	49900032.0	8175150	680000	0.0	58755182.0	0.4426158432976517	False	0	25117054.65198148	0.18	25200000.0	True	420	38000000.0	0.0	13440000.0	3762	101757054.65198147	52.585923387039735	6.639237649464776	False	True
162	tailings_failure	4.8	1.4277930428956507	1.15	2.4	2.4741999999999997	178.0	1.9	2.1	1.0	1.0	0.9998370752666227	True	14200000.0	False	1419432000.0	0.0	1419432000.0	2100	3.385347277462089	8.463368193655223	66.76657130550231	134.00332973287436	1.1114772181363533	6333	True	20880000	True	0	45.0	155.0	12.75	0.0	2.0088	0.5859	6833401.92	165.0	False	0.0	9.52	17821.44	356.42879999999997	0.34372165632	255	12.49499999999999	4419	2	49900032.0	8175150	680000	0.0	58755182.0	0.4426158432976517	False	0	25117054.65198148	0.18	25200000.0	True	420	38000000.0	0.0	13440000.0	3762	101757054.65198147	52.40490489695285	6.639237649464776	False	True
163	tailings_failure	4.8	1.4277930428956507	1.15	2.4	2.4833	178.0	1.9	2.1	1.0	1.0	0.9998458798057426	True	14200000.0	False	1419432000.0	0.0	1419432000.0	2100	3.385347277462089	8.463368193655223	66.76657130550231	134.00332973287436	1.1114772181363533	6333	True	20880000	True	0	45.0	155.0	12.75	0.0	2.0088	0.5859	6833401.92	165.0	False	0.0	9.52	17821.44	356.42879999999997	0.34372165632	255	12.49499999999999	4419	2	49900032.0	8175150	680000	0.0	58755182.0	0.4426158432976517	False	0	25117054.65198148	0.18	25200000.0	True	420	38000000.0	0.0	13440000.0	3762	101757054.65198147	52.224509533582044	6.639237649464776	False	True
164	tailings_failure	4.8	1.4277930428956507	1.15	2.4	2.4924	178.0	1.9	2.1	1.0	1.0	0.9998542085428925	True	14200000.0	False	1419432000.0	0.0	1419432000.0	2100	3.385347277462089	8.463368193655223	66.76657130550231	134.00332973287436	1.1114772181363533	6333	True	20880000	True	0	45.0	155.0	12.75	0.0	2.0088	0.5859	6833401.92	165.0	False	0.0	9.52	17821.44	356.42879999999997	0.34372165632	255	12.49499999999999	4419	2	49900032.0	8175150	680000	0.0	58755182.0	0.4426158432976517	False	0	25117054.65198148	0.18	25200000.0	True	420	38000000.0	0.0	13440000.0	3762	101757054.65198147	52.04473515191497	6.639237649464776	False	True
165	tailings_failure	4.8	1.4277930428956507	1.15	2.4	2.5015	178.0	1.9	2.1	1.0	1.0	0.9998620871906634	True	14200000.0	False	1419432000.0	0.0	1419432000.0	2100	3.385347277462089	8.463368193655223	66.76657130550231	134.00332973287436	1.1114772181363533	6333	True	20880000	True	0	45.0	155.0	12.75	0.0	2.0088	0.5859	6833401.92	165.0	False	0.0	9.52	17821.44	356.42879999999997	0.34372165632	255	12.49499999999999	4419	2	49900032.0	8175150	680000	0.0	58755182.0	0.4426158432976517	False	0	25117054.65198148	0.18	25200000.0	True	420	38000000.0	0.0	13440000.0	3762	101757054.65198147	51.86557961432307	6.639237649464776	False	True
166	tailings_failure	4.8	1.4277930428956507	1.15	2.4	2.5106	178.0	1.9	2.1	1.0	1.0	0.9998695400721246	True	14200000.0	False	1419432000.0	0.0	1419432000.0	2100	3.385347277462089	8.463368193655223	66.76657130550231	134.00332973287436	1.1114772181363533	6333	True	20880000	True	0	45.0	155.0	12.75	0.0	2.0088	0.5859	6833401.92	165.0	False	0.0	9.52	17821.44	356.42879999999997	0.34372165632	255	12.49499999999999	4419	2	49900032.0	8175150	680000	0.0	58755182.0	0.4426158432976517	False	0	25117054.65198148	0.18	25200000.0	True	420	38000000.0	0.0	13440000.0	3762	101757054.65198147	51.68704079053624	6.639237649464776	False	True
167	tailings_failure	4.8	1.4277930428956507	1.15	2.4	2.5197000000000003	178.0	1.9	2.1	1.0	1.0	0.9998765901959134	True	14200000.0	False	1419432000.0	0.0	1419432000.0	2100	3.385347277462089	8.463368193655223	66.76657130550231	134.00332973287436	1.1114772181363533	6333	True	20880000	True	0	45.0	155.0	12.75	0.0	2.0088	0.5859	6833401.92	165.0	False	0.0	9.52	17821.44	356.42879999999997	0.34372165632	255	12.49499999999999	4419	2	49900032.0	8175150	680000	0.0	58755182.0	0.4426158432976517	False	0	25117054.65198148	0.18	25200000.0	True	420	38000000.0	0.0	13440000.0	3762	101757054.65198147	51.509116557617496	6.639237649464776	False	True
168	tailings_failure	4.8	1.4277930428956507	1.15	2.4	2.5288000000000004	178.0	1.9	2.1	1.0	1.0	0.9998832593272683	True	14200000.0	False	1419432000.0	0.0	1419432000.0	2100	3.385347277462089	8.463368193655223	66.76657130550231	134.00332973287436	1.1114772181363533	6333	True	20880000	True	0	45.0	155.0	12.75	0.0	2.0088	0.5859	6833401.92	165.0	False	0.0	9.52	17821.44	356.42879999999997	0.34372165632	255	12.49499999999999	4419	2	49900032.0	8175150	680000	0.0	58755182.0	0.4426158432976517	False	0	25117054.65198148	0.18	25200000.0	True	420	38000000.0	0.0	13440000.0	3762	101757054.65198147	51.331804799937736	6.639237649464776	False	True
169	tailings_failure	4.8	1.4277930428956507	1.15	2.4	2.5379000000000005	178.0	1.9	2.1	1.0	1.0	0.9998895680552229	True	14200000.0	False	1419432000.0	0.0	1419432000.0	2100	3.385347277462089	8.463368193655223	66.76657130550231	134.00332973287436	1.1114772181363533	6333	True	20880000	True	0	45.0	155.0	12.75	0.0	2.0088	0.5859	6833401.92	165.0	False	0.0	9.52	17821.44	356.42879999999997	0.34372165632	255	12.49499999999999	4419	2	49900032.0	8175150	680000	0.0	58755182.0	0.4426158432976517	False	0	25117054.65198148	0.18	25200000.0	True	420	38000000.0	0.0	13440000.0	3762	101757054.65198147	51.15510340915052	6.639237649464776	False	True
170	tailings_failure	4.8	1.4277930428956507	1.15	2.4	2.5469999999999997	178.0	1.9	2.1	1.0	1.0	0.9998955358561683	True	14200000.0	False	1419432000.0	0.0	1419432000.0	2100	3.385347277462089	8.463368193655223	66.76657130550231	134.00332973287436	1.1114772181363533	6333	True	20880000	True	0	45.0	155.0	12.75	0.0	2.0088	0.5859	6833401.92	165.0	False	0.0	9.52	17821.44	356.42879999999997	0.34372165632	255	12.49499999999999	4419	2	49900032.0	8175150	680000	0.0	58755182.0	0.4426158432976517	False	0	25117054.65198148	0.18	25200000.0	True	420	38000000.0	0.0	13440000.0	3762	101757054.65198147	50.97901028416709	6.639237649464776	False	True
171	tailings_failure	4.8	1.4277930428956507	1.15	2.4	2.5561	178.0	1.9	2.1	1.0	1.0	0.9999011811539812	True	14200000.0	False	1419432000.0	0.0	1419432000.0	2100	3.385347277462089	8.463368193655223	66.76657130550231	134.00332973287436	1.1114772181363533	6333	True	20880000	True	0	45.0	155.0	12.75	0.0	2.0088	0.5859	6833401.92	165.0	False	0.0	9.52	17821.44	356.42879999999997	0.34372165632	255	12.49499999999999	4419	2	49900032.0	8175150	680000	0.0	58755182.0	0.4426158432976517	False	0	25117054.65198148	0.18	25200000.0	True	420	38000000.0	0.0	13440000.0	3762	101757054.65198147	50.8035233311313	6.639237649464776	False	True
172	tailings_failure	4.8	1.4277930428956507	1.15	2.4	2.5652000000000004	178.0	1.9	2.1	1.0	1.0	0.9999065213769021	True	14200000.0	False	1419432000.0	0.0	1419432000.0	2100	3.385347277462089	8.463368193655223	66.76657130550231	134.00332973287436	1.1114772181363533	6333	True	20880000	True	0	45.0	155.0	12.75	0.0	2.0088	0.5859	6833401.92	165.0	False	0.0	9.52	17821.44	356.42879999999997	0.34372165632	255	12.49499999999999	4419	2	49900032.0	8175150	680000	0.0	58755182.0	0.4426158432976517	False	0	25117054.65198148	0.18	25200000.0	True	420	38000000.0	0.0	13440000.0	3762	101757054.65198147	50.62864046339484	6.639237649464776	False	True
173	tailings_failure	4.8	1.4277930428956507	1.15	2.4	2.5743	178.0	1.9	2.1	1.0	1.0	0.9999115730113401	True	14200000.0	False	1419432000.0	0.0	1419432000.0	2100	3.385347277462089	8.463368193655223	66.76657130550231	134.00332973287436	1.1114772181363533	6333	True	20880000	True	0	45.0	155.0	12.75	0.0	2.0088	0.5859	6833401.92	165.0	False	0.0	9.52	17821.44	356.42879999999997	0.34372165632	255	12.49499999999999	4419	2	49900032.0	8175150	680000	0.0	58755182.0	0.4426158432976517	False	0	25117054.65198148	0.18	25200000.0	True	420	38000000.0	0.0	13440000.0	3762	101757054.65198147	50.45435960149227	6.639237649464776	False	True
174	tailings_failure	4.8	1.4277930428956507	1.15	2.4	2.5834	178.0	1.9	2.1	1.0	1.0	0.9999163516527703	True	14200000.0	False	1419432000.0	0.0	1419432000.0	2100	3.385347277462089	8.463368193655223	66.76657130550231	134.00332973287436	1.1114772181363533	6333	True	20880000	True	0	45.0	155.0	12.75	0.0	2.0088	0.5859	6833401.92	165.0	False	0.0	9.52	17821.44	356.42879999999997	0.34372165632	255	12.49499999999999	4419	2	49900032.0	8175150	680000	0.0	58755182.0	0.4426158432976517	False	0	25117054.65198148	0.18	25200000.0	True	420	38000000.0	0.0	13440000.0	3762	101757054.65198147	50.280678673116405	6.639237649464776	False	True
175	tailings_failure	4.8	1.4277930428956507	1.15	2.4	2.5925000000000002	178.0	1.9	2.1	1.0	1.0	0.9999208720538796	True	14200000.0	False	1419432000.0	0.0	1419432000.0	2100	3.385347277462089	8.463368193655223	66.76657130550231	134.00332973287436	1.1114772181363533	6333	True	20880000	True	0	45.0	155.0	12.75	0.0	2.0088	0.5859	6833401.92	165.0	False	0.0	9.52	17821.44	356.42879999999997	0.34372165632	255	12.49499999999999	4419	2	49900032.0	8175150	680000	0.0	58755182.0	0.4426158432976517	False	0	25117054.65198148	0.18	25200000.0	True	420	38000000.0	0.0	13440000.0	3762	101757054.65198147	50.10759561309363	6.639237649464776	False	True
176	tailings_failure	4.8	1.4277930428956507	1.15	2.4	2.6016000000000004	178.0	1.9	2.1	0.9987021672671874	1.0	0.9999251481701124	True	14200000.0	False	1419432000.0	0.0	1419432000.0	2100	3.385347277462089	8.463368193655223	66.76657130550231	134.00332973287436	1.1114772181363533	6333	True	20880000	True	0	45.0	155.0	12.75	0.0	2.0088	0.5859	6833401.92	165.0	False	0.0	9.52	17821.44	356.42879999999997	0.34372165632	255	12.49499999999999	4419	2	49900032.0	8175150	680000	0.0	58755182.0	0.4426158432976517	False	0	25117054.65198148	0.18	25200000.0	True	420	38000000.0	0.0	13440000.0	3762	101757054.65198147	49.93510836335937	6.639237649464776	False	True
177	tailings_failure	4.8	1.4277930428956507	1.15	2.4	2.6106999999999996	178.0	1.9	2.1	0.995264297458672	1.0	0.9999291932027528	True	14200000.0	False	1419432000.0	0.0	1419432000.0	2100	3.385347277462089	8.463368193655223	66.76657130550231	134.00332973287436	1.1114772181363533	6333	True	20880000	True	0	45.0	155.0	12.75	0.0	2.0088	0.5859	6833401.92	165.0	False	0.0	9.52	17821.44	356.42879999999997	0.34372165632	255	12.49499999999999	4419	2	49900032.0	8175150	680000	0.0	58755182.0	0.4426158432976517	False	0	25117054.65198148	0.18	25200000.0	True	420	38000000.0	0.0	13440000.0	3762	101757054.65198147	49.763214872933595	6.639237649464776	False	True
178	tailings_failure	4.8	1.4277930428956507	1.15	2.4	2.6198	178.0	1.9	2.1	0.9918382619579286	1.0	0.999933019639681	True	14200000.0	False	1419432000.0	0.0	1419432000.0	2100	3.385347277462089	8.463368193655223	66.76657130550231	134.00332973287436	1.1114772181363533	6333	True	20880000	True	0	45.0	155.0	12.75	0.0	2.0088	0.5859	6833401.92	165.0	False	0.0	9.52	17821.44	356.42879999999997	0.34372165632	255	12.49499999999999	4419	2	49900032.0	8175150	680000	0.0	58755182.0	0.4426158432976517	False	0	25117054.65198148	0.18	25200000.0	True	420	38000000.0	0.0	13440000.0	3762	101757054.65198147	49.59191309789643	6.639237649464776	False	True
179	tailings_failure	4.8	1.4277930428956507	1.15	2.4	2.6289000000000002	178.0	1.9	2.1	0.9884240200272777	1.0	0.9999366392939254	True	14200000.0	False	1419432000.0	0.0	1419432000.0	2100	3.385347277462089	8.463368193655223	66.76657130550231	134.00332973287436	1.1114772181363533	6333	True	20880000	True	0	45.0	155.0	12.75	0.0	2.0088	0.5859	6833401.92	165.0	False	0.0	9.52	17821.44	356.42879999999997	0.34372165632	255	12.49499999999999	4419	2	49900032.0	8175150	680000	0.0	58755182.0	0.4426158432976517	False	0	25117054.65198148	0.18	25200000.0	True	420	38000000.0	0.0	13440000.0	3762	101757054.65198147	49.42120100136388	6.639237649464776	False	True
180	tailings_failure	4.8	1.4277930428956507	1.15	2.4	2.6380000000000003	178.0	1.9	2.1	0.9850215310692717	1.0	0.9999400633401322	True	14200000.0	False	1419432000.0	0.0	1419432000.0	2100	3.385347277462089	8.463368193655223	66.76657130550231	134.00332973287436	1.1114772181363533	6333	True	20880000	True	0	45.0	155.0	12.75	0.0	2.0088	0.5859	6833401.92	165.0	False	0.0	9.52	17821.44	356.42879999999997	0.34372165632	255	12.49499999999999	4419	2	49900032.0	8175150	680000	0.0	58755182.0	0.4426158432976517	False	0	25117054.65198148	0.18	25200000.0	True	420	38000000.0	0.0	13440000.0	3762	101757054.65198147	49.251076553463584	6.639237649464776	False	True
181	tailings_failure	4.8	1.4277930428956507	1.15	2.4	2.6471	178.0	1.9	2.1	0.9816307546262136	1.0	0.9999433023490634	True	14200000.0	False	1419432000.0	0.0	1419432000.0	2100	3.385347277462089	8.463368193655223	66.76657130550231	134.00332973287436	1.1114772181363533	6333	True	20880000	True	0	45.0	155.0	12.75	0.0	2.0088	0.5859	6833401.92	165.0	False	0.0	9.52	17821.44	356.42879999999997	0.34372165632	255	12.49499999999999	4419	2	49900032.0	8175150	680000	0.0	58755182.0	0.4426158432976517	False	0	25117054.65198148	0.18	25200000.0	True	420	38000000.0	0.0	13440000.0	3762	101757054.65198147	49.08153773131068	6.639237649464776	False	True
182	tailings_failure	4.8	1.4277930428956507	1.15	2.4	2.6562	178.0	1.9	2.1	0.978251650379675	1.0	0.9999463663202317	True	14200000.0	False	1419432000.0	0.0	1419432000.0	2100	3.385347277462089	8.463368193655223	66.76657130550231	134.00332973287436	1.1114772181363533	6333	True	20880000	True	0	45.0	155.0	12.75	0.0	2.0088	0.5859	6833401.92	165.0	False	0.0	9.52	17821.44	356.42879999999997	0.34372165632	255	12.49499999999999	4419	2	49900032.0	8175150	680000	0.0	58755182.0	0.4426158432976517	False	0	25117054.65198148	0.18	25200000.0	True	420	38000000.0	0.0	13440000.0	3762	101757054.65198147	48.91258251898375	6.639237649464776	False	True
183	tailings_failure	4.8	1.4277930428956507	1.15	2.4	2.6653000000000002	178.0	1.9	2.1	0.9748841781500177	1.0	0.9999492647127709	True	14200000.0	False	1419432000.0	0.0	1419432000.0	2100	3.385347277462089	8.463368193655223	66.76657130550231	134.00332973287436	1.1114772181363533	6333	True	20880000	True	0	45.0	155.0	12.75	0.0	2.0088	0.5859	6833401.92	165.0	False	0.0	9.52	17821.44	356.42879999999997	0.34372165632	255	12.49499999999999	4419	2	49900032.0	8175150	680000	0.0	58755182.0	0.4426158432976517	False	0	25117054.65198148	0.18	25200000.0	True	420	38000000.0	0.0	13440000.0	3762	101757054.65198147	48.744208907500884	6.639237649464776	False	True
184	tailings_failure	4.8	1.4277930428956507	1.15	2.4	2.6744000000000003	178.0	1.9	2.1	0.9715282978959151	1.0	0.9999520064746379	True	14200000.0	False	1419432000.0	0.0	1419432000.0	2100	3.385347277462089	8.463368193655223	66.76657130550231	134.00332973287436	1.1114772181363533	6333	True	20880000	True	0	45.0	155.0	12.75	0.0	2.0088	0.5859	6833401.92	165.0	False	0.0	9.52	17821.44	356.42879999999997	0.34372165632	255	12.49499999999999	4419	2	49900032.0	8175150	680000	0.0	58755182.0	0.4426158432976517	False	0	25117054.65198148	0.18	25200000.0	True	420	38000000.0	0.0	13440000.0	3762	101757054.65198147	48.576414894795754	6.639237649464776	False	True
185	tailings_failure	4.8	1.4277930428956507	1.15	2.4	2.6835	178.0	1.9	2.1	0.9681839697138761	1.0	0.9999546000702375	True	14200000.0	False	1419432000.0	0.0	1419432000.0	2100	3.385347277462089	8.463368193655223	66.76657130550231	134.00332973287436	1.1114772181363533	6333	True	20880000	True	0	45.0	155.0	12.75	0.0	2.0088	0.5859	6833401.92	165.0	False	0.0	9.52	17821.44	356.42879999999997	0.34372165632	255	12.49499999999999	4419	2	49900032.0	8175150	680000	0.0	58755182.0	0.4426158432976517	False	0	25117054.65198148	0.18	25200000.0	True	420	38000000.0	0.0	13440000.0	3762	101757054.65198147	48.40919848569381	6.639237649464776	False	True
186	tailings_failure	4.8	1.4277930428956507	1.15	2.4	2.6926	178.0	1.9	2.1	0.9648511538377719	1.0	0.9999570535065535	True	14200000.0	False	1419432000.0	0.0	1419432000.0	2100	3.385347277462089	8.463368193655223	66.76657130550231	134.00332973287436	1.1114772181363533	6333	True	20880000	True	0	45.0	155.0	12.75	0.0	2.0088	0.5859	6833401.92	165.0	False	0.0	9.52	17821.44	356.42879999999997	0.34372165632	255	12.49499999999999	4419	2	49900032.0	8175150	680000	0.0	58755182.0	0.4426158432976517	False	0	25117054.65198148	0.18	25200000.0	True	420	38000000.0	0.0	13440000.0	3762	101757054.65198147	48.24255769188859	6.639237649464776	False	True
187	tailings_failure	4.8	1.4277930428956507	1.15	2.4	2.7017	178.0	1.9	2.1	0.9615298106383604	1.0	0.999959374357868	True	14200000.0	False	1419432000.0	0.0	1419432000.0	2100	3.385347277462089	8.463368193655223	66.76657130550231	134.00332973287436	1.1114772181363533	6333	True	20880000	True	0	45.0	155.0	12.75	0.0	2.0088	0.5859	6833401.92	165.0	False	0.0	9.52	17821.44	356.42879999999997	0.34372165632	255	12.49499999999999	4419	2	49900032.0	8175150	680000	0.0	58755182.0	0.4426158432976517	False	0	25117054.65198148	0.18	25200000.0	True	420	38000000.0	0.0	13440000.0	3762	101757054.65198147	48.07649053191802	6.639237649464776	False	True
188	tailings_failure	4.8	1.4277930428956507	1.15	2.4	2.7108000000000003	178.0	1.9	2.1	0.9582199006228184	1.0	0.9999615697891447	True	14200000.0	False	1419432000.0	0.0	1419432000.0	2100	3.385347277462089	8.463368193655223	66.76657130550231	134.00332973287436	1.1114772181363533	6333	True	20880000	True	0	45.0	155.0	12.75	0.0	2.0088	0.5859	6833401.92	165.0	False	0.0	9.52	17821.44	356.42879999999997	0.34372165632	255	12.49499999999999	4419	2	49900032.0	8175150	680000	0.0	58755182.0	0.4426158432976517	False	0	25117054.65198148	0.18	25200000.0	True	420	38000000.0	0.0	13440000.0	3762	101757054.65198147	47.91099503114092	6.639237649464776	False	True
189	tailings_failure	4.8	1.4277930428956507	1.15	2.4	2.7199	178.0	1.9	2.1	0.9549213844342692	1.0	0.9999636465781494	True	14200000.0	False	1419432000.0	0.0	1419432000.0	2100	3.385347277462089	8.463368193655223	66.76657130550231	134.00332973287436	1.1114772181363533	6333	True	20880000	True	0	45.0	155.0	12.75	0.0	2.0088	0.5859	6833401.92	165.0	False	0.0	9.52	17821.44	356.42879999999997	0.34372165632	255	12.49499999999999	4419	2	49900032.0	8175150	680000	0.0	58755182.0	0.4426158432976517	False	0	25117054.65198148	0.18	25200000.0	True	420	38000000.0	0.0	13440000.0	3762	101757054.65198147	47.74606922171346	6.639237649464776	False	True
190	tailings_failure	4.8	1.4277930428956507	1.15	2.4	2.729	178.0	1.9	2.1	0.9516342228513163	1.0	0.9999656111363733	True	14200000.0	False	1419432000.0	0.0	1419432000.0	2100	3.385347277462089	8.463368193655223	66.76657130550231	134.00332973287436	1.1114772181363533	6333	True	20880000	True	0	45.0	155.0	12.75	0.0	2.0088	0.5859	6833401.92	165.0	False	0.0	9.52	17821.44	356.42879999999997	0.34372165632	255	12.49499999999999	4419	2	49900032.0	8175150	680000	0.0	58755182.0	0.4426158432976517	False	0	25117054.65198148	0.18	25200000.0	True	420	38000000.0	0.0	13440000.0	3762	101757054.65198147	47.581711142565815	6.639237649464776	False	True
191	tailings_failure	4.8	1.4277930428956507	1.15	2.4	2.7381	178.0	1.9	2.1	0.9483583767875765	1.0	0.9999674695288273	True	14200000.0	False	1419432000.0	0.0	1419432000.0	2100	3.385347277462089	8.463368193655223	66.76657130550231	134.00332973287436	1.1114772181363533	6333	True	20880000	True	0	45.0	155.0	12.75	0.0	2.0088	0.5859	6833401.92	165.0	False	0.0	9.52	17821.44	356.42879999999997	0.34372165632	255	12.49499999999999	4419	2	49900032.0	8175150	680000	0.0	58755182.0	0.4426158432976517	False	0	25117054.65198148	0.18	25200000.0	True	420	38000000.0	0.0	13440000.0	3762	101757054.65198147	47.41791883937883	6.639237649464776	False	True
192	tailings_failure	4.8	1.4277930428956507	1.15	2.4	2.7472	178.0	1.9	2.1	0.9450938072912146	1.0	0.9999692274927662	True	14200000.0	False	1419432000.0	0.0	1419432000.0	2100	3.385347277462089	8.463368193655223	66.76657130550231	134.00332973287436	1.1114772181363533	6333	True	20880000	True	0	45.0	155.0	12.75	0.0	2.0088	0.5859	6833401.92	165.0	False	0.0	9.52	17821.44	356.42879999999997	0.34372165632	255	12.49499999999999	4419	2	49900032.0	8175150	680000	0.0	58755182.0	0.4426158432976517	False	0	25117054.65198148	0.18	25200000.0	True	420	38000000.0	0.0	13440000.0	3762	101757054.65198147	47.25469036456073	6.639237649464776	False	True
193	tailings_failure	4.8	1.4277930428956507	1.15	2.4	2.7563	178.0	1.9	2.1	0.9418404755444817	1.0	0.9999708904554002	True	14200000.0	False	1419432000.0	0.0	1419432000.0	2100	3.385347277462089	8.463368193655223	66.76657130550231	134.00332973287436	1.1114772181363533	6333	True	20880000	True	0	45.0	155.0	12.75	0.0	2.0088	0.5859	6833401.92	165.0	False	0.0	9.52	17821.44	356.42879999999997	0.34372165632	255	12.49499999999999	4419	2	49900032.0	8175150	680000	0.0	58755182.0	0.4426158432976517	False	0	25117054.65198148	0.18	25200000.0	True	420	38000000.0	0.0	13440000.0	3762	101757054.65198147	47.092023777224085	6.639237649464776	False	True
194	tailings_failure	4.8	1.4277930428956507	1.15	2.4	2.7654	178.0	1.9	2.1	0.9385983428632515	1.0	0.9999724635506503	True	14200000.0	False	1419432000.0	0.0	1419432000.0	2100	3.385347277462089	8.463368193655223	66.76657130550231	134.00332973287436	1.1114772181363533	6333	True	20880000	True	0	45.0	155.0	12.75	0.0	2.0088	0.5859	6833401.92	165.0	False	0.0	9.52	17821.44	356.42879999999997	0.34372165632	255	12.49499999999999	4419	2	49900032.0	8175150	680000	0.0	58755182.0	0.4426158432976517	False	0	25117054.65198148	0.18	25200000.0	True	420	38000000.0	0.0	13440000.0	3762	101757054.65198147	46.92991714316258	6.639237649464776	False	True
195	tailings_failure	4.8	1.4277930428956507	1.15	2.4	2.7745000000000006	178.0	1.9	2.1	0.9353673706965625	1.0	0.9999739516349976	True	14200000.0	False	1419432000.0	0.0	1419432000.0	2100	3.385347277462089	8.463368193655223	66.76657130550231	134.00332973287436	1.1114772181363533	6333	True	20880000	True	0	45.0	155.0	12.75	0.0	2.0088	0.5859	6833401.92	165.0	False	0.0	9.52	17821.44	356.42879999999997	0.34372165632	255	12.49499999999999	4419	2	49900032.0	8175150	680000	0.0	58755182.0	0.4426158432976517	False	0	25117054.65198148	0.18	25200000.0	True	420	38000000.0	0.0	13440000.0	3762	101757054.65198147	46.76836853482813	6.639237649464776	False	True
196	tailings_failure	4.8	1.4277930428956507	1.15	2.4	2.7836000000000007	178.0	1.9	2.1	0.9321475206261582	1.0	0.9999753593024764	True	14200000.0	False	1419432000.0	0.0	1419432000.0	2100	3.385347277462089	8.463368193655223	66.76657130550231	134.00332973287436	1.1114772181363533	6333	True	20880000	True	0	45.0	155.0	12.75	0.0	2.0088	0.5859	6833401.92	165.0	False	0.0	9.52	17821.44	356.42879999999997	0.34372165632	255	12.49499999999999	4419	2	49900032.0	8175150	680000	0.0	58755182.0	0.4426158432976517	False	0	25117054.65198148	0.18	25200000.0	True	420	38000000.0	0.0	13440000.0	3762	101757054.65198147	46.607376031307915	6.639237649464776	False	True
197	tailings_failure	4.8	1.4277930428956507	1.15	2.4	2.7927	178.0	1.9	2.1	0.9289387543660308	1.0	0.9999766908988571	True	14200000.0	False	1419432000.0	0.0	1419432000.0	2100	3.385347277462089	8.463368193655223	66.76657130550231	134.00332973287436	1.1114772181363533	6333	True	20880000	True	0	45.0	155.0	12.75	0.0	2.0088	0.5859	6833401.92	165.0	False	0.0	9.52	17821.44	356.42879999999997	0.34372165632	255	12.49499999999999	4419	2	49900032.0	8175150	680000	0.0	58755182.0	0.4426158432976517	False	0	25117054.65198148	0.18	25200000.0	True	420	38000000.0	0.0	13440000.0	3762	101757054.65198147	46.44693771830154	6.639237649464776	False	True
198	tailings_failure	4.8	1.4277930428956507	1.15	2.4	2.8018	178.0	1.9	2.1	0.9257410337619654	1.0	0.9999779505350621	True	14200000.0	False	1419432000.0	0.0	1419432000.0	2100	3.385347277462089	8.463368193655223	66.76657130550231	134.00332973287436	1.1114772181363533	6333	True	20880000	True	0	45.0	155.0	12.75	0.0	2.0088	0.5859	6833401.92	165.0	False	0.0	9.52	17821.44	356.42879999999997	0.34372165632	255	12.49499999999999	4419	2	49900032.0	8175150	680000	0.0	58755182.0	0.4426158432976517	False	0	25117054.65198148	0.18	25200000.0	True	420	38000000.0	0.0	13440000.0	3762	101757054.65198147	46.287051688098266	6.639237649464776	False	True
199	tailings_failure	4.8	1.4277930428956507	1.15	2.4	2.8109	178.0	1.9	2.1	0.9225543207910873	1.0	0.9999791420998577	True	14200000.0	False	1419432000.0	0.0	1419432000.0	2100	3.385347277462089	8.463368193655223	66.76657130550231	134.00332973287436	1.1114772181363533	6333	True	20880000	True	0	45.0	155.0	12.75	0.0	2.0088	0.5859	6833401.92	165.0	False	0.0	9.52	17821.44	356.42879999999997	0.34372165632	255	12.49499999999999	4419	2	49900032.0	8175150	680000	0.0	58755182.0	0.4426158432976517	False	0	25117054.65198148	0.18	25200000.0	True	420	38000000.0	0.0	13440000.0	3762	101757054.65198147	46.127716039554365	6.639237649464776	False	True
200	tailings_failure	4.8	1.4277930428956507	1.15	2.4	2.82	178.0	1.9	2.1	0.9193785775614097	1.0	0.9999802692718589	True	14200000.0	False	1419432000.0	0.0	1419432000.0	2100	3.385347277462089	8.463368193655223	66.76657130550231	134.00332973287436	1.1114772181363533	6333	True	20880000	True	0	45.0	155.0	12.75	0.0	2.0088	0.5859	6833401.92	165.0	False	0.0	9.52	17821.44	356.42879999999997	0.34372165632	255	12.49499999999999	4419	2	49900032.0	8175150	680000	0.0	58755182.0	0.4426158432976517	False	0	25117054.65198148	0.18	25200000.0	True	420	38000000.0	0.0	13440000.0	3762	101757054.65198147	45.968928878070486	6.639237649464776	False	True
201	tailings_failure	4.8	1.4277930428956507	1.15	2.4	2.8291000000000004	178.0	1.9	2.1	0.9162137663113817	1.0	0.9999813355308865	True	14200000.0	False	1419432000.0	0.0	1419432000.0	2100	3.385347277462089	8.463368193655223	66.76657130550231	134.00332973287436	1.1114772181363533	6333	True	20880000	True	0	45.0	155.0	12.75	0.0	2.0088	0.5859	6833401.92	165.0	False	0.0	9.52	17821.44	356.42879999999997	0.34372165632	255	12.49499999999999	4419	2	49900032.0	8175150	680000	0.0	58755182.0	0.4426158432976517	False	0	25117054.65198148	0.18	25200000.0	True	420	38000000.0	0.0	13440000.0	3762	101757054.65198147	45.81068831556909	6.639237649464776	False	True
202	tailings_failure	4.8	1.4277930428956507	1.15	2.4	2.8382000000000005	178.0	1.9	2.1	0.9130598494094418	1.0	0.9999823441687099	True	14200000.0	False	1419432000.0	0.0	1419432000.0	2100	3.385347277462089	8.463368193655223	66.76657130550231	134.00332973287436	1.1114772181363533	6333	True	20880000	True	0	45.0	155.0	12.75	0.0	2.0088	0.5859	6833401.92	165.0	False	0.0	9.52	17821.44	356.42879999999997	0.34372165632	255	12.49499999999999	4419	2	49900032.0	8175150	680000	0.0	58755182.0	0.4426158432976517	False	0	25117054.65198148	0.18	25200000.0	True	420	38000000.0	0.0	13440000.0	3762	101757054.65198147	45.65299247047209	6.639237649464776	False	True
203	tailings_failure	4.8	1.4277930428956507	1.15	2.4	2.8472999999999997	178.0	1.9	2.1	0.9099167893535678	1.0	0.9999832982992097	True	14200000.0	False	1419432000.0	0.0	1419432000.0	2100	3.385347277462089	8.463368193655223	66.76657130550231	134.00332973287436	1.1114772181363533	6333	True	20880000	True	0	45.0	155.0	12.75	0.0	2.0088	0.5859	6833401.92	165.0	False	0.0	9.52	17821.44	356.42879999999997	0.34372165632	255	12.49499999999999	4419	2	49900032.0	8175150	680000	0.0	58755182.0	0.4426158432976517	False	0	25117054.65198148	0.18	25200000.0	True	420	38000000.0	0.0	13440000.0	3762	101757054.65198147	45.49583946767839	6.639237649464776	False	True
204	tailings_failure	4.8	1.4277930428956507	1.15	2.4	2.8564000000000007	178.0	1.9	2.1	0.9067845487708323	1.0	0.9999842008679907	True	14200000.0	False	1419432000.0	0.0	1419432000.0	2100	3.385347277462089	8.463368193655223	66.76657130550231	134.00332973287436	1.1114772181363533	6333	True	20880000	True	0	45.0	155.0	12.75	0.0	2.0088	0.5859	6833401.92	165.0	False	0.0	9.52	17821.44	356.42879999999997	0.34372165632	255	12.49499999999999	4419	2	49900032.0	8175150	680000	0.0	58755182.0	0.4426158432976517	False	0	25117054.65198148	0.18	25200000.0	True	420	38000000.0	0.0	13440000.0	3762	101757054.65198147	45.33922743854161	6.639237649464776	False	True
205	tailings_failure	4.8	1.4277930428956507	1.15	2.4	2.8655	178.0	1.9	2.1	0.9036630904169588	1.0	0.9999850546614752	True	14200000.0	False	1419432000.0	0.0	1419432000.0	2100	3.385347277462089	8.463368193655223	66.76657130550231	134.00332973287436	1.1114772181363533	6333	True	20880000	True	0	45.0	155.0	12.75	0.0	2.0088	0.5859	6833401.92	165.0	False	0.0	9.52	17821.44	356.42879999999997	0.34372165632	255	12.49499999999999	4419	2	49900032.0	8175150	680000	0.0	58755182.0	0.4426158432976517	False	0	25117054.65198148	0.18	25200000.0	True	420	38000000.0	0.0	13440000.0	3762	101757054.65198147	45.18315452084794	6.639237649464776	False	True
206	tailings_failure	4.8	1.4277930428956507	1.15	2.4	2.8746	178.0	1.9	2.1	0.900552377175878	1.0	0.9999858623155065	True	14200000.0	False	1419432000.0	0.0	1419432000.0	2100	3.385347277462089	8.463368193655223	66.76657130550231	134.00332973287436	1.1114772181363533	6333	True	20880000	True	0	45.0	155.0	12.75	0.0	2.0088	0.5859	6833401.92	165.0	False	0.0	9.52	17821.44	356.42879999999997	0.34372165632	255	12.49499999999999	4419	2	49900032.0	8175150	680000	0.0	58755182.0	0.4426158432976517	False	0	25117054.65198148	0.18	25200000.0	True	420	38000000.0	0.0	13440000.0	3762	101757054.65198147	45.0276188587939	6.639237649464776	False	True
207	tailings_failure	4.8	1.4277930428956507	1.15	2.4	2.8837	178.0	1.9	2.1	0.8974523720592861	1.0	0.9999866263234849	True	14200000.0	False	1419432000.0	0.0	1419432000.0	2100	3.385347277462089	8.463368193655223	66.76657130550231	134.00332973287436	1.1114772181363533	6333	True	20880000	True	0	45.0	155.0	12.75	0.0	2.0088	0.5859	6833401.92	165.0	False	0.0	9.52	17821.44	356.42879999999997	0.34372165632	255	12.49499999999999	4419	2	49900032.0	8175150	680000	0.0	58755182.0	0.4426158432976517	False	0	25117054.65198148	0.18	25200000.0	True	420	38000000.0	0.0	13440000.0	3762	101757054.65198147	44.8726186029643	6.639237649464776	False	True
208	tailings_failure	4.8	1.4277930428956507	1.15	2.4	2.8928000000000003	178.0	1.9	2.1	0.8943630382062056	1.0	0.9999873490440665	True	14200000.0	False	1419432000.0	0.0	1419432000.0	2100	3.385347277462089	8.463368193655223	66.76657130550231	134.00332973287436	1.1114772181363533	6333	True	20880000	True	0	45.0	155.0	12.75	0.0	2.0088	0.5859	6833401.92	165.0	False	0.0	9.52	17821.44	356.42879999999997	0.34372165632	255	12.49499999999999	4419	2	49900032.0	8175150	680000	0.0	58755182.0	0.4426158432976517	False	0	25117054.65198148	0.18	25200000.0	True	420	38000000.0	0.0	13440000.0	3762	101757054.65198147	44.718151910310276	6.639237649464776	False	True
209	tailings_failure	4.8	1.4277930428956507	1.15	2.4	2.9019000000000004	178.0	1.9	2.1	0.8912843388825474	1.0	0.9999880327084439	True	14200000.0	False	1419432000.0	0.0	1419432000.0	2100	3.385347277462089	8.463368193655223	66.76657130550231	134.00332973287436	1.1114772181363533	6333	True	20880000	True	0	45.0	155.0	12.75	0.0	2.0088	0.5859	6833401.92	165.0	False	0.0	9.52	17821.44	356.42879999999997	0.34372165632	255	12.49499999999999	4419	2	49900032.0	8175150	680000	0.0	58755182.0	0.4426158432976517	False	0	25117054.65198148	0.18	25200000.0	True	420	38000000.0	0.0	13440000.0	3762	101757054.65198147	44.564216944127374	6.639237649464776	False	True
210	tailings_failure	4.8	1.4277930428956507	1.15	2.4	2.9110000000000005	178.0	1.9	2.1	0.8882162374806736	1.0	0.9999886794272353	True	14200000.0	False	1419432000.0	0.0	1419432000.0	2100	3.385347277462089	8.463368193655223	66.76657130550231	134.00332973287436	1.1114772181363533	6333	True	20880000	True	0	45.0	155.0	12.75	0.0	2.0088	0.5859	6833401.92	165.0	False	0.0	9.52	17821.44	356.42879999999997	0.34372165632	255	12.49499999999999	4419	2	49900032.0	8175150	680000	0.0	58755182.0	0.4426158432976517	False	0	25117054.65198148	0.18	25200000.0	True	420	38000000.0	0.0	13440000.0	3762	101757054.65198147	44.410811874033676	6.639237649464776	False	True
211	tailings_failure	4.8	1.4277930428956507	1.15	2.4	2.9200999999999997	178.0	1.9	2.1	0.8851586975189611	1.0	0.9999892911969999	True	14200000.0	False	1419432000.0	0.0	1419432000.0	2100	3.385347277462089	8.463368193655223	66.76657130550231	134.00332973287436	1.1114772181363533	6333	True	20880000	True	0	45.0	155.0	12.75	0.0	2.0088	0.5859	6833401.92	165.0	False	0.0	9.52	17821.44	356.42879999999997	0.34372165632	255	12.49499999999999	4419	2	49900032.0	8175150	680000	0.0	58755182.0	0.4426158432976517	False	0	25117054.65198148	0.18	25200000.0	True	420	38000000.0	0.0	13440000.0	3762	101757054.65198147	44.25793487594806	6.639237649464776	False	True
212	tailings_failure	4.8	1.4277930428956507	1.15	2.4	2.9292	178.0	1.9	2.1	0.8821116826413704	1.0	0.9999898699064014	True	14200000.0	False	1419432000.0	0.0	1419432000.0	2100	3.385347277462089	8.463368193655223	66.76657130550231	134.00332973287436	1.1114772181363533	6333	True	20880000	True	0	45.0	155.0	12.75	0.0	2.0088	0.5859	6833401.92	165.0	False	0.0	9.52	17821.44	356.42879999999997	0.34372165632	255	12.49499999999999	4419	2	49900032.0	8175150	680000	0.0	58755182.0	0.4426158432976517	False	0	25117054.65198148	0.18	25200000.0	True	420	38000000.0	0.0	13440000.0	3762	101757054.65198147	44.10558413206852	6.639237649464776	False	True
213	tailings_failure	4.8	1.4277930428956507	1.15	2.4	2.9383	178.0	1.9	2.1	0.8790751566170104	1.0	0.9999904173420394	True	14200000.0	False	1419432000.0	0.0	1419432000.0	2100	3.385347277462089	8.463368193655223	66.76657130550231	134.00332973287436	1.1114772181363533	6333	True	20880000	True	0	45.0	155.0	12.75	0.0	2.0088	0.5859	6833401.92	165.0	False	0.0	9.52	17821.44	356.42879999999997	0.34372165632	255	12.49499999999999	4419	2	49900032.0	8175150	680000	0.0	58755182.0	0.4426158432976517	False	0	25117054.65198148	0.18	25200000.0	True	420	38000000.0	0.0	13440000.0	3762	101757054.65198147	43.95375783085052	6.639237649464776	False	True
214	tailings_failure	4.8	1.4277930428956507	1.15	2.4	2.9474	178.0	1.9	2.1	0.8760490833397095	1.0	0.999990935193965	True	14200000.0	False	1419432000.0	0.0	1419432000.0	2100	3.385347277462089	8.463368193655223	66.76657130550231	134.00332973287436	1.1114772181363533	6333	True	20880000	True	0	45.0	155.0	12.75	0.0	2.0088	0.5859	6833401.92	165.0	False	0.0	9.52	17821.44	356.42879999999997	0.34372165632	255	12.49499999999999	4419	2	49900032.0	8175150	680000	0.0	58755182.0	0.4426158432976517	False	0	25117054.65198148	0.18	25200000.0	True	420	38000000.0	0.0	13440000.0	3762	101757054.65198147	43.80245416698548	6.639237649464776	False	True
215	tailings_failure	4.8	1.4277930428956507	1.15	2.4	2.9565	178.0	1.9	2.1	0.8730334268275858	1.0	0.9999914250608973	True	14200000.0	False	1419432000.0	0.0	1419432000.0	2100	3.385347277462089	8.463368193655223	66.76657130550231	134.00332973287436	1.1114772181363533	6333	True	20880000	True	0	45.0	155.0	12.75	0.0	2.0088	0.5859	6833401.92	165.0	False	0.0	9.52	17821.44	356.42879999999997	0.34372165632	255	12.49499999999999	4419	2	49900032.0	8175150	680000	0.0	58755182.0	0.4426158432976517	False	0	25117054.65198148	0.18	25200000.0	True	420	38000000.0	0.0	13440000.0	3762	101757054.65198147	43.65167134137929	6.639237649464776	False	True
216	tailings_failure	4.8	1.4277930428956507	1.15	2.4	2.9656000000000002	178.0	1.9	2.1	0.8700281512226192	1.0	0.9999918884551605	True	14200000.0	False	1419432000.0	0.0	1419432000.0	2100	3.385347277462089	8.463368193655223	66.76657130550231	134.00332973287436	1.1114772181363533	6333	True	20880000	True	0	45.0	155.0	12.75	0.0	2.0088	0.5859	6833401.92	165.0	False	0.0	9.52	17821.44	356.42879999999997	0.34372165632	255	12.49499999999999	4419	2	49900032.0	8175150	680000	0.0	58755182.0	0.4426158432976517	False	0	25117054.65198148	0.18	25200000.0	True	420	38000000.0	0.0	13440000.0	3762	101757054.65198147	43.50140756113096	6.639237649464776	False	True
217	tailings_failure	4.8	1.4277930428956507	1.15	2.4	2.9747000000000003	178.0	1.9	2.1	0.8670332207902247	1.0	0.9999923268073516	True	14200000.0	False	1419432000.0	0.0	1419432000.0	2100	3.385347277462089	8.463368193655223	66.76657130550231	134.00332973287436	1.1114772181363533	6333	True	20880000	True	0	45.0	155.0	12.75	0.0	2.0088	0.5859	6833401.92	165.0	False	0.0	9.52	17821.44	356.42879999999997	0.34372165632	255	12.49499999999999	4419	2	49900032.0	8175150	680000	0.0	58755182.0	0.4426158432976517	False	0	25117054.65198148	0.18	25200000.0	True	420	38000000.0	0.0	13440000.0	3762	101757054.65198147	43.351661039511235	6.639237649464776	False	True
218	tailings_failure	4.8	1.4277930428956507	1.15	2.4	2.9838	178.0	1.9	2.1	0.8640485999188282	1.0	0.9999927414707576	True	14200000.0	False	1419432000.0	0.0	1419432000.0	2100	3.385347277462089	8.463368193655223	66.76657130550231	134.00332973287436	1.1114772181363533	6333	True	20880000	True	0	45.0	155.0	12.75	0.0	2.0088	0.5859	6833401.92	165.0	False	0.0	9.52	17821.44	356.42879999999997	0.34372165632	255	12.49499999999999	4419	2	49900032.0	8175150	680000	0.0	58755182.0	0.4426158432976517	False	0	25117054.65198148	0.18	25200000.0	True	420	38000000.0	0.0	13440000.0	3762	101757054.65198147	43.20242999594141	6.639237649464776	False	True
219	tailings_failure	4.8	1.4277930428956507	1.15	2.4	2.9929000000000006	178.0	1.9	2.1	0.8610742531194421	1.0	0.9999931337255328	True	14200000.0	False	1419432000.0	0.0	1419432000.0	2100	3.385347277462089	8.463368193655223	66.76657130550231	134.00332973287436	1.1114772181363533	6333	True	20880000	True	0	45.0	155.0	12.75	0.0	2.0088	0.5859	6833401.92	165.0	False	0.0	9.52	17821.44	356.42879999999997	0.34372165632	255	12.49499999999999	4419	2	49900032.0	8175150	680000	0.0	58755182.0	0.4426158432976517	False	0	25117054.65198148	0.18	25200000.0	True	420	38000000.0	0.0	13440000.0	3762	101757054.65198147	43.053712655972106	6.639237649464776	False	True
220	tailings_failure	4.8	1.4277930428956507	1.15	2.4	3.0020000000000002	178.0	1.9	2.1	0.8581101450252443	1.0	0.9999935047826516	True	14200000.0	False	1419432000.0	0.0	1419432000.0	2100	3.385347277462089	8.463368193655223	66.76657130550231	134.00332973287436	1.1114772181363533	6333	True	20880000	True	0	45.0	155.0	12.75	0.0	2.0088	0.5859	6833401.92	165.0	False	0.0	9.52	17821.44	356.42879999999997	0.34372165632	255	12.49499999999999	4419	2	49900032.0	8175150	680000	0.0	58755182.0	0.4426158432976517	False	0	25117054.65198148	0.18	25200000.0	True	420	38000000.0	0.0	13440000.0	3762	101757054.65198147	42.905507251262215	6.639237649464776	False	True
221	tailings_failure	4.8	1.4277930428956507	1.15	2.4	3.0111	178.0	1.9	2.1	0.8551562403911575	1.0	0.9999938557876467	True	14200000.0	False	1419432000.0	0.0	1419432000.0	2100	3.385347277462089	8.463368193655223	66.76657130550231	134.00332973287436	1.1114772181363533	6333	True	20880000	True	0	45.0	155.0	12.75	0.0	2.0088	0.5859	6833401.92	165.0	False	0.0	9.52	17821.44	356.42879999999997	0.34372165632	255	12.49499999999999	4419	2	49900032.0	8175150	680000	0.0	58755182.0	0.4426158432976517	False	0	25117054.65198148	0.18	25200000.0	True	420	38000000.0	0.0	13440000.0	3762	101757054.65198147	42.757812019557875	6.639237649464776	False	True
222	tailings_failure	4.8	1.4277930428956507	1.15	2.4	3.0202	178.0	1.9	2.1	0.8522125040934293	1.0	0.9999941878241454	True	14200000.0	False	1419432000.0	0.0	1419432000.0	2100	3.385347277462089	8.463368193655223	66.76657130550231	134.00332973287436	1.1114772181363533	6333	True	20880000	True	0	45.0	155.0	12.75	0.0	2.0088	0.5859	6833401.92	165.0	False	0.0	9.52	17821.44	356.42879999999997	0.34372165632	255	12.49499999999999	4419	2	49900032.0	8175150	680000	0.0	58755182.0	0.4426158432976517	False	0	25117054.65198148	0.18	25200000.0	True	420	38000000.0	0.0	13440000.0	3762	101757054.65198147	42.610625204671464	6.639237649464776	False	True
223	tailings_failure	4.8	1.4277930428956507	1.15	2.4	3.0293	178.0	1.9	2.1	0.8492789011292149	1.0	0.9999945019172154	True	14200000.0	False	1419432000.0	0.0	1419432000.0	2100	3.385347277462089	8.463368193655223	66.76657130550231	134.00332973287436	1.1114772181363533	6333	True	20880000	True	0	45.0	155.0	12.75	0.0	2.0088	0.5859	6833401.92	165.0	False	0.0	9.52	17821.44	356.42879999999997	0.34372165632	255	12.49499999999999	4419	2	49900032.0	8175150	680000	0.0	58755182.0	0.4426158432976517	False	0	25117054.65198148	0.18	25200000.0	True	420	38000000.0	0.0	13440000.0	3762	101757054.65198147	42.463945056460744	6.639237649464776	False	True
224	tailings_failure	4.8	1.4277930428956507	1.15	2.4	3.0384000000000007	178.0	1.9	2.1	0.8463553966161621	1.0	0.9999947990365291	True	14200000.0	False	1419432000.0	0.0	1419432000.0	2100	3.385347277462089	8.463368193655223	66.76657130550231	134.00332973287436	1.1114772181363533	6333	True	20880000	True	0	45.0	155.0	12.75	0.0	2.0088	0.5859	6833401.92	165.0	False	0.0	9.52	17821.44	356.42879999999997	0.34372165632	255	12.49499999999999	4419	2	49900032.0	8175150	680000	0.0	58755182.0	0.4426158432976517	False	0	25117054.65198148	0.18	25200000.0	True	420	38000000.0	0.0	13440000.0	3762	101757054.65198147	42.3177698308081	6.639237649464776	False	True
225	tailings_failure	4.8	1.4277930428956507	1.15	2.4	3.0475000000000003	178.0	1.9	2.1	0.8434419557919943	1.0	0.9999950800993572	True	14200000.0	False	1419432000.0	0.0	1419432000.0	2100	3.385347277462089	8.463368193655223	66.76657130550231	134.00332973287436	1.1114772181363533	6333	True	20880000	True	0	45.0	155.0	12.75	0.0	2.0088	0.5859	6833401.92	165.0	False	0.0	9.52	17821.44	356.42879999999997	0.34372165632	255	12.49499999999999	4419	2	49900032.0	8175150	680000	0.0	58755182.0	0.4426158432976517	False	0	25117054.65198148	0.18	25200000.0	True	420	38000000.0	0.0	13440000.0	3762	101757054.65198147	42.17209778959972	6.639237649464776	False	True
226	tailings_failure	4.8	1.4277930428956507	1.15	2.4	3.0566	178.0	1.9	2.1	0.8405385440140997	1.0	0.9999953459734009	True	14200000.0	False	1419432000.0	0.0	1419432000.0	2100	3.385347277462089	8.463368193655223	66.76657130550231	134.00332973287436	1.1114772181363533	6333	True	20880000	True	0	45.0	155.0	12.75	0.0	2.0088	0.5859	6833401.92	165.0	False	0.0	9.52	17821.44	356.42879999999997	0.34372165632	255	12.49499999999999	4419	2	49900032.0	8175150	680000	0.0	58755182.0	0.4426158432976517	False	0	25117054.65198148	0.18	25200000.0	True	420	38000000.0	0.0	13440000.0	3762	101757054.65198147	42.02692720070498	6.639237649464776	False	True
227	tailings_failure	4.8	1.4277930428956507	1.15	2.4	3.0657000000000005	178.0	1.9	2.1	0.8376451267591167	1.0	0.99999559747947	True	14200000.0	False	1419432000.0	0.0	1419432000.0	2100	3.385347277462089	8.463368193655223	66.76657130550231	134.00332973287436	1.1114772181363533	6333	True	20880000	True	0	45.0	155.0	12.75	0.0	2.0088	0.5859	6833401.92	165.0	False	0.0	9.52	17821.44	356.42879999999997	0.34372165632	255	12.49499999999999	4419	2	49900032.0	8175150	680000	0.0	58755182.0	0.4426158432976517	False	0	25117054.65198148	0.18	25200000.0	True	420	38000000.0	0.0	13440000.0	3762	101757054.65198147	41.88225633795584	6.639237649464776	False	True
228	tailings_failure	4.8	1.4277930428956507	1.15	2.4	3.0748	178.0	1.9	2.1	0.834761669622526	1.0	0.9999958353940176	True	14200000.0	False	1419432000.0	0.0	1419432000.0	2100	3.385347277462089	8.463368193655223	66.76657130550231	134.00332973287436	1.1114772181363533	6333	True	20880000	True	0	45.0	155.0	12.75	0.0	2.0088	0.5859	6833401.92	165.0	False	0.0	9.52	17821.44	356.42879999999997	0.34372165632	255	12.49499999999999	4419	2	49900032.0	8175150	680000	0.0	58755182.0	0.4426158432976517	False	0	25117054.65198148	0.18	25200000.0	True	420	38000000.0	0.0	13440000.0	3762	101757054.65198147	41.738083481126296	6.639237649464776	False	True
229	tailings_failure	4.8	1.4277930428956507	1.15	2.4	3.0839	178.0	1.9	2.1	0.8318881383182393	1.0	0.9999960604515367	True	14200000.0	False	1419432000.0	0.0	1419432000.0	2100	3.385347277462089	8.463368193655223	66.76657130550231	134.00332973287436	1.1114772181363533	6333	True	20880000	True	0	45.0	155.0	12.75	0.0	2.0088	0.5859	6833401.92	165.0	False	0.0	9.52	17821.44	356.42879999999997	0.34372165632	255	12.49499999999999	4419	2	49900032.0	8175150	680000	0.0	58755182.0	0.4426158432976517	False	0	25117054.65198148	0.18	25200000.0	True	420	38000000.0	0.0	13440000.0	3762	101757054.65198147	41.59440691591196	6.639237649464776	False	True
230	tailings_failure	4.8	1.4277930428956507	1.15	2.4	3.0930000000000004	178.0	1.9	2.1	0.8290244986781928	1.0	0.999996273346828	True	14200000.0	False	1419432000.0	0.0	1419432000.0	2100	3.385347277462089	8.463368193655223	66.76657130550231	134.00332973287436	1.1114772181363533	6333	True	20880000	True	0	45.0	155.0	12.75	0.0	2.0088	0.5859	6833401.92	165.0	False	0.0	9.52	17821.44	356.42879999999997	0.34372165632	255	12.49499999999999	4419	2	49900032.0	8175150	680000	0.0	58755182.0	0.4426158432976517	False	0	25117054.65198148	0.18	25200000.0	True	420	38000000.0	0.0	13440000.0	3762	101757054.65198147	41.45122493390964	6.639237649464776	False	True
231	tailings_failure	4.8	1.4277930428956507	1.15	2.4	3.1021	178.0	1.9	2.1	0.8261707166519414	1.0	0.9999964747371446	True	14200000.0	False	1419432000.0	0.0	1419432000.0	2100	3.385347277462089	8.463368193655223	66.76657130550231	134.00332973287436	1.1114772181363533	6333	True	20880000	True	0	45.0	155.0	12.75	0.0	2.0088	0.5859	6833401.92	165.0	False	0.0	9.52	17821.44	356.42879999999997	0.34372165632	255	12.49499999999999	4419	2	49900032.0	8175150	680000	0.0	58755182.0	0.4426158432976517	False	0	25117054.65198148	0.18	25200000.0	True	420	38000000.0	0.0	13440000.0	3762	101757054.65198147	41.30853583259707	6.639237649464776	False	True
232	tailings_failure	4.8	1.4277930428956507	1.15	2.4	3.1111999999999997	178.0	1.9	2.1	0.8233267583062523	1.0	0.9999966652442215	True	14200000.0	False	1419432000.0	0.0	1419432000.0	2100	3.385347277462089	8.463368193655223	66.76657130550231	134.00332973287436	1.1114772181363533	6333	True	20880000	True	0	45.0	155.0	12.75	0.0	2.0088	0.5859	6833401.92	165.0	False	0.0	9.52	17821.44	356.42879999999997	0.34372165632	255	12.49499999999999	4419	2	49900032.0	8175150	680000	0.0	58755182.0	0.4426158432976517	False	0	25117054.65198148	0.18	25200000.0	True	420	38000000.0	0.0	13440000.0	3762	101757054.65198147	41.16633791531262	6.639237649464776	False	True
233	tailings_failure	4.8	1.4277930428956507	1.15	2.4	3.1203000000000003	178.0	1.9	2.1	0.8204925898247025	1.0	0.9999968454561948	True	14200000.0	False	1419432000.0	0.0	1419432000.0	2100	3.385347277462089	8.463368193655223	66.76657130550231	134.00332973287436	1.1114772181363533	6333	True	20880000	True	0	45.0	155.0	12.75	0.0	2.0088	0.5859	6833401.92	165.0	False	0.0	9.52	17821.44	356.42879999999997	0.34372165632	255	12.49499999999999	4419	2	49900032.0	8175150	680000	0.0	58755182.0	0.4426158432976517	False	0	25117054.65198148	0.18	25200000.0	True	420	38000000.0	0.0	13440000.0	3762	101757054.65198147	41.024629491235125	6.639237649464776	False	True
234	tailings_failure	4.8	1.4277930428956507	1.15	2.4	3.1294000000000004	178.0	1.9	2.1	0.8176681775072772	1.0	0.9999970159294174	True	14200000.0	False	1419432000.0	0.0	1419432000.0	2100	3.385347277462089	8.463368193655223	66.76657130550231	134.00332973287436	1.1114772181363533	6333	True	20880000	True	0	45.0	155.0	12.75	0.0	2.0088	0.5859	6833401.92	165.0	False	0.0	9.52	17821.44	356.42879999999997	0.34372165632	255	12.49499999999999	4419	2	49900032.0	8175150	680000	0.0	58755182.0	0.4426158432976517	False	0	25117054.65198148	0.18	25200000.0	True	420	38000000.0	0.0	13440000.0	3762	101757054.65198147	40.883408875363855	6.639237649464776	False	True
235	tailings_failure	4.8	1.4277930428956507	1.15	2.4	3.1385000000000005	178.0	1.9	2.1	0.814853487769967	1.0	0.9999971771901766	True	14200000.0	False	1419432000.0	0.0	1419432000.0	2100	3.385347277462089	8.463368193655223	66.76657130550231	134.00332973287436	1.1114772181363533	6333	True	20880000	True	0	45.0	155.0	12.75	0.0	2.0088	0.5859	6833401.92	165.0	False	0.0	9.52	17821.44	356.42879999999997	0.34372165632	255	12.49499999999999	4419	2	49900032.0	8175150	680000	0.0	58755182.0	0.4426158432976517	False	0	25117054.65198148	0.18	25200000.0	True	420	38000000.0	0.0	13440000.0	3762	101757054.65198147	40.74267438849835	6.639237649464776	False	True
236	tailings_failure	4.8	1.4277930428956507	1.15	2.4	3.1476	178.0	1.9	2.1	0.8120484871443717	1.0	0.9999973297363186	True	14200000.0	False	1419432000.0	0.0	1419432000.0	2100	3.385347277462089	8.463368193655223	66.76657130550231	134.00332973287436	1.1114772181363533	6333	True	20880000	True	0	45.0	155.0	12.75	0.0	2.0088	0.5859	6833401.92	165.0	False	0.0	9.52	17821.44	356.42879999999997	0.34372165632	255	12.49499999999999	4419	2	49900032.0	8175150	680000	0.0	58755182.0	0.4426158432976517	False	0	25117054.65198148	0.18	25200000.0	True	420	38000000.0	0.0	13440000.0	3762	101757054.65198147	40.60242435721859	6.639237649464776	False	True
237	tailings_failure	4.8	1.4277930428956507	1.15	2.4	3.1567000000000003	178.0	1.9	2.1	0.8092531422772993	1.0	0.999997474038786	True	14200000.0	False	1419432000.0	0.0	1419432000.0	2100	3.385347277462089	8.463368193655223	66.76657130550231	134.00332973287436	1.1114772181363533	6333	True	20880000	True	0	45.0	155.0	12.75	0.0	2.0088	0.5859	6833401.92	165.0	False	0.0	9.52	17821.44	356.42879999999997	0.34372165632	255	12.49499999999999	4419	2	49900032.0	8175150	680000	0.0	58755182.0	0.4426158432976517	False	0	25117054.65198148	0.18	25200000.0	True	420	38000000.0	0.0	13440000.0	3762	101757054.65198147	40.462657113864964	6.639237649464776	False	True
238	tailings_failure	4.8	1.4277930428956507	1.15	2.4	3.1658000000000004	178.0	1.9	2.1	0.8064674199303714	1.0	0.9999976105430716	True	14200000.0	False	1419432000.0	0.0	1419432000.0	2100	3.385347277462089	8.463368193655223	66.76657130550231	134.00332973287436	1.1114772181363533	6333	True	20880000	True	0	45.0	155.0	12.75	0.0	2.0088	0.5859	6833401.92	165.0	False	0.0	9.52	17821.44	356.42879999999997	0.34372165632	255	12.49499999999999	4419	2	49900032.0	8175150	680000	0.0	58755182.0	0.4426158432976517	False	0	25117054.65198148	0.18	25200000.0	True	420	38000000.0	0.0	13440000.0	3762	101757054.65198147	40.32337099651857	6.639237649464776	False	True
239	tailings_failure	4.8	1.4277930428956507	1.15	2.4	3.1749	178.0	1.9	2.1	0.8036912869796273	1.0	0.999997739670593	True	14200000.0	False	1419432000.0	0.0	1419432000.0	2100	3.385347277462089	8.463368193655223	66.76657130550231	134.00332973287436	1.1114772181363533	6333	True	20880000	True	0	45.0	155.0	12.75	0.0	2.0088	0.5859	6833401.92	165.0	False	0.0	9.52	17821.44	356.42879999999997	0.34372165632	255	12.49499999999999	4419	2	49900032.0	8175150	680000	0.0	58755182.0	0.4426158432976517	False	0	25117054.65198148	0.18	25200000.0	True	420	38000000.0	0.0	13440000.0	3762	101757054.65198147	40.18456434898137	6.639237649464776	False	True
240	tailings_failure	4.8	1.4277930428956507	1.15	2.4	3.184	178.0	1.9	2.1	0.8009247104151299	1.0	0.9999978618199946	True	14200000.0	False	1419432000.0	0.0	1419432000.0	2100	3.385347277462089	8.463368193655223	66.76657130550231	134.00332973287436	1.1114772181363533	6333	True	20880000	True	0	45.0	155.0	12.75	0.0	2.0088	0.5859	6833401.92	165.0	False	0.0	9.52	17821.44	356.42879999999997	0.34372165632	255	12.49499999999999	4419	2	49900032.0	8175150	680000	0.0	58755182.0	0.4426158432976517	False	0	25117054.65198148	0.18	25200000.0	True	420	38000000.0	0.0	13440000.0	3762	101757054.65198147	40.0462355207565	6.639237649464776	False	True
241	tailings_failure	4.8	1.4277930428956507	1.15	2.4	3.1931000000000003	178.0	1.9	2.1	0.7981676573405733	1.0	0.9999979773683777	True	14200000.0	False	1419432000.0	0.0	1419432000.0	2100	3.385347277462089	8.463368193655223	66.76657130550231	134.00332973287436	1.1114772181363533	6333	True	20880000	True	0	45.0	155.0	12.75	0.0	2.0088	0.5859	6833401.92	165.0	False	0.0	9.52	17821.44	356.42879999999997	0.34372165632	255	12.49499999999999	4419	2	49900032.0	8175150	680000	0.0	58755182.0	0.4426158432976517	False	0	25117054.65198148	0.18	25200000.0	True	420	38000000.0	0.0	13440000.0	3762	101757054.65198147	39.908382867028664	6.639237649464776	False	True
242	tailings_failure	4.8	1.4277930428956507	1.15	2.4	3.2022000000000004	178.0	1.9	2.1	0.7954200949728925	1.0	0.9999980866724647	True	14200000.0	False	1419432000.0	0.0	1419432000.0	2100	3.385347277462089	8.463368193655223	66.76657130550231	134.00332973287436	1.1114772181363533	6333	True	20880000	True	0	45.0	155.0	12.75	0.0	2.0088	0.5859	6833401.92	165.0	False	0.0	9.52	17821.44	356.42879999999997	0.34372165632	255	12.49499999999999	4419	2	49900032.0	8175150	680000	0.0	58755182.0	0.4426158432976517	False	0	25117054.65198148	0.18	25200000.0	True	420	38000000.0	0.0	13440000.0	3762	101757054.65198147	39.77100474864462	6.639237649464776	False	True
243	tailings_failure	4.8	1.4277930428956507	1.15	2.4	3.2113000000000005	178.0	1.9	2.1	0.7926819906418718	1.0	0.9999981900697009	True	14200000.0	False	1419432000.0	0.0	1419432000.0	2100	3.385347277462089	8.463368193655223	66.76657130550231	134.00332973287436	1.1114772181363533	6333	True	20880000	True	0	45.0	155.0	12.75	0.0	2.0088	0.5859	6833401.92	165.0	False	0.0	9.52	17821.44	356.42879999999997	0.34372165632	255	12.49499999999999	4419	2	49900032.0	8175150	680000	0.0	58755182.0	0.4426158432976517	False	0	25117054.65198148	0.18	25200000.0	True	420	38000000.0	0.0	13440000.0	3762	101757054.65198147	39.63409953209359	6.639237649464776	False	True
244	tailings_failure	4.8	1.4277930428956507	1.15	2.4	3.2204	178.0	1.9	2.1	0.7899533117897587	1.0	0.9999982878792956	True	14200000.0	False	1419432000.0	0.0	1419432000.0	2100	3.385347277462089	8.463368193655223	66.76657130550231	134.00332973287436	1.1114772181363533	6333	True	20880000	True	0	45.0	155.0	12.75	0.0	2.0088	0.5859	6833401.92	165.0	False	0.0	9.52	17821.44	356.42879999999997	0.34372165632	255	12.49499999999999	4419	2	49900032.0	8175150	680000	0.0	58755182.0	0.4426158432976517	False	0	25117054.65198148	0.18	25200000.0	True	420	38000000.0	0.0	13440000.0	3762	101757054.65198147	39.49766558948794	6.639237649464776	False	True
245	tailings_failure	4.8	1.4277930428956507	1.15	2.4	3.2295000000000003	178.0	1.9	2.1	0.7872340259708741	1.0	0.9999983804032077	True	14200000.0	False	1419432000.0	0.0	1419432000.0	2100	3.385347277462089	8.463368193655223	66.76657130550231	134.00332973287436	1.1114772181363533	6333	True	20880000	True	0	45.0	155.0	12.75	0.0	2.0088	0.5859	6833401.92	165.0	False	0.0	9.52	17821.44	356.42879999999997	0.34372165632	255	12.49499999999999	4419	2	49900032.0	8175150	680000	0.0	58755182.0	0.4426158432976517	False	0	25117054.65198148	0.18	25200000.0	True	420	38000000.0	0.0	13440000.0	3762	101757054.65198147	39.36170129854371	6.639237649464776	False	True
246	tailings_failure	4.8	1.4277930428956507	1.15	2.4	3.2386000000000004	178.0	1.9	2.1	0.784524100851229	1.0	0.9999984679270785	True	14200000.0	False	1419432000.0	0.0	1419432000.0	2100	3.385347277462089	8.463368193655223	66.76657130550231	134.00332973287436	1.1114772181363533	6333	True	20880000	True	0	45.0	155.0	12.75	0.0	2.0088	0.5859	6833401.92	165.0	False	0.0	9.52	17821.44	356.42879999999997	0.34372165632	255	12.49499999999999	4419	2	49900032.0	8175150	680000	0.0	58755182.0	0.4426158432976517	False	0	25117054.65198148	0.18	25200000.0	True	420	38000000.0	0.0	13440000.0	3762	101757054.65198147	39.22620504256145	6.639237649464776	False	True
247	tailings_failure	4.8	1.4277930428956507	1.15	2.4	3.2477	178.0	1.9	2.1	0.7818235042081382	1.0	0.9999985507211129	True	14200000.0	False	1419432000.0	0.0	1419432000.0	2100	3.385347277462089	8.463368193655223	66.76657130550231	134.00332973287436	1.1114772181363533	6333	True	20880000	True	0	45.0	155.0	12.75	0.0	2.0088	0.5859	6833401.92	165.0	False	0.0	9.52	17821.44	356.42879999999997	0.34372165632	255	12.49499999999999	4419	2	49900032.0	8175150	680000	0.0	58755182.0	0.4426158432976517	False	0	25117054.65198148	0.18	25200000.0	True	420	38000000.0	0.0	13440000.0	3762	101757054.65198147	39.09117521040691	6.639237649464776	False	True
248	tailings_failure	4.8	1.4277930428956507	1.15	2.4	3.2568	178.0	1.9	2.1	0.7791322039298383	1.0	0.9999986290409136	True	14200000.0	False	1419432000.0	0.0	1419432000.0	2100	3.385347277462089	8.463368193655223	66.76657130550231	134.00332973287436	1.1114772181363533	6333	True	20880000	True	0	45.0	155.0	12.75	0.0	2.0088	0.5859	6833401.92	165.0	False	0.0	9.52	17821.44	356.42879999999997	0.34372165632	255	12.49499999999999	4419	2	49900032.0	8175150	680000	0.0	58755182.0	0.4426158432976517	False	0	25117054.65198148	0.18	25200000.0	True	420	38000000.0	0.0	13440000.0	3762	101757054.65198147	38.956610196491916	6.639237649464776	False	True
249	tailings_failure	4.8	1.4277930428956507	1.15	2.4	3.2659000000000002	178.0	1.9	2.1	0.7764501680151049	1.0	0.9999987031282708	True	14200000.0	False	1419432000.0	0.0	1419432000.0	2100	3.385347277462089	8.463368193655223	66.76657130550231	134.00332973287436	1.1114772181363533	6333	True	20880000	True	0	45.0	155.0	12.75	0.0	2.0088	0.5859	6833401.92	165.0	False	0.0	9.52	17821.44	356.42879999999997	0.34372165632	255	12.49499999999999	4419	2	49900032.0	8175150	680000	0.0	58755182.0	0.4426158432976517	False	0	25117054.65198148	0.18	25200000.0	True	420	38000000.0	0.0	13440000.0	3762	101757054.65198147	38.82250840075525	6.639237649464776	False	True
250	tailings_failure	4.8	1.4277930428956507	1.15	2.4	3.275	178.0	1.9	2.1	0.7737773645728733	1.0	0.9999987732119078	True	14200000.0	False	1419432000.0	0.0	1419432000.0	2100	3.385347277462089	8.463368193655223	66.76657130550231	134.00332973287436	1.1114772181363533	6333	True	20880000	True	0	45.0	155.0	12.75	0.0	2.0088	0.5859	6833401.92	165.0	False	0.0	9.52	17821.44	356.42879999999997	0.34372165632	255	12.49499999999999	4419	2	49900032.0	8175150	680000	0.0	58755182.0	0.4426158432976517	False	0	25117054.65198148	0.18	25200000.0	True	420	38000000.0	0.0	13440000.0	3762	101757054.65198147	38.68886822864366	6.639237649464776	False	True
251	tailings_failure	4.8	1.4277930428956507	1.15	2.4	3.2841	178.0	1.9	2.1	0.7711137618218581	1.0	0.9999988395081878	True	14200000.0	False	1419432000.0	0.0	1419432000.0	2100	3.385347277462089	8.463368193655223	66.76657130550231	134.00332973287436	1.1114772181363533	6333	True	20880000	True	0	45.0	155.0	12.75	0.0	2.0088	0.5859	6833401.92	165.0	False	0.0	9.52	17821.44	356.42879999999997	0.34372165632	255	12.49499999999999	4419	2	49900032.0	8175150	680000	0.0	58755182.0	0.4426158432976517	False	0	25117054.65198148	0.18	25200000.0	True	420	38000000.0	0.0	13440000.0	3762	101757054.65198147	38.555688091092904	6.639237649464776	False	True
252	tailings_failure	4.8	1.4277930428956507	1.15	2.4	3.2932000000000006	178.0	1.9	2.1	0.7684593280901758	1.0	0.9999989022217817	True	14200000.0	False	1419432000.0	0.0	1419432000.0	2100	3.385347277462089	8.463368193655223	66.76657130550231	134.00332973287436	1.1114772181363533	6333	True	20880000	True	0	45.0	155.0	12.75	0.0	2.0088	0.5859	6833401.92	165.0	False	0.0	9.52	17821.44	356.42879999999997	0.34372165632	255	12.49499999999999	4419	2	49900032.0	8175150	680000	0.0	58755182.0	0.4426158432976517	False	0	25117054.65198148	0.18	25200000.0	True	420	38000000.0	0.0	13440000.0	3762	101757054.65198147	38.42296640450879	6.639237649464776	False	True
253	tailings_failure	4.8	1.4277930428956507	1.15	2.4	3.3023000000000002	178.0	1.9	2.1	0.7658140318149684	1.0	0.9999989615462996	True	14200000.0	False	1419432000.0	0.0	1419432000.0	2100	3.385347277462089	8.463368193655223	66.76657130550231	134.00332973287436	1.1114772181363533	6333	True	20880000	True	0	45.0	155.0	12.75	0.0	2.0088	0.5859	6833401.92	165.0	False	0.0	9.52	17821.44	356.42879999999997	0.34372165632	255	12.49499999999999	4419	2	49900032.0	8175150	680000	0.0	58755182.0	0.4426158432976517	False	0	25117054.65198148	0.18	25200000.0	True	420	38000000.0	0.0	13440000.0	3762	101757054.65198147	38.29070159074842	6.639237649464776	False	True
254	tailings_failure	4.8	1.4277930428956507	1.15	2.4	3.3114000000000003	178.0	1.9	2.1	0.7631778415420282	1.0	0.9999990176648891	True	14200000.0	False	1419432000.0	0.0	1419432000.0	2100	3.385347277462089	8.463368193655223	66.76657130550231	134.00332973287436	1.1114772181363533	6333	True	20880000	True	0	45.0	155.0	12.75	0.0	2.0088	0.5859	6833401.92	165.0	False	0.0	9.52	17821.44	356.42879999999997	0.34372165632	255	12.49499999999999	4419	2	49900032.0	8175150	680000	0.0	58755182.0	0.4426158432976517	False	0	25117054.65198148	0.18	25200000.0	True	420	38000000.0	0.0	13440000.0	3762	101757054.65198147	38.158892077101406	6.639237649464776	False	True
255	tailings_failure	4.8	1.4277930428956507	1.15	2.4	3.3205000000000005	178.0	1.9	2.1	0.7605507259254226	1.0	0.9999990707508002	True	14200000.0	False	1419432000.0	0.0	1419432000.0	2100	3.385347277462089	8.463368193655223	66.76657130550231	134.00332973287436	1.1114772181363533	6333	True	20880000	True	0	45.0	155.0	12.75	0.0	2.0088	0.5859	6833401.92	165.0	False	0.0	9.52	17821.44	356.42879999999997	0.34372165632	255	12.49499999999999	4419	2	49900032.0	8175150	680000	0.0	58755182.0	0.4426158432976517	False	0	25117054.65198148	0.18	25200000.0	True	420	38000000.0	0.0	13440000.0	3762	101757054.65198147	38.02753629627113	6.639237649464776	False	True
256	tailings_failure	4.8	1.4277930428956507	1.15	2.4	3.3296	178.0	1.9	2.1	0.7579326537271233	1.0	0.9999991209679204	True	14200000.0	False	1419432000.0	0.0	1419432000.0	2100	3.385347277462089	8.463368193655223	66.76657130550231	134.00332973287436	1.1114772181363533	6333	True	20880000	True	0	45.0	155.0	12.75	0.0	2.0088	0.5859	6833401.92	165.0	False	0.0	9.52	17821.44	356.42879999999997	0.34372165632	255	12.49499999999999	4419	2	49900032.0	8175150	680000	0.0	58755182.0	0.4426158432976517	False	0	25117054.65198148	0.18	25200000.0	True	420	38000000.0	0.0	13440000.0	3762	101757054.65198147	37.89663268635616	6.639237649464776	False	True
257	tailings_failure	4.8	1.4277930428956507	1.15	2.4	3.3387000000000002	178.0	1.9	2.1	0.7553235938166328	1.0	0.9999991684712809	True	14200000.0	False	1419432000.0	0.0	1419432000.0	2100	3.385347277462089	8.463368193655223	66.76657130550231	134.00332973287436	1.1114772181363533	6333	True	20880000	True	0	45.0	155.0	12.75	0.0	2.0088	0.5859	6833401.92	165.0	False	0.0	9.52	17821.44	356.42879999999997	0.34372165632	255	12.49499999999999	4419	2	49900032.0	8175150	680000	0.0	58755182.0	0.4426158432976517	False	0	25117054.65198148	0.18	25200000.0	True	420	38000000.0	0.0	13440000.0	3762	101757054.65198147	37.76617969083164	6.639237649464776	False	True
258	tailings_failure	4.8	1.4277930428956507	1.15	2.4	3.3478000000000003	178.0	1.9	2.1	0.7527235151706166	1.0	0.9999992134075345	True	14200000.0	False	1419432000.0	0.0	1419432000.0	2100	3.385347277462089	8.463368193655223	66.76657130550231	134.00332973287436	1.1114772181363533	6333	True	20880000	True	0	45.0	155.0	12.75	0.0	2.0088	0.5859	6833401.92	165.0	False	0.0	9.52	17821.44	356.42879999999997	0.34372165632	255	12.49499999999999	4419	2	49900032.0	8175150	680000	0.0	58755182.0	0.4426158432976517	False	0	25117054.65198148	0.18	25200000.0	True	420	38000000.0	0.0	13440000.0	3762	101757054.65198147	37.63617575853083	6.639237649464776	False	True
259	tailings_failure	4.8	1.4277930428956507	1.15	2.4	3.3569	178.0	1.9	2.1	0.7501323868725319	1.0	0.9999992559154091	True	14200000.0	False	1419432000.0	0.0	1419432000.0	2100	3.385347277462089	8.463368193655223	66.76657130550231	134.00332973287436	1.1114772181363533	6333	True	20880000	True	0	45.0	155.0	12.75	0.0	2.0088	0.5859	6833401.92	165.0	False	0.0	9.52	17821.44	356.42879999999997	0.34372165632	255	12.49499999999999	4419	2	49900032.0	8175150	680000	0.0	58755182.0	0.4426158432976517	False	0	25117054.65198148	0.18	25200000.0	True	420	38000000.0	0.0	13440000.0	3762	101757054.65198147	37.506619343626596	6.639237649464776	False	True
260	tailings_failure	4.8	1.4277930428956507	1.15	2.4	3.366	178.0	1.9	2.1	0.747550178112261	1.0	0.9999992961261356	True	14200000.0	False	1419432000.0	0.0	1419432000.0	2100	3.385347277462089	8.463368193655223	66.76657130550231	134.00332973287436	1.1114772181363533	6333	True	20880000	True	0	45.0	155.0	12.75	0.0	2.0088	0.5859	6833401.92	165.0	False	0.0	9.52	17821.44	356.42879999999997	0.34372165632	255	12.49499999999999	4419	2	49900032.0	8175150	680000	0.0	58755182.0	0.4426158432976517	False	0	25117054.65198148	0.18	25200000.0	True	420	38000000.0	0.0	13440000.0	3762	101757054.65198147	37.37750890561305	6.639237649464776	False	True
261	tailings_failure	4.8	1.4277930428956507	1.15	2.4	3.3751	178.0	1.9	2.1	0.7449768581857458	1.0	0.999999334163853	True	14200000.0	False	1419432000.0	0.0	1419432000.0	2100	3.385347277462089	8.463368193655223	66.76657130550231	134.00332973287436	1.1114772181363533	6333	True	20880000	True	0	45.0	155.0	12.75	0.0	2.0088	0.5859	6833401.92	165.0	False	0.0	9.52	17821.44	356.42879999999997	0.34372165632	255	12.49499999999999	4419	2	49900032.0	8175150	680000	0.0	58755182.0	0.4426158432976517	False	0	25117054.65198148	0.18	25200000.0	True	420	38000000.0	0.0	13440000.0	3762	101757054.65198147	37.24884290928729	6.639237649464776	False	True
262	tailings_failure	4.8	1.4277930428956507	1.15	2.4	3.3842000000000003	178.0	1.9	2.1	0.7424123964946215	1.0	0.999999370145992	True	14200000.0	False	1419432000.0	0.0	1419432000.0	2100	3.385347277462089	8.463368193655223	66.76657130550231	134.00332973287436	1.1114772181363533	6333	True	20880000	True	0	45.0	155.0	12.75	0.0	2.0088	0.5859	6833401.92	165.0	False	0.0	9.52	17821.44	356.42879999999997	0.34372165632	255	12.49499999999999	4419	2	49900032.0	8175150	680000	0.0	58755182.0	0.4426158432976517	False	0	25117054.65198148	0.18	25200000.0	True	420	38000000.0	0.0	13440000.0	3762	101757054.65198147	37.12061982473108	6.639237649464776	False	True
263	tailings_failure	4.8	1.4277930428956507	1.15	2.4	3.3933000000000004	178.0	1.9	2.1	0.7398567625458532	1.0	0.9999994041836371	True	14200000.0	False	1419432000.0	0.0	1419432000.0	2100	3.385347277462089	8.463368193655223	66.76657130550231	134.00332973287436	1.1114772181363533	6333	True	20880000	True	0	45.0	155.0	12.75	0.0	2.0088	0.5859	6833401.92	165.0	False	0.0	9.52	17821.44	356.42879999999997	0.34372165632	255	12.49499999999999	4419	2	49900032.0	8175150	680000	0.0	58755182.0	0.4426158432976517	False	0	25117054.65198148	0.18	25200000.0	True	420	38000000.0	0.0	13440000.0	3762	101757054.65198147	36.99283812729266	6.639237649464776	False	True
264	tailings_failure	4.8	1.4277930428956507	1.15	2.4	3.4024	178.0	1.9	2.1	0.7373099259513733	1.0	0.9999994363818698	True	14200000.0	False	1419432000.0	0.0	1419432000.0	2100	3.385347277462089	8.463368193655223	66.76657130550231	134.00332973287436	1.1114772181363533	6333	True	20880000	True	0	45.0	155.0	12.75	0.0	2.0088	0.5859	6833401.92	165.0	False	0.0	9.52	17821.44	356.42879999999997	0.34372165632	255	12.49499999999999	4419	2	49900032.0	8175150	680000	0.0	58755182.0	0.4426158432976517	False	0	25117054.65198148	0.18	25200000.0	True	420	38000000.0	0.0	13440000.0	3762	101757054.65198147	36.86549629756867	6.639237649464776	False	True
265	tailings_failure	4.8	1.4277930428956507	1.15	2.4	3.4115	178.0	1.9	2.1	0.7347718564277205	1.0	0.9999994668400929	True	14200000.0	False	1419432000.0	0.0	1419432000.0	2100	3.385347277462089	8.463368193655223	66.76657130550231	134.00332973287436	1.1114772181363533	6333	True	20880000	True	0	45.0	155.0	12.75	0.0	2.0088	0.5859	6833401.92	165.0	False	0.0	9.52	17821.44	356.42879999999997	0.34372165632	255	12.49499999999999	4419	2	49900032.0	8175150	680000	0.0	58755182.0	0.4426158432976517	False	0	25117054.65198148	0.18	25200000.0	True	420	38000000.0	0.0	13440000.0	3762	101757054.65198147	36.73859282138602	6.639237649464776	False	True
266	tailings_failure	4.8	1.4277930428956507	1.15	2.4	3.4206000000000003	178.0	1.9	2.1	0.7322425237956786	1.0	0.9999994956523375	True	14200000.0	False	1419432000.0	0.0	1419432000.0	2100	3.385347277462089	8.463368193655223	66.76657130550231	134.00332973287436	1.1114772181363533	6333	True	20880000	True	0	45.0	155.0	12.75	0.0	2.0088	0.5859	6833401.92	165.0	False	0.0	9.52	17821.44	356.42879999999997	0.34372165632	255	12.49499999999999	4419	2	49900032.0	8175150	680000	0.0	58755182.0	0.4426158432976517	False	0	25117054.65198148	0.18	25200000.0	True	420	38000000.0	0.0	13440000.0	3762	101757054.65198147	36.61212618978393	6.639237649464776	False	True
267	tailings_failure	4.8	1.4277930428956507	1.15	2.4	3.4297	178.0	1.9	2.1	0.7297218979799193	1.0	0.999999522907553	True	14200000.0	False	1419432000.0	0.0	1419432000.0	2100	3.385347277462089	8.463368193655223	66.76657130550231	134.00332973287436	1.1114772181363533	6333	True	20880000	True	0	45.0	155.0	12.75	0.0	2.0088	0.5859	6833401.92	165.0	False	0.0	9.52	17821.44	356.42879999999997	0.34372165632	255	12.49499999999999	4419	2	49900032.0	8175150	680000	0.0	58755182.0	0.4426158432976517	False	0	25117054.65198148	0.18	25200000.0	True	420	38000000.0	0.0	13440000.0	3762	101757054.65198147	36.486094898995965	6.639237649464776	False	True
268	tailings_failure	4.8	1.4277930428956507	1.15	2.4	3.4388	178.0	1.9	2.1	0.7272099490086434	1.0	0.9999995486898822	True	14200000.0	False	1419432000.0	0.0	1419432000.0	2100	3.385347277462089	8.463368193655223	66.76657130550231	134.00332973287436	1.1114772181363533	6333	True	20880000	True	0	45.0	155.0	12.75	0.0	2.0088	0.5859	6833401.92	165.0	False	0.0	9.52	17821.44	356.42879999999997	0.34372165632	255	12.49499999999999	4419	2	49900032.0	8175150	680000	0.0	58755182.0	0.4426158432976517	False	0	25117054.65198148	0.18	25200000.0	True	420	38000000.0	0.0	13440000.0	3762	101757054.65198147	36.36049745043217	6.639237649464776	False	True
269	tailings_failure	4.8	1.4277930428956507	1.15	2.4	3.4479	178.0	1.9	2.1	0.7247066470132247	1.0	0.9999995730789206	True	14200000.0	False	1419432000.0	0.0	1419432000.0	2100	3.385347277462089	8.463368193655223	66.76657130550231	134.00332973287436	1.1114772181363533	6333	True	20880000	True	0	45.0	155.0	12.75	0.0	2.0088	0.5859	6833401.92	165.0	False	0.0	9.52	17821.44	356.42879999999997	0.34372165632	255	12.49499999999999	4419	2	49900032.0	8175150	680000	0.0	58755182.0	0.4426158432976517	False	0	25117054.65198148	0.18	25200000.0	True	420	38000000.0	0.0	13440000.0	3762	101757054.65198147	36.23533235066124	6.639237649464776	False	True
270	tailings_failure	4.8	1.4277930428956507	1.15	2.4	3.457	178.0	1.9	2.1	0.7222119622278549	1.0	0.9999995961499625	True	14200000.0	False	1419432000.0	0.0	1419432000.0	2100	3.385347277462089	8.463368193655223	66.76657130550231	134.00332973287436	1.1114772181363533	6333	True	20880000	True	0	45.0	155.0	12.75	0.0	2.0088	0.5859	6833401.92	165.0	False	0.0	9.52	17821.44	356.42879999999997	0.34372165632	255	12.49499999999999	4419	2	49900032.0	8175150	680000	0.0	58755182.0	0.4426158432976517	False	0	25117054.65198148	0.18	25200000.0	True	420	38000000.0	0.0	13440000.0	3762	101757054.65198147	36.11059811139275	6.639237649464776	False	True
271	tailings_failure	4.8	1.4277930428956507	1.15	2.4	3.4661000000000004	178.0	1.9	2.1	0.7197258649891897	1.0	0.999999617974233	True	14200000.0	False	1419432000.0	0.0	1419432000.0	2100	3.385347277462089	8.463368193655223	66.76657130550231	134.00332973287436	1.1114772181363533	6333	True	20880000	True	0	45.0	155.0	12.75	0.0	2.0088	0.5859	6833401.92	165.0	False	0.0	9.52	17821.44	356.42879999999997	0.34372165632	255	12.49499999999999	4419	2	49900032.0	8175150	680000	0.0	58755182.0	0.4426158432976517	False	0	25117054.65198148	0.18	25200000.0	True	420	38000000.0	0.0	13440000.0	3762	101757054.65198147	35.986293249459486	6.639237649464776	False	True
272	tailings_failure	4.8	1.4277930428956507	1.15	2.4	3.4752	178.0	1.9	2.1	0.717248325735996	1.0	0.9999996386191083	True	14200000.0	False	1419432000.0	0.0	1419432000.0	2100	3.385347277462089	8.463368193655223	66.76657130550231	134.00332973287436	1.1114772181363533	6333	True	20880000	True	0	45.0	155.0	12.75	0.0	2.0088	0.5859	6833401.92	165.0	False	0.0	9.52	17821.44	356.42879999999997	0.34372165632	255	12.49499999999999	4419	2	49900032.0	8175150	680000	0.0	58755182.0	0.4426158432976517	False	0	25117054.65198148	0.18	25200000.0	True	420	38000000.0	0.0	13440000.0	3762	101757054.65198147	35.8624162867998	6.639237649464776	False	True
273	tailings_failure	4.8	1.4277930428956507	1.15	2.4	3.4843000000000006	178.0	1.9	2.1	0.7147793150088007	1.0	0.9999996581483237	True	14200000.0	False	1419432000.0	0.0	1419432000.0	2100	3.385347277462089	8.463368193655223	66.76657130550231	134.00332973287436	1.1114772181363533	6333	True	20880000	True	0	45.0	155.0	12.75	0.0	2.0088	0.5859	6833401.92	165.0	False	0.0	9.52	17821.44	356.42879999999997	0.34372165632	255	12.49499999999999	4419	2	49900032.0	8175150	680000	0.0	58755182.0	0.4426158432976517	False	0	25117054.65198148	0.18	25200000.0	True	420	38000000.0	0.0	13440000.0	3762	101757054.65198147	35.73896575044003	6.639237649464776	False	True
274	tailings_failure	4.8	1.4277930428956507	1.15	2.4	3.4934000000000003	178.0	1.9	2.1	0.7123188034495392	1.0	0.9999996766221698	True	14200000.0	False	1419432000.0	0.0	1419432000.0	2100	3.385347277462089	8.463368193655223	66.76657130550231	134.00332973287436	1.1114772181363533	6333	True	20880000	True	0	45.0	155.0	12.75	0.0	2.0088	0.5859	6833401.92	165.0	False	0.0	9.52	17821.44	356.42879999999997	0.34372165632	255	12.49499999999999	4419	2	49900032.0	8175150	680000	0.0	58755182.0	0.4426158432976517	False	0	25117054.65198148	0.18	25200000.0	True	420	38000000.0	0.0	13440000.0	3762	101757054.65198147	35.61594017247696	6.639237649464776	False	True
275	tailings_failure	4.8	1.4277930428956507	1.15	2.4	3.5025	178.0	1.9	2.1	0.7098667618012088	1.0	0.9999996940976795	True	14200000.0	False	1419432000.0	0.0	1419432000.0	2100	3.385347277462089	8.463368193655223	66.76657130550231	134.00332973287436	1.1114772181363533	6333	True	20880000	True	0	45.0	155.0	12.75	0.0	2.0088	0.5859	6833401.92	165.0	False	0.0	9.52	17821.44	356.42879999999997	0.34372165632	255	12.49499999999999	4419	2	49900032.0	8175150	680000	0.0	58755182.0	0.4426158432976517	False	0	25117054.65198148	0.18	25200000.0	True	420	38000000.0	0.0	13440000.0	3762	101757054.65198147	35.49333809006044	6.639237649464776	False	True
276	tailings_failure	4.8	1.4277930428956507	1.15	2.4	3.5116000000000005	178.0	1.9	2.1	0.707423160907518	1.0	0.9999997106288033	True	14200000.0	False	1419432000.0	0.0	1419432000.0	2100	3.385347277462089	8.463368193655223	66.76657130550231	134.00332973287436	1.1114772181363533	6333	True	20880000	True	0	45.0	155.0	12.75	0.0	2.0088	0.5859	6833401.92	165.0	False	0.0	9.52	17821.44	356.42879999999997	0.34372165632	255	12.49499999999999	4419	2	49900032.0	8175150	680000	0.0	58755182.0	0.4426158432976517	False	0	25117054.65198148	0.18	25200000.0	True	420	38000000.0	0.0	13440000.0	3762	101757054.65198147	35.3711580453759	6.639237649464776	False	True
277	tailings_failure	4.8	1.4277930428956507	1.15	2.4	3.5207	178.0	1.9	2.1	0.7049879717125417	1.0	0.9999997262665765	True	14200000.0	False	1419432000.0	0.0	1419432000.0	2100	3.385347277462089	8.463368193655223	66.76657130550231	134.00332973287436	1.1114772181363533	6333	True	20880000	True	0	45.0	155.0	12.75	0.0	2.0088	0.5859	6833401.92	165.0	False	0.0	9.52	17821.44	356.42879999999997	0.34372165632	255	12.49499999999999	4419	2	49900032.0	8175150	680000	0.0	58755182.0	0.4426158432976517	False	0	25117054.65198148	0.18	25200000.0	True	420	38000000.0	0.0	13440000.0	3762	101757054.65198147	35.249398585627084	6.639237649464776	False	True
278	tailings_failure	4.8	1.4277930428956507	1.15	2.4	3.5298	178.0	1.9	2.1	0.7025611652603746	1.0	0.9999997410592761	True	14200000.0	False	1419432000.0	0.0	1419432000.0	2100	3.385347277462089	8.463368193655223	66.76657130550231	134.00332973287436	1.1114772181363533	6333	True	20880000	True	0	45.0	155.0	12.75	0.0	2.0088	0.5859	6833401.92	165.0	False	0.0	9.52	17821.44	356.42879999999997	0.34372165632	255	12.49499999999999	4419	2	49900032.0	8175150	680000	0.0	58755182.0	0.4426158432976517	False	0	25117054.65198148	0.18	25200000.0	True	420	38000000.0	0.0	13440000.0	3762	101757054.65198147	35.12805826301873	6.639237649464776	False	True
279	tailings_failure	4.8	1.4277930428956507	1.15	2.4	3.5389000000000004	178.0	1.9	2.1	0.7001427126947881	1.0	0.9999997550525703	True	14200000.0	False	1419432000.0	0.0	1419432000.0	2100	3.385347277462089	8.463368193655223	66.76657130550231	134.00332973287436	1.1114772181363533	6333	True	20880000	True	0	45.0	155.0	12.75	0.0	2.0088	0.5859	6833401.92	165.0	False	0.0	9.52	17821.44	356.42879999999997	0.34372165632	255	12.49499999999999	4419	2	49900032.0	8175150	680000	0.0	58755182.0	0.4426158432976517	False	0	25117054.65198148	0.18	25200000.0	True	420	38000000.0	0.0	13440000.0	3762	101757054.65198147	35.007135634739406	6.639237649464776	False	True
280	tailings_failure	4.8	1.4277930428956507	1.15	2.4	3.5480000000000005	178.0	1.9	2.1	0.6977325852588859	1.0	0.9999997682896595	True	14200000.0	False	1419432000.0	0.0	1419432000.0	2100	3.385347277462089	8.463368193655223	66.76657130550231	134.00332973287436	1.1114772181363533	6333	True	20880000	True	0	45.0	155.0	12.75	0.0	2.0088	0.5859	6833401.92	165.0	False	0.0	9.52	17821.44	356.42879999999997	0.34372165632	255	12.49499999999999	4419	2	49900032.0	8175150	680000	0.0	58755182.0	0.4426158432976517	False	0	25117054.65198148	0.18	25200000.0	True	420	38000000.0	0.0	13440000.0	3762	101757054.65198147	34.8866292629443	6.639237649464776	False	True
281	tailings_failure	4.8	1.4277930428956507	1.15	2.4	3.5571000000000006	178.0	1.9	2.1	0.695330754294763	1.0	0.9999997808114094	True	14200000.0	False	1419432000.0	0.0	1419432000.0	2100	3.385347277462089	8.463368193655223	66.76657130550231	134.00332973287436	1.1114772181363533	6333	True	20880000	True	0	45.0	155.0	12.75	0.0	2.0088	0.5859	6833401.92	165.0	False	0.0	9.52	17821.44	356.42879999999997	0.34372165632	255	12.49499999999999	4419	2	49900032.0	8175150	680000	0.0	58755182.0	0.4426158432976517	False	0	25117054.65198148	0.18	25200000.0	True	420	38000000.0	0.0	13440000.0	3762	101757054.65198147	34.76653771473815	6.639237649464776	False	True
282	tailings_failure	4.8	1.4277930428956507	1.15	2.4	3.5662000000000003	178.0	1.9	2.1	0.6929371912431642	1.0	0.9999997926564772	True	14200000.0	False	1419432000.0	0.0	1419432000.0	2100	3.385347277462089	8.463368193655223	66.76657130550231	134.00332973287436	1.1114772181363533	6333	True	20880000	True	0	45.0	155.0	12.75	0.0	2.0088	0.5859	6833401.92	165.0	False	0.0	9.52	17821.44	356.42879999999997	0.34372165632	255	12.49499999999999	4419	2	49900032.0	8175150	680000	0.0	58755182.0	0.4426158432976517	False	0	25117054.65198148	0.18	25200000.0	True	420	38000000.0	0.0	13440000.0	3762	101757054.65198147	34.64685956215821	6.639237649464776	False	True
283	tailings_failure	4.8	1.4277930428956507	1.15	2.4	3.5753000000000004	178.0	1.9	2.1	0.6905518676431455	1.0	0.9999998038614313	True	14200000.0	False	1419432000.0	0.0	1419432000.0	2100	3.385347277462089	8.463368193655223	66.76657130550231	134.00332973287436	1.1114772181363533	6333	True	20880000	True	0	45.0	155.0	12.75	0.0	2.0088	0.5859	6833401.92	165.0	False	0.0	9.52	17821.44	356.42879999999997	0.34372165632	255	12.49499999999999	4419	2	49900032.0	8175150	680000	0.0	58755182.0	0.4426158432976517	False	0	25117054.65198148	0.18	25200000.0	True	420	38000000.0	0.0	13440000.0	3762	101757054.65198147	34.52759338215727	6.639237649464776	False	True
284	tailings_failure	4.8	1.4277930428956507	1.15	2.4	3.5844000000000005	178.0	1.9	2.1	0.6881747551317342	1.0	0.9999998144608637	True	14200000.0	False	1419432000.0	0.0	1419432000.0	2100	3.385347277462089	8.463368193655223	66.76657130550231	134.00332973287436	1.1114772181363533	6333	True	20880000	True	0	45.0	155.0	12.75	0.0	2.0088	0.5859	6833401.92	165.0	False	0.0	9.52	17821.44	356.42879999999997	0.34372165632	255	12.49499999999999	4419	2	49900032.0	8175150	680000	0.0	58755182.0	0.4426158432976517	False	0	25117054.65198148	0.18	25200000.0	True	420	38000000.0	0.0	13440000.0	3762	101757054.65198147	34.40873775658671	6.639237649464776	False	True
285	tailings_failure	4.8	1.4277930428956507	1.15	2.4	3.5935	178.0	1.9	2.1	0.6858058254435933	1.0	0.9999998244874972	True	14200000.0	False	1419432000.0	0.0	1419432000.0	2100	3.385347277462089	8.463368193655223	66.76657130550231	134.00332973287436	1.1114772181363533	6333	True	20880000	True	0	45.0	155.0	12.75	0.0	2.0088	0.5859	6833401.92	165.0	False	0.0	9.52	17821.44	356.42879999999997	0.34372165632	255	12.49499999999999	4419	2	49900032.0	8175150	680000	0.0	58755182.0	0.4426158432976517	False	0	25117054.65198148	0.18	25200000.0	True	420	38000000.0	0.0	13440000.0	3762	101757054.65198147	34.290291272179665	6.639237649464776	False	True
286	tailings_failure	4.8	1.4277930428956507	1.15	2.4	3.6	178.0	1.9	2.1	0.6834450504106842	1.0	0.9999998339722861	True	14200000.0	False	1419432000.0	0.0	1419432000.0	2100	3.385347277462089	8.463368193655223	66.76657130550231	134.00332973287436	1.1114772181363533	6333	True	20880000	True	0	45.0	155.0	12.75	0.0	2.0088	0.5859	6833401.92	165.0	False	0.0	9.52	17821.44	356.42879999999997	0.34372165632	255	12.49499999999999	4419	2	49900032.0	8175150	680000	0.0	58755182.0	0.4426158432976517	False	0	25117054.65198148	0.18	25200000.0	True	420	38000000.0	0.0	13440000.0	3762	101757054.65198147	34.17225252053421	6.639237649464776	False	True
287	tailings_failure	4.8	1.4277930428956507	1.15	2.4	3.6	178.0	1.9	2.1	0.6810924019619322	1.0	0.9999998429445119	True	14200000.0	False	1419432000.0	0.0	1419432000.0	2100	3.385347277462089	8.463368193655223	66.76657130550231	134.00332973287436	1.1114772181363533	6333	True	20880000	True	0	45.0	155.0	12.75	0.0	2.0088	0.5859	6833401.92	165.0	False	0.0	9.52	17821.44	356.42879999999997	0.34372165632	255	12.49499999999999	4419	2	49900032.0	8175150	680000	0.0	58755182.0	0.4426158432976517	False	0	25117054.65198148	0.18	25200000.0	True	420	38000000.0	0.0	13440000.0	3762	101757054.65198147	34.05462009809661	6.639237649464776	False	True
288	tailings_failure	4.8	1.4277930428956507	1.15	2.4	3.6	178.0	1.9	2.1	0.6787478521228931	1.0	0.9999998514318739	True	14200000.0	False	1419432000.0	0.0	1419432000.0	2100	3.385347277462089	8.463368193655223	66.76657130550231	134.00332973287436	1.1114772181363533	6333	True	20880000	True	0	45.0	155.0	12.75	0.0	2.0088	0.5859	6833401.92	165.0	False	0.0	9.52	17821.44	356.42879999999997	0.34372165632	255	12.49499999999999	4419	2	49900032.0	8175150	680000	0.0	58755182.0	0.4426158432976517	False	0	25117054.65198148	0.18	25200000.0	True	420	38000000.0	0.0	13440000.0	3762	101757054.65198147	33.937392606144655	6.639237649464776	False	True
289	tailings_failure	4.8	1.4277930428956507	1.15	2.4	3.6	178.0	1.9	2.1	0.6764113730154199	1.0	0.9999998594605743	True	14200000.0	False	1419432000.0	0.0	1419432000.0	2100	3.385347277462089	8.463368193655223	66.76657130550231	134.00332973287436	1.1114772181363533	6333	True	20880000	True	0	45.0	155.0	12.75	0.0	2.0088	0.5859	6833401.92	165.0	False	0.0	9.52	17821.44	356.42879999999997	0.34372165632	255	12.49499999999999	4419	2	49900032.0	8175150	680000	0.0	58755182.0	0.4426158432976517	False	0	25117054.65198148	0.18	25200000.0	True	420	38000000.0	0.0	13440000.0	3762	101757054.65198147	33.820568650770994	6.639237649464776	False	True
290	tailings_failure	4.8	1.4277930428956507	1.15	2.4	3.6	178.0	1.9	2.1	0.6740829368573312	1.0	0.9999998670553996	True	14200000.0	False	1419432000.0	0.0	1419432000.0	2100	3.385347277462089	8.463368193655223	66.76657130550231	134.00332973287436	1.1114772181363533	6333	True	20880000	True	0	45.0	155.0	12.75	0.0	2.0088	0.5859	6833401.92	165.0	False	0.0	9.52	17821.44	356.42879999999997	0.34372165632	255	12.49499999999999	4419	2	49900032.0	8175150	680000	0.0	58755182.0	0.4426158432976517	False	0	25117054.65198148	0.18	25200000.0	True	420	38000000.0	0.0	13440000.0	3762	101757054.65198147	33.704146842866564	6.639237649464776	False	True
291	tailings_failure	4.8	1.4277930428956507	1.15	2.4	3.6	178.0	1.9	2.1	0.6717625159620825	1.0	0.9999998742397963	True	14200000.0	False	1419432000.0	0.0	1419432000.0	2100	3.385347277462089	8.463368193655223	66.76657130550231	134.00332973287436	1.1114772181363533	6333	True	20880000	True	0	45.0	155.0	12.75	0.0	2.0088	0.5859	6833401.92	165.0	False	0.0	9.52	17821.44	356.42879999999997	0.34372165632	255	12.49499999999999	4419	2	49900032.0	8175150	680000	0.0	58755182.0	0.4426158432976517	False	0	25117054.65198148	0.18	25200000.0	True	420	38000000.0	0.0	13440000.0	3762	101757054.65198147	33.58812579810412	6.639237649464776	False	True
292	tailings_failure	4.8	1.4277930428956507	1.15	2.4	3.6	178.0	1.9	2.1	0.6694500827384339	1.0	0.9999998810359445	True	14200000.0	False	1419432000.0	0.0	1419432000.0	2100	3.385347277462089	8.463368193655223	66.76657130550231	134.00332973287436	1.1114772181363533	6333	True	20880000	True	0	45.0	155.0	12.75	0.0	2.0088	0.5859	6833401.92	165.0	False	0.0	9.52	17821.44	356.42879999999997	0.34372165632	255	12.49499999999999	4419	2	49900032.0	8175150	680000	0.0	58755182.0	0.4426158432976517	False	0	25117054.65198148	0.18	25200000.0	True	420	38000000.0	0.0	13440000.0	3762	101757054.65198147	33.47250413692169	6.639237649464776	False	True
293	tailings_failure	4.8	1.4277930428956507	1.15	2.4	3.6	178.0	1.9	2.1	0.6671456096901253	1.0	0.9999998874648253	True	14200000.0	False	1419432000.0	0.0	1419432000.0	2100	3.385347277462089	8.463368193655223	66.76657130550231	134.00332973287436	1.1114772181363533	6333	True	20880000	True	0	45.0	155.0	12.75	0.0	2.0088	0.5859	6833401.92	165.0	False	0.0	9.52	17821.44	356.42879999999997	0.34372165632	255	12.49499999999999	4419	2	49900032.0	8175150	680000	0.0	58755182.0	0.4426158432976517	False	0	25117054.65198148	0.18	25200000.0	True	420	38000000.0	0.0	13440000.0	3762	101757054.65198147	33.35728048450626	6.639237649464776	False	True
294	tailings_failure	4.8	1.4277930428956507	1.15	2.4	3.6	178.0	1.9	2.1	0.6648490694155472	1.0	0.9999998935462859	True	14200000.0	False	1419432000.0	0.0	1419432000.0	2100	3.385347277462089	8.463368193655223	66.76657130550231	134.00332973287436	1.1114772181363533	6333	True	20880000	True	0	45.0	155.0	12.75	0.0	2.0088	0.5859	6833401.92	165.0	False	0.0	9.52	17821.44	356.42879999999997	0.34372165632	255	12.49499999999999	4419	2	49900032.0	8175150	680000	0.0	58755182.0	0.4426158432976517	False	0	25117054.65198148	0.18	25200000.0	True	420	38000000.0	0.0	13440000.0	3762	101757054.65198147	33.24245347077736	6.639237649464776	False	True
295	tailings_failure	4.8	1.4277930428956507	1.15	2.4	3.6	178.0	1.9	2.1	0.6625604346074165	1.0	0.9999998992991012	True	14200000.0	False	1419432000.0	0.0	1419432000.0	2100	3.385347277462089	8.463368193655223	66.76657130550231	134.00332973287436	1.1114772181363533	6333	True	20880000	True	0	45.0	155.0	12.75	0.0	2.0088	0.5859	6833401.92	165.0	False	0.0	9.52	17821.44	356.42879999999997	0.34372165632	255	12.49499999999999	4419	2	49900032.0	8175150	680000	0.0	58755182.0	0.4426158432976517	False	0	25117054.65198148	0.18	25200000.0	True	420	38000000.0	0.0	13440000.0	3762	101757054.65198147	33.128021730370826	6.639237649464776	False	True
296	tailings_failure	4.8	1.4277930428956507	1.15	2.4	3.6	178.0	1.9	2.1	0.6602796780524501	1.0	0.9999999047410312	True	14200000.0	False	1419432000.0	0.0	1419432000.0	2100	3.385347277462089	8.463368193655223	66.76657130550231	134.00332973287436	1.1114772181363533	6333	True	20880000	True	0	45.0	155.0	12.75	0.0	2.0088	0.5859	6833401.92	165.0	False	0.0	9.52	17821.44	356.42879999999997	0.34372165632	255	12.49499999999999	4419	2	49900032.0	8175150	680000	0.0	58755182.0	0.4426158432976517	False	0	25117054.65198148	0.18	25200000.0	True	420	38000000.0	0.0	13440000.0	3762	101757054.65198147	33.013983902622506	6.639237649464776	False	True
297	tailings_failure	4.8	1.4277930428956507	1.15	2.4	3.6	178.0	1.9	2.1	0.6580067726310426	1.0	0.9999999098888764	True	14200000.0	False	1419432000.0	0.0	1419432000.0	2100	3.385347277462089	8.463368193655223	66.76657130550231	134.00332973287436	1.1114772181363533	6333	True	20880000	True	0	45.0	155.0	12.75	0.0	2.0088	0.5859	6833401.92	165.0	False	0.0	9.52	17821.44	356.42879999999997	0.34372165632	255	12.49499999999999	4419	2	49900032.0	8175150	680000	0.0	58755182.0	0.4426158432976517	False	0	25117054.65198148	0.18	25200000.0	True	420	38000000.0	0.0	13440000.0	3762	101757054.65198147	32.90033863155213	6.639237649464776	False	True
298	tailings_failure	4.8	1.4277930428956507	1.15	2.4	3.6	178.0	1.9	2.1	0.6557416913169437	1.0	0.9999999147585295	True	14200000.0	False	1419432000.0	0.0	1419432000.0	2100	3.385347277462089	8.463368193655223	66.76657130550231	134.00332973287436	1.1114772181363533	6333	True	20880000	True	0	45.0	155.0	12.75	0.0	2.0088	0.5859	6833401.92	165.0	False	0.0	9.52	17821.44	356.42879999999997	0.34372165632	255	12.49499999999999	4419	2	49900032.0	8175150	680000	0.0	58755182.0	0.4426158432976517	False	0	25117054.65198148	0.18	25200000.0	True	420	38000000.0	0.0	13440000.0	3762	101757054.65198147	32.78708456584719	6.639237649464776	False	True
299	tailings_failure	4.8	1.4277930428956507	1.15	2.4	3.6	178.0	1.9	2.1	0.6534844071769362	1.0	0.9999999193650237	True	14200000.0	False	1419432000.0	0.0	1419432000.0	2100	3.385347277462089	8.463368193655223	66.76657130550231	134.00332973287436	1.1114772181363533	6333	True	20880000	True	0	45.0	155.0	12.75	0.0	2.0088	0.5859	6833401.92	165.0	False	0.0	9.52	17821.44	356.42879999999997	0.34372165632	255	12.49499999999999	4419	2	49900032.0	8175150	680000	0.0	58755182.0	0.4426158432976517	False	0	25117054.65198148	0.18	25200000.0	True	420	38000000.0	0.0	13440000.0	3762	101757054.65198147	32.67422035884681	6.639237649464776	False	True
300	tailings_failure	4.8	1.4277930428956507	1.15	2.4	3.6	178.0	1.9	2.1	0.6512348933705161	1.0	0.9999999237225807	True	14200000.0	False	1419432000.0	0.0	1419432000.0	2100	3.385347277462089	8.463368193655223	66.76657130550231	134.00332973287436	1.1114772181363533	6333	True	20880000	True	0	45.0	155.0	12.75	0.0	2.0088	0.5859	6833401.92	165.0	False	0.0	9.52	17821.44	356.42879999999997	0.34372165632	255	12.49499999999999	4419	2	49900032.0	8175150	680000	0.0	58755182.0	0.4426158432976517	False	0	25117054.65198148	0.18	25200000.0	True	420	38000000.0	0.0	13440000.0	3762	101757054.65198147	32.561744668525805	6.639237649464776	False	True
301	tailings_failure	4.8	1.4277930428956507	1.15	2.4	3.6	178.0	1.9	2.1	0.6489931231495736	1.0	0.999999927844653	True	14200000.0	False	1419432000.0	0.0	1419432000.0	2100	3.385347277462089	8.463368193655223	66.76657130550231	134.00332973287436	1.1114772181363533	6333	True	20880000	True	0	45.0	155.0	12.75	0.0	2.0088	0.5859	6833401.92	165.0	False	0.0	9.52	17821.44	356.42879999999997	0.34372165632	255	12.49499999999999	4419	2	49900032.0	8175150	680000	0.0	58755182.0	0.4426158432976517	False	0	25117054.65198148	0.18	25200000.0	True	420	38000000.0	0.0	13440000.0	3762	101757054.65198147	32.44965615747868	6.639237649464776	False	True
302	tailings_failure	4.8	1.4277930428956507	1.15	2.4	3.6	178.0	1.9	2.1	0.6467590698580749	1.0	0.9999999317439663	True	14200000.0	False	1419432000.0	0.0	1419432000.0	2100	3.385347277462089	8.463368193655223	66.76657130550231	134.00332973287436	1.1114772181363533	6333	True	20880000	True	0	45.0	155.0	12.75	0.0	2.0088	0.5859	6833401.92	165.0	False	0.0	9.52	17821.44	356.42879999999997	0.34372165632	255	12.49499999999999	4419	2	49900032.0	8175150	680000	0.0	58755182.0	0.4426158432976517	False	0	25117054.65198148	0.18	25200000.0	True	420	38000000.0	0.0	13440000.0	3762	101757054.65198147	32.33795349290374	6.639237649464776	False	True
303	tailings_failure	4.8	1.4277930428956507	1.15	2.4	3.6	178.0	1.9	2.1	0.6445327069317454	1.0	0.9999999354325586	True	14200000.0	False	1419432000.0	0.0	1419432000.0	2100	3.385347277462089	8.463368193655223	66.76657130550231	134.00332973287436	1.1114772181363533	6333	True	20880000	True	0	45.0	155.0	12.75	0.0	2.0088	0.5859	6833401.92	165.0	False	0.0	9.52	17821.44	356.42879999999997	0.34372165632	255	12.49499999999999	4419	2	49900032.0	8175150	680000	0.0	58755182.0	0.4426158432976517	False	0	25117054.65198148	0.18	25200000.0	True	420	38000000.0	0.0	13440000.0	3762	101757054.65198147	32.226635346587265	6.639237649464776	False	True
304	tailings_failure	4.8	1.4277930428956507	1.15	2.4	3.6	178.0	1.9	2.1	0.6423140078977534	1.0	0.9999999389218174	True	14200000.0	False	1419432000.0	0.0	1419432000.0	2100	3.385347277462089	8.463368193655223	66.76657130550231	134.00332973287436	1.1114772181363533	6333	True	20880000	True	0	45.0	155.0	12.75	0.0	2.0088	0.5859	6833401.92	165.0	False	0.0	9.52	17821.44	356.42879999999997	0.34372165632	255	12.49499999999999	4419	2	49900032.0	8175150	680000	0.0	58755182.0	0.4426158432976517	False	0	25117054.65198148	0.18	25200000.0	True	420	38000000.0	0.0	13440000.0	3762	101757054.65198147	32.11570039488767	6.639237649464776	False	True
305	tailings_failure	4.8	1.4277930428956507	1.15	2.4	3.6	178.0	1.9	2.1	0.6401029463743957	1.0	0.9999999422225148	True	14200000.0	False	1419432000.0	0.0	1419432000.0	2100	3.385347277462089	8.463368193655223	66.76657130550231	134.00332973287436	1.1114772181363533	6333	True	20880000	True	0	45.0	155.0	12.75	0.0	2.0088	0.5859	6833401.92	165.0	False	0.0	9.52	17821.44	356.42879999999997	0.34372165632	255	12.49499999999999	4419	2	49900032.0	8175150	680000	0.0	58755182.0	0.4426158432976517	False	0	25117054.65198148	0.18	25200000.0	True	420	38000000.0	0.0	13440000.0	3762	101757054.65198147	32.005147318719786	6.639237649464776	False	True
306	tailings_failure	4.8	1.4277930428956507	1.15	2.4	3.6	178.0	1.9	2.1	0.6378994960707842	1.0	0.9999999453448408	True	14200000.0	False	1419432000.0	0.0	1419432000.0	2100	3.385347277462089	8.463368193655223	66.76657130550231	134.00332973287436	1.1114772181363533	6333	True	20880000	True	0	45.0	155.0	12.75	0.0	2.0088	0.5859	6833401.92	165.0	False	0.0	9.52	17821.44	356.42879999999997	0.34372165632	255	12.49499999999999	4419	2	49900032.0	8175150	680000	0.0	58755182.0	0.4426158432976517	False	0	25117054.65198148	0.18	25200000.0	True	420	38000000.0	0.0	13440000.0	3762	101757054.65198147	31.89497480353921	6.639237649464776	False	True
307	tailings_failure	4.8	1.4277930428956507	1.15	2.4	3.6	178.0	1.9	2.1	0.6357036307865325	1.0	0.9999999482984346	True	14200000.0	False	1419432000.0	0.0	1419432000.0	2100	3.385347277462089	8.463368193655223	66.76657130550231	134.00332973287436	1.1114772181363533	6333	True	20880000	True	0	45.0	155.0	12.75	0.0	2.0088	0.5859	6833401.92	165.0	False	0.0	9.52	17821.44	356.42879999999997	0.34372165632	255	12.49499999999999	4419	2	49900032.0	8175150	680000	0.0	58755182.0	0.4426158432976517	False	0	25117054.65198148	0.18	25200000.0	True	420	38000000.0	0.0	13440000.0	3762	101757054.65198147	31.785181539326622	6.639237649464776	False	True
308	tailings_failure	4.8	1.4277930428956507	1.15	2.4	3.6	178.0	1.9	2.1	0.6335153244114448	1.0	0.9999999510924147	True	14200000.0	False	1419432000.0	0.0	1419432000.0	2100	3.385347277462089	8.463368193655223	66.76657130550231	134.00332973287436	1.1114772181363533	6333	True	20880000	True	0	45.0	155.0	12.75	0.0	2.0088	0.5859	6833401.92	165.0	False	0.0	9.52	17821.44	356.42879999999997	0.34372165632	255	12.49499999999999	4419	2	49900032.0	8175150	680000	0.0	58755182.0	0.4426158432976517	False	0	25117054.65198148	0.18	25200000.0	True	420	38000000.0	0.0	13440000.0	3762	101757054.65198147	31.675766220572235	6.639237649464776	False	True
309	tailings_failure	4.8	1.4277930428956507	1.15	2.4	3.6	178.0	1.9	2.1	0.6313345509252054	1.0	0.9999999537354065	True	14200000.0	False	1419432000.0	0.0	1419432000.0	2100	3.385347277462089	8.463368193655223	66.76657130550231	134.00332973287436	1.1114772181363533	6333	True	20880000	True	0	45.0	155.0	12.75	0.0	2.0088	0.5859	6833401.92	165.0	False	0.0	9.52	17821.44	356.42879999999997	0.34372165632	255	12.49499999999999	4419	2	49900032.0	8175150	680000	0.0	58755182.0	0.4426158432976517	False	0	25117054.65198148	0.18	25200000.0	True	420	38000000.0	0.0	13440000.0	3762	101757054.65198147	31.56672754626027	6.639237649464776	False	True
310	tailings_failure	4.8	1.4277930428956507	1.15	2.4	3.6	178.0	1.9	2.1	0.6291612843970696	1.0	0.9999999562355698	True	14200000.0	False	1419432000.0	0.0	1419432000.0	2100	3.385347277462089	8.463368193655223	66.76657130550231	134.00332973287436	1.1114772181363533	6333	True	20880000	True	0	45.0	155.0	12.75	0.0	2.0088	0.5859	6833401.92	165.0	False	0.0	9.52	17821.44	356.42879999999997	0.34372165632	255	12.49499999999999	4419	2	49900032.0	8175150	680000	0.0	58755182.0	0.4426158432976517	False	0	25117054.65198148	0.18	25200000.0	True	420	38000000.0	0.0	13440000.0	3762	101757054.65198147	31.458064219853483	6.639237649464776	False	True
311	tailings_failure	4.8	1.4277930428956507	1.15	2.4	3.6	178.0	1.9	2.1	0.6269954989855548	1.0	0.9999999586006229	True	14200000.0	False	1419432000.0	0.0	1419432000.0	2100	3.385347277462089	8.463368193655223	66.76657130550231	134.00332973287436	1.1114772181363533	6333	True	20880000	True	0	45.0	155.0	12.75	0.0	2.0088	0.5859	6833401.92	165.0	False	0.0	9.52	17821.44	356.42879999999997	0.34372165632	255	12.49499999999999	4419	2	49900032.0	8175150	680000	0.0	58755182.0	0.4426158432976517	False	0	25117054.65198148	0.18	25200000.0	True	420	38000000.0	0.0	13440000.0	3762	101757054.65198147	31.34977494927774	6.639237649464776	False	True
312	tailings_failure	4.8	1.4277930428956507	1.15	2.4	3.6	178.0	1.9	2.1	0.6248371689381335	1.0	0.9999999608378671	True	14200000.0	False	1419432000.0	0.0	1419432000.0	2100	3.385347277462089	8.463368193655223	66.76657130550231	134.00332973287436	1.1114772181363533	6333	True	20880000	True	0	45.0	155.0	12.75	0.0	2.0088	0.5859	6833401.92	165.0	False	0.0	9.52	17821.44	356.42879999999997	0.34372165632	255	12.49499999999999	4419	2	49900032.0	8175150	680000	0.0	58755182.0	0.4426158432976517	False	0	25117054.65198148	0.18	25200000.0	True	420	38000000.0	0.0	13440000.0	3762	101757054.65198147	31.241858446906672	6.639237649464776	False	True
313	tailings_failure	4.8	1.4277930428956507	1.15	2.4	3.6	178.0	1.9	2.1	0.6226862685909271	1.0	0.9999999629542096	True	14200000.0	False	1419432000.0	0.0	1419432000.0	2100	3.385347277462089	8.463368193655223	66.76657130550231	134.00332973287436	1.1114772181363533	6333	True	20880000	True	0	45.0	155.0	12.75	0.0	2.0088	0.5859	6833401.92	165.0	False	0.0	9.52	17821.44	356.42879999999997	0.34372165632	255	12.49499999999999	4419	2	49900032.0	8175150	680000	0.0	58755182.0	0.4426158432976517	False	0	25117054.65198148	0.18	25200000.0	True	420	38000000.0	0.0	13440000.0	3762	101757054.65198147	31.134313429546356	6.639237649464776	False	True
314	tailings_failure	4.8	1.4277930428956507	1.15	2.4	3.6	178.0	1.9	2.1	0.620542772368401	1.0	0.9999999649561838	True	14200000.0	False	1419432000.0	0.0	1419432000.0	2100	3.385347277462089	8.463368193655223	66.76657130550231	134.00332973287436	1.1114772181363533	6333	True	20880000	True	0	45.0	155.0	12.75	0.0	2.0088	0.5859	6833401.92	165.0	False	0.0	9.52	17821.44	356.42879999999997	0.34372165632	255	12.49499999999999	4419	2	49900032.0	8175150	680000	0.0	58755182.0	0.4426158432976517	False	0	25117054.65198148	0.18	25200000.0	True	420	38000000.0	0.0	13440000.0	3762	101757054.65198147	31.02713861842005	6.639237649464776	False	True
315	tailings_failure	4.8	1.4277930428956507	1.15	2.4	3.6	178.0	1.9	2.1	0.6184066547830597	1.0	0.9999999668499703	True	14200000.0	False	1419432000.0	0.0	1419432000.0	2100	3.385347277462089	8.463368193655223	66.76657130550231	134.00332973287436	1.1114772181363533	6333	True	20880000	True	0	45.0	155.0	12.75	0.0	2.0088	0.5859	6833401.92	165.0	False	0.0	9.52	17821.44	356.42879999999997	0.34372165632	255	12.49499999999999	4419	2	49900032.0	8175150	680000	0.0	58755182.0	0.4426158432976517	False	0	25117054.65198148	0.18	25200000.0	True	420	38000000.0	0.0	13440000.0	3762	101757054.65198147	30.920332739152986	6.639237649464776	False	True
316	tailings_failure	4.8	1.4277930428956507	1.15	2.4	3.6	178.0	1.9	2.1	0.6162778904351448	1.0	0.9999999686414155	True	14200000.0	False	1419432000.0	0.0	1419432000.0	2100	3.385347277462089	8.463368193655223	66.76657130550231	134.00332973287436	1.1114772181363533	6333	True	20880000	True	0	45.0	155.0	12.75	0.0	2.0088	0.5859	6833401.92	165.0	False	0.0	9.52	17821.44	356.42879999999997	0.34372165632	255	12.49499999999999	4419	2	49900032.0	8175150	680000	0.0	58755182.0	0.4426158432976517	False	0	25117054.65198148	0.18	25200000.0	True	420	38000000.0	0.0	13440000.0	3762	101757054.65198147	30.81389452175724	6.639237649464776	False	True
317	tailings_failure	4.8	1.4277930428956507	1.15	2.4	3.6	178.0	1.9	2.1	0.614156454012332	1.0	0.99999997033605	True	14200000.0	False	1419432000.0	0.0	1419432000.0	2100	3.385347277462089	8.463368193655223	66.76657130550231	134.00332973287436	1.1114772181363533	6333	True	20880000	True	0	45.0	155.0	12.75	0.0	2.0088	0.5859	6833401.92	165.0	False	0.0	9.52	17821.44	356.42879999999997	0.34372165632	255	12.49499999999999	4419	2	49900032.0	8175150	680000	0.0	58755182.0	0.4426158432976517	False	0	25117054.65198148	0.18	25200000.0	True	420	38000000.0	0.0	13440000.0	3762	101757054.65198147	30.7078227006166	6.639237649464776	False	True
318	tailings_failure	4.8	1.4277930428956507	1.15	2.4	3.6	178.0	1.9	2.1	0.612042320289431	1.0	0.9999999719391056	True	14200000.0	False	1419432000.0	0.0	1419432000.0	2100	3.385347277462089	8.463368193655223	66.76657130550231	134.00332973287436	1.1114772181363533	6333	True	20880000	True	0	45.0	155.0	12.75	0.0	2.0088	0.5859	6833401.92	165.0	False	0.0	9.52	17821.44	356.42879999999997	0.34372165632	255	12.49499999999999	4419	2	49900032.0	8175150	680000	0.0	58755182.0	0.4426158432976517	False	0	25117054.65198148	0.18	25200000.0	True	420	38000000.0	0.0	13440000.0	3762	101757054.65198147	30.602116014471548	6.639237649464776	False	True
319	tailings_failure	4.8	1.4277930428956507	1.15	2.4	3.6	178.0	1.9	2.1	0.6099354641280845	1.0	0.9999999734555313	True	14200000.0	False	1419432000.0	0.0	1419432000.0	2100	3.385347277462089	8.463368193655223	66.76657130550231	134.00332973287436	1.1114772181363533	6333	True	20880000	True	0	45.0	155.0	12.75	0.0	2.0088	0.5859	6833401.92	165.0	False	0.0	9.52	17821.44	356.42879999999997	0.34372165632	255	12.49499999999999	4419	2	49900032.0	8175150	680000	0.0	58755182.0	0.4426158432976517	False	0	25117054.65198148	0.18	25200000.0	True	420	38000000.0	0.0	13440000.0	3762	101757054.65198147	30.496773206404225	6.639237649464776	False	True
320	tailings_failure	4.8	1.4277930428956507	1.15	2.4	3.6	178.0	1.9	2.1	0.6078358604764709	1.0	0.9999999748900085	True	14200000.0	False	1419432000.0	0.0	1419432000.0	2100	3.385347277462089	8.463368193655223	66.76657130550231	134.00332973287436	1.1114772181363533	6333	True	20880000	True	0	45.0	155.0	12.75	0.0	2.0088	0.5859	6833401.92	165.0	False	0.0	9.52	17821.44	356.42879999999997	0.34372165632	255	12.49499999999999	4419	2	49900032.0	8175150	680000	0.0	58755182.0	0.4426158432976517	False	0	25117054.65198148	0.18	25200000.0	True	420	38000000.0	0.0	13440000.0	3762	101757054.65198147	30.391793023823542	6.639237649464776	False	True
321	tailings_failure	4.8	1.4277930428956507	1.15	2.4	3.6	178.0	1.9	2.1	0.605743484369004	1.0	0.9999999762469657	True	14200000.0	False	1419432000.0	0.0	1419432000.0	2100	3.385347277462089	8.463368193655223	66.76657130550231	134.00332973287436	1.1114772181363533	6333	True	20880000	True	0	45.0	155.0	12.75	0.0	2.0088	0.5859	6833401.92	165.0	False	0.0	9.52	17821.44	356.42879999999997	0.34372165632	255	12.49499999999999	4419	2	49900032.0	8175150	680000	0.0	58755182.0	0.4426158432976517	False	0	25117054.65198148	0.18	25200000.0	True	420	38000000.0	0.0	13440000.0	3762	101757054.65198147	30.2871742184502	6.639237649464776	False	True
322	tailings_failure	4.8	1.4277930428956507	1.15	2.4	3.6	178.0	1.9	2.1	0.6036583109260389	1.0	0.9999999775305923	True	14200000.0	False	1419432000.0	0.0	1419432000.0	2100	3.385347277462089	8.463368193655223	66.76657130550231	134.00332973287436	1.1114772181363533	6333	True	20880000	True	0	45.0	155.0	12.75	0.0	2.0088	0.5859	6833401.92	165.0	False	0.0	9.52	17821.44	356.42879999999997	0.34372165632	255	12.49499999999999	4419	2	49900032.0	8175150	680000	0.0	58755182.0	0.4426158432976517	False	0	25117054.65198148	0.18	25200000.0	True	420	38000000.0	0.0	13440000.0	3762	101757054.65198147	30.18291554630195	6.639237649464776	False	True
323	tailings_failure	4.8	1.4277930428956507	1.15	2.4	3.6	178.0	1.9	2.1	0.6015803153535743	1.0	0.999999978744851	True	14200000.0	False	1419432000.0	0.0	1419432000.0	2100	3.385347277462089	8.463368193655223	66.76657130550231	134.00332973287436	1.1114772181363533	6333	True	20880000	True	0	45.0	155.0	12.75	0.0	2.0088	0.5859	6833401.92	165.0	False	0.0	9.52	17821.44	356.42879999999997	0.34372165632	255	12.49499999999999	4419	2	49900032.0	8175150	680000	0.0	58755182.0	0.4426158432976517	False	0	25117054.65198148	0.18	25200000.0	True	420	38000000.0	0.0	13440000.0	3762	101757054.65198147	30.07901576767871	6.639237649464776	False	True
324	tailings_failure	4.8	1.4277930428956507	1.15	2.4	3.6	178.0	1.9	2.1	0.599509472942958	1.0	0.9999999798934905	True	14200000.0	False	1419432000.0	0.0	1419432000.0	2100	3.385347277462089	8.463368193655223	66.76657130550231	134.00332973287436	1.1114772181363533	6333	True	20880000	True	0	45.0	155.0	12.75	0.0	2.0088	0.5859	6833401.92	165.0	False	0.0	9.52	17821.44	356.42879999999997	0.34372165632	255	12.49499999999999	4419	2	49900032.0	8175150	680000	0.0	58755182.0	0.4426158432976517	False	0	25117054.65198148	0.18	25200000.0	True	420	38000000.0	0.0	13440000.0	3762	101757054.65198147	29.9754736471479	6.639237649464776	False	True
325	tailings_failure	4.8	1.4277930428956507	1.15	2.4	3.6	178.0	1.9	2.1	0.5974457590705936	1.0	0.999999980980057	True	14200000.0	False	1419432000.0	0.0	1419432000.0	2100	3.385347277462089	8.463368193655223	66.76657130550231	134.00332973287436	1.1114772181363533	6333	True	20880000	True	0	45.0	155.0	12.75	0.0	2.0088	0.5859	6833401.92	165.0	False	0.0	9.52	17821.44	356.42879999999997	0.34372165632	255	12.49499999999999	4419	2	49900032.0	8175150	680000	0.0	58755182.0	0.4426158432976517	False	0	25117054.65198148	0.18	25200000.0	True	420	38000000.0	0.0	13440000.0	3762	101757054.65198147	29.87228795352968	6.639237649464776	False	True
326	tailings_failure	4.8	1.4277930428956507	1.15	2.4	3.6	178.0	1.9	2.1	0.5953891491976475	1.0	0.9999999820079049	True	14200000.0	False	1419432000.0	0.0	1419432000.0	2100	3.385347277462089	8.463368193655223	66.76657130550231	134.00332973287436	1.1114772181363533	6333	True	20880000	True	0	45.0	155.0	12.75	0.0	2.0088	0.5859	6833401.92	165.0	False	0.0	9.52	17821.44	356.42879999999997	0.34372165632	255	12.49499999999999	4419	2	49900032.0	8175150	680000	0.0	58755182.0	0.4426158432976517	False	0	25117054.65198148	0.18	25200000.0	True	420	38000000.0	0.0	13440000.0	3762	101757054.65198147	29.769457459882375	6.639237649464776	False	True
327	tailings_failure	4.8	1.4277930428956507	1.15	2.4	3.6	178.0	1.9	2.1	0.5933396188697565	1.0	0.9999999829802072	True	14200000.0	False	1419432000.0	0.0	1419432000.0	2100	3.385347277462089	8.463368193655223	66.76657130550231	134.00332973287436	1.1114772181363533	6333	True	20880000	True	0	45.0	155.0	12.75	0.0	2.0088	0.5859	6833401.92	165.0	False	0.0	9.52	17821.44	356.42879999999997	0.34372165632	255	12.49499999999999	4419	2	49900032.0	8175150	680000	0.0	58755182.0	0.4426158432976517	False	0	25117054.65198148	0.18	25200000.0	True	420	38000000.0	0.0	13440000.0	3762	101757054.65198147	29.666980943487825	6.639237649464776	False	True
328	tailings_failure	4.8	1.4277930428956507	1.15	2.4	3.6	178.0	1.9	2.1	0.5912971437167386	1.0	0.9999999838999658	True	14200000.0	False	1419432000.0	0.0	1419432000.0	2100	3.385347277462089	8.463368193655223	66.76657130550231	134.00332973287436	1.1114772181363533	6333	True	20880000	True	0	45.0	155.0	12.75	0.0	2.0088	0.5859	6833401.92	165.0	False	0.0	9.52	17821.44	356.42879999999997	0.34372165632	255	12.49499999999999	4419	2	49900032.0	8175150	680000	0.0	58755182.0	0.4426158432976517	False	0	25117054.65198148	0.18	25200000.0	True	420	38000000.0	0.0	13440000.0	3762	101757054.65198147	29.564857185836928	6.639237649464776	False	True
329	tailings_failure	4.8	1.4277930428956507	1.15	2.4	3.6	178.0	1.9	2.1	0.5892616994523011	1.0	0.9999999847700203	True	14200000.0	False	1419432000.0	0.0	1419432000.0	2100	3.385347277462089	8.463368193655223	66.76657130550231	134.00332973287436	1.1114772181363533	6333	True	20880000	True	0	45.0	155.0	12.75	0.0	2.0088	0.5859	6833401.92	165.0	False	0.0	9.52	17821.44	356.42879999999997	0.34372165632	255	12.49499999999999	4419	2	49900032.0	8175150	680000	0.0	58755182.0	0.4426158432976517	False	0	25117054.65198148	0.18	25200000.0	True	420	38000000.0	0.0	13440000.0	3762	101757054.65198147	29.463084972615054	6.639237649464776	False	True
330	tailings_failure	4.8	1.4277930428956507	1.15	2.4	3.6	178.0	1.9	2.1	0.5872332618737537	1.0	0.9999999855930565	True	14200000.0	False	1419432000.0	0.0	1419432000.0	2100	3.385347277462089	8.463368193655223	66.76657130550231	134.00332973287436	1.1114772181363533	6333	True	20880000	True	0	45.0	155.0	12.75	0.0	2.0088	0.5859	6833401.92	165.0	False	0.0	9.52	17821.44	356.42879999999997	0.34372165632	255	12.49499999999999	4419	2	49900032.0	8175150	680000	0.0	58755182.0	0.4426158432976517	False	0	25117054.65198148	0.18	25200000.0	True	420	38000000.0	0.0	13440000.0	3762	101757054.65198147	29.36166309368768	6.639237649464776	False	True
331	tailings_failure	4.8	1.4277930428956507	1.15	2.4	3.6	178.0	1.9	2.1	0.5852118068617191	1.0	0.9999999863716154	True	14200000.0	False	1419432000.0	0.0	1419432000.0	2100	3.385347277462089	8.463368193655223	66.76657130550231	134.00332973287436	1.1114772181363533	6333	True	20880000	True	0	45.0	155.0	12.75	0.0	2.0088	0.5859	6833401.92	165.0	False	0.0	9.52	17821.44	356.42879999999997	0.34372165632	255	12.49499999999999	4419	2	49900032.0	8175150	680000	0.0	58755182.0	0.4426158432976517	False	0	25117054.65198148	0.18	25200000.0	True	420	38000000.0	0.0	13440000.0	3762	101757054.65198147	29.260590343085955	6.639237649464776	False	True
332	tailings_failure	4.8	1.4277930428956507	1.15	2.4	3.6	178.0	1.9	2.1	0.5831973103798483	1.0	0.9999999871081005	True	14200000.0	False	1419432000.0	0.0	1419432000.0	2100	3.385347277462089	8.463368193655223	66.76657130550231	134.00332973287436	1.1114772181363533	6333	True	20880000	True	0	45.0	155.0	12.75	0.0	2.0088	0.5859	6833401.92	165.0	False	0.0	9.52	17821.44	356.42879999999997	0.34372165632	255	12.49499999999999	4419	2	49900032.0	8175150	680000	0.0	58755182.0	0.4426158432976517	False	0	25117054.65198148	0.18	25200000.0	True	420	38000000.0	0.0	13440000.0	3762	101757054.65198147	29.159865518992415	6.639237649464776	False	True
333	tailings_failure	4.8	1.4277930428956507	1.15	2.4	3.6	178.0	1.9	2.1	0.5811897484745321	1.0	0.9999999878047856	True	14200000.0	False	1419432000.0	0.0	1419432000.0	2100	3.385347277462089	8.463368193655223	66.76657130550231	134.00332973287436	1.1114772181363533	6333	True	20880000	True	0	45.0	155.0	12.75	0.0	2.0088	0.5859	6833401.92	165.0	False	0.0	9.52	17821.44	356.42879999999997	0.34372165632	255	12.49499999999999	4419	2	49900032.0	8175150	680000	0.0	58755182.0	0.4426158432976517	False	0	25117054.65198148	0.18	25200000.0	True	420	38000000.0	0.0	13440000.0	3762	101757054.65198147	29.059487423726605	6.639237649464776	False	True
334	tailings_failure	4.8	1.4277930428956507	1.15	2.4	3.6	178.0	1.9	2.1	0.5791890972746185	1.0	0.9999999884638214	True	14200000.0	False	1419432000.0	0.0	1419432000.0	2100	3.385347277462089	8.463368193655223	66.76657130550231	134.00332973287436	1.1114772181363533	6333	True	20880000	True	0	45.0	155.0	12.75	0.0	2.0088	0.5859	6833401.92	165.0	False	0.0	9.52	17821.44	356.42879999999997	0.34372165632	255	12.49499999999999	4419	2	49900032.0	8175150	680000	0.0	58755182.0	0.4426158432976517	False	0	25117054.65198148	0.18	25200000.0	True	420	38000000.0	0.0	13440000.0	3762	101757054.65198147	28.959454863730926	6.639237649464776	False	True
335	tailings_failure	4.8	1.4277930428956507	1.15	2.4	3.6	178.0	1.9	2.1	0.5771953329911281	1.0	0.9999999890872426	True	14200000.0	False	1419432000.0	0.0	1419432000.0	2100	3.385347277462089	8.463368193655223	66.76657130550231	134.00332973287436	1.1114772181363533	6333	True	20880000	True	0	45.0	155.0	12.75	0.0	2.0088	0.5859	6833401.92	165.0	False	0.0	9.52	17821.44	356.42879999999997	0.34372165632	255	12.49499999999999	4419	2	49900032.0	8175150	680000	0.0	58755182.0	0.4426158432976517	False	0	25117054.65198148	0.18	25200000.0	True	420	38000000.0	0.0	13440000.0	3762	101757054.65198147	28.85976664955641	6.639237649464776	False	True
336	tailings_failure	4.8	1.4277930428956507	1.15	2.4	3.6	178.0	1.9	2.1	0.5752084319169709	1.0	0.9999999896769739	True	14200000.0	False	1419432000.0	0.0	1419432000.0	2100	3.385347277462089	8.463368193655223	66.76657130550231	134.00332973287436	1.1114772181363533	6333	True	20880000	True	0	45.0	155.0	12.75	0.0	2.0088	0.5859	6833401.92	165.0	False	0.0	9.52	17821.44	356.42879999999997	0.34372165632	255	12.49499999999999	4419	2	49900032.0	8175150	680000	0.0	58755182.0	0.4426158432976517	False	0	25117054.65198148	0.18	25200000.0	True	420	38000000.0	0.0	13440000.0	3762	101757054.65198147	28.760421595848545	6.639237649464776	False	True
337	tailings_failure	4.8	1.4277930428956507	1.15	2.4	3.6	178.0	1.9	2.1	0.573228370426665	1.0	0.9999999902348357	True	14200000.0	False	1419432000.0	0.0	1419432000.0	2100	3.385347277462089	8.463368193655223	66.76657130550231	134.00332973287436	1.1114772181363533	6333	True	20880000	True	0	45.0	155.0	12.75	0.0	2.0088	0.5859	6833401.92	165.0	False	0.0	9.52	17821.44	356.42879999999997	0.34372165632	255	12.49499999999999	4419	2	49900032.0	8175150	680000	0.0	58755182.0	0.4426158432976517	False	0	25117054.65198148	0.18	25200000.0	True	420	38000000.0	0.0	13440000.0	3762	101757054.65198147	28.66141852133325	6.639237649464776	False	True
338	tailings_failure	4.8	1.4277930428956507	1.15	2.4	3.6	178.0	1.9	2.1	0.5712551249760548	1.0	0.9999999907625503	True	14200000.0	False	1419432000.0	0.0	1419432000.0	2100	3.385347277462089	8.463368193655223	66.76657130550231	134.00332973287436	1.1114772181363533	6333	True	20880000	True	0	45.0	155.0	12.75	0.0	2.0088	0.5859	6833401.92	165.0	False	0.0	9.52	17821.44	356.42879999999997	0.34372165632	255	12.49499999999999	4419	2	49900032.0	8175150	680000	0.0	58755182.0	0.4426158432976517	False	0	25117054.65198148	0.18	25200000.0	True	420	38000000.0	0.0	13440000.0	3762	101757054.65198147	28.562756248802742	6.639237649464776	False	True
339	tailings_failure	4.8	1.4277930428956507	1.15	2.4	3.6	178.0	1.9	2.1	0.5692886721020326	1.0	0.999999991261747	True	14200000.0	False	1419432000.0	0.0	1419432000.0	2100	3.385347277462089	8.463368193655223	66.76657130550231	134.00332973287436	1.1114772181363533	6333	True	20880000	True	0	45.0	155.0	12.75	0.0	2.0088	0.5859	6833401.92	165.0	False	0.0	9.52	17821.44	356.42879999999997	0.34372165632	255	12.49499999999999	4419	2	49900032.0	8175150	680000	0.0	58755182.0	0.4426158432976517	False	0	25117054.65198148	0.18	25200000.0	True	420	38000000.0	0.0	13440000.0	3762	101757054.65198147	28.46443360510163	6.639237649464776	False	True
340	tailings_failure	4.8	1.4277930428956507	1.15	2.4	3.6	178.0	1.9	2.1	0.5673289884222573	1.0	0.9999999917339668	True	14200000.0	False	1419432000.0	0.0	1419432000.0	2100	3.385347277462089	8.463368193655223	66.76657130550231	134.00332973287436	1.1114772181363533	6333	True	20880000	True	0	45.0	155.0	12.75	0.0	2.0088	0.5859	6833401.92	165.0	False	0.0	9.52	17821.44	356.42879999999997	0.34372165632	255	12.49499999999999	4419	2	49900032.0	8175150	680000	0.0	58755182.0	0.4426158432976517	False	0	25117054.65198148	0.18	25200000.0	True	420	38000000.0	0.0	13440000.0	3762	101757054.65198147	28.36644942111287	6.639237649464776	False	True
341	tailings_failure	4.8	1.4277930428956507	1.15	2.4	3.6	178.0	1.9	2.1	0.5653760506348793	1.0	0.9999999921806677	True	14200000.0	False	1419432000.0	0.0	1419432000.0	2100	3.385347277462089	8.463368193655223	66.76657130550231	134.00332973287436	1.1114772181363533	6333	True	20880000	True	0	45.0	155.0	12.75	0.0	2.0088	0.5859	6833401.92	165.0	False	0.0	9.52	17821.44	356.42879999999997	0.34372165632	255	12.49499999999999	4419	2	49900032.0	8175150	680000	0.0	58755182.0	0.4426158432976517	False	0	25117054.65198148	0.18	25200000.0	True	420	38000000.0	0.0	13440000.0	3762	101757054.65198147	28.268802531743965	6.639237649464776	False	True
342	tailings_failure	4.8	1.4277930428956507	1.15	2.4	3.6	178.0	1.9	2.1	0.5634298355182605	1.0	0.9999999926032286	True	14200000.0	False	1419432000.0	0.0	1419432000.0	2100	3.385347277462089	8.463368193655223	66.76657130550231	134.00332973287436	1.1114772181363533	6333	True	20880000	True	0	45.0	155.0	12.75	0.0	2.0088	0.5859	6833401.92	165.0	False	0.0	9.52	17821.44	356.42879999999997	0.34372165632	255	12.49499999999999	4419	2	49900032.0	8175150	680000	0.0	58755182.0	0.4426158432976517	False	0	25117054.65198148	0.18	25200000.0	True	420	38000000.0	0.0	13440000.0	3762	101757054.65198147	28.171491775913026	6.639237649464776	False	True
343	tailings_failure	4.8	1.4277930428956507	1.15	2.4	3.6	178.0	1.9	2.1	0.5614903199307001	1.0	0.9999999930029541	True	14200000.0	False	1419432000.0	0.0	1419432000.0	2100	3.385347277462089	8.463368193655223	66.76657130550231	134.00332973287436	1.1114772181363533	6333	True	20880000	True	0	45.0	155.0	12.75	0.0	2.0088	0.5859	6833401.92	165.0	False	0.0	9.52	17821.44	356.42879999999997	0.34372165632	255	12.49499999999999	4419	2	49900032.0	8175150	680000	0.0	58755182.0	0.4426158432976517	False	0	25117054.65198148	0.18	25200000.0	True	420	38000000.0	0.0	13440000.0	3762	101757054.65198147	28.074515996535002	6.639237649464776	False	True
344	tailings_failure	4.8	1.4277930428956507	1.15	2.4	3.6	178.0	1.9	2.1	0.5595574808101587	1.0	0.999999993381078	True	14200000.0	False	1419432000.0	0.0	1419432000.0	2100	3.385347277462089	8.463368193655223	66.76657130550231	134.00332973287436	1.1114772181363533	6333	True	20880000	True	0	45.0	155.0	12.75	0.0	2.0088	0.5859	6833401.92	165.0	False	0.0	9.52	17821.44	356.42879999999997	0.34372165632	255	12.49499999999999	4419	2	49900032.0	8175150	680000	0.0	58755182.0	0.4426158432976517	False	0	25117054.65198148	0.18	25200000.0	True	420	38000000.0	0.0	13440000.0	3762	101757054.65198147	27.977874040507935	6.639237649464776	False	True
345	tailings_failure	4.8	1.4277930428956507	1.15	2.4	3.6	178.0	1.9	2.1	0.5576312951739844	1.0	0.9999999937387681	True	14200000.0	False	1419432000.0	0.0	1419432000.0	2100	3.385347277462089	8.463368193655223	66.76657130550231	134.00332973287436	1.1114772181363533	6333	True	20880000	True	0	45.0	155.0	12.75	0.0	2.0088	0.5859	6833401.92	165.0	False	0.0	9.52	17821.44	356.42879999999997	0.34372165632	255	12.49499999999999	4419	2	49900032.0	8175150	680000	0.0	58755182.0	0.4426158432976517	False	0	25117054.65198148	0.18	25200000.0	True	420	38000000.0	0.0	13440000.0	3762	101757054.65198147	27.88156475869922	6.639237649464776	False	True
346	tailings_failure	4.8	1.4277930428956507	1.15	2.4	3.6	178.0	1.9	2.1	0.555711740118639	1.0	0.9999999940771285	True	14200000.0	False	1419432000.0	0.0	1419432000.0	2100	3.385347277462089	8.463368193655223	66.76657130550231	134.00332973287436	1.1114772181363533	6333	True	20880000	True	0	45.0	155.0	12.75	0.0	2.0088	0.5859	6833401.92	165.0	False	0.0	9.52	17821.44	356.42879999999997	0.34372165632	255	12.49499999999999	4419	2	49900032.0	8175150	680000	0.0	58755182.0	0.4426158432976517	False	0	25117054.65198148	0.18	25200000.0	True	420	38000000.0	0.0	13440000.0	3762	101757054.65198147	27.785587005931948	6.639237649464776	False	True
347	tailings_failure	4.8	1.4277930428956507	1.15	2.4	3.6	178.0	1.9	2.1	0.5537987928194265	1.0	0.9999999943972036	True	14200000.0	False	1419432000.0	0.0	1419432000.0	2100	3.385347277462089	8.463368193655223	66.76657130550231	134.00332973287436	1.1114772181363533	6333	True	20880000	True	0	45.0	155.0	12.75	0.0	2.0088	0.5859	6833401.92	165.0	False	0.0	9.52	17821.44	356.42879999999997	0.34372165632	255	12.49499999999999	4419	2	49900032.0	8175150	680000	0.0	58755182.0	0.4426158432976517	False	0	25117054.65198148	0.18	25200000.0	True	420	38000000.0	0.0	13440000.0	3762	101757054.65198147	27.689939640971325	6.639237649464776	False	True
348	tailings_failure	4.8	1.4277930428956507	1.15	2.4	3.6	178.0	1.9	2.1	0.5518924305302206	1.0	0.9999999946999817	True	14200000.0	False	1419432000.0	0.0	1419432000.0	2100	3.385347277462089	8.463368193655223	66.76657130550231	134.00332973287436	1.1114772181363533	6333	True	20880000	True	0	45.0	155.0	12.75	0.0	2.0088	0.5859	6833401.92	165.0	False	0.0	9.52	17821.44	356.42879999999997	0.34372165632	255	12.49499999999999	4419	2	49900032.0	8175150	680000	0.0	58755182.0	0.4426158432976517	False	0	25117054.65198148	0.18	25200000.0	True	420	38000000.0	0.0	13440000.0	3762	101757054.65198147	27.594621526511034	6.639237649464776	False	True
349	tailings_failure	4.8	1.4277930428956507	1.15	2.4	3.6	178.0	1.9	2.1	0.5499926305831956	1.0	0.9999999949863975	True	14200000.0	False	1419432000.0	0.0	1419432000.0	2100	3.385347277462089	8.463368193655223	66.76657130550231	134.00332973287436	1.1114772181363533	6333	True	20880000	True	0	45.0	155.0	12.75	0.0	2.0088	0.5859	6833401.92	165.0	False	0.0	9.52	17821.44	356.42879999999997	0.34372165632	255	12.49499999999999	4419	2	49900032.0	8175150	680000	0.0	58755182.0	0.4426158432976517	False	0	25117054.65198148	0.18	25200000.0	True	420	38000000.0	0.0	13440000.0	3762	101757054.65198147	27.499631529159778	6.639237649464776	False	True
350	tailings_failure	4.8	1.4277930428956507	1.15	2.4	3.6	178.0	1.9	2.1	0.5480993703885553	1.0	0.9999999952573352	True	14200000.0	False	1419432000.0	0.0	1419432000.0	2100	3.385347277462089	8.463368193655223	66.76657130550231	134.00332973287436	1.1114772181363533	6333	True	20880000	True	0	45.0	155.0	12.75	0.0	2.0088	0.5859	6833401.92	165.0	False	0.0	9.52	17821.44	356.42879999999997	0.34372165632	255	12.49499999999999	4419	2	49900032.0	8175150	680000	0.0	58755182.0	0.4426158432976517	False	0	25117054.65198148	0.18	25200000.0	True	420	38000000.0	0.0	13440000.0	3762	101757054.65198147	27.40496851942776	6.639237649464776	False	True
351	tailings_failure	4.8	1.4277930428956507	1.15	2.4	3.6	178.0	1.9	2.1	0.5462126274342655	1.0	0.9999999955136313	True	14200000.0	False	1419432000.0	0.0	1419432000.0	2100	3.385347277462089	8.463368193655223	66.76657130550231	134.00332973287436	1.1114772181363533	6333	True	20880000	True	0	45.0	155.0	12.75	0.0	2.0088	0.5859	6833401.92	165.0	False	0.0	9.52	17821.44	356.42879999999997	0.34372165632	255	12.49499999999999	4419	2	49900032.0	8175150	680000	0.0	58755182.0	0.4426158432976517	False	0	25117054.65198148	0.18	25200000.0	True	420	38000000.0	0.0	13440000.0	3762	101757054.65198147	27.310631371713274	6.639237649464776	False	True
352	tailings_failure	4.8	1.4277930428956507	1.15	2.4	3.6	178.0	1.9	2.1	0.5443323792857864	1.0	0.9999999957560771	True	14200000.0	False	1419432000.0	0.0	1419432000.0	2100	3.385347277462089	8.463368193655223	66.76657130550231	134.00332973287436	1.1114772181363533	6333	True	20880000	True	0	45.0	155.0	12.75	0.0	2.0088	0.5859	6833401.92	165.0	False	0.0	9.52	17821.44	356.42879999999997	0.34372165632	255	12.49499999999999	4419	2	49900032.0	8175150	680000	0.0	58755182.0	0.4426158432976517	False	0	25117054.65198148	0.18	25200000.0	True	420	38000000.0	0.0	13440000.0	3762	101757054.65198147	27.21661896428932	6.639237649464776	False	True
353	tailings_failure	4.8	1.4277930428956507	1.15	2.4	3.6	178.0	1.9	2.1	0.542458603585805	1.0	0.9999999959854209	True	14200000.0	False	1419432000.0	0.0	1419432000.0	2100	3.385347277462089	8.463368193655223	66.76657130550231	134.00332973287436	1.1114772181363533	6333	True	20880000	True	0	45.0	155.0	12.75	0.0	2.0088	0.5859	6833401.92	165.0	False	0.0	9.52	17821.44	356.42879999999997	0.34372165632	255	12.49499999999999	4419	2	49900032.0	8175150	680000	0.0	58755182.0	0.4426158432976517	False	0	25117054.65198148	0.18	25200000.0	True	420	38000000.0	0.0	13440000.0	3762	101757054.65198147	27.12293017929025	6.639237649464776	False	True
354	tailings_failure	4.8	1.4277930428956507	1.15	2.4	3.6	178.0	1.9	2.1	0.5405912780539699	1.0	0.9999999962023709	True	14200000.0	False	1419432000.0	0.0	1419432000.0	2100	3.385347277462089	8.463368193655223	66.76657130550231	134.00332973287436	1.1114772181363533	6333	True	20880000	True	0	45.0	155.0	12.75	0.0	2.0088	0.5859	6833401.92	165.0	False	0.0	9.52	17821.44	356.42879999999997	0.34372165632	255	12.49499999999999	4419	2	49900032.0	8175150	680000	0.0	58755182.0	0.4426158432976517	False	0	25117054.65198148	0.18	25200000.0	True	420	38000000.0	0.0	13440000.0	3762	101757054.65198147	27.029563902698495	6.639237649464776	False	True
355	tailings_failure	4.8	1.4277930428956507	1.15	2.4	3.6	178.0	1.9	2.1	0.538730380486626	1.0	0.9999999964075968	True	14200000.0	False	1419432000.0	0.0	1419432000.0	2100	3.385347277462089	8.463368193655223	66.76657130550231	134.00332973287436	1.1114772181363533	6333	True	20880000	True	0	45.0	155.0	12.75	0.0	2.0088	0.5859	6833401.92	165.0	False	0.0	9.52	17821.44	356.42879999999997	0.34372165632	255	12.49499999999999	4419	2	49900032.0	8175150	680000	0.0	58755182.0	0.4426158432976517	False	0	25117054.65198148	0.18	25200000.0	True	420	38000000.0	0.0	13440000.0	3762	101757054.65198147	26.9365190243313	6.639237649464776	False	True
356	tailings_failure	4.8	1.4277930428956507	1.15	2.4	3.6	178.0	1.9	2.1	0.5368758887565509	1.0	0.9999999966017322	True	14200000.0	False	1419432000.0	0.0	1419432000.0	2100	3.385347277462089	8.463368193655223	66.76657130550231	134.00332973287436	1.1114772181363533	6333	True	20880000	True	0	45.0	155.0	12.75	0.0	2.0088	0.5859	6833401.92	165.0	False	0.0	9.52	17821.44	356.42879999999997	0.34372165632	255	12.49499999999999	4419	2	49900032.0	8175150	680000	0.0	58755182.0	0.4426158432976517	False	0	25117054.65198148	0.18	25200000.0	True	420	38000000.0	0.0	13440000.0	3762	101757054.65198147	26.843794437827547	6.639237649464776	False	True
357	tailings_failure	4.8	1.4277930428956507	1.15	2.4	3.6	178.0	1.9	2.1	0.5350277808126915	1.0	0.9999999967853764	True	14200000.0	False	1419432000.0	0.0	1419432000.0	2100	3.385347277462089	8.463368193655223	66.76657130550231	134.00332973287436	1.1114772181363533	6333	True	20880000	True	0	45.0	155.0	12.75	0.0	2.0088	0.5859	6833401.92	165.0	False	0.0	9.52	17821.44	356.42879999999997	0.34372165632	255	12.49499999999999	4419	2	49900032.0	8175150	680000	0.0	58755182.0	0.4426158432976517	False	0	25117054.65198148	0.18	25200000.0	True	420	38000000.0	0.0	13440000.0	3762	101757054.65198147	26.751389040634574	6.639237649464776	False	True
358	tailings_failure	4.8	1.4277930428956507	1.15	2.4	3.6	178.0	1.9	2.1	0.5331860346799018	1.0	0.9999999969590964	True	14200000.0	False	1419432000.0	0.0	1419432000.0	2100	3.385347277462089	8.463368193655223	66.76657130550231	134.00332973287436	1.1114772181363533	6333	True	20880000	True	0	45.0	155.0	12.75	0.0	2.0088	0.5859	6833401.92	165.0	False	0.0	9.52	17821.44	356.42879999999997	0.34372165632	255	12.49499999999999	4419	2	49900032.0	8175150	680000	0.0	58755182.0	0.4426158432976517	False	0	25117054.65198148	0.18	25200000.0	True	420	38000000.0	0.0	13440000.0	3762	101757054.65198147	26.65930173399509	6.639237649464776	False	True
359	tailings_failure	4.8	1.4277930428956507	1.15	2.4	3.6	178.0	1.9	2.1	0.5313506284586818	1.0	0.9999999971234284	True	14200000.0	False	1419432000.0	0.0	1419432000.0	2100	3.385347277462089	8.463368193655223	66.76657130550231	134.00332973287436	1.1114772181363533	6333	True	20880000	True	0	45.0	155.0	12.75	0.0	2.0088	0.5859	6833401.92	165.0	False	0.0	9.52	17821.44	356.42879999999997	0.34372165632	255	12.49499999999999	4419	2	49900032.0	8175150	680000	0.0	58755182.0	0.4426158432976517	False	0	25117054.65198148	0.18	25200000.0	True	420	38000000.0	0.0	13440000.0	3762	101757054.65198147	26.56753142293409	6.639237649464776	False	True
360	tailings_failure	4.8	1.4277930428956507	1.15	2.4	3.6	178.0	1.9	2.1	0.5295215403249167	1.0	0.9999999972788799	True	14200000.0	False	1419432000.0	0.0	1419432000.0	2100	3.385347277462089	8.463368193655223	66.76657130550231	134.00332973287436	1.1114772181363533	6333	True	20880000	True	0	45.0	155.0	12.75	0.0	2.0088	0.5859	6833401.92	165.0	False	0.0	9.52	17821.44	356.42879999999997	0.34372165632	255	12.49499999999999	4419	2	49900032.0	8175150	680000	0.0	58755182.0	0.4426158432976517	False	0	25117054.65198148	0.18	25200000.0	True	420	38000000.0	0.0	13440000.0	3762	101757054.65198147	26.476077016245835	6.639237649464776	False	True
361	tailings_failure	4.8	1.4277930428956507	1.15	2.4	3.6	178.0	1.9	2.1	0.527698748529618	1.0	0.9999999974259306	True	14200000.0	False	1419432000.0	0.0	1419432000.0	2100	3.385347277462089	8.463368193655223	66.76657130550231	134.00332973287436	1.1114772181363533	6333	True	20880000	True	0	45.0	155.0	12.75	0.0	2.0088	0.5859	6833401.92	165.0	False	0.0	9.52	17821.44	356.42879999999997	0.34372165632	255	12.49499999999999	4419	2	49900032.0	8175150	680000	0.0	58755182.0	0.4426158432976517	False	0	25117054.65198148	0.18	25200000.0	True	420	38000000.0	0.0	13440000.0	3762	101757054.65198147	26.384937426480896	6.639237649464776	False	True
362	tailings_failure	4.8	1.4277930428956507	1.15	2.4	3.6	178.0	1.9	2.1	0.5258822313986644	1.0	0.9999999975650347	True	14200000.0	False	1419432000.0	0.0	1419432000.0	2100	3.385347277462089	8.463368193655223	66.76657130550231	134.00332973287436	1.1114772181363533	6333	True	20880000	True	0	45.0	155.0	12.75	0.0	2.0088	0.5859	6833401.92	165.0	False	0.0	9.52	17821.44	356.42879999999997	0.34372165632	255	12.49499999999999	4419	2	49900032.0	8175150	680000	0.0	58755182.0	0.4426158432976517	False	0	25117054.65198148	0.18	25200000.0	True	420	38000000.0	0.0	13440000.0	3762	101757054.65198147	26.294111569933218	6.639237649464776	False	True
363	tailings_failure	4.8	1.4277930428956507	1.15	2.4	3.6	178.0	1.9	2.1	0.524071967332544	1.0	0.9999999976966215	True	14200000.0	False	1419432000.0	0.0	1419432000.0	2100	3.385347277462089	8.463368193655223	66.76657130550231	134.00332973287436	1.1114772181363533	6333	True	20880000	True	0	45.0	155.0	12.75	0.0	2.0088	0.5859	6833401.92	165.0	False	0.0	9.52	17821.44	356.42879999999997	0.34372165632	255	12.49499999999999	4419	2	49900032.0	8175150	680000	0.0	58755182.0	0.4426158432976517	False	0	25117054.65198148	0.18	25200000.0	True	420	38000000.0	0.0	13440000.0	3762	101757054.65198147	26.2035983666272	6.639237649464776	False	True
364	tailings_failure	4.8	1.4277930428956507	1.15	2.4	3.6	178.0	1.9	2.1	0.5222679348060982	1.0	0.9999999978210973	True	14200000.0	False	1419432000.0	0.0	1419432000.0	2100	3.385347277462089	8.463368193655223	66.76657130550231	134.00332973287436	1.1114772181363533	6333	True	20880000	True	0	45.0	155.0	12.75	0.0	2.0088	0.5859	6833401.92	165.0	False	0.0	9.52	17821.44	356.42879999999997	0.34372165632	255	12.49499999999999	4419	2	49900032.0	8175150	680000	0.0	58755182.0	0.4426158432976517	False	0	25117054.65198148	0.18	25200000.0	True	420	38000000.0	0.0	13440000.0	3762	101757054.65198147	26.113396740304914	6.639237649464776	False	True
365	tailings_failure	4.8	1.4277930428956507	1.15	2.4	3.6	178.0	1.9	2.1	0.520470112368265	1.0	0.9999999979388464	True	14200000.0	False	1419432000.0	0.0	1419432000.0	2100	3.385347277462089	8.463368193655223	66.76657130550231	134.00332973287436	1.1114772181363533	6333	True	20880000	True	0	45.0	155.0	12.75	0.0	2.0088	0.5859	6833401.92	165.0	False	0.0	9.52	17821.44	356.42879999999997	0.34372165632	255	12.49499999999999	4419	2	49900032.0	8175150	680000	0.0	58755182.0	0.4426158432976517	False	0	25117054.65198148	0.18	25200000.0	True	420	38000000.0	0.0	13440000.0	3762	101757054.65198147	26.023505618413253	6.639237649464776	False	True
366	tailings_failure	4.8	1.4277930428956507	1.15	2.4	3.6	178.0	1.9	2.1	0.5186784786418241	1.0	0.9999999980502322	True	14200000.0	False	1419432000.0	0.0	1419432000.0	2100	3.385347277462089	8.463368193655223	66.76657130550231	134.00332973287436	1.1114772181363533	6333	True	20880000	True	0	45.0	155.0	12.75	0.0	2.0088	0.5859	6833401.92	165.0	False	0.0	9.52	17821.44	356.42879999999997	0.34372165632	255	12.49499999999999	4419	2	49900032.0	8175150	680000	0.0	58755182.0	0.4426158432976517	False	0	25117054.65198148	0.18	25200000.0	True	420	38000000.0	0.0	13440000.0	3762	101757054.65198147	25.933923932091208	6.639237649464776	False	True
367	tailings_failure	4.8	1.4277930428956507	1.15	2.4	3.6	178.0	1.9	2.1	0.5168930123231429	1.0	0.9999999981555987	True	14200000.0	False	1419432000.0	0.0	1419432000.0	2100	3.385347277462089	8.463368193655223	66.76657130550231	134.00332973287436	1.1114772181363533	6333	True	20880000	True	0	45.0	155.0	12.75	0.0	2.0088	0.5859	6833401.92	165.0	False	0.0	9.52	17821.44	356.42879999999997	0.34372165632	255	12.49499999999999	4419	2	49900032.0	8175150	680000	0.0	58755182.0	0.4426158432976517	False	0	25117054.65198148	0.18	25200000.0	True	420	38000000.0	0.0	13440000.0	3762	101757054.65198147	25.844650616157146	6.639237649464776	False	True
368	tailings_failure	4.8	1.4277930428956507	1.15	2.4	3.6	178.0	1.9	2.1	0.515113692181923	1.0	0.9999999982552711	True	14200000.0	False	1419432000.0	0.0	1419432000.0	2100	3.385347277462089	8.463368193655223	66.76657130550231	134.00332973287436	1.1114772181363533	6333	True	20880000	True	0	45.0	155.0	12.75	0.0	2.0088	0.5859	6833401.92	165.0	False	0.0	9.52	17821.44	356.42879999999997	0.34372165632	255	12.49499999999999	4419	2	49900032.0	8175150	680000	0.0	58755182.0	0.4426158432976517	False	0	25117054.65198148	0.18	25200000.0	True	420	38000000.0	0.0	13440000.0	3762	101757054.65198147	25.755684609096154	6.639237649464776	False	True
369	tailings_failure	4.8	1.4277930428956507	1.15	2.4	3.6	178.0	1.9	2.1	0.5133404970609483	1.0	0.9999999983495572	True	14200000.0	False	1419432000.0	0.0	1419432000.0	2100	3.385347277462089	8.463368193655223	66.76657130550231	134.00332973287436	1.1114772181363533	6333	True	20880000	True	0	45.0	155.0	12.75	0.0	2.0088	0.5859	6833401.92	165.0	False	0.0	9.52	17821.44	356.42879999999997	0.34372165632	255	12.49499999999999	4419	2	49900032.0	8175150	680000	0.0	58755182.0	0.4426158432976517	False	0	25117054.65198148	0.18	25200000.0	True	420	38000000.0	0.0	13440000.0	3762	101757054.65198147	25.667024853047415	6.639237649464776	False	True
370	tailings_failure	4.8	1.4277930428956507	1.15	2.4	3.6	178.0	1.9	2.1	0.5115734058758322	1.0	0.999999998438748	True	14200000.0	False	1419432000.0	0.0	1419432000.0	2100	3.385347277462089	8.463368193655223	66.76657130550231	134.00332973287436	1.1114772181363533	6333	True	20880000	True	0	45.0	155.0	12.75	0.0	2.0088	0.5859	6833401.92	165.0	False	0.0	9.52	17821.44	356.42879999999997	0.34372165632	255	12.49499999999999	4419	2	49900032.0	8175150	680000	0.0	58755182.0	0.4426158432976517	False	0	25117054.65198148	0.18	25200000.0	True	420	38000000.0	0.0	13440000.0	3762	101757054.65198147	25.57867029379161	6.639237649464776	False	True
371	tailings_failure	4.8	1.4277930428956507	1.15	2.4	3.6	178.0	1.9	2.1	0.5098123976147682	1.0	0.9999999985231189	True	14200000.0	False	1419432000.0	0.0	1419432000.0	2100	3.385347277462089	8.463368193655223	66.76657130550231	134.00332973287436	1.1114772181363533	6333	True	20880000	True	0	45.0	155.0	12.75	0.0	2.0088	0.5859	6833401.92	165.0	False	0.0	9.52	17821.44	356.42879999999997	0.34372165632	255	12.49499999999999	4419	2	49900032.0	8175150	680000	0.0	58755182.0	0.4426158432976517	False	0	25117054.65198148	0.18	25200000.0	True	420	38000000.0	0.0	13440000.0	3762	101757054.65198147	25.490619880738407	6.639237649464776	False	True
372	tailings_failure	4.8	1.4277930428956507	1.15	2.4	3.6	178.0	1.9	2.1	0.5080574513382795	1.0	0.9999999986029303	True	14200000.0	False	1419432000.0	0.0	1419432000.0	2100	3.385347277462089	8.463368193655223	66.76657130550231	134.00332973287436	1.1114772181363533	6333	True	20880000	True	0	45.0	155.0	12.75	0.0	2.0088	0.5859	6833401.92	165.0	False	0.0	9.52	17821.44	356.42879999999997	0.34372165632	255	12.49499999999999	4419	2	49900032.0	8175150	680000	0.0	58755182.0	0.4426158432976517	False	0	25117054.65198148	0.18	25200000.0	True	420	38000000.0	0.0	13440000.0	3762	101757054.65198147	25.402872566913977	6.639237649464776	False	True
373	tailings_failure	4.8	1.4277930428956507	1.15	2.4	3.6	178.0	1.9	2.1	0.50630854617897	1.0	0.9999999986784287	True	14200000.0	False	1419432000.0	0.0	1419432000.0	2100	3.385347277462089	8.463368193655223	66.76657130550231	134.00332973287436	1.1114772181363533	6333	True	20880000	True	0	45.0	155.0	12.75	0.0	2.0088	0.5859	6833401.92	165.0	False	0.0	9.52	17821.44	356.42879999999997	0.34372165632	255	12.49499999999999	4419	2	49900032.0	8175150	680000	0.0	58755182.0	0.4426158432976517	False	0	25117054.65198148	0.18	25200000.0	True	420	38000000.0	0.0	13440000.0	3762	101757054.65198147	25.315427308948504	6.639237649464776	False	True
374	tailings_failure	4.8	1.4277930428956507	1.15	2.4	3.6	178.0	1.9	2.1	0.504565661341276	1.0	0.9999999987498471	True	14200000.0	False	1419432000.0	0.0	1419432000.0	2100	3.385347277462089	8.463368193655223	66.76657130550231	134.00332973287436	1.1114772181363533	6333	True	20880000	True	0	45.0	155.0	12.75	0.0	2.0088	0.5859	6833401.92	165.0	False	0.0	9.52	17821.44	356.42879999999997	0.34372165632	255	12.49499999999999	4419	2	49900032.0	8175150	680000	0.0	58755182.0	0.4426158432976517	False	0	25117054.65198148	0.18	25200000.0	True	420	38000000.0	0.0	13440000.0	3762	101757054.65198147	25.2282830670638	6.639237649464776	False	True
375	tailings_failure	4.8	1.4277930428956507	1.15	2.4	3.6	178.0	1.9	2.1	0.5028287761012195	1.0	0.9999999988174061	True	14200000.0	False	1419432000.0	0.0	1419432000.0	2100	3.385347277462089	8.463368193655223	66.76657130550231	134.00332973287436	1.1114772181363533	6333	True	20880000	True	0	45.0	155.0	12.75	0.0	2.0088	0.5859	6833401.92	165.0	False	0.0	9.52	17821.44	356.42879999999997	0.34372165632	255	12.49499999999999	4419	2	49900032.0	8175150	680000	0.0	58755182.0	0.4426158432976517	False	0	25117054.65198148	0.18	25200000.0	True	420	38000000.0	0.0	13440000.0	3762	101757054.65198147	25.141438805060975	6.639237649464776	False	True
376	tailings_failure	4.8	1.4277930428956507	1.15	2.4	3.6	178.0	1.9	2.1	0.5010978698061611	1.0	0.9999999988813141	True	14200000.0	False	1419432000.0	0.0	1419432000.0	2100	3.385347277462089	8.463368193655223	66.76657130550231	134.00332973287436	1.1114772181363533	6333	True	20880000	True	0	45.0	155.0	12.75	0.0	2.0088	0.5859	6833401.92	165.0	False	0.0	9.52	17821.44	356.42879999999997	0.34372165632	255	12.49499999999999	4419	2	49900032.0	8175150	680000	0.0	58755182.0	0.4426158432976517	False	0	25117054.65198148	0.18	25200000.0	True	420	38000000.0	0.0	13440000.0	3762	101757054.65198147	25.054893490308057	6.639237649464776	False	True
377	tailings_failure	4.8	1.4277930428956507	1.15	2.4	3.6	178.0	1.9	2.1	0.49937292187455506	1.0	0.9999999989417685	True	14200000.0	False	1419432000.0	0.0	1419432000.0	2100	3.385347277462089	8.463368193655223	66.76657130550231	134.00332973287436	1.1114772181363533	6333	True	20880000	True	0	45.0	155.0	12.75	0.0	2.0088	0.5859	6833401.92	165.0	False	0.0	9.52	17821.44	356.42879999999997	0.34372165632	255	12.49499999999999	4419	2	49900032.0	8175150	680000	0.0	58755182.0	0.4426158432976517	False	0	25117054.65198148	0.18	25200000.0	True	420	38000000.0	0.0	13440000.0	3762	101757054.65198147	24.968646093727752	6.639237649464776	False	True
378	tailings_failure	4.8	1.4277930428956507	1.15	2.4	3.6	178.0	1.9	2.1	0.49765391179570395	1.0	0.9999999989989559	True	14200000.0	False	1419432000.0	0.0	1419432000.0	2100	3.385347277462089	8.463368193655223	66.76657130550231	134.00332973287436	1.1114772181363533	6333	True	20880000	True	0	45.0	155.0	12.75	0.0	2.0088	0.5859	6833401.92	165.0	False	0.0	9.52	17821.44	356.42879999999997	0.34372165632	255	12.49499999999999	4419	2	49900032.0	8175150	680000	0.0	58755182.0	0.4426158432976517	False	0	25117054.65198148	0.18	25200000.0	True	420	38000000.0	0.0	13440000.0	3762	101757054.65198147	24.882695589785197	6.639237649464776	False	True
379	tailings_failure	4.8	1.4277930428956507	1.15	2.4	3.6	178.0	1.9	2.1	0.4959408191295154	1.0	0.9999999990530528	True	14200000.0	False	1419432000.0	0.0	1419432000.0	2100	3.385347277462089	8.463368193655223	66.76657130550231	134.00332973287436	1.1114772181363533	6333	True	20880000	True	0	45.0	155.0	12.75	0.0	2.0088	0.5859	6833401.92	165.0	False	0.0	9.52	17821.44	356.42879999999997	0.34372165632	255	12.49499999999999	4419	2	49900032.0	8175150	680000	0.0	58755182.0	0.4426158432976517	False	0	25117054.65198148	0.18	25200000.0	True	420	38000000.0	0.0	13440000.0	3762	101757054.65198147	24.79704095647577	6.639237649464776	False	True
380	tailings_failure	4.8	1.4277930428956507	1.15	2.4	3.6	178.0	1.9	2.1	0.49423362350625843	1.0	0.9999999991042263	True	14200000.0	False	1419432000.0	0.0	1419432000.0	2100	3.385347277462089	8.463368193655223	66.76657130550231	134.00332973287436	1.1114772181363533	6333	True	20880000	True	0	45.0	155.0	12.75	0.0	2.0088	0.5859	6833401.92	165.0	False	0.0	9.52	17821.44	356.42879999999997	0.34372165632	255	12.49499999999999	4419	2	49900032.0	8175150	680000	0.0	58755182.0	0.4426158432976517	False	0	25117054.65198148	0.18	25200000.0	True	420	38000000.0	0.0	13440000.0	3762	101757054.65198147	24.711681175312922	6.639237649464776	False	True
381	tailings_failure	4.8	1.4277930428956507	1.15	2.4	3.6	178.0	1.9	2.1	0.4925323046263216	1.0	0.9999999991526344	True	14200000.0	False	1419432000.0	0.0	1419432000.0	2100	3.385347277462089	8.463368193655223	66.76657130550231	134.00332973287436	1.1114772181363533	6333	True	20880000	True	0	45.0	155.0	12.75	0.0	2.0088	0.5859	6833401.92	165.0	False	0.0	9.52	17821.44	356.42879999999997	0.34372165632	255	12.49499999999999	4419	2	49900032.0	8175150	680000	0.0	58755182.0	0.4426158432976517	False	0	25117054.65198148	0.18	25200000.0	True	420	38000000.0	0.0	13440000.0	3762	101757054.65198147	24.62661523131608	6.639237649464776	False	True
382	tailings_failure	4.8	1.4277930428956507	1.15	2.4	3.6	178.0	1.9	2.1	0.4908368422599719	1.0	0.9999999991984265	True	14200000.0	False	1419432000.0	0.0	1419432000.0	2100	3.385347277462089	8.463368193655223	66.76657130550231	134.00332973287436	1.1114772181363533	6333	True	20880000	True	0	45.0	155.0	12.75	0.0	2.0088	0.5859	6833401.92	165.0	False	0.0	9.52	17821.44	356.42879999999997	0.34372165632	255	12.49499999999999	4419	2	49900032.0	8175150	680000	0.0	58755182.0	0.4426158432976517	False	0	25117054.65198148	0.18	25200000.0	True	420	38000000.0	0.0	13440000.0	3762	101757054.65198147	24.541842112998594	6.639237649464776	False	True
383	tailings_failure	4.8	1.4277930428956507	1.15	2.4	3.6	178.0	1.9	2.1	0.48914721624711355	1.0	0.999999999241744	True	14200000.0	False	1419432000.0	0.0	1419432000.0	2100	3.385347277462089	8.463368193655223	66.76657130550231	134.00332973287436	1.1114772181363533	6333	True	20880000	True	0	45.0	155.0	12.75	0.0	2.0088	0.5859	6833401.92	165.0	False	0.0	9.52	17821.44	356.42879999999997	0.34372165632	255	12.49499999999999	4419	2	49900032.0	8175150	680000	0.0	58755182.0	0.4426158432976517	False	0	25117054.65198148	0.18	25200000.0	True	420	38000000.0	0.0	13440000.0	3762	101757054.65198147	24.457360812355677	6.639237649464776	False	True
384	tailings_failure	4.8	1.4277930428956507	1.15	2.4	3.6	178.0	1.9	2.1	0.4874634064970488	1.0	0.9999999992827205	True	14200000.0	False	1419432000.0	0.0	1419432000.0	2100	3.385347277462089	8.463368193655223	66.76657130550231	134.00332973287436	1.1114772181363533	6333	True	20880000	True	0	45.0	155.0	12.75	0.0	2.0088	0.5859	6833401.92	165.0	False	0.0	9.52	17821.44	356.42879999999997	0.34372165632	255	12.49499999999999	4419	2	49900032.0	8175150	680000	0.0	58755182.0	0.4426158432976517	False	0	25117054.65198148	0.18	25200000.0	True	420	38000000.0	0.0	13440000.0	3762	101757054.65198147	24.37317032485244	6.639237649464776	False	True
385	tailings_failure	4.8	1.4277930428956507	1.15	2.4	3.6	178.0	1.9	2.1	0.48578539298823864	1.0	0.9999999993214826	True	14200000.0	False	1419432000.0	0.0	1419432000.0	2100	3.385347277462089	8.463368193655223	66.76657130550231	134.00332973287436	1.1114772181363533	6333	True	20880000	True	0	45.0	155.0	12.75	0.0	2.0088	0.5859	6833401.92	165.0	False	0.0	9.52	17821.44	356.42879999999997	0.34372165632	255	12.49499999999999	4419	2	49900032.0	8175150	680000	0.0	58755182.0	0.4426158432976517	False	0	25117054.65198148	0.18	25200000.0	True	420	38000000.0	0.0	13440000.0	3762	101757054.65198147	24.28926964941193	6.639237649464776	False	True
386	tailings_failure	4.8	1.4277930428956507	1.15	2.4	3.6	178.0	1.9	2.1	0.4841131557680651	1.0	0.9999999993581501	True	14200000.0	False	1419432000.0	0.0	1419432000.0	2100	3.385347277462089	8.463368193655223	66.76657130550231	134.00332973287436	1.1114772181363533	6333	True	20880000	True	0	45.0	155.0	12.75	0.0	2.0088	0.5859	6833401.92	165.0	False	0.0	9.52	17821.44	356.42879999999997	0.34372165632	255	12.49499999999999	4419	2	49900032.0	8175150	680000	0.0	58755182.0	0.4426158432976517	False	0	25117054.65198148	0.18	25200000.0	True	420	38000000.0	0.0	13440000.0	3762	101757054.65198147	24.205657788403254	6.639237649464776	False	True
387	tailings_failure	4.8	1.4277930428956507	1.15	2.4	3.6	178.0	1.9	2.1	0.4824466749525939	1.0	0.999999999392836	True	14200000.0	False	1419432000.0	0.0	1419432000.0	2100	3.385347277462089	8.463368193655223	66.76657130550231	134.00332973287436	1.1114772181363533	6333	True	20880000	True	0	45.0	155.0	12.75	0.0	2.0088	0.5859	6833401.92	165.0	False	0.0	9.52	17821.44	356.42879999999997	0.34372165632	255	12.49499999999999	4419	2	49900032.0	8175150	680000	0.0	58755182.0	0.4426158432976517	False	0	25117054.65198148	0.18	25200000.0	True	420	38000000.0	0.0	13440000.0	3762	101757054.65198147	24.122333747629696	6.639237649464776	False	True
388	tailings_failure	4.8	1.4277930428956507	1.15	2.4	3.6	178.0	1.9	2.1	0.4807859307263381	1.0	0.9999999994256474	True	14200000.0	False	1419432000.0	0.0	1419432000.0	2100	3.385347277462089	8.463368193655223	66.76657130550231	134.00332973287436	1.1114772181363533	6333	True	20880000	True	0	45.0	155.0	12.75	0.0	2.0088	0.5859	6833401.92	165.0	False	0.0	9.52	17821.44	356.42879999999997	0.34372165632	255	12.49499999999999	4419	2	49900032.0	8175150	680000	0.0	58755182.0	0.4426158432976517	False	0	25117054.65198148	0.18	25200000.0	True	420	38000000.0	0.0	13440000.0	3762	101757054.65198147	24.039296536316904	6.639237649464776	False	True
389	tailings_failure	4.8	1.4277930428956507	1.15	2.4	3.6	178.0	1.9	2.1	0.4791309033420218	1.0	0.9999999994566858	True	14200000.0	False	1419432000.0	0.0	1419432000.0	2100	3.385347277462089	8.463368193655223	66.76657130550231	134.00332973287436	1.1114772181363533	6333	True	20880000	True	0	45.0	155.0	12.75	0.0	2.0088	0.5859	6833401.92	165.0	False	0.0	9.52	17821.44	356.42879999999997	0.34372165632	255	12.49499999999999	4419	2	49900032.0	8175150	680000	0.0	58755182.0	0.4426158432976517	False	0	25117054.65198148	0.18	25200000.0	True	420	38000000.0	0.0	13440000.0	3762	101757054.65198147	23.95654516710109	6.639237649464776	False	True
390	tailings_failure	4.8	1.4277930428956507	1.15	2.4	3.6	178.0	1.9	2.1	0.4774815731203467	1.0	0.9999999994860468	True	14200000.0	False	1419432000.0	0.0	1419432000.0	2100	3.385347277462089	8.463368193655223	66.76657130550231	134.00332973287436	1.1114772181363533	6333	True	20880000	True	0	45.0	155.0	12.75	0.0	2.0088	0.5859	6833401.92	165.0	False	0.0	9.52	17821.44	356.42879999999997	0.34372165632	255	12.49499999999999	4419	2	49900032.0	8175150	680000	0.0	58755182.0	0.4426158432976517	False	0	25117054.65198148	0.18	25200000.0	True	420	38000000.0	0.0	13440000.0	3762	101757054.65198147	23.874078656017335	6.639237649464776	False	True
391	tailings_failure	4.8	1.4277930428956507	1.15	2.4	3.6	178.0	1.9	2.1	0.4758379204497565	1.0	0.9999999995138211	True	14200000.0	False	1419432000.0	0.0	1419432000.0	2100	3.385347277462089	8.463368193655223	66.76657130550231	134.00332973287436	1.1114772181363533	6333	True	20880000	True	0	45.0	155.0	12.75	0.0	2.0088	0.5859	6833401.92	165.0	False	0.0	9.52	17821.44	356.42879999999997	0.34372165632	255	12.49499999999999	4419	2	49900032.0	8175150	680000	0.0	58755182.0	0.4426158432976517	False	0	25117054.65198148	0.18	25200000.0	True	420	38000000.0	0.0	13440000.0	3762	101757054.65198147	23.791896022487823	6.639237649464776	False	True
392	tailings_failure	4.8	1.4277930428956507	1.15	2.4	3.6	178.0	1.9	2.1	0.47419992578620485	1.0	0.9999999995400944	True	14200000.0	False	1419432000.0	0.0	1419432000.0	2100	3.385347277462089	8.463368193655223	66.76657130550231	134.00332973287436	1.1114772181363533	6333	True	20880000	True	0	45.0	155.0	12.75	0.0	2.0088	0.5859	6833401.92	165.0	False	0.0	9.52	17821.44	356.42879999999997	0.34372165632	255	12.49499999999999	4419	2	49900032.0	8175150	680000	0.0	58755182.0	0.4426158432976517	False	0	25117054.65198148	0.18	25200000.0	True	420	38000000.0	0.0	13440000.0	3762	101757054.65198147	23.709996289310244	6.639237649464776	False	True
393	tailings_failure	4.8	1.4277930428956507	1.15	2.4	3.6	178.0	1.9	2.1	0.47256756965292285	1.0	0.999999999564948	True	14200000.0	False	1419432000.0	0.0	1419432000.0	2100	3.385347277462089	8.463368193655223	66.76657130550231	134.00332973287436	1.1114772181363533	6333	True	20880000	True	0	45.0	155.0	12.75	0.0	2.0088	0.5859	6833401.92	165.0	False	0.0	9.52	17821.44	356.42879999999997	0.34372165632	255	12.49499999999999	4419	2	49900032.0	8175150	680000	0.0	58755182.0	0.4426158432976517	False	0	25117054.65198148	0.18	25200000.0	True	420	38000000.0	0.0	13440000.0	3762	101757054.65198147	23.62837848264614	6.639237649464776	False	True
394	tailings_failure	4.8	1.4277930428956507	1.15	2.4	3.6	178.0	1.9	2.1	0.4709408326401867	1.0	0.9999999995884584	True	14200000.0	False	1419432000.0	0.0	1419432000.0	2100	3.385347277462089	8.463368193655223	66.76657130550231	134.00332973287436	1.1114772181363533	6333	True	20880000	True	0	45.0	155.0	12.75	0.0	2.0088	0.5859	6833401.92	165.0	False	0.0	9.52	17821.44	356.42879999999997	0.34372165632	255	12.49499999999999	4419	2	49900032.0	8175150	680000	0.0	58755182.0	0.4426158432976517	False	0	25117054.65198148	0.18	25200000.0	True	420	38000000.0	0.0	13440000.0	3762	101757054.65198147	23.547041632009336	6.639237649464776	False	True
395	tailings_failure	4.8	1.4277930428956507	1.15	2.4	3.6	178.0	1.9	2.1	0.4693196954050876	1.0	0.9999999996106984	True	14200000.0	False	1419432000.0	0.0	1419432000.0	2100	3.385347277462089	8.463368193655223	66.76657130550231	134.00332973287436	1.1114772181363533	6333	True	20880000	True	0	45.0	155.0	12.75	0.0	2.0088	0.5859	6833401.92	165.0	False	0.0	9.52	17821.44	356.42879999999997	0.34372165632	255	12.49499999999999	4419	2	49900032.0	8175150	680000	0.0	58755182.0	0.4426158432976517	False	0	25117054.65198148	0.18	25200000.0	True	420	38000000.0	0.0	13440000.0	3762	101757054.65198147	23.46598477025438	6.639237649464776	False	True
396	tailings_failure	4.8	1.4277930428956507	1.15	2.4	3.6	178.0	1.9	2.1	0.4677041386713021	1.0	0.9999999996317365	True	14200000.0	False	1419432000.0	0.0	1419432000.0	2100	3.385347277462089	8.463368193655223	66.76657130550231	134.00332973287436	1.1114772181363533	6333	True	20880000	True	0	45.0	155.0	12.75	0.0	2.0088	0.5859	6833401.92	165.0	False	0.0	9.52	17821.44	356.42879999999997	0.34372165632	255	12.49499999999999	4419	2	49900032.0	8175150	680000	0.0	58755182.0	0.4426158432976517	False	0	25117054.65198148	0.18	25200000.0	True	420	38000000.0	0.0	13440000.0	3762	101757054.65198147	23.385206933565104	6.639237649464776	False	True
397	tailings_failure	4.8	1.4277930428956507	1.15	2.4	3.6	178.0	1.9	2.1	0.4660941432288614	1.0	0.9999999996516376	True	14200000.0	False	1419432000.0	0.0	1419432000.0	2100	3.385347277462089	8.463368193655223	66.76657130550231	134.00332973287436	1.1114772181363533	6333	True	20880000	True	0	45.0	155.0	12.75	0.0	2.0088	0.5859	6833401.92	165.0	False	0.0	9.52	17821.44	356.42879999999997	0.34372165632	255	12.49499999999999	4419	2	49900032.0	8175150	680000	0.0	58755182.0	0.4426158432976517	False	0	25117054.65198148	0.18	25200000.0	True	420	38000000.0	0.0	13440000.0	3762	101757054.65198147	23.30470716144307	6.639237649464776	False	True
398	tailings_failure	4.8	1.4277930428956507	1.15	2.4	3.6	178.0	1.9	2.1	0.46448968993392453	1.0	0.9999999996704633	True	14200000.0	False	1419432000.0	0.0	1419432000.0	2100	3.385347277462089	8.463368193655223	66.76657130550231	134.00332973287436	1.1114772181363533	6333	True	20880000	True	0	45.0	155.0	12.75	0.0	2.0088	0.5859	6833401.92	165.0	False	0.0	9.52	17821.44	356.42879999999997	0.34372165632	255	12.49499999999999	4419	2	49900032.0	8175150	680000	0.0	58755182.0	0.4426158432976517	False	0	25117054.65198148	0.18	25200000.0	True	420	38000000.0	0.0	13440000.0	3762	101757054.65198147	23.224484496696228	6.639237649464776	False	True
399	tailings_failure	4.8	1.4277930428956507	1.15	2.4	3.6	178.0	1.9	2.1	0.46289075970855004	1.0	0.9999999996882716	True	14200000.0	False	1419432000.0	0.0	1419432000.0	2100	3.385347277462089	8.463368193655223	66.76657130550231	134.00332973287436	1.1114772181363533	6333	True	20880000	True	0	45.0	155.0	12.75	0.0	2.0088	0.5859	6833401.92	165.0	False	0.0	9.52	17821.44	356.42879999999997	0.34372165632	255	12.49499999999999	4419	2	49900032.0	8175150	680000	0.0	58755182.0	0.4426158432976517	False	0	25117054.65198148	0.18	25200000.0	True	420	38000000.0	0.0	13440000.0	3762	101757054.65198147	23.1445379854275	6.639237649464776	False	True
400	tailings_failure	4.8	1.4277930428956507	1.15	2.4	3.6	178.0	1.9	2.1	0.4612973335404689	1.0	0.9999999997051175	True	14200000.0	False	1419432000.0	0.0	1419432000.0	2100	3.385347277462089	8.463368193655223	66.76657130550231	134.00332973287436	1.1114772181363533	6333	True	20880000	True	0	45.0	155.0	12.75	0.0	2.0088	0.5859	6833401.92	165.0	False	0.0	9.52	17821.44	356.42879999999997	0.34372165632	255	12.49499999999999	4419	2	49900032.0	8175150	680000	0.0	58755182.0	0.4426158432976517	False	0	25117054.65198148	0.18	25200000.0	True	420	38000000.0	0.0	13440000.0	3762	101757054.65198147	23.064866677023446	6.639237649464776	False	True
401	tailings_failure	4.8	1.4277930428956507	1.15	2.4	3.6	178.0	1.9	2.1	0.4597093924828591	1.0	0.9999999997210532	True	14200000.0	False	1419432000.0	0.0	1419432000.0	2100	3.385347277462089	8.463368193655223	66.76657130550231	134.00332973287436	1.1114772181363533	6333	True	20880000	True	0	45.0	155.0	12.75	0.0	2.0088	0.5859	6833401.92	165.0	False	0.0	9.52	17821.44	356.42879999999997	0.34372165632	255	12.49499999999999	4419	2	49900032.0	8175150	680000	0.0	58755182.0	0.4426158432976517	False	0	25117054.65198148	0	0.0	True	420	38000000.0	0.0	13440000.0	3762	76557054.65198147	22.985469624142954	6.639237649464776	False	True
402	tailings_failure	4.8	1.4277930428956507	1.15	2.4	3.6	178.0	1.9	2.1	0.4581269176541196	1.0	0.9999999997361276	True	14200000.0	False	1419432000.0	0.0	1419432000.0	2100	3.385347277462089	8.463368193655223	66.76657130550231	134.00332973287436	1.1114772181363533	6333	True	20880000	True	0	45.0	155.0	12.75	0.0	2.0088	0.5859	6833401.92	165.0	False	0.0	9.52	17821.44	356.42879999999997	0.34372165632	255	12.49499999999999	4419	2	49900032.0	8175150	680000	0.0	58755182.0	0.4426158432976517	False	0	25117054.65198148	0	0.0	True	420	38000000.0	0.0	13440000.0	3762	76557054.65198147	22.90634588270598	6.639237649464776	False	True
403	tailings_failure	4.8	1.4277930428956507	1.15	2.4	3.6	178.0	1.9	2.1	0.4565498902376466	1.0	0.9999999997503874	True	14200000.0	False	1419432000.0	0.0	1419432000.0	2100	3.385347277462089	8.463368193655223	66.76657130550231	134.00332973287436	1.1114772181363533	6333	True	20880000	True	0	45.0	155.0	12.75	0.0	2.0088	0.5859	6833401.92	165.0	False	0.0	9.52	17821.44	356.42879999999997	0.34372165632	255	12.49499999999999	4419	2	49900032.0	8175150	680000	0.0	58755182.0	0.4426158432976517	False	0	25117054.65198148	0	0.0	True	420	38000000.0	0.0	13440000.0	3762	76557054.65198147	22.82749451188233	6.639237649464776	False	True
404	tailings_failure	4.8	1.4277930428956507	1.15	2.4	3.6	178.0	1.9	2.1	0.4549782914816091	1.0	0.9999999997638767	True	14200000.0	False	1419432000.0	0.0	1419432000.0	2100	3.385347277462089	8.463368193655223	66.76657130550231	134.00332973287436	1.1114772181363533	6333	True	20880000	True	0	45.0	155.0	12.75	0.0	2.0088	0.5859	6833401.92	165.0	False	0.0	9.52	17821.44	356.42879999999997	0.34372165632	255	12.49499999999999	4419	2	49900032.0	8175150	680000	0.0	58755182.0	0.4426158432976517	False	0	25117054.65198148	0	0.0	True	420	38000000.0	0.0	13440000.0	3762	76557054.65198147	22.748914574080455	6.639237649464776	False	True
405	tailings_failure	4.8	1.4277930428956507	1.15	2.4	3.6	178.0	1.9	2.1	0.4534121026987263	1.0	0.9999999997766369	True	14200000.0	False	1419432000.0	0.0	1419432000.0	2100	3.385347277462089	8.463368193655223	66.76657130550231	134.00332973287436	1.1114772181363533	6333	True	20880000	True	0	45.0	155.0	12.75	0.0	2.0088	0.5859	6833401.92	165.0	False	0.0	9.52	17821.44	356.42879999999997	0.34372165632	255	12.49499999999999	4419	2	49900032.0	8175150	680000	0.0	58755182.0	0.4426158432976517	False	0	25117054.65198148	0	0.0	True	420	38000000.0	0.0	13440000.0	3762	76557054.65198147	22.670605134936313	6.639237649464776	False	True
406	tailings_failure	4.8	1.4277930428956507	1.15	2.4	3.6	178.0	1.9	2.1	0.45185130526604533	1.0	0.9999999997887076	True	14200000.0	False	1419432000.0	0.0	1419432000.0	2100	3.385347277462089	8.463368193655223	66.76657130550231	134.00332973287436	1.1114772181363533	6333	True	20880000	True	0	45.0	155.0	12.75	0.0	2.0088	0.5859	6833401.92	165.0	False	0.0	9.52	17821.44	356.42879999999997	0.34372165632	255	12.49499999999999	4419	2	49900032.0	8175150	680000	0.0	58755182.0	0.4426158432976517	False	0	25117054.65198148	0	0.0	True	420	38000000.0	0.0	13440000.0	3762	76557054.65198147	22.592565263302266	6.639237649464776	False	True
407	tailings_failure	4.8	1.4277930428956507	1.15	2.4	3.6	178.0	1.9	2.1	0.45029588062472004	1.0	0.9999999998001259	True	14200000.0	False	1419432000.0	0.0	1419432000.0	2100	3.385347277462089	8.463368193655223	66.76657130550231	134.00332973287436	1.1114772181363533	6333	True	20880000	True	0	45.0	155.0	12.75	0.0	2.0088	0.5859	6833401.92	165.0	False	0.0	9.52	17821.44	356.42879999999997	0.34372165632	255	12.49499999999999	4419	2	49900032.0	8175150	680000	0.0	58755182.0	0.4426158432976517	False	0	25117054.65198148	0	0.0	True	420	38000000.0	0.0	13440000.0	3762	76557054.65198147	22.514794031236	6.639237649464776	False	True
408	tailings_failure	4.8	1.4277930428956507	1.15	2.4	3.6	178.0	1.9	2.1	0.4487458102797895	1.0	0.9999999998109271	True	14200000.0	False	1419432000.0	0.0	1419432000.0	2100	3.385347277462089	8.463368193655223	66.76657130550231	134.00332973287436	1.1114772181363533	6333	True	20880000	True	0	45.0	155.0	12.75	0.0	2.0088	0.5859	6833401.92	165.0	False	0.0	9.52	17821.44	356.42879999999997	0.34372165632	255	12.49499999999999	4419	2	49900032.0	8175150	680000	0.0	58755182.0	0.4426158432976517	False	0	25117054.65198148	0	0.0	True	420	38000000.0	0.0	13440000.0	3762	76557054.65198147	22.437290513989474	6.639237649464776	False	True
409	tailings_failure	4.8	1.4277930428956507	1.15	2.4	3.6	178.0	1.9	2.1	0.4472010757999594	1.0	0.9999999998211447	True	14200000.0	False	1419432000.0	0.0	1419432000.0	2100	3.385347277462089	8.463368193655223	66.76657130550231	134.00332973287436	1.1114772181363533	6333	True	20880000	True	0	45.0	155.0	12.75	0.0	2.0088	0.5859	6833401.92	165.0	False	0.0	9.52	17821.44	356.42879999999997	0.34372165632	255	12.49499999999999	4419	2	49900032.0	8175150	680000	0.0	58755182.0	0.4426158432976517	False	0	25117054.65198148	0	0.0	True	420	38000000.0	0.0	13440000.0	3762	76557054.65198147	22.36005378999797	6.639237649464776	False	True
410	tailings_failure	4.8	1.4277930428956507	1.15	2.4	3.6	178.0	1.9	2.1	0.44566165881738157	1.0	0.9999999998308102	True	14200000.0	False	1419432000.0	0.0	1419432000.0	2100	3.385347277462089	8.463368193655223	66.76657130550231	134.00332973287436	1.1114772181363533	6333	True	20880000	True	0	45.0	155.0	12.75	0.0	2.0088	0.5859	6833401.92	165.0	False	0.0	9.52	17821.44	356.42879999999997	0.34372165632	255	12.49499999999999	4419	2	49900032.0	8175150	680000	0.0	58755182.0	0.4426158432976517	False	0	25117054.65198148	0	0.0	True	420	38000000.0	0.0	13440000.0	3762	76557054.65198147	22.28308294086908	6.639237649464776	False	True
411	tailings_failure	4.8	1.4277930428956507	1.15	2.4	3.6	178.0	1.9	2.1	0.4441275410274366	1.0	0.9999999998399534	True	14200000.0	False	1419432000.0	0.0	1419432000.0	2100	3.385347277462089	8.463368193655223	66.76657130550231	134.00332973287436	1.1114772181363533	6333	True	20880000	True	0	45.0	155.0	12.75	0.0	2.0088	0.5859	6833401.92	165.0	False	0.0	9.52	17821.44	356.42879999999997	0.34372165632	255	12.49499999999999	4419	2	49900032.0	8175150	680000	0.0	58755182.0	0.4426158432976517	False	0	25117054.65198148	0	0.0	True	420	38000000.0	0.0	13440000.0	3762	76557054.65198147	22.20637705137183	6.639237649464776	False	True
412	tailings_failure	4.8	1.4277930428956507	1.15	2.4	3.6	178.0	1.9	2.1	0.4425987041885155	1.0	0.9999999998486023	True	14200000.0	False	1419432000.0	0.0	1419432000.0	2100	3.385347277462089	8.463368193655223	66.76657130550231	134.00332973287436	1.1114772181363533	6333	True	20880000	True	0	45.0	155.0	12.75	0.0	2.0088	0.5859	6833401.92	165.0	False	0.0	9.52	17821.44	356.42879999999997	0.34372165632	255	12.49499999999999	4419	2	49900032.0	8175150	680000	0.0	58755182.0	0.4426158432976517	False	0	25117054.65198148	0	0.0	True	420	38000000.0	0.0	13440000.0	3762	76557054.65198147	22.129935209425774	6.639237649464776	False	True
413	tailings_failure	4.8	1.4277930428956507	1.15	2.4	3.6	178.0	1.9	2.1	0.441075130121803	1.0	0.9999999998567839	True	14200000.0	False	1419432000.0	0.0	1419432000.0	2100	3.385347277462089	8.463368193655223	66.76657130550231	134.00332973287436	1.1114772181363533	6333	True	20880000	True	0	45.0	155.0	12.75	0.0	2.0088	0.5859	6833401.92	165.0	False	0.0	9.52	17821.44	356.42879999999997	0.34372165632	255	12.49499999999999	4419	2	49900032.0	8175150	680000	0.0	58755182.0	0.4426158432976517	False	0	25117054.65198148	0	0.0	True	420	38000000.0	0.0	13440000.0	3762	76557054.65198147	22.05375650609015	6.639237649464776	False	True
414	tailings_failure	4.8	1.4277930428956507	1.15	2.4	3.6	178.0	1.9	2.1	0.4395568007110618	1.0	0.9999999998645234	True	14200000.0	False	1419432000.0	0.0	1419432000.0	2100	3.385347277462089	8.463368193655223	66.76657130550231	134.00332973287436	1.1114772181363533	6333	True	20880000	True	0	45.0	155.0	12.75	0.0	2.0088	0.5859	6833401.92	165.0	False	0.0	9.52	17821.44	356.42879999999997	0.34372165632	255	12.49499999999999	4419	2	49900032.0	8175150	680000	0.0	58755182.0	0.4426158432976517	False	0	25117054.65198148	0	0.0	True	420	38000000.0	0.0	13440000.0	3762	76557054.65198147	21.97784003555309	6.639237649464776	False	True
415	tailings_failure	4.8	1.4277930428956507	1.15	2.4	3.6	178.0	1.9	2.1	0.4380436979024164	1.0	0.9999999998718446	True	14200000.0	False	1419432000.0	0.0	1419432000.0	2100	3.385347277462089	8.463368193655223	66.76657130550231	134.00332973287436	1.1114772181363533	6333	True	20880000	True	0	45.0	155.0	12.75	0.0	2.0088	0.5859	6833401.92	165.0	False	0.0	9.52	17821.44	356.42879999999997	0.34372165632	255	12.49499999999999	4419	2	49900032.0	8175150	680000	0.0	58755182.0	0.4426158432976517	False	0	25117054.65198148	0	0.0	True	420	38000000.0	0.0	13440000.0	3762	76557054.65198147	21.90218489512082	6.639237649464776	False	True
416	tailings_failure	4.8	1.4277930428956507	1.15	2.4	3.6	178.0	1.9	2.1	0.43653580370413897	1.0	0.9999999998787702	True	14200000.0	False	1419432000.0	0.0	1419432000.0	2100	3.385347277462089	8.463368193655223	66.76657130550231	134.00332973287436	1.1114772181363533	6333	True	20880000	True	0	45.0	155.0	12.75	0.0	2.0088	0.5859	6833401.92	165.0	False	0.0	9.52	17821.44	356.42879999999997	0.34372165632	255	12.49499999999999	4419	2	49900032.0	8175150	680000	0.0	58755182.0	0.4426158432976517	False	0	25117054.65198148	0	0.0	True	420	38000000.0	0.0	13440000.0	3762	76557054.65198147	21.82679018520695	6.639237649464776	False	True
417	tailings_failure	4.8	1.4277930428956507	1.15	2.4	3.6	178.0	1.9	2.1	0.4350331001864355	1.0	0.9999999998853215	True	14200000.0	False	1419432000.0	0.0	1419432000.0	2100	3.385347277462089	8.463368193655223	66.76657130550231	134.00332973287436	1.1114772181363533	6333	True	20880000	True	0	45.0	155.0	12.75	0.0	2.0088	0.5859	6833401.92	165.0	False	0.0	9.52	17821.44	356.42879999999997	0.34372165632	255	12.49499999999999	4419	2	49900032.0	8175150	680000	0.0	58755182.0	0.4426158432976517	False	0	25117054.65198148	0	0.0	True	420	38000000.0	0.0	13440000.0	3762	76557054.65198147	21.751655009321773	6.639237649464776	False	True
418	tailings_failure	4.8	1.4277930428956507	1.15	2.4	3.6	178.0	1.9	2.1	0.433535569481232	1.0	0.9999999998915188	True	14200000.0	False	1419432000.0	0.0	1419432000.0	2100	3.385347277462089	8.463368193655223	66.76657130550231	134.00332973287436	1.1114772181363533	6333	True	20880000	True	0	45.0	155.0	12.75	0.0	2.0088	0.5859	6833401.92	165.0	False	0.0	9.52	17821.44	356.42879999999997	0.34372165632	255	12.49499999999999	4419	2	49900032.0	8175150	680000	0.0	58755182.0	0.4426158432976517	False	0	25117054.65198148	0	0.0	True	420	38000000.0	0.0	13440000.0	3762	76557054.65198147	21.6767784740616	6.639237649464776	False	True
419	tailings_failure	4.8	1.4277930428956507	1.15	2.4	3.6	178.0	1.9	2.1	0.43204319378196276	1.0	0.9999999998973812	True	14200000.0	False	1419432000.0	0.0	1419432000.0	2100	3.385347277462089	8.463368193655223	66.76657130550231	134.00332973287436	1.1114772181363533	6333	True	20880000	True	0	45.0	155.0	12.75	0.0	2.0088	0.5859	6833401.92	165.0	False	0.0	9.52	17821.44	356.42879999999997	0.34372165632	255	12.49499999999999	4419	2	49900032.0	8175150	680000	0.0	58755182.0	0.4426158432976517	False	0	25117054.65198148	0	0.0	True	420	38000000.0	0.0	13440000.0	3762	76557054.65198147	21.602159689098137	6.639237649464776	False	True
420	tailings_failure	4.8	1.4277930428956507	1.15	2.4	3.6	178.0	1.9	2.1	0.43055595534335794	1.0	0.9999999999029268	True	14200000.0	False	1419432000.0	0.0	1419432000.0	2100	3.385347277462089	8.463368193655223	66.76657130550231	134.00332973287436	1.1114772181363533	6333	True	20880000	True	0	45.0	155.0	12.75	0.0	2.0088	0.5859	6833401.92	165.0	False	0.0	9.52	17821.44	356.42879999999997	0.34372165632	255	12.49499999999999	4419	2	49900032.0	8175150	680000	0.0	58755182.0	0.4426158432976517	False	0	25117054.65198148	0	0.0	True	420	38000000.0	0.0	13440000.0	3762	76557054.65198147	21.527797767167897	6.639237649464776	False	True
421	tailings_failure	4.8	1.4277930428956507	1.15	2.4	3.6	178.0	1.9	2.1	0.42907383648123326	1.0	0.9999999999081727	True	14200000.0	False	1419432000.0	0.0	1419432000.0	2100	3.385347277462089	8.463368193655223	66.76657130550231	134.00332973287436	1.1114772181363533	6333	True	20880000	True	0	45.0	155.0	12.75	0.0	2.0088	0.5859	6833401.92	165.0	False	0.0	9.52	17821.44	356.42879999999997	0.34372165632	255	12.49499999999999	4419	2	49900032.0	8175150	680000	0.0	58755182.0	0.4426158432976517	False	0	25117054.65198148	0	0.0	True	420	38000000.0	0.0	13440000.0	3762	76557054.65198147	21.453691824061664	6.639237649464776	False	True
422	tailings_failure	4.8	1.4277930428956507	1.15	2.4	3.6	178.0	1.9	2.1	0.42759681957227913	1.0	0.999999999913135	True	14200000.0	False	1419432000.0	0.0	1419432000.0	2100	3.385347277462089	8.463368193655223	66.76657130550231	134.00332973287436	1.1114772181363533	6333	True	20880000	True	0	45.0	155.0	12.75	0.0	2.0088	0.5859	6833401.92	165.0	False	0.0	9.52	17821.44	356.42879999999997	0.34372165632	255	12.49499999999999	4419	2	49900032.0	8175150	680000	0.0	58755182.0	0.4426158432976517	False	0	25117054.65198148	0	0.0	True	420	38000000.0	0.0	13440000.0	3762	76557054.65198147	21.379840978613956	6.639237649464776	False	True
423	tailings_failure	4.8	1.4277930428956507	1.15	2.4	3.6	178.0	1.9	2.1	0.4261248870538514	1.0	0.9999999999178293	True	14200000.0	False	1419432000.0	0.0	1419432000.0	2100	3.385347277462089	8.463368193655223	66.76657130550231	134.00332973287436	1.1114772181363533	6333	True	20880000	True	0	45.0	155.0	12.75	0.0	2.0088	0.5859	6833401.92	165.0	False	0.0	9.52	17821.44	356.42879999999997	0.34372165632	255	12.49499999999999	4419	2	49900032.0	8175150	680000	0.0	58755182.0	0.4426158432976517	False	0	25117054.65198148	0	0.0	True	420	38000000.0	0.0	13440000.0	3762	76557054.65198147	21.30624435269257	6.639237649464776	False	True
424	tailings_failure	4.8	1.4277930428956507	1.15	2.4	3.6	178.0	1.9	2.1	0.42465802142376263	1.0	0.9999999999222698	True	14200000.0	False	1419432000.0	0.0	1419432000.0	2100	3.385347277462089	8.463368193655223	66.76657130550231	134.00332973287436	1.1114772181363533	6333	True	20880000	True	0	45.0	155.0	12.75	0.0	2.0088	0.5859	6833401.92	165.0	False	0.0	9.52	17821.44	356.42879999999997	0.34372165632	255	12.49499999999999	4419	2	49900032.0	8175150	680000	0.0	58755182.0	0.4426158432976517	False	0	25117054.65198148	0	0.0	True	420	38000000.0	0.0	13440000.0	3762	76557054.65198147	21.23290107118813	6.639237649464776	False	True
425	tailings_failure	4.8	1.4277930428956507	1.15	2.4	3.6	178.0	1.9	2.1	0.4231962052400733	1.0	0.9999999999264704	True	14200000.0	False	1419432000.0	0.0	1419432000.0	2100	3.385347277462089	8.463368193655223	66.76657130550231	134.00332973287436	1.1114772181363533	6333	True	20880000	True	0	45.0	155.0	12.75	0.0	2.0088	0.5859	6833401.92	165.0	False	0.0	9.52	17821.44	356.42879999999997	0.34372165632	255	12.49499999999999	4419	2	49900032.0	8175150	680000	0.0	58755182.0	0.4426158432976517	False	0	25117054.65198148	0	0.0	True	420	38000000.0	0.0	13440000.0	3762	76557054.65198147	21.159810262003663	6.639237649464776	False	True
426	tailings_failure	4.8	1.4277930428956507	1.15	2.4	3.6	178.0	1.9	2.1	0.4217394211208857	1.0	0.999999999930444	True	14200000.0	False	1419432000.0	0.0	1419432000.0	2100	3.385347277462089	8.463368193655223	66.76657130550231	134.00332973287436	1.1114772181363533	6333	True	20880000	True	0	45.0	155.0	12.75	0.0	2.0088	0.5859	6833401.92	165.0	False	0.0	9.52	17821.44	356.42879999999997	0.34372165632	255	12.49499999999999	4419	2	49900032.0	8175150	680000	0.0	58755182.0	0.4426158432976517	False	0	25117054.65198148	0	0.0	True	420	38000000.0	0.0	13440000.0	3762	76557054.65198147	21.086971056044284	6.639237649464776	False	True
427	tailings_failure	4.8	1.4277930428956507	1.15	2.4	3.6	178.0	1.9	2.1	0.4202876517441356	1.0	0.9999999999342029	True	14200000.0	False	1419432000.0	0.0	1419432000.0	2100	3.385347277462089	8.463368193655223	66.76657130550231	134.00332973287436	1.1114772181363533	6333	True	20880000	True	0	45.0	155.0	12.75	0.0	2.0088	0.5859	6833401.92	165.0	False	0.0	9.52	17821.44	356.42879999999997	0.34372165632	255	12.49499999999999	4419	2	49900032.0	8175150	680000	0.0	58755182.0	0.4426158432976517	False	0	25117054.65198148	0	0.0	True	420	38000000.0	0.0	13440000.0	3762	76557054.65198147	21.014382587206782	6.639237649464776	False	True
428	tailings_failure	4.8	1.4277930428956507	1.15	2.4	3.6	178.0	1.9	2.1	0.41884087984738805	1.0	0.9999999999377586	True	14200000.0	False	1419432000.0	0.0	1419432000.0	2100	3.385347277462089	8.463368193655223	66.76657130550231	134.00332973287436	1.1114772181363533	6333	True	20880000	True	0	45.0	155.0	12.75	0.0	2.0088	0.5859	6833401.92	165.0	False	0.0	9.52	17821.44	356.42879999999997	0.34372165632	255	12.49499999999999	4419	2	49900032.0	8175150	680000	0.0	58755182.0	0.4426158432976517	False	0	25117054.65198148	0	0.0	True	420	38000000.0	0.0	13440000.0	3762	76557054.65198147	20.942043992369403	6.639237649464776	False	True
429	tailings_failure	4.8	1.4277930428956507	1.15	2.4	3.6	178.0	1.9	2.1	0.4173990882276308	1.0	0.9999999999411221	True	14200000.0	False	1419432000.0	0.0	1419432000.0	2100	3.385347277462089	8.463368193655223	66.76657130550231	134.00332973287436	1.1114772181363533	6333	True	20880000	True	0	45.0	155.0	12.75	0.0	2.0088	0.5859	6833401.92	165.0	False	0.0	9.52	17821.44	356.42879999999997	0.34372165632	255	12.49499999999999	4419	2	49900032.0	8175150	680000	0.0	58755182.0	0.4426158432976517	False	0	25117054.65198148	0	0.0	True	420	38000000.0	0.0	13440000.0	3762	76557054.65198147	20.86995441138154	6.639237649464776	False	True
430	tailings_failure	4.8	1.4277930428956507	1.15	2.4	3.6	178.0	1.9	2.1	0.4159622597410697	1.0	0.9999999999443039	True	14200000.0	False	1419432000.0	0.0	1419432000.0	2100	3.385347277462089	8.463368193655223	66.76657130550231	134.00332973287436	1.1114772181363533	6333	True	20880000	True	0	45.0	155.0	12.75	0.0	2.0088	0.5859	6833401.92	165.0	False	0.0	9.52	17821.44	356.42879999999997	0.34372165632	255	12.49499999999999	4419	2	49900032.0	8175150	680000	0.0	58755182.0	0.4426158432976517	False	0	25117054.65198148	0	0.0	True	420	38000000.0	0.0	13440000.0	3762	76557054.65198147	20.798112987053486	6.639237649464776	False	True
431	tailings_failure	4.8	1.4277930428956507	1.15	2.4	3.6	178.0	1.9	2.1	0.4145303773029262	1.0	0.9999999999473137	True	14200000.0	False	1419432000.0	0.0	1419432000.0	2100	3.385347277462089	8.463368193655223	66.76657130550231	134.00332973287436	1.1114772181363533	6333	True	20880000	True	0	45.0	155.0	12.75	0.0	2.0088	0.5859	6833401.92	165.0	False	0.0	9.52	17821.44	356.42879999999997	0.34372165632	255	12.49499999999999	4419	2	49900032.0	8175150	680000	0.0	58755182.0	0.4426158432976517	False	0	25117054.65198148	0	0.0	True	420	38000000.0	0.0	13440000.0	3762	76557054.65198147	20.72651886514631	6.639237649464776	False	True
432	tailings_failure	4.8	1.4277930428956507	1.15	2.4	3.6	178.0	1.9	2.1	0.4131034238872329	1.0	0.999999999950161	True	14200000.0	False	1419432000.0	0.0	1419432000.0	2100	3.385347277462089	8.463368193655223	66.76657130550231	134.00332973287436	1.1114772181363533	6333	True	20880000	True	0	45.0	155.0	12.75	0.0	2.0088	0.5859	6833401.92	165.0	False	0.0	9.52	17821.44	356.42879999999997	0.34372165632	255	12.49499999999999	4419	2	49900032.0	8175150	680000	0.0	58755182.0	0.4426158432976517	False	0	25117054.65198148	0	0.0	True	420	38000000.0	0.0	13440000.0	3762	76557054.65198147	20.655171194361646	6.639237649464776	False	True
433	tailings_failure	4.8	1.4277930428956507	1.15	2.4	3.6	178.0	1.9	2.1	0.4116813825266314	1.0	0.9999999999528543	True	14200000.0	False	1419432000.0	0.0	1419432000.0	2100	3.385347277462089	8.463368193655223	66.76657130550231	134.00332973287436	1.1114772181363533	6333	True	20880000	True	0	45.0	155.0	12.75	0.0	2.0088	0.5859	6833401.92	165.0	False	0.0	9.52	17821.44	356.42879999999997	0.34372165632	255	12.49499999999999	4419	2	49900032.0	8175150	680000	0.0	58755182.0	0.4426158432976517	False	0	25117054.65198148	0	0.0	True	420	38000000.0	0.0	13440000.0	3762	76557054.65198147	20.58406912633157	6.639237649464776	False	True
434	tailings_failure	4.8	1.4277930428956507	1.15	2.4	3.6	178.0	1.9	2.1	0.4102642363121708	1.0	0.999999999955402	True	14200000.0	False	1419432000.0	0.0	1419432000.0	2100	3.385347277462089	8.463368193655223	66.76657130550231	134.00332973287436	1.1114772181363533	6333	True	20880000	True	0	45.0	155.0	12.75	0.0	2.0088	0.5859	6833401.92	165.0	False	0.0	9.52	17821.44	356.42879999999997	0.34372165632	255	12.49499999999999	4419	2	49900032.0	8175150	680000	0.0	58755182.0	0.4426158432976517	False	0	25117054.65198148	0	0.0	True	420	38000000.0	0.0	13440000.0	3762	76557054.65198147	20.51321181560854	6.639237649464776	False	True
435	tailings_failure	4.8	1.4277930428956507	1.15	2.4	3.6	178.0	1.9	2.1	0.40885196839310667	1.0	0.9999999999578122	True	14200000.0	False	1419432000.0	0.0	1419432000.0	2100	3.385347277462089	8.463368193655223	66.76657130550231	134.00332973287436	1.1114772181363533	6333	True	20880000	True	0	45.0	155.0	12.75	0.0	2.0088	0.5859	6833401.92	165.0	False	0.0	9.52	17821.44	356.42879999999997	0.34372165632	255	12.49499999999999	4419	2	49900032.0	8175150	680000	0.0	58755182.0	0.4426158432976517	False	0	25117054.65198148	0	0.0	True	420	38000000.0	0.0	13440000.0	3762	76557054.65198147	20.442598419655333	6.639237649464776	False	True
436	tailings_failure	4.8	1.4277930428956507	1.15	2.4	3.6	178.0	1.9	2.1	0.40744456197670026	1.0	0.999999999960092	True	14200000.0	False	1419432000.0	0.0	1419432000.0	2100	3.385347277462089	8.463368193655223	66.76657130550231	134.00332973287436	1.1114772181363533	6333	True	20880000	True	0	45.0	155.0	12.75	0.0	2.0088	0.5859	6833401.92	165.0	False	0.0	9.52	17821.44	356.42879999999997	0.34372165632	255	12.49499999999999	4419	2	49900032.0	8175150	680000	0.0	58755182.0	0.4426158432976517	False	0	25117054.65198148	0	0.0	True	420	38000000.0	0.0	13440000.0	3762	76557054.65198147	20.372228098835013	6.639237649464776	False	True
437	tailings_failure	4.8	1.4277930428956507	1.15	2.4	3.6	178.0	1.9	2.1	0.40604200032801935	1.0	0.9999999999622486	True	14200000.0	False	1419432000.0	0.0	1419432000.0	2100	3.385347277462089	8.463368193655223	66.76657130550231	134.00332973287436	1.1114772181363533	6333	True	20880000	True	0	45.0	155.0	12.75	0.0	2.0088	0.5859	6833401.92	165.0	False	0.0	9.52	17821.44	356.42879999999997	0.34372165632	255	12.49499999999999	4419	2	49900032.0	8175150	680000	0.0	58755182.0	0.4426158432976517	False	0	25117054.65198148	0	0.0	True	420	38000000.0	0.0	13440000.0	3762	76557054.65198147	20.302100016400967	6.639237649464776	False	True
438	tailings_failure	4.8	1.4277930428956507	1.15	2.4	3.6	178.0	1.9	2.1	0.4046442667697386	1.0	0.9999999999642888	True	14200000.0	False	1419432000.0	0.0	1419432000.0	2100	3.385347277462089	8.463368193655223	66.76657130550231	134.00332973287436	1.1114772181363533	6333	True	20880000	True	0	45.0	155.0	12.75	0.0	2.0088	0.5859	6833401.92	165.0	False	0.0	9.52	17821.44	356.42879999999997	0.34372165632	255	12.49499999999999	4419	2	49900032.0	8175150	680000	0.0	58755182.0	0.4426158432976517	False	0	25117054.65198148	0	0.0	True	420	38000000.0	0.0	13440000.0	3762	76557054.65198147	20.23221333848693	6.639237649464776	False	True
439	tailings_failure	4.8	1.4277930428956507	1.15	2.4	3.6	178.0	1.9	2.1	0.4032513446819423	1.0	0.9999999999662186	True	14200000.0	False	1419432000.0	0.0	1419432000.0	2100	3.385347277462089	8.463368193655223	66.76657130550231	134.00332973287436	1.1114772181363533	6333	True	20880000	True	0	45.0	155.0	12.75	0.0	2.0088	0.5859	6833401.92	165.0	False	0.0	9.52	17821.44	356.42879999999997	0.34372165632	255	12.49499999999999	4419	2	49900032.0	8175150	680000	0.0	58755182.0	0.4426158432976517	False	0	25117054.65198148	0	0.0	True	420	38000000.0	0.0	13440000.0	3762	76557054.65198147	20.162567234097114	6.639237649464776	False	True
440	tailings_failure	4.8	1.4277930428956507	1.15	2.4	3.6	178.0	1.9	2.1	0.40186321750192533	1.0	0.9999999999680442	True	14200000.0	False	1419432000.0	0.0	1419432000.0	2100	3.385347277462089	8.463368193655223	66.76657130550231	134.00332973287436	1.1114772181363533	6333	True	20880000	True	0	45.0	155.0	12.75	0.0	2.0088	0.5859	6833401.92	165.0	False	0.0	9.52	17821.44	356.42879999999997	0.34372165632	255	12.49499999999999	4419	2	49900032.0	8175150	680000	0.0	58755182.0	0.4426158432976517	False	0	25117054.65198148	0	0.0	True	420	38000000.0	0.0	13440000.0	3762	76557054.65198147	20.093160875096267	6.639237649464776	False	True
441	tailings_failure	4.8	1.4277930428956507	1.15	2.4	3.6	178.0	1.9	2.1	0.4004798687239978	1.0	0.9999999999697711	True	14200000.0	False	1419432000.0	0.0	1419432000.0	2100	3.385347277462089	8.463368193655223	66.76657130550231	134.00332973287436	1.1114772181363533	6333	True	20880000	True	0	45.0	155.0	12.75	0.0	2.0088	0.5859	6833401.92	165.0	False	0.0	9.52	17821.44	356.42879999999997	0.34372165632	255	12.49499999999999	4419	2	49900032.0	8175150	680000	0.0	58755182.0	0.4426158432976517	False	0	25117054.65198148	0	0.0	True	420	38000000.0	0.0	13440000.0	3762	76557054.65198147	20.02399343619989	6.639237649464776	False	True
442	tailings_failure	4.8	1.4277930428956507	1.15	2.4	3.6	178.0	1.9	2.1	0.399101281899287	1.0	0.9999999999714047	True	14200000.0	False	1419432000.0	0.0	1419432000.0	2100	3.385347277462089	8.463368193655223	66.76657130550231	134.00332973287436	1.1114772181363533	6333	True	20880000	True	0	45.0	155.0	12.75	0.0	2.0088	0.5859	6833401.92	165.0	False	0.0	9.52	17821.44	356.42879999999997	0.34372165632	255	12.49499999999999	4419	2	49900032.0	8175150	680000	0.0	58755182.0	0.4426158432976517	False	0	25117054.65198148	0	0.0	True	420	38000000.0	0.0	13440000.0	3762	76557054.65198147	19.95506409496435	6.639237649464776	False	True
443	tailings_failure	4.8	1.4277930428956507	1.15	2.4	3.6	178.0	1.9	2.1	0.397727440635544	1.0	0.99999999997295	True	14200000.0	False	1419432000.0	0.0	1419432000.0	2100	3.385347277462089	8.463368193655223	66.76657130550231	134.00332973287436	1.1114772181363533	6333	True	20880000	True	0	45.0	155.0	12.75	0.0	2.0088	0.5859	6833401.92	165.0	False	0.0	9.52	17821.44	356.42879999999997	0.34372165632	255	12.49499999999999	4419	2	49900032.0	8175150	680000	0.0	58755182.0	0.4426158432976517	False	0	25117054.65198148	0	0.0	True	420	38000000.0	0.0	13440000.0	3762	76557054.65198147	19.8863720317772	6.639237649464776	False	True
444	tailings_failure	4.8	1.4277930428956507	1.15	2.4	3.6	178.0	1.9	2.1	0.3963583285969463	1.0	0.9999999999744118	True	14200000.0	False	1419432000.0	0.0	1419432000.0	2100	3.385347277462089	8.463368193655223	66.76657130550231	134.00332973287436	1.1114772181363533	6333	True	20880000	True	0	45.0	155.0	12.75	0.0	2.0088	0.5859	6833401.92	165.0	False	0.0	9.52	17821.44	356.42879999999997	0.34372165632	255	12.49499999999999	4419	2	49900032.0	8175150	680000	0.0	58755182.0	0.4426158432976517	False	0	25117054.65198148	0	0.0	True	420	38000000.0	0.0	13440000.0	3762	76557054.65198147	19.817916429847315	6.639237649464776	False	True
445	tailings_failure	4.8	1.4277930428956507	1.15	2.4	3.6	178.0	1.9	2.1	0.39499392950390555	1.0	0.9999999999757946	True	14200000.0	False	1419432000.0	0.0	1419432000.0	2100	3.385347277462089	8.463368193655223	66.76657130550231	134.00332973287436	1.1114772181363533	6333	True	20880000	True	0	45.0	155.0	12.75	0.0	2.0088	0.5859	6833401.92	165.0	False	0.0	9.52	17821.44	356.42879999999997	0.34372165632	255	12.49499999999999	4419	2	49900032.0	8175150	680000	0.0	58755182.0	0.4426158432976517	False	0	25117054.65198148	0	0.0	True	420	38000000.0	0.0	13440000.0	3762	76557054.65198147	19.74969647519528	6.639237649464776	False	True
446	tailings_failure	4.8	1.4277930428956507	1.15	2.4	3.6	178.0	1.9	2.1	0.3936342271328732	1.0	0.9999999999771026	True	14200000.0	False	1419432000.0	0.0	1419432000.0	2100	3.385347277462089	8.463368193655223	66.76657130550231	134.00332973287436	1.1114772181363533	6333	True	20880000	True	0	45.0	155.0	12.75	0.0	2.0088	0.5859	6833401.92	165.0	False	0.0	9.52	17821.44	356.42879999999997	0.34372165632	255	12.49499999999999	4419	2	49900032.0	8175150	680000	0.0	58755182.0	0.4426158432976517	False	0	25117054.65198148	0	0.0	True	420	38000000.0	0.0	13440000.0	3762	76557054.65198147	19.68171135664366	6.639237649464776	False	True
447	tailings_failure	4.8	1.4277930428956507	1.15	2.4	3.6	178.0	1.9	2.1	0.3922792053161473	1.0	0.99999999997834	True	14200000.0	False	1419432000.0	0.0	1419432000.0	2100	3.385347277462089	8.463368193655223	66.76657130550231	134.00332973287436	1.1114772181363533	6333	True	20880000	True	0	45.0	155.0	12.75	0.0	2.0088	0.5859	6833401.92	165.0	False	0.0	9.52	17821.44	356.42879999999997	0.34372165632	255	12.49499999999999	4419	2	49900032.0	8175150	680000	0.0	58755182.0	0.4426158432976517	False	0	25117054.65198148	0	0.0	True	420	38000000.0	0.0	13440000.0	3762	76557054.65198147	19.613960265807364	6.639237649464776	False	True
448	tailings_failure	4.8	1.4277930428956507	1.15	2.4	3.6	178.0	1.9	2.1	0.3909288479416809	1.0	0.9999999999795105	True	14200000.0	False	1419432000.0	0.0	1419432000.0	2100	3.385347277462089	8.463368193655223	66.76657130550231	134.00332973287436	1.1114772181363533	6333	True	20880000	True	0	45.0	155.0	12.75	0.0	2.0088	0.5859	6833401.92	165.0	False	0.0	9.52	17821.44	356.42879999999997	0.34372165632	255	12.49499999999999	4419	2	49900032.0	8175150	680000	0.0	58755182.0	0.4426158432976517	False	0	25117054.65198148	0	0.0	True	420	38000000.0	0.0	13440000.0	3762	76557054.65198147	19.546442397084046	6.639237649464776	False	True
449	tailings_failure	4.8	1.4277930428956507	1.15	2.4	3.6	178.0	1.9	2.1	0.38958313895288993	1.0	0.9999999999806178	True	14200000.0	False	1419432000.0	0.0	1419432000.0	2100	3.385347277462089	8.463368193655223	66.76657130550231	134.00332973287436	1.1114772181363533	6333	True	20880000	True	0	45.0	155.0	12.75	0.0	2.0088	0.5859	6833401.92	165.0	False	0.0	9.52	17821.44	356.42879999999997	0.34372165632	255	12.49499999999999	4419	2	49900032.0	8175150	680000	0.0	58755182.0	0.4426158432976517	False	0	25117054.65198148	0	0.0	True	420	38000000.0	0.0	13440000.0	3762	76557054.65198147	19.479156947644498	6.639237649464776	False	True
450	tailings_failure	4.8	1.4277930428956507	1.15	2.4	3.6	178.0	1.9	2.1	0.38824206234846265	1.0	0.9999999999816652	True	14200000.0	False	1419432000.0	0.0	1419432000.0	2100	3.385347277462089	8.463368193655223	66.76657130550231	134.00332973287436	1.1114772181363533	6333	True	20880000	True	0	45.0	155.0	12.75	0.0	2.0088	0.5859	6833401.92	165.0	False	0.0	9.52	17821.44	356.42879999999997	0.34372165632	255	12.49499999999999	4419	2	49900032.0	8175150	680000	0.0	58755182.0	0.4426158432976517	False	0	25117054.65198148	0	0.0	True	420	38000000.0	0.0	13440000.0	3762	76557054.65198147	19.412103117423133	6.639237649464776	False	True
451	tailings_failure	4.8	1.4277930428956507	1.15	2.4	3.6	178.0	1.9	2.1	0.3869056021821692	1.0	0.9999999999826561	True	14200000.0	False	1419432000.0	0.0	1419432000.0	2100	3.385347277462089	8.463368193655223	66.76657130550231	134.00332973287436	1.1114772181363533	6333	True	20880000	True	0	45.0	155.0	12.75	0.0	2.0088	0.5859	6833401.92	165.0	False	0.0	9.52	17821.44	356.42879999999997	0.34372165632	255	12.49499999999999	4419	2	49900032.0	8175150	680000	0.0	58755182.0	0.4426158432976517	False	0	25117054.65198148	0	0.0	True	420	38000000.0	0.0	13440000.0	3762	76557054.65198147	19.345280109108458	6.639237649464776	False	True
452	tailings_failure	4.8	1.4277930428956507	1.15	2.4	3.6	178.0	1.9	2.1	0.3855737425626719	1.0	0.9999999999835933	True	14200000.0	False	1419432000.0	0.0	1419432000.0	2100	3.385347277462089	8.463368193655223	66.76657130550231	134.00332973287436	1.1114772181363533	6333	True	20880000	True	0	45.0	155.0	12.75	0.0	2.0088	0.5859	6833401.92	165.0	False	0.0	9.52	17821.44	356.42879999999997	0.34372165632	255	12.49499999999999	4419	2	49900032.0	8175150	680000	0.0	58755182.0	0.4426158432976517	False	0	25117054.65198148	0	0.0	True	420	38000000.0	0.0	13440000.0	3762	76557054.65198147	19.278687128133594	6.639237649464776	False	True
453	tailings_failure	4.8	1.4277930428956507	1.15	2.4	3.6	178.0	1.9	2.1	0.3842464676533365	1.0	0.99999999998448	True	14200000.0	False	1419432000.0	0.0	1419432000.0	2100	3.385347277462089	8.463368193655223	66.76657130550231	134.00332973287436	1.1114772181363533	6333	True	20880000	True	0	45.0	155.0	12.75	0.0	2.0088	0.5859	6833401.92	165.0	False	0.0	9.52	17821.44	356.42879999999997	0.34372165632	255	12.49499999999999	4419	2	49900032.0	8175150	680000	0.0	58755182.0	0.4426158432976517	False	0	25117054.65198148	0	0.0	True	420	38000000.0	0.0	13440000.0	3762	76557054.65198147	19.212323382666824	6.639237649464776	False	True
454	tailings_failure	4.8	1.4277930428956507	1.15	2.4	3.6	178.0	1.9	2.1	0.382923761672044	1.0	0.9999999999853186	True	14200000.0	False	1419432000.0	0.0	1419432000.0	2100	3.385347277462089	8.463368193655223	66.76657130550231	134.00332973287436	1.1114772181363533	6333	True	20880000	True	0	45.0	155.0	12.75	0.0	2.0088	0.5859	6833401.92	165.0	False	0.0	9.52	17821.44	356.42879999999997	0.34372165632	255	12.49499999999999	4419	2	49900032.0	8175150	680000	0.0	58755182.0	0.4426158432976517	False	0	25117054.65198148	0	0.0	True	420	38000000.0	0.0	13440000.0	3762	76557054.65198147	19.1461880836022	6.639237649464776	False	True
455	tailings_failure	4.8	1.4277930428956507	1.15	2.4	3.6	178.0	1.9	2.1	0.3816056088910023	1.0	0.9999999999861121	True	14200000.0	False	1419432000.0	0.0	1419432000.0	2100	3.385347277462089	8.463368193655223	66.76657130550231	134.00332973287436	1.1114772181363533	6333	True	20880000	True	0	45.0	155.0	12.75	0.0	2.0088	0.5859	6833401.92	165.0	False	0.0	9.52	17821.44	356.42879999999997	0.34372165632	255	12.49499999999999	4419	2	49900032.0	8175150	680000	0.0	58755182.0	0.4426158432976517	False	0	25117054.65198148	0	0.0	True	420	38000000.0	0.0	13440000.0	3762	76557054.65198147	19.080280444550116	6.639237649464776	False	True
456	tailings_failure	4.8	1.4277930428956507	1.15	2.4	3.6	178.0	1.9	2.1	0.38029199363656024	1.0	0.9999999999868626	True	14200000.0	False	1419432000.0	0.0	1419432000.0	2100	3.385347277462089	8.463368193655223	66.76657130550231	134.00332973287436	1.1114772181363533	6333	True	20880000	True	0	45.0	155.0	12.75	0.0	2.0088	0.5859	6833401.92	165.0	False	0.0	9.52	17821.44	356.42879999999997	0.34372165632	255	12.49499999999999	4419	2	49900032.0	8175150	680000	0.0	58755182.0	0.4426158432976517	False	0	25117054.65198148	0	0.0	True	420	38000000.0	0.0	13440000.0	3762	76557054.65198147	19.014599681828013	6.639237649464776	False	True
457	tailings_failure	4.8	1.4277930428956507	1.15	2.4	3.6	178.0	1.9	2.1	0.37898290028902026	1.0	0.9999999999875725	True	14200000.0	False	1419432000.0	0.0	1419432000.0	2100	3.385347277462089	8.463368193655223	66.76657130550231	134.00332973287436	1.1114772181363533	6333	True	20880000	True	0	45.0	155.0	12.75	0.0	2.0088	0.5859	6833401.92	165.0	False	0.0	9.52	17821.44	356.42879999999997	0.34372165632	255	12.49499999999999	4419	2	49900032.0	8175150	680000	0.0	58755182.0	0.4426158432976517	False	0	25117054.65198148	0	0.0	True	420	38000000.0	0.0	13440000.0	3762	76557054.65198147	18.949145014451013	6.639237649464776	False	True
458	tailings_failure	4.8	1.4277930428956507	1.15	2.4	3.6	178.0	1.9	2.1	0.377678313282453	1.0	0.9999999999882441	True	14200000.0	False	1419432000.0	0.0	1419432000.0	2100	3.385347277462089	8.463368193655223	66.76657130550231	134.00332973287436	1.1114772181363533	6333	True	20880000	True	0	45.0	155.0	12.75	0.0	2.0088	0.5859	6833401.92	165.0	False	0.0	9.52	17821.44	356.42879999999997	0.34372165632	255	12.49499999999999	4419	2	49900032.0	8175150	680000	0.0	58755182.0	0.4426158432976517	False	0	25117054.65198148	0	0.0	True	420	38000000.0	0.0	13440000.0	3762	76557054.65198147	18.88391566412265	6.639237649464776	False	True
459	tailings_failure	4.8	1.4277930428956507	1.15	2.4	3.6	178.0	1.9	2.1	0.37637821710451264	1.0	0.9999999999888795	True	14200000.0	False	1419432000.0	0.0	1419432000.0	2100	3.385347277462089	8.463368193655223	66.76657130550231	134.00332973287436	1.1114772181363533	6333	True	20880000	True	0	45.0	155.0	12.75	0.0	2.0088	0.5859	6833401.92	165.0	False	0.0	9.52	17821.44	356.42879999999997	0.34372165632	255	12.49499999999999	4419	2	49900032.0	8175150	680000	0.0	58755182.0	0.4426158432976517	False	0	25117054.65198148	0	0.0	True	420	38000000.0	0.0	13440000.0	3762	76557054.65198147	18.81891085522563	6.639237649464776	False	True
460	tailings_failure	4.8	1.4277930428956507	1.15	2.4	3.6	178.0	1.9	2.1	0.37508259629625185	1.0	0.9999999999894804	True	14200000.0	False	1419432000.0	0.0	1419432000.0	2100	3.385347277462089	8.463368193655223	66.76657130550231	134.00332973287436	1.1114772181363533	6333	True	20880000	True	0	45.0	155.0	12.75	0.0	2.0088	0.5859	6833401.92	165.0	False	0.0	9.52	17821.44	356.42879999999997	0.34372165632	255	12.49499999999999	4419	2	49900032.0	8175150	680000	0.0	58755182.0	0.4426158432976517	False	0	25117054.65198148	0	0.0	True	420	38000000.0	0.0	13440000.0	3762	76557054.65198147	18.754129814812593	6.639237649464776	False	True
461	tailings_failure	4.8	1.4277930428956507	1.15	2.4	3.6	178.0	1.9	2.1	0.37379143545193844	1.0	0.9999999999900488	True	14200000.0	False	1419432000.0	0.0	1419432000.0	2100	3.385347277462089	8.463368193655223	66.76657130550231	134.00332973287436	1.1114772181363533	6333	True	20880000	True	0	45.0	155.0	12.75	0.0	2.0088	0.5859	6833401.92	165.0	False	0.0	9.52	17821.44	356.42879999999997	0.34372165632	255	12.49499999999999	4419	2	49900032.0	8175150	680000	0.0	58755182.0	0.4426158432976517	False	0	25117054.65198148	0	0.0	True	420	38000000.0	0.0	13440000.0	3762	76557054.65198147	18.68957177259692	6.639237649464776	False	True
462	tailings_failure	4.8	1.4277930428956507	1.15	2.4	3.6	178.0	1.9	2.1	0.37250471921887135	1.0	0.9999999999905866	True	14200000.0	False	1419432000.0	0.0	1419432000.0	2100	3.385347277462089	8.463368193655223	66.76657130550231	134.00332973287436	1.1114772181363533	6333	True	20880000	True	0	45.0	155.0	12.75	0.0	2.0088	0.5859	6833401.92	165.0	False	0.0	9.52	17821.44	356.42879999999997	0.34372165632	255	12.49499999999999	4419	2	49900032.0	8175150	680000	0.0	58755182.0	0.4426158432976517	False	0	25117054.65198148	0	0.0	True	420	38000000.0	0.0	13440000.0	3762	76557054.65198147	18.625235960943566	6.639237649464776	False	True
463	tailings_failure	4.8	1.4277930428956507	1.15	2.4	3.6	178.0	1.9	2.1	0.3712224322971994	1.0	0.9999999999910953	True	14200000.0	False	1419432000.0	0.0	1419432000.0	2100	3.385347277462089	8.463368193655223	66.76657130550231	134.00332973287436	1.1114772181363533	6333	True	20880000	True	0	45.0	155.0	12.75	0.0	2.0088	0.5859	6833401.92	165.0	False	0.0	9.52	17821.44	356.42879999999997	0.34372165632	255	12.49499999999999	4419	2	49900032.0	8175150	680000	0.0	58755182.0	0.4426158432976517	False	0	25117054.65198148	0	0.0	True	420	38000000.0	0.0	13440000.0	3762	76557054.65198147	18.56112161485997	6.639237649464776	False	True
464	tailings_failure	4.8	1.4277930428956507	1.15	2.4	3.6	178.0	1.9	2.1	0.3699445594397384	1.0	0.9999999999915765	True	14200000.0	False	1419432000.0	0.0	1419432000.0	2100	3.385347277462089	8.463368193655223	66.76657130550231	134.00332973287436	1.1114772181363533	6333	True	20880000	True	0	45.0	155.0	12.75	0.0	2.0088	0.5859	6833401.92	165.0	False	0.0	9.52	17821.44	356.42879999999997	0.34372165632	255	12.49499999999999	4419	2	49900032.0	8175150	680000	0.0	58755182.0	0.4426158432976517	False	0	25117054.65198148	0	0.0	True	420	38000000.0	0.0	13440000.0	3762	76557054.65198147	18.49722797198692	6.639237649464776	False	True
465	tailings_failure	4.8	1.4277930428956507	1.15	2.4	3.6	178.0	1.9	2.1	0.36867108545179006	1.0	0.9999999999920317	True	14200000.0	False	1419432000.0	0.0	1419432000.0	2100	3.385347277462089	8.463368193655223	66.76657130550231	134.00332973287436	1.1114772181363533	6333	True	20880000	True	0	45.0	155.0	12.75	0.0	2.0088	0.5859	6833401.92	165.0	False	0.0	9.52	17821.44	356.42879999999997	0.34372165632	255	12.49499999999999	4419	2	49900032.0	8175150	680000	0.0	58755182.0	0.4426158432976517	False	0	25117054.65198148	0	0.0	True	420	38000000.0	0.0	13440000.0	3762	76557054.65198147	18.433554272589504	6.639237649464776	False	True
466	tailings_failure	4.8	1.4277930428956507	1.15	2.4	3.6	178.0	1.9	2.1	0.36740199519096123	1.0	0.9999999999924624	True	14200000.0	False	1419432000.0	0.0	1419432000.0	2100	3.385347277462089	8.463368193655223	66.76657130550231	134.00332973287436	1.1114772181363533	6333	True	20880000	True	0	45.0	155.0	12.75	0.0	2.0088	0.5859	6833401.92	165.0	False	0.0	9.52	17821.44	356.42879999999997	0.34372165632	255	12.49499999999999	4419	2	49900032.0	8175150	680000	0.0	58755182.0	0.4426158432976517	False	0	25117054.65198148	0	0.0	True	420	38000000.0	0.0	13440000.0	3762	76557054.65198147	18.37009975954806	6.639237649464776	False	True
467	tailings_failure	4.8	1.4277930428956507	1.15	2.4	3.6	178.0	1.9	2.1	0.3661372735669844	1.0	0.9999999999928697	True	14200000.0	False	1419432000.0	0.0	1419432000.0	2100	3.385347277462089	8.463368193655223	66.76657130550231	134.00332973287436	1.1114772181363533	6333	True	20880000	True	0	45.0	155.0	12.75	0.0	2.0088	0.5859	6833401.92	165.0	False	0.0	9.52	17821.44	356.42879999999997	0.34372165632	255	12.49499999999999	4419	2	49900032.0	8175150	680000	0.0	58755182.0	0.4426158432976517	False	0	25117054.65198148	0	0.0	True	420	38000000.0	0.0	13440000.0	3762	76557054.65198147	18.30686367834922	6.639237649464776	False	True
468	tailings_failure	4.8	1.4277930428956507	1.15	2.4	3.6	178.0	1.9	2.1	0.36487690554153746	1.0	0.9999999999932551	True	14200000.0	False	1419432000.0	0.0	1419432000.0	2100	3.385347277462089	8.463368193655223	66.76657130550231	134.00332973287436	1.1114772181363533	6333	True	20880000	True	0	45.0	155.0	12.75	0.0	2.0088	0.5859	6833401.92	165.0	False	0.0	9.52	17821.44	356.42879999999997	0.34372165632	255	12.49499999999999	4419	2	49900032.0	8175150	680000	0.0	58755182.0	0.4426158432976517	False	0	25117054.65198148	0	0.0	True	420	38000000.0	0.0	13440000.0	3762	76557054.65198147	18.243845277076872	6.639237649464776	False	True
469	tailings_failure	4.8	1.4277930428956507	1.15	2.4	3.6	178.0	1.9	2.1	0.3636208761280655	1.0	0.9999999999936195	True	14200000.0	False	1419432000.0	0.0	1419432000.0	2100	3.385347277462089	8.463368193655223	66.76657130550231	134.00332973287436	1.1114772181363533	6333	True	20880000	True	0	45.0	155.0	12.75	0.0	2.0088	0.5859	6833401.92	165.0	False	0.0	9.52	17821.44	356.42879999999997	0.34372165632	255	12.49499999999999	4419	2	49900032.0	8175150	680000	0.0	58755182.0	0.4426158432976517	False	0	25117054.65198148	0	0.0	True	420	38000000.0	0.0	13440000.0	3762	76557054.65198147	18.181043806403274	6.639237649464776	False	True
470	tailings_failure	4.8	1.4277930428956507	1.15	2.4	3.6	178.0	1.9	2.1	0.3623691703916021	1.0	0.9999999999939643	True	14200000.0	False	1419432000.0	0.0	1419432000.0	2100	3.385347277462089	8.463368193655223	66.76657130550231	134.00332973287436	1.1114772181363533	6333	True	20880000	True	0	45.0	155.0	12.75	0.0	2.0088	0.5859	6833401.92	165.0	False	0.0	9.52	17821.44	356.42879999999997	0.34372165632	255	12.49499999999999	4419	2	49900032.0	8175150	680000	0.0	58755182.0	0.4426158432976517	False	0	25117054.65198148	0	0.0	True	420	38000000.0	0.0	13440000.0	3762	76557054.65198147	18.118458519580106	6.639237649464776	False	True
471	tailings_failure	4.8	1.4277930428956507	1.15	2.4	3.6	178.0	1.9	2.1	0.36112177344859264	1.0	0.9999999999942905	True	14200000.0	False	1419432000.0	0.0	1419432000.0	2100	3.385347277462089	8.463368193655223	66.76657130550231	134.00332973287436	1.1114772181363533	6333	True	20880000	True	0	45.0	155.0	12.75	0.0	2.0088	0.5859	6833401.92	165.0	False	0.0	9.52	17821.44	356.42879999999997	0.34372165632	255	12.49499999999999	4419	2	49900032.0	8175150	680000	0.0	58755182.0	0.4426158432976517	False	0	25117054.65198148	0	0.0	True	420	38000000.0	0.0	13440000.0	3762	76557054.65198147	18.05608867242963	6.639237649464776	False	True
472	tailings_failure	4.8	1.4277930428956507	1.15	2.4	3.6	178.0	1.9	2.1	0.35987867046671596	1.0	0.999999999994599	True	14200000.0	False	1419432000.0	0.0	1419432000.0	2100	3.385347277462089	8.463368193655223	66.76657130550231	134.00332973287436	1.1114772181363533	6333	True	20880000	True	0	45.0	155.0	12.75	0.0	2.0088	0.5859	6833401.92	165.0	False	0.0	9.52	17821.44	356.42879999999997	0.34372165632	255	12.49499999999999	4419	2	49900032.0	8175150	680000	0.0	58755182.0	0.4426158432976517	False	0	25117054.65198148	0	0.0	True	420	38000000.0	0.0	13440000.0	3762	76557054.65198147	17.993933523335798	6.639237649464776	False	True
473	tailings_failure	4.8	1.4277930428956507	1.15	2.4	3.6	178.0	1.9	2.1	0.3586398466647093	1.0	0.9999999999948909	True	14200000.0	False	1419432000.0	0.0	1419432000.0	2100	3.385347277462089	8.463368193655223	66.76657130550231	134.00332973287436	1.1114772181363533	6333	True	20880000	True	0	45.0	155.0	12.75	0.0	2.0088	0.5859	6833401.92	165.0	False	0.0	9.52	17821.44	356.42879999999997	0.34372165632	255	12.49499999999999	4419	2	49900032.0	8175150	680000	0.0	58755182.0	0.4426158432976517	False	0	25117054.65198148	0	0.0	True	420	38000000.0	0.0	13440000.0	3762	76557054.65198147	17.931992333235467	6.639237649464776	False	True
474	tailings_failure	4.8	1.4277930428956507	1.15	2.4	3.6	178.0	1.9	2.1	0.35740528731219173	1.0	0.999999999995167	True	14200000.0	False	1419432000.0	0.0	1419432000.0	2100	3.385347277462089	8.463368193655223	66.76657130550231	134.00332973287436	1.1114772181363533	6333	True	20880000	True	0	45.0	155.0	12.75	0.0	2.0088	0.5859	6833401.92	165.0	False	0.0	9.52	17821.44	356.42879999999997	0.34372165632	255	12.49499999999999	4419	2	49900032.0	8175150	680000	0.0	58755182.0	0.4426158432976517	False	0	25117054.65198148	0	0.0	True	420	38000000.0	0.0	13440000.0	3762	76557054.65198147	17.870264365609586	6.639237649464776	False	True
475	tailings_failure	4.8	1.4277930428956507	1.15	2.4	3.6	178.0	1.9	2.1	0.3561749777294894	1.0	0.9999999999954282	True	14200000.0	False	1419432000.0	0.0	1419432000.0	2100	3.385347277462089	8.463368193655223	66.76657130550231	134.00332973287436	1.1114772181363533	6333	True	20880000	True	0	45.0	155.0	12.75	0.0	2.0088	0.5859	6833401.92	165.0	False	0.0	9.52	17821.44	356.42879999999997	0.34372165632	255	12.49499999999999	4419	2	49900032.0	8175150	680000	0.0	58755182.0	0.4426158432976517	False	0	25117054.65198148	0	0.0	True	420	38000000.0	0.0	13440000.0	3762	76557054.65198147	17.808748886474472	6.639237649464776	False	True
476	tailings_failure	4.8	1.4277930428956507	1.15	2.4	3.6	178.0	1.9	2.1	0.3549489032874608	1.0	0.9999999999956752	True	14200000.0	False	1419432000.0	0.0	1419432000.0	2100	3.385347277462089	8.463368193655223	66.76657130550231	134.00332973287436	1.1114772181363533	6333	True	20880000	True	0	45.0	155.0	12.75	0.0	2.0088	0.5859	6833401.92	165.0	False	0.0	9.52	17821.44	356.42879999999997	0.34372165632	255	12.49499999999999	4419	2	49900032.0	8175150	680000	0.0	58755182.0	0.4426158432976517	False	0	25117054.65198148	0	0.0	True	420	38000000.0	0.0	13440000.0	3762	76557054.65198147	17.74744516437304	6.639237649464776	False	True
477	tailings_failure	4.8	1.4277930428956507	1.15	2.4	3.6	178.0	1.9	2.1	0.35372704940732275	1.0	0.9999999999959089	True	14200000.0	False	1419432000.0	0.0	1419432000.0	2100	3.385347277462089	8.463368193655223	66.76657130550231	134.00332973287436	1.1114772181363533	6333	True	20880000	True	0	45.0	155.0	12.75	0.0	2.0088	0.5859	6833401.92	165.0	False	0.0	9.52	17821.44	356.42879999999997	0.34372165632	255	12.49499999999999	4419	2	49900032.0	8175150	680000	0.0	58755182.0	0.4426158432976517	False	0	25117054.65198148	0	0.0	True	420	38000000.0	0.0	13440000.0	3762	76557054.65198147	17.68635247036614	6.639237649464776	False	True
478	tailings_failure	4.8	1.4277930428956507	1.15	2.4	3.6	178.0	1.9	2.1	0.3525094015604775	1.0	0.9999999999961301	True	14200000.0	False	1419432000.0	0.0	1419432000.0	2100	3.385347277462089	8.463368193655223	66.76657130550231	134.00332973287436	1.1114772181363533	6333	True	20880000	True	0	45.0	155.0	12.75	0.0	2.0088	0.5859	6833401.92	165.0	False	0.0	9.52	17821.44	356.42879999999997	0.34372165632	255	12.49499999999999	4419	2	49900032.0	8175150	680000	0.0	58755182.0	0.4426158432976517	False	0	25117054.65198148	0	0.0	True	420	38000000.0	0.0	13440000.0	3762	76557054.65198147	17.625470078023874	6.639237649464776	False	True
479	tailings_failure	4.8	1.4277930428956507	1.15	2.4	3.6	178.0	1.9	2.1	0.35129594526833896	1.0	0.9999999999963392	True	14200000.0	False	1419432000.0	0.0	1419432000.0	2100	3.385347277462089	8.463368193655223	66.76657130550231	134.00332973287436	1.1114772181363533	6333	True	20880000	True	0	45.0	155.0	12.75	0.0	2.0088	0.5859	6833401.92	165.0	False	0.0	9.52	17821.44	356.42879999999997	0.34372165632	255	12.49499999999999	4419	2	49900032.0	8175150	680000	0.0	58755182.0	0.4426158432976517	False	0	25117054.65198148	0	0.0	True	420	38000000.0	0.0	13440000.0	3762	76557054.65198147	17.56479726341695	6.639237649464776	False	True
480	tailings_failure	4.8	1.4277930428956507	1.15	2.4	3.6	178.0	1.9	2.1	0.3500866661021621	1.0	0.999999999996537	True	14200000.0	False	1419432000.0	0.0	1419432000.0	2100	3.385347277462089	8.463368193655223	66.76657130550231	134.00332973287436	1.1114772181363533	6333	True	20880000	True	0	45.0	155.0	12.75	0.0	2.0088	0.5859	6833401.92	165.0	False	0.0	9.52	17821.44	356.42879999999997	0.34372165632	255	12.49499999999999	4419	2	49900032.0	8175150	680000	0.0	58755182.0	0.4426158432976517	False	0	25117054.65198148	0	0.0	True	420	38000000.0	0.0	13440000.0	3762	76557054.65198147	17.504333305108105	6.639237649464776	False	True
481	tailings_failure	4.8	1.4277930428956507	1.15	2.4	3.6	178.0	1.9	2.1	0.3488815496828698	0.9999077018815443	0.9999999999967242	False	14198689.366717929	False	1419300989.097124	0.0	1419300989.097124	2099	3.385347277462089	8.463368193655223	66.76657130550231	134.00332973287436	1.1114772181363533	6333	True	20880000	True	0	45.0	155.0	12.75	0.0	2.0088	0.5859	6833401.92	165.0	False	0.0	9.519379756643977	17820.278904437528	356.4055780887506	0.3436992622996583	255	12.49499999999999	4419	2	49896780.932425074	8175150	680000	0.0	58751930.932425074	0.4426158432976517	False	0	25117054.65198148	0	0.0	True	420	38000000.0	0.0	13440000.0	3762	76557054.65198147	17.444077484143488	6.639237649464776	False	True
482	tailings_failure	4.8	1.4277930428956507	1.15	2.4	3.6	178.0	1.9	2.1	0.34768058168088295	0.9999065380778324	0.9999999999969011	False	14198672.84070522	False	1419299337.1568937	0.0	1419299337.1568937	2099	3.385347277462089	8.463368193655223	66.76657130550231	134.00332973287436	1.1114772181363533	6333	True	20880000	True	0	45.0	155.0	12.75	0.0	2.0088	0.5859	6833401.92	165.0	False	0.0	9.519371935883033	17820.264263973037	356.4052852794607	0.3436989799293951	255	12.49499999999999	4419	2	49896739.9391245	8175150	680000	0.0	58751889.9391245	0.4426158432976517	False	0	25117054.65198148	0	0.0	True	420	38000000.0	0.0	13440000.0	3762	76557054.65198147	17.384029084044148	6.639237649464776	False	True
483	tailings_failure	4.8	1.4277930428956507	1.15	2.4	3.6	178.0	1.9	2.1	0.34648374781594937	0.9999053573449589	0.9999999999970687	False	14198656.074298415	False	1419297661.1868696	0.0	1419297661.1868696	2099	3.385347277462089	8.463368193655223	66.76657130550231	134.00332973287436	1.1114772181363533	6333	True	20880000	True	0	45.0	155.0	12.75	0.0	2.0088	0.5859	6833401.92	165.0	False	0.0	9.519364001358122	17820.249410542405	356.4049882108481	0.3436986934516593	255	12.49499999999999	4419	2	49896698.34951873	8175150	680000	0.0	58751848.34951873	0.4426158432976517	False	0	25117054.65198148	0	0.0	True	420	38000000.0	0.0	13440000.0	3762	76557054.65198147	17.32418739079747	6.639237649464776	False	True
484	tailings_failure	4.8	1.4277930428956507	1.15	2.4	3.6	178.0	1.9	2.1	0.3452910338569748	0.9999041594423907	0.9999999999972271	False	14198639.064081948	False	1419295960.8456316	0.0	1419295960.8456316	2099	3.385347277462089	8.463368193655223	66.76657130550231	134.00332973287436	1.1114772181363533	6333	True	20880000	True	0	45.0	155.0	12.75	0.0	2.0088	0.5859	6833401.92	165.0	False	0.0	9.519355951452866	17820.234341119765	356.4046868223953	0.3436984028080913	255	12.49499999999999	4419	2	49896656.15513534	8175150	680000	0.0	58751806.15513534	0.4426158432976517	False	0	25117054.65198148	0	0.0	True	420	38000000.0	0.0	13440000.0	3762	76557054.65198147	17.26455169284874	6.639237649464776	False	True
485	tailings_failure	4.8	1.4277930428956507	1.15	2.4	3.6	178.0	1.9	2.1	0.3441024256218527	0.9999029441262752	0.9999999999973769	False	14198621.806593109	False	1419294235.7870471	0.0	1419294235.7870471	2099	3.385347277462089	8.463368193655223	66.76657130550231	134.00332973287436	1.1114772181363533	6333	True	20880000	True	0	45.0	155.0	12.75	0.0	2.0088	0.5859	6833401.92	165.0	False	0.0	9.519347784528568	17820.219052637483	356.40438105274967	0.3436981079395255	255	12.49499999999999	4419	2	49896613.34738495	8175150	680000	0.0	58751763.34738495	0.4426158432976517	False	0	25117054.65198148	0	0.0	True	420	38000000.0	0.0	13440000.0	3762	76557054.65198147	17.205121281092637	6.639237649464776	False	True
486	tailings_failure	4.8	1.4277930428956507	1.15	2.4	3.6	178.0	1.9	2.1	0.34291790897729657	0.9999017111493995	0.9999999999975187	False	14198604.298321472	False	1419292485.6602144	0.0	1419292485.6602144	2099	3.385347277462089	8.463368193655223	66.76657130550231	134.00332973287436	1.1114772181363533	6333	True	20880000	True	0	45.0	155.0	12.75	0.0	2.0088	0.5859	6833401.92	165.0	False	0.0	9.519339498923964	17820.203541985662	356.40407083971326	0.34369780878598155	255	12.49499999999999	4419	2	49896569.917559855	8175150	680000	0.0	58751719.917559855	0.4426158432976517	False	0	25117054.65198148	0	0.0	True	420	38000000.0	0.0	13440000.0	3762	76557054.65198147	17.145895448864827	6.639237649464776	False	True
487	tailings_failure	4.8	1.4277930428956507	1.15	2.4	3.6	178.0	1.9	2.1	0.34173746983867104	0.9999004602611494	0.9999999999976528	False	14198586.535708321	False	1419290710.1094038	0.0	1419290710.1094038	2099	3.385347277462089	8.463368193655223	66.76657130550231	134.00332973287436	1.1114772181363533	6333	True	20880000	True	0	45.0	155.0	12.75	0.0	2.0088	0.5859	6833401.92	165.0	False	0.0	9.519331092954923	17820.187806011618	356.40375612023234	0.3436975052866536	255	12.49499999999999	4419	2	49896525.85683253	8175150	680000	0.0	58751675.85683253	0.4426158432976517	False	0	25117054.65198148	0	0.0	True	420	38000000.0	0.0	13440000.0	3762	76557054.65198147	17.086873491933552	6.639237649464776	False	True
488	tailings_failure	4.8	1.4277930428956507	1.15	2.4	3.6	178.0	1.9	2.1	0.3405610941698251	0.999899191207468	0.9999999999977796	False	14198568.515146045	False	1419288908.7739987	0.0	1419288908.7739987	2099	3.385347277462089	8.463368193655223	66.76657130550231	134.00332973287436	1.1114772181363533	6333	True	20880000	True	0	45.0	155.0	12.75	0.0	2.0088	0.5859	6833401.92	165.0	False	0.0	9.519322564914184	17820.17184151935	356.403436830387	0.3436971973799006	255	12.49499999999999	4419	2	49896481.15625418	8175150	680000	0.0	58751631.15625418	0.4426158432976517	False	0	25117054.65198148	0	0.0	True	420	38000000.0	0.0	13440000.0	3762	76557054.65198147	17.028054708491254	6.639237649464776	False	True
489	tailings_failure	4.8	1.4277930428956507	1.15	2.4	3.6	178.0	1.9	2.1	0.3393887679829248	0.9998979037308137	0.9999999999978996	False	14198550.232977554	False	1419287081.2884364	0.0	1419287081.2884364	2099	3.385347277462089	8.463368193655223	66.76657130550231	134.00332973287436	1.1114772181363533	6333	True	20880000	True	0	45.0	155.0	12.75	0.0	2.0088	0.5859	6833401.92	165.0	False	0.0	9.519313913071068	17820.15564526904	356.4031129053808	0.34369688500323614	255	12.49499999999999	4419	2	49896435.80675331	8175150	680000	0.0	58751585.80675331	0.4426158432976517	False	0	25117054.65198148	0	0.0	True	420	38000000.0	0.0	13440000.0	3762	76557054.65198147	16.969438399146238	6.639237649464776	False	True
490	tailings_failure	4.8	1.4277930428956507	1.15	2.4	3.6	178.0	1.9	2.1	0.338220477338287	0.9998965975701183	0.9999999999980131	False	14198531.68549568	False	1419285227.2821484	0.0	1419285227.2821484	2099	3.385347277462089	8.463368193655223	66.76657130550231	134.00332973287436	1.1114772181363533	6333	True	20880000	True	0	45.0	155.0	12.75	0.0	2.0088	0.5859	6833401.92	165.0	False	0.0	9.519305135671194	17820.139213976476	356.4027842795295	0.3436965680933178	255	12.49499999999999	4419	2	49896389.799134135	8175150	680000	0.0	58751539.799134135	0.4426158432976517	False	0	25117054.65198148	0	0.0	True	420	38000000.0	0.0	13440000.0	3762	76557054.65198147	16.91102386691435	6.639237649464776	False	True
491	tailings_failure	4.8	1.4277930428956507	1.15	2.4	3.6	178.0	1.9	2.1	0.3370562083442136	0.999895272460744	0.9999999999981205	False	14198512.868942564	False	1419283346.379499	0.0	1419283346.379499	2099	3.385347277462089	8.463368193655223	66.76657130550231	134.00332973287436	1.1114772181363533	6333	True	20880000	True	0	45.0	155.0	12.75	0.0	2.0088	0.5859	6833401.92	165.0	False	0.0	9.519296230936199	17820.122544312566	356.4024508862513	0.3436962465859374	255	12.49499999999999	4419	2	49896343.12407518	8175150	680000	0.0	58751493.12407518	0.4426158432976517	False	0	25117054.65198148	0	0.0	True	420	38000000.0	0.0	13440000.0	3762	76557054.65198147	16.85281041721068	6.639237649464776	False	True
492	tailings_failure	4.8	1.4277930428956507	1.15	2.4	3.6	178.0	1.9	2.1	0.3358959471568268	0.9998939281344397	0.9999999999982221	False	14198493.779509043	False	1419281438.199724	0.0	1419281438.199724	2099	3.385347277462089	8.463368193655223	66.76657130550231	134.00332973287436	1.1114772181363533	6333	True	20880000	True	0	45.0	155.0	12.75	0.0	2.0088	0.5859	6833401.92	165.0	False	0.0	9.519287197063434	17820.10563290275	356.402112658055	0.3436959204160099	255	12.49499999999999	4419	2	49896295.772127695	8175150	680000	0.0	58751445.772127695	0.4426158432976517	False	0	25117054.65198148	0	0.0	True	420	38000000.0	0.0	13440000.0	3762	76557054.65198147	16.79479735784134	6.639237649464776	False	True
493	tailings_failure	4.8	1.4277930428956507	1.15	2.4	3.6	178.0	1.9	2.1	0.3347396799799035	0.9998925643192985	0.9999999999983181	False	14198474.413334038	False	1419279502.3568707	0.0	1419279502.3568707	2099	3.385347277462089	8.463368193655223	66.76657130550231	134.00332973287436	1.1114772181363533	6333	True	20880000	True	0	45.0	155.0	12.75	0.0	2.0088	0.5859	6833401.92	165.0	False	0.0	9.519278032225685	17820.088476326484	356.4017695265297	0.3436955895175634	255	12.49499999999999	4419	2	49896247.733714156	8175150	680000	0.0	58751397.733714156	0.4426158432976517	False	0	25117054.65198148	0	0.0	True	420	38000000.0	0.0	13440000.0	3762	76557054.65198147	16.736983998995175	6.639237649464776	False	True
494	tailings_failure	4.8	1.4277930428956507	1.15	2.4	3.6	178.0	1.9	2.1	0.3335873930647122	0.999891180739713	0.999999999998409	False	14198454.766503925	False	1419277538.4597323	0.0	1419277538.4597323	2099	3.385347277462089	8.463368193655223	66.76657130550231	134.00332973287436	1.1114772181363533	6333	True	20880000	True	0	45.0	155.0	12.75	0.0	2.0088	0.5859	6833401.92	165.0	False	0.0	9.51926873457087	17820.071071116672	356.40142142233344	0.343695253823728	255	12.49499999999999	4419	2	49896198.99912668	8175150	680000	0.0	58751348.99912668	0.4426158432976517	False	0	25117054.65198148	0	0.0	True	420	38000000.0	0.0	13440000.0	3762	76557054.65198147	16.67936965323561	6.639237649464776	False	True
495	tailings_failure	4.8	1.4277930428956507	1.15	2.4	3.6	178.0	1.9	2.1	0.3324390727098494	0.9998897771163309	0.999999999998495	False	14198434.835051898	False	1419275546.1117878	0.0	1419275546.1117878	2099	3.385347277462089	8.463368193655223	66.76657130550231	134.00332973287436	1.1114772181363533	6333	True	20880000	True	0	45.0	155.0	12.75	0.0	2.0088	0.5859	6833401.92	165.0	False	0.0	9.519259302221743	17820.053413759102	356.40106827518207	0.34369491326672535	255	12.49499999999999	4419	2	49896149.55852549	8175150	680000	0.0	58751299.55852549	0.4426158432976517	False	0	25117054.65198148	0	0.0	True	420	38000000.0	0.0	13440000.0	3762	76557054.65198147	16.62195363549247	6.639237649464776	False	True
496	tailings_failure	4.8	1.4277930428956507	1.15	2.4	3.6	178.0	1.9	2.1	0.3312947052610759	0.9998883531660102	0.9999999999985764	False	14198414.614957346	False	1419273524.9111364	0.0	1419273524.9111364	2099	3.385347277462089	8.463368193655223	66.76657130550231	134.00332973287436	1.1114772181363533	6333	True	20880000	True	0	45.0	155.0	12.75	0.0	2.0088	0.5859	6833401.92	165.0	False	0.0	9.519249733275588	17820.0355006919	356.400710013838	0.34369456777785745	255	12.49499999999999	4419	2	49896099.40193733	8175150	680000	0.0	58751249.40193733	0.4426158432976517	False	0	25117054.65198148	0	0.0	True	420	38000000.0	0.0	13440000.0	3762	76557054.65198147	16.564735263053795	6.639237649464776	False	True
497	tailings_failure	4.8	1.4277930428956507	1.15	2.4	3.6	178.0	1.9	2.1	0.33015427711115547	0.999886908601774	0.9999999999986533	False	14198394.102145191	False	1419271474.4504333	0.0	1419271474.4504333	2099	3.385347277462089	8.463368193655223	66.76657130550231	134.00332973287436	1.1114772181363533	6333	True	20880000	True	0	45.0	155.0	12.75	0.0	2.0088	0.5859	6833401.92	165.0	False	0.0	9.51924002580392	17820.01732830494	356.40034656609885	0.34369421728749616	255	12.49499999999999	4419	2	49896048.519253835	8175150	680000	0.0	58751198.519253835	0.4426158432976517	False	0	25117054.65198148	0	0.0	True	420	38000000.0	0.0	13440000.0	3762	76557054.65198147	16.507713855557775	6.639237649464776	False	True
498	tailings_failure	4.8	1.4277930428956507	1.15	2.4	3.6	178.0	1.9	2.1	0.32901777469969223	0.9998854431327645	0.999999999998726	False	14198373.292485256	False	1419269394.3168263	0.0	1419269394.3168263	2099	3.385347277462089	8.463368193655223	66.76657130550231	134.00332973287436	1.1114772181363533	6333	True	20880000	True	0	45.0	155.0	12.75	0.0	2.0088	0.5859	6833401.92	165.0	False	0.0	9.519230177852178	17819.998892939275	356.3999778587855	0.34369386172507127	255	12.49499999999999	4419	2	49895996.90022997	8175150	680000	0.0	58751146.90022997	0.4426158432976517	False	0	25117054.65198148	0	0.0	True	420	38000000.0	0.0	13440000.0	3762	76557054.65198147	16.450888734984613	6.639237649464776	False	True
499	tailings_failure	4.8	1.4277930428956507	1.15	2.4	3.6	178.0	1.9	2.1	0.32788518451297	0.999883956464197	0.9999999999987949	False	14198352.181791598	False	1419267284.0918882	0.0	1419267284.0918882	2099	3.385347277462089	8.463368193655223	66.76657130550231	134.00332973287436	1.1114772181363533	6333	True	20880000	True	0	45.0	155.0	12.75	0.0	2.0088	0.5859	6833401.92	165.0	False	0.0	9.519220187439403	17819.980190886567	356.39960381773136	0.3436935010190603	255	12.49499999999999	4419	2	49895944.53448239	8175150	680000	0.0	58751094.53448239	0.4426158432976517	False	0	25117054.65198148	0	0.0	True	420	38000000.0	0.0	13440000.0	3762	76557054.65198147	16.3942592256485	6.639237649464776	False	True
