	scenario	delta_T_C	oxidation_mult	precip_mult	extreme_event_mult	dam_risk_mult	fire_season_days	drought_mult	flood_mult	acid_load	growth_loss_frac	ca_depletion_frac	mycorrhizal_dead	timber_volume_lost_m3	pulp_grade_rejected	direct_timber_loss_usd	pulp_grade_loss_usd	total_lumber_loss_usd	lumber_jobs_lost	fish_tissue_hg_mg_kg	state_avg_rfd_ratio	ojibwe_mean_rfd_ratio	ojibwe_high_rfd_ratio	iq_loss_per_child	cumulative_impaired_children	fish_advisory_triggered	harvest_displacement_cost_usd	treaty_rights_violation	so2_tonnes_yr	pm25_tonnes_yr	pm10_tonnes_yr	hg_atmospheric_kg_yr	asthma_attacks_yr	copd_hospitalizations_yr	cardio_deaths_yr	air_quality_health_cost_usd	bwca_visibility_km	class_i_violation	soy_yield_loss_frac	annual_fire_prob_mult	expected_burn_acres_yr	tailings_overrun_acres	hg_re_released_kg_yr	firefighters_exposed	firefighter_cancer_excess	residents_evacuated	structures_lost	suppression_cost_usd	evacuation_cost_usd	structure_cost_usd	recreation_closure_cost	total_fire_cost_usd	hg_loading_increase	intake_upgrade_required	intake_upgrade_capex_usd	annual_dredge_cost_usd	canadian_refusal_prob	backhaul_loss_usd	fishing_advisory	fishing_jobs_lost	fishing_revenue_loss_usd	iron_revenue_at_risk_usd	ballast_surcharge_usd	port_jobs_lost	total_port_annual_cost_usd	sulfate_mg_l	methyl_hg_ng_l	mine_active	tailings_failed
0	protected	0.0	1.0	1.0	1.0	1.0	128.0	1.0	1.0	0.0	0.0	0	False	0.0	False	0.0	0.0	0.0	0	0	0	0	0	0	0	False	0	False	0	0	0	0	0.0	0.0	0.0	0.0	165.0	False	0.0	1.0	1872.0	0	0	15	0.7349999999999995	464	0	5241600.0	858400	0	0.0	6100000.0	0	False	0	0	0	0	False	0	0	0	0	0	0	0.0	0.0	False	False
1	protected	0.06486486486486487	1.0048241655583745	1.002027027027027	1.018918918918919	1.0090999999999999	128.67567567567568	1.0121621621621621	1.0148648648648648	0.0	0.0	0	False	0.0	False	0.0	0.0	0.0	0	0	0	0	0	0	0	False	0	False	0	0	0	0	0.0	0.0	0.0	0.0	165.0	False	0.0	1.0243243243243243	1917.5351351351353	0	0	15	0.7349999999999995	475	0	5369098.378378379	878750	0	0.0	6247848.378378379	0	False	0	0	0	0	False	0	0	0	0	0	0	0.0	0.0	False	False
2	protected	0.12972972972972974	1.0096716036900837	1.0040540540540541	1.037837837837838	1.0182	129.35135135135135	1.0243243243243243	1.0297297297297296	0.0	0.0	0	False	0.0	False	0.0	0.0	0.0	0	0	0	0	0	0	0	False	0	False	0	0	0	0	0.0	0.0	0.0	0.0	165.0	False	0.0	1.0486486486486488	1963.0702702702706	0	0	15	0.7349999999999995	486	0	5496596.756756757	899100	0	0.0	6395696.756756757	0	False	0	0	0	0	False	0	0	0	0	0	0	0.0	0.0	False	False
3	protected	0.1945945945945946	1.014542426665874	1.0060810810810812	1.0567567567567568	1.0272999999999999	130.02702702702703	1.0364864864864864	1.0445945945945947	0.0	0.0	0	False	0.0	False	0.0	0.0	0.0	0	0	0	0	0	0	0	False	0	False	0	0	0	0	0.0	0.0	0.0	0.0	165.0	False	0.0	1.0729729729729731	2008.6054054054057	0	0	30	1.469999999999999	498	0	5624095.135135136	921300	0	0.0	6545395.135135136	0	False	0	0	0	0	False	0	0	0	0	0	0	0.0	0.0	False	False
4	protected	0.2594594594594595	1.0194367472981054	1.008108108108108	1.0756756756756758	1.0363999999999998	130.7027027027027	1.0486486486486486	1.0594594594594595	0.0	0.0	0	False	0.0	False	0.0	0.0	0.0	0	0	0	0	0	0	0	False	0	False	0	0	0	0	0.0	0.0	0.0	0.0	165.0	False	0.0	1.0972972972972974	2054.1405405405408	0	0	30	1.469999999999999	509	0	5751593.513513514	941650	0	0.0	6693243.513513514	0	False	0	0	0	0	False	0	0	0	0	0	0	0.0	0.0	False	False
5	protected	0.32432432432432434	1.0243546789433622	1.010135135135135	1.0945945945945945	1.0455	131.3783783783784	1.0608108108108107	1.0743243243243243	0.0	0.0	0	False	0.0	False	0.0	0.0	0.0	0	0	0	0	0	0	0	False	0	False	0	0	0	0	0.0	0.0	0.0	0.0	165.0	False	0.0	1.121621621621622	2099.6756756756763	0	0	30	1.469999999999999	520	0	5879091.891891894	962000	0	0.0	6841091.891891894	0	False	0	0	0	0	False	0	0	0	0	0	0	0.0	0.0	False	False
6	protected	0.3891891891891892	1.0292963355050806	1.0121621621621621	1.1135135135135135	1.0546	132.05405405405406	1.072972972972973	1.0891891891891892	0.0	0.0	0	False	0.0	False	0.0	0.0	0.0	0	0	0	0	0	0	0	False	0	False	0	0	0	0	0.0	0.0	0.0	0.0	165.0	False	0.0	1.1459459459459462	2145.2108108108114	0	0	30	1.469999999999999	532	0	6006590.270270272	984200	0	0.0	6990790.270270272	0	False	0	0	0	0	False	0	0	0	0	0	0	0.0	0.0	False	False
7	protected	0.4540540540540541	1.0342618314361853	1.0141891891891892	1.1324324324324324	1.0637000000000003	132.72972972972974	1.085135135135135	1.104054054054054	0.0	0.0	0	False	0.0	False	0.0	0.0	0.0	0	0	0	0	0	0	0	False	0	False	0	0	0	0	0.0	0.0	0.0	0.0	165.0	False	0.0	1.1702702702702705	2190.7459459459465	0	0	30	1.469999999999999	543	0	6134088.64864865	1004550	0	0.0	7138638.64864865	0	False	0	0	0	0	False	0	0	0	0	0	0	0.0	0.0	False	False
8	protected	0.518918918918919	1.0392512817417412	1.0162162162162163	1.1513513513513514	1.0728	133.40540540540542	1.0972972972972972	1.118918918918919	0.0	0.0	0	False	0.0	False	0.0	0.0	0.0	0	0	0	0	0	0	0	False	0	False	0	0	0	0	0.0	0.0	0.0	0.0	165.0	False	0.0	1.194594594594595	2236.281081081082	0	0	30	1.469999999999999	554	0	6261587.02702703	1024900	0	0.0	7286487.02702703	0	False	0	0	0	0	False	0	0	0	0	0	0	0.0	0.0	False	False
9	protected	0.5837837837837838	1.044264801981616	1.0182432432432433	1.1702702702702703	1.0818999999999999	134.0810810810811	1.1094594594594596	1.1337837837837839	0.0	0.0	0	False	0.0	False	0.0	0.0	0.0	0	0	0	0	0	0	0	False	0	False	0	0	0	0	0.0	0.0	0.0	0.0	165.0	False	0.0	1.2189189189189193	2281.816216216217	0	0	30	1.469999999999999	565	0	6389085.405405408	1045250	0	0.0	7434335.405405408	0	False	0	0	0	0	False	0	0	0	0	0	0	0.0	0.0	False	False
10	protected	0.6486486486486487	1.0493025082731586	1.0202702702702702	1.1891891891891893	1.0910000000000002	134.75675675675674	1.1216216216216217	1.1486486486486487	0.0	0.0	0	False	0.0	False	0.0	0.0	0.0	0	0	0	0	0	0	0	False	0	False	0	0	0	0	0.0	0.0	0.0	0.0	165.0	False	0.0	1.2432432432432428	2327.3513513513503	0	0	30	1.469999999999999	577	0	6516583.783783781	1067450	0	0.0	7584033.783783781	0	False	0	0	0	0	False	0	0	0	0	0	0	0.0	0.0	False	False
11	protected	0.7135135135135136	1.054364517293886	1.0222972972972972	1.2081081081081082	1.1000999999999999	135.43243243243242	1.1337837837837839	1.1635135135135135	0.0	0.0	0	False	0.0	False	0.0	0.0	0.0	0	0	0	0	0	0	0	False	0	False	0	0	0	0	0.0	0.0	0.0	0.0	165.0	False	0.0	1.267567567567567	2372.8864864864854	0	0	30	1.469999999999999	588	0	6644082.16216216	1087800	0	0.0	7731882.16216216	0	False	0	0	0	0	False	0	0	0	0	0	0	0.0	0.0	False	False
12	protected	0.7783783783783784	1.0594509462841875	1.0243243243243243	1.227027027027027	1.1091999999999997	136.1081081081081	1.145945945945946	1.1783783783783783	0.0	0.0	0	False	0.0	False	0.0	0.0	0.0	0	0	0	0	0	0	0	False	0	False	0	0	0	0	0.0	0.0	0.0	0.0	165.0	False	0.0	1.2918918918918916	2418.421621621621	0	0	30	1.469999999999999	599	0	6771580.540540539	1108150	0	0.0	7879730.540540539	0	False	0	0	0	0	False	0	0	0	0	0	0	0.0	0.0	False	False
13	protected	0.8432432432432433	1.0645619130500388	1.0263513513513514	1.2459459459459459	1.1183	136.78378378378378	1.1581081081081082	1.1932432432432432	0.0	0.0	0	False	0.0	False	0.0	0.0	0.0	0	0	0	0	0	0	0	False	0	False	0	0	0	0	0.0	0.0	0.0	0.0	165.0	False	0.0	1.3162162162162159	2463.9567567567565	0	0	30	1.469999999999999	611	0	6899078.918918918	1130350	0	0.0	8029428.918918918	0	False	0	0	0	0	False	0	0	0	0	0	0	0.0	0.0	False	False
14	protected	0.9081081081081082	1.0696975359657321	1.0283783783783784	1.2648648648648648	1.1274000000000002	137.45945945945945	1.1702702702702703	1.2081081081081082	0.0	0.0	0	False	0.0	False	0.0	0.0	0.0	0	0	0	0	0	0	0	False	0	False	0	0	0	0	0.0	0.0	0.0	0.0	165.0	False	0.0	1.3405405405405402	2509.491891891891	0	0	30	1.469999999999999	622	0	7026577.297297295	1150700	0	0.0	8177277.297297295	0	False	0	0	0	0	False	0	0	0	0	0	0	0.0	0.0	False	False
15	protected	0.972972972972973	1.0748579339766162	1.0304054054054055	1.2837837837837838	1.1365000000000003	138.13513513513513	1.1824324324324325	1.222972972972973	0.0	0.0	0	False	0.0	False	0.0	0.0	0.0	0	0	0	0	0	0	0	False	0	False	0	0	0	0	0.0	0.0	0.0	0.0	165.0	False	0.0	1.3648648648648647	2555.0270270270266	0	0	30	1.469999999999999	633	0	7154075.675675674	1171050	0	0.0	8325125.675675674	0	False	0	0	0	0	False	0	0	0	0	0	0	0.0	0.0	False	False
16	protected	1.037837837837838	1.0800432266018518	1.0324324324324325	1.3027027027027027	1.1456000000000002	138.8108108108108	1.1945945945945946	1.2378378378378379	0.0	0.0	0	False	0.0	False	0.0	0.0	0.0	0	0	0	0	0	0	0	False	0	False	0	0	0	0	0.0	0.0	0.0	0.0	165.0	False	0.0	1.389189189189189	2600.5621621621617	0	0	30	1.469999999999999	644	0	7281574.054054053	1191400	0	0.0	8472974.054054052	0	False	0	0	0	0	False	0	0	0	0	0	0	0.0	0.0	False	False
17	protected	1.1027027027027028	1.08525353393718	1.0344594594594594	1.3216216216216217	1.1547	139.48648648648648	1.2067567567567568	1.2527027027027027	0.0	0.0	0	False	0.0	False	0.0	0.0	0.0	0	0	0	0	0	0	0	False	0	False	0	0	0	0	0.0	0.0	0.0	0.0	165.0	False	0.0	1.4135135135135135	2646.0972972972972	0	0	30	1.469999999999999	656	0	7409072.432432433	1213600	0	0.0	8622672.432432432	0	False	0	0	0	0	False	0	0	0	0	0	0	0.0	0.0	False	False
18	protected	1.1675675675675676	1.0904889766577042	1.0364864864864864	1.3405405405405406	1.1638000000000002	140.16216216216216	1.218918918918919	1.2675675675675677	0.0	0.0	0	False	0.0	False	0.0	0.0	0.0	0	0	0	0	0	0	0	False	0	False	0	0	0	0	0.0	0.0	0.0	0.0	165.0	False	0.0	1.4378378378378378	2691.632432432433	0	0	30	1.469999999999999	667	0	7536570.810810812	1233950	0	0.0	8770520.810810812	0	False	0	0	0	0	False	0	0	0	0	0	0	0.0	0.0	False	False
19	protected	1.2324324324324323	1.0957496760206833	1.0385135135135135	1.3594594594594593	1.1729	140.83783783783784	1.231081081081081	1.2824324324324325	0.0	0.0	0	False	0.0	False	0.0	0.0	0.0	0	0	0	0	0	0	0	False	0	False	0	0	0	0	0.0	0.0	0.0	0.0	165.0	False	0.0	1.462162162162162	2737.1675675675674	0	0	30	1.469999999999999	678	0	7664069.189189189	1254300	0	0.0	8918369.189189188	0	False	0	0	0	0	False	0	0	0	0	0	0	0.0	0.0	False	False
20	protected	1.2972972972972974	1.1010357538683422	1.0405405405405406	1.3783783783783785	1.182	141.51351351351352	1.2432432432432432	1.2972972972972974	0.0	0.0	0	False	0.0	False	0.0	0.0	0.0	0	0	0	0	0	0	0	False	0	False	0	0	0	0	0.0	0.0	0.0	0.0	165.0	False	0.0	1.4864864864864866	2782.702702702703	0	0	30	1.469999999999999	690	0	7791567.567567568	1276500	0	0.0	9068067.567567568	0	False	0	0	0	0	False	0	0	0	0	0	0	0.0	0.0	False	False
21	protected	1.362162162162162	1.106347332630693	1.0425675675675676	1.3972972972972972	1.1911	142.1891891891892	1.2554054054054054	1.3121621621621622	0.0	0.0	0	False	0.0	False	0.0	0.0	0.0	0	0	0	0	0	0	0	False	0	False	0	0	0	0	0.0	0.0	0.0	0.0	165.0	False	0.0	1.510810810810811	2828.237837837838	0	0	30	1.469999999999999	701	0	7919065.9459459465	1296850	0	0.0	9215915.945945946	0	False	0	0	0	0	False	0	0	0	0	0	0	0.0	0.0	False	False
22	protected	1.427027027027027	1.1116845353283693	1.0445945945945947	1.4162162162162162	1.2002	142.86486486486487	1.2675675675675675	1.327027027027027	0.0	0.0	0	False	0.0	False	0.0	0.0	0.0	0	0	0	0	0	0	0	False	0	False	0	0	0	0	0.0	0.0	0.0	0.0	165.0	False	0.0	1.5351351351351354	2873.7729729729735	0	0	30	1.469999999999999	712	0	8046564.324324326	1317200	0	0.0	9363764.324324325	0	False	0	0	0	0	False	0	0	0	0	0	0	0.0	0.0	False	False
23	protected	1.4918918918918918	1.117047485575478	1.0466216216216215	1.4351351351351351	1.2092999999999998	143.54054054054055	1.2797297297297296	1.3418918918918918	0.0	0.0	0	False	0.0	False	0.0	0.0	0.0	0	0	0	0	0	0	0	False	0	False	0	0	0	0	0.0	0.0	0.0	0.0	165.0	False	0.0	1.5594594594594597	2919.308108108109	0	0	30	1.469999999999999	723	0	8174062.702702706	1337550	0	0.0	9511612.702702705	0	False	0	0	0	0	False	0	0	0	0	0	0	0.0	0.0	False	False
24	protected	1.5567567567567568	1.1224363075824602	1.0486486486486486	1.454054054054054	1.2184	144.21621621621622	1.2918918918918918	1.3567567567567569	0.0	0.0	0	False	0.0	False	0.0	0.0	0.0	0	0	0	0	0	0	0	False	0	False	0	0	0	0	0.0	0.0	0.0	0.0	165.0	False	0.0	1.583783783783784	2964.8432432432437	0	0	30	1.469999999999999	735	0	8301561.081081082	1359750	0	0.0	9661311.081081081	0	False	0	0	0	0	False	0	0	0	0	0	0	0.0	0.0	False	False
25	protected	1.6216216216216215	1.1278511261589685	1.0506756756756757	1.4729729729729728	1.2275	144.8918918918919	1.304054054054054	1.3716216216216217	0.0	0.0	0	False	0.0	False	0.0	0.0	0.0	0	0	0	0	0	0	0	False	0	False	0	0	0	0	0.0	0.0	0.0	0.0	165.0	False	0.0	1.6081081081081083	3010.378378378379	0	0	45	2.2049999999999983	746	0	8429059.459459461	1380100	0	0.0	9809159.459459461	0	False	0	0	0	0	False	0	0	0	0	0	0	0.0	0.0	False	False
26	protected	1.6864864864864866	1.1332920667167585	1.0527027027027027	1.4918918918918918	1.2366000000000001	145.56756756756758	1.3162162162162163	1.3864864864864865	0.0	0.0	0	False	0.0	False	0.0	0.0	0.0	0	0	0	0	0	0	0	False	0	False	0	0	0	0	0.0	0.0	0.0	0.0	165.0	False	0.0	1.6324324324324329	3055.9135135135143	0	0	45	2.2049999999999983	757	0	8556557.83783784	1400450	0	0.0	9957007.83783784	0	False	0	0	0	0	False	0	0	0	0	0	0	0.0	0.0	False	False
27	protected	1.7513513513513512	1.1387592552725927	1.0547297297297298	1.5108108108108107	1.2457	146.24324324324323	1.3283783783783782	1.4013513513513514	0.0	0.0	0	False	0.0	False	0.0	0.0	0.0	0	0	0	0	0	0	0	False	0	False	0	0	0	0	0.0	0.0	0.0	0.0	165.0	False	0.0	1.656756756756756	3101.4486486486476	0	0	45	2.2049999999999983	769	0	8684056.216216214	1422650	0	0.0	10106706.216216214	0	False	0	0	0	0	False	0	0	0	0	0	0	0.0	0.0	False	False
28	protected	1.8162162162162163	1.144252818451159	1.0567567567567568	1.5297297297297296	1.2548	146.9189189189189	1.3405405405405406	1.4162162162162164	0.0	0.0	0	False	0.0	False	0.0	0.0	0.0	0	0	0	0	0	0	0	False	0	False	0	0	0	0	0.0	0.0	0.0	0.0	165.0	False	0.0	1.6810810810810806	3146.9837837837827	0	0	45	2.2049999999999983	780	0	8811554.594594592	1443000	0	0.0	10254554.594594592	0	False	0	0	0	0	False	0	0	0	0	0	0	0.0	0.0	False	False
29	protected	1.881081081081081	1.1497728834880039	1.0587837837837837	1.5486486486486486	1.2639	147.59459459459458	1.3527027027027025	1.4310810810810812	0.0	0.0	0	False	0.0	False	0.0	0.0	0.0	0	0	0	0	0	0	0	False	0	False	0	0	0	0	0.0	0.0	0.0	0.0	165.0	False	0.0	1.705405405405405	3192.518918918918	0	0	45	2.2049999999999983	791	0	8939052.97297297	1463350	0	0.0	10402402.97297297	0	False	0	0	0	0	False	0	0	0	0	0	0	0.0	0.0	False	False
30	protected	1.945945945945946	1.1553195782324797	1.0608108108108107	1.5675675675675675	1.273	148.27027027027026	1.364864864864865	1.445945945945946	0.0	0.0	0	False	0.0	False	0.0	0.0	0.0	0	0	0	0	0	0	0	False	0	False	0	0	0	0	0.0	0.0	0.0	0.0	165.0	False	0.0	1.7297297297297294	3238.0540540540537	0	0	45	2.2049999999999983	803	0	9066551.35135135	1485550	0	0.0	10552101.35135135	0	False	0	0	0	0	False	0	0	0	0	0	0	0.0	0.0	False	False
31	protected	2.0108108108108107	1.1608930311507046	1.0628378378378378	1.5864864864864865	1.2820999999999998	148.94594594594594	1.377027027027027	1.4608108108108109	0.0	0.0	0	False	0.0	False	0.0	0.0	0.0	0	0	0	0	0	0	0	False	0	False	0	0	0	0	0.0	0.0	0.0	0.0	165.0	False	0.0	1.7540540540540537	3283.5891891891883	0	0	45	2.2049999999999983	814	0	9194049.729729727	1505900	0	0.0	10699949.729729727	0	False	0	0	0	0	False	0	0	0	0	0	0	0.0	0.0	False	False
32	protected	2.075675675675676	1.1664933713285388	1.0648648648648649	1.6054054054054054	1.2912	149.6216216216216	1.3891891891891892	1.4756756756756757	0.0	0.0	0	False	0.0	False	0.0	0.0	0.0	0	0	0	0	0	0	0	False	0	False	0	0	0	0	0.0	0.0	0.0	0.0	165.0	False	0.0	1.778378378378378	3329.124324324324	0	0	45	2.2049999999999983	825	0	9321548.108108107	1526250	0	0.0	10847798.108108107	0	False	0	0	0	0	False	0	0	0	0	0	0	0.0	0.0	False	False
33	protected	2.1405405405405404	1.1721207284745743	1.066891891891892	1.6243243243243244	1.3002999999999998	150.2972972972973	1.4013513513513514	1.4905405405405405	0.0	0.0	0	False	0.0	False	0.0	0.0	0.0	0	0	0	0	0	0	0	False	0	False	0	0	0	0	0.0	0.0	0.0	0.0	165.0	False	0.0	1.8027027027027023	3374.6594594594585	0	0	45	2.2049999999999983	836	0	9449046.486486483	1546600	0	0.0	10995646.486486483	0	False	0	0	0	0	False	0	0	0	0	0	0	0.0	0.0	False	False
34	protected	2.2054054054054055	1.1777752329231381	1.068918918918919	1.6432432432432433	1.3094000000000003	150.97297297297297	1.4135135135135135	1.5054054054054054	0.0	0.0	0	False	0.0	False	0.0	0.0	0.0	0	0	0	0	0	0	0	False	0	False	0	0	0	0	0.0	0.0	0.0	0.0	165.0	False	0.0	1.8270270270270268	3420.194594594594	0	0	45	2.2049999999999983	848	0	9576544.864864863	1568800	0	0.0	11145344.864864863	0	False	0	0	0	0	False	0	0	0	0	0	0	0.0	0.0	False	False
35	protected	2.27027027027027	1.1834570156373125	1.070945945945946	1.6621621621621623	1.3185000000000002	151.64864864864865	1.4256756756756757	1.5202702702702702	0.0	0.0	0	False	0.0	False	0.0	0.0	0.0	0	0	0	0	0	0	0	False	0	False	0	0	0	0	0.0	0.0	0.0	0.0	165.0	False	0.0	1.8513513513513513	3465.72972972973	0	0	45	2.2049999999999983	859	0	9704043.243243244	1589150	0	0.0	11293193.243243244	0	False	0	0	0	0	False	0	0	0	0	0	0	0.0	0.0	False	False
36	protected	2.3351351351351353	1.1891662082119667	1.072972972972973	1.6810810810810812	1.3276	152.32432432432432	1.4378378378378378	1.5351351351351352	0.0	0.0	0	False	0.0	False	0.0	0.0	0.0	0	0	0	0	0	0	0	False	0	False	0	0	0	0	0.0	0.0	0.0	0.0	165.0	False	0.0	1.8756756756756756	3511.2648648648646	0	0	45	2.2049999999999983	870	0	9831541.621621622	1609500	0	0.0	11441041.621621622	0	False	0	0	0	0	False	0	0	0	0	0	0	0.0	0.0	False	False
37	protected	2.4	1.1949029428768057	1.075	1.7	1.3367000000000002	153.0	1.45	1.55	0.0	0.0	0	False	0.0	False	0.0	0.0	0.0	0	0	0	0	0	0	0	False	0	False	0	0	0	0	0.0	0.0	0.0	0.0	165.0	False	0.0	1.9	3556.8	0	0	45	2.2049999999999983	882	0	9959040.0	1631700	0	0.0	11590740.0	0	False	0	0	0	0	False	0	0	0	0	0	0	0.0	0.0	False	False
38	protected	2.4648648648648646	1.2006673524994322	1.077027027027027	1.7189189189189187	1.3458	153.67567567567568	1.462162162162162	1.5648648648648649	0.0	0.0	0	False	0.0	False	0.0	0.0	0.0	0	0	0	0	0	0	0	False	0	False	0	0	0	0	0.0	0.0	0.0	0.0	165.0	False	0.0	1.9243243243243244	3602.3351351351353	0	0	45	2.2049999999999983	893	0	10086538.378378378	1652050	0	0.0	11738588.378378378	0	False	0	0	0	0	False	0	0	0	0	0	0	0.0	0.0	False	False
39	protected	2.529729729729729	1.2064595705884247	1.079054054054054	1.7378378378378376	1.3548999999999998	154.35135135135135	1.4743243243243243	1.5797297297297297	0.0	0.0	0	False	0.0	False	0.0	0.0	0.0	0	0	0	0	0	0	0	False	0	False	0	0	0	0	0.0	0.0	0.0	0.0	165.0	False	0.0	1.9486486486486485	3647.87027027027	0	0	45	2.2049999999999983	904	0	10214036.756756756	1672400	0	0.0	11886436.756756756	0	False	0	0	0	0	False	0	0	0	0	0	0	0.0	0.0	False	False
40	protected	2.5945945945945947	1.2122797312964289	1.0810810810810811	1.7567567567567568	1.364	155.02702702702703	1.4864864864864864	1.5945945945945947	0.0	0.0	0	False	0.0	False	0.0	0.0	0.0	0	0	0	0	0	0	0	False	0	False	0	0	0	0	0.0	0.0	0.0	0.0	165.0	False	0.0	1.9729729729729732	3693.4054054054063	0	0	45	2.2049999999999983	915	0	10341535.135135138	1692750	0	0.0	12034285.135135138	0	False	0	0	0	0	False	0	0	0	0	0	0	0.0	0.0	False	False
41	protected	2.6594594594594594	1.2181279694232645	1.0831081081081082	1.7756756756756755	1.3731	155.7027027027027	1.4986486486486486	1.6094594594594596	0.0	0.0	0	False	0.0	False	0.0	0.0	0.0	0	0	0	0	0	0	0	False	0	False	0	0	0	0	0.0	0.0	0.0	0.0	165.0	False	0.0	1.9972972972972975	3738.9405405405414	0	0	45	2.2049999999999983	927	0	10469033.513513517	1714950	0	0.0	12183983.513513517	0	False	0	0	0	0	False	0	0	0	0	0	0	0.0	0.0	False	False
42	protected	2.724324324324324	1.224004420419049	1.085135135135135	1.7945945945945945	1.3821999999999997	156.3783783783784	1.5108108108108107	1.6243243243243244	0.0	0.0	0	False	0.0	False	0.0	0.0	0.0	0	0	0	0	0	0	0	False	0	False	0	0	0	0	0.0	0.0	0.0	0.0	165.0	False	0.0	2.021621621621622	3784.475675675676	0	0	45	2.2049999999999983	938	0	10596531.891891893	1735300	0	0.0	12331831.891891893	0	False	0	0	0	0	False	0	0	0	0	0	0	0.0	0.0	False	False
43	protected	2.7891891891891887	1.2299092203873325	1.087162162162162	1.8135135135135134	1.3913000000000002	157.05405405405406	1.5229729729729728	1.6391891891891892	0.0	0.0	0	False	0.0	False	0.0	0.0	0.0	0	0	0	0	0	0	0	False	0	False	0	0	0	0	0.0	0.0	0.0	0.0	165.0	False	0.0	2.045945945945946	3830.010810810811	0	0	45	2.2049999999999983	949	0	10724030.270270271	1755650	0	0.0	12479680.270270271	0	False	0	0	0	0	False	0	0	0	0	0	0	0.0	0.0	False	False
44	protected	2.854054054054054	1.2358425060882525	1.0891891891891892	1.8324324324324324	1.4004	157.72972972972974	1.535135135135135	1.654054054054054	0.0	0.0	0	False	0.0	False	0.0	0.0	0.0	0	0	0	0	0	0	0	False	0	False	0	0	0	0	0.0	0.0	0.0	0.0	165.0	False	0.0	2.070270270270271	3875.545945945947	0	0	45	2.2049999999999983	961	0	10851528.648648651	1777850	0	0.0	12629378.648648651	0	False	0	0	0	0	False	0	0	0	0	0	0	0.0	0.0	False	False
45	protected	2.918918918918919	1.2418044149416987	1.0912162162162162	1.8513513513513513	1.4095000000000002	158.40540540540542	1.5472972972972974	1.6689189189189189	0.0	0.0	0	False	0.0	False	0.0	0.0	0.0	0	0	0	0	0	0	0	False	0	False	0	0	0	0	0.0	0.0	0.0	0.0	165.0	False	0.0	2.0945945945945947	3921.0810810810817	0	0	45	2.2049999999999983	972	0	10979027.02702703	1798200	0	0.0	12777227.02702703	0	False	0	0	0	0	False	0	0	0	0	0	0	0.0	0.0	False	False
46	protected	2.9837837837837835	1.247795085030498	1.0932432432432433	1.8702702702702703	1.4186	159.0810810810811	1.5594594594594593	1.6837837837837837	0.0	0.0	0	False	0.0	False	0.0	0.0	0.0	0	0	0	0	0	0	0	False	0	False	0	0	0	0	0.0	0.0	0.0	0.0	165.0	False	0.0	2.1189189189189195	3966.6162162162177	0	0	45	2.2049999999999983	983	0	11106525.40540541	1818550	0	0.0	12925075.40540541	0	False	0	0	0	0	False	0	0	0	0	0	0	0.0	0.0	False	False
47	protected	3.048648648648648	1.253814655103611	1.0952702702702704	1.8891891891891892	1.4277	159.75675675675674	1.5716216216216217	1.6986486486486485	0.0	0.0	0	False	0.0	False	0.0	0.0	0.0	0	0	0	0	0	0	0	False	0	False	0	0	0	0	0.0	0.0	0.0	0.0	165.0	False	0.0	2.1432432432432424	4012.1513513513496	0	0	60	2.939999999999998	995	0	11234023.783783779	1840750	0	0.0	13074773.783783779	0	False	0	0	0	0	False	0	0	0	0	0	0	0.0	0.0	False	False
48	protected	3.1135135135135137	1.259863264579347	1.0972972972972972	1.9081081081081082	1.4368	160.43243243243245	1.5837837837837836	1.7135135135135138	0.0	0.0	0	False	0.0	False	0.0	0.0	0.0	0	0	0	0	0	0	0	False	0	False	0	0	0	0	0.0	0.0	0.0	0.0	165.0	False	0.0	2.167567567567568	4057.6864864864874	0	0	60	2.939999999999998	1006	0	11361522.162162164	1861100	0	0.0	13222622.162162164	0	False	0	0	0	0	False	0	0	0	0	0	0	0.0	0.0	False	False
49	protected	3.1783783783783783	1.265941053548592	1.0993243243243243	1.927027027027027	1.4459	161.1081081081081	1.595945945945946	1.7283783783783786	0.0	0.0	0	False	0.0	False	0.0	0.0	0.0	0	0	0	0	0	0	0	False	0	False	0	0	0	0	0.0	0.0	0.0	0.0	165.0	False	0.0	2.1918918918918915	4103.221621621621	0	0	60	2.939999999999998	1017	0	11489020.540540539	1881450	0	0.0	13370470.540540539	0	False	0	0	0	0	False	0	0	0	0	0	0	0.0	0.0	False	False
50	protected	3.243243243243243	1.2720481627780535	1.1013513513513513	1.9459459459459458	1.4549999999999998	161.78378378378378	1.608108108108108	1.7432432432432434	0.0	0.0	0	False	0.0	False	0.0	0.0	0.0	0	0	0	0	0	0	0	False	0	False	0	0	0	0	0.0	0.0	0.0	0.0	165.0	False	0.0	2.216216216216216	4148.756756756757	0	0	60	2.939999999999998	1028	0	11616518.918918919	1901800	0	0.0	13518318.918918919	0	False	0	0	0	0	False	0	0	0	0	0	0	0.0	0.0	False	False
51	protected	3.3081081081081076	1.278184733713521	1.1033783783783784	1.9648648648648648	1.4641	162.45945945945945	1.6202702702702703	1.7581081081081082	0.0	0.0	0	False	0.0	False	0.0	0.0	0.0	0	0	0	0	0	0	0	False	0	False	0	0	0	0	0.0	0.0	0.0	0.0	165.0	False	0.0	2.24054054054054	4194.29189189189	0	0	60	2.939999999999998	1040	0	11744017.297297293	1924000	0	0.0	13668017.297297293	0	False	0	0	0	0	False	0	0	0	0	0	0	0.0	0.0	False	False
52	protected	3.372972972972973	1.284350908483142	1.1054054054054054	1.9837837837837837	1.4732	163.13513513513513	1.6324324324324324	1.772972972972973	0.0	0.0	0	False	0.0	False	0.0	0.0	0.0	0	0	0	0	0	0	0	False	0	False	0	0	0	0	0.0	0.0	0.0	0.0	165.0	False	0.0	2.2648648648648644	4239.827027027026	0	0	60	2.939999999999998	1051	0	11871515.675675673	1944350	0	0.0	13815865.675675673	0	False	0	0	0	0	False	0	0	0	0	0	0	0.0	0.0	False	False
53	protected	3.437837837837838	1.2905468299007132	1.1074324324324325	2.0027027027027025	1.4822999999999997	163.8108108108108	1.6445945945945946	1.787837837837838	0.0	0.0	0	False	0.0	False	0.0	0.0	0.0	0	0	0	0	0	0	0	False	0	False	0	0	0	0	0.0	0.0	0.0	0.0	165.0	False	0.0	2.289189189189189	4285.362162162162	0	0	60	2.939999999999998	1062	0	11999014.054054055	1964700	0	0.0	13963714.054054055	0	False	0	0	0	0	False	0	0	0	0	0	0	0.0	0.0	False	False
54	protected	3.5027027027027025	1.2967726414689897	1.1094594594594596	2.0216216216216214	1.4914	164.48648648648648	1.6567567567567567	1.8027027027027027	0.0	0.0	0	False	0.0	False	0.0	0.0	0.0	0	0	0	0	0	0	0	False	0	False	0	0	0	0	0.0	0.0	0.0	0.0	165.0	False	0.0	2.3135135135135134	4330.897297297297	0	0	60	2.939999999999998	1074	0	12126512.432432432	1986900	0	0.0	14113412.432432432	0	False	0	0	0	0	False	0	0	0	0	0	0	0.0	0.0	False	False
55	protected	3.567567567567567	1.3030284873830067	1.1114864864864864	2.0405405405405403	1.5005000000000002	165.16216216216216	1.6689189189189189	1.8175675675675675	0.0	0.0	0	False	0.0	False	0.0	0.0	0.0	0	0	0	0	0	0	0	False	0	False	0	0	0	0	0.0	0.0	0.0	0.0	165.0	False	0.0	2.3378378378378377	4376.4324324324325	0	0	60	2.939999999999998	1085	0	12254010.810810812	2007250	0	0.0	14261260.810810812	0	False	0	0	0	0	False	0	0	0	0	0	0	0.0	0.0	False	False
56	protected	3.6324324324324326	1.309314512533421	1.1135135135135135	2.0594594594594593	1.5096000000000003	165.83783783783784	1.681081081081081	1.8324324324324326	0.0	0.0	0	False	0.0	False	0.0	0.0	0.0	0	0	0	0	0	0	0	False	0	False	0	0	0	0	0.0	0.0	0.0	0.0	165.0	False	0.0	2.362162162162162	4421.967567567567	0	0	60	2.939999999999998	1096	0	12381509.189189188	2027600	0	0.0	14409109.189189188	0	False	0	0	0	0	False	0	0	0	0	0	0	0.0	0.0	False	False
57	protected	3.6972972972972973	1.3156308625098645	1.1155405405405405	2.0783783783783782	1.5187	166.51351351351352	1.6932432432432432	1.8472972972972974	0.0	0.0	0	False	0.0	False	0.0	0.0	0.0	0	0	0	0	0	0	0	False	0	False	0	0	0	0	0.0	0.0	0.0	0.0	165.0	False	0.0	2.3864864864864863	4467.502702702703	0	0	60	2.939999999999998	1107	0	12509007.567567568	2047950	0	0.0	14556957.567567568	0	False	0	0	0	0	False	0	0	0	0	0	0	0.0	0.0	False	False
58	protected	3.762162162162162	1.321977683604319	1.1175675675675676	2.097297297297297	1.5278	167.1891891891892	1.7054054054054053	1.8621621621621622	0.0	0.0	0	False	0.0	False	0.0	0.0	0.0	0	0	0	0	0	0	0	False	0	False	0	0	0	0	0.0	0.0	0.0	0.0	165.0	False	0.0	2.410810810810811	4513.037837837838	0	0	60	2.939999999999998	1119	0	12636505.945945946	2070150	0	0.0	14706655.945945946	0	False	0	0	0	0	False	0	0	0	0	0	0	0.0	0.0	False	False
59	protected	3.8270270270270266	1.3283551228145027	1.1195945945945946	2.116216216216216	1.5369000000000002	167.86486486486487	1.7175675675675675	1.877027027027027	0.0	0.0	0	False	0.0	False	0.0	0.0	0.0	0	0	0	0	0	0	0	False	0	False	0	0	0	0	0.0	0.0	0.0	0.0	165.0	False	0.0	2.435135135135135	4558.572972972973	0	0	60	2.939999999999998	1130	0	12764004.324324325	2090500	0	0.0	14854504.324324325	0	False	0	0	0	0	False	0	0	0	0	0	0	0.0	0.0	False	False
60	protected	3.891891891891892	1.3347633278472748	1.1216216216216217	2.135135135135135	1.5459999999999998	168.54054054054055	1.7297297297297298	1.891891891891892	0.0	0.0	0	False	0.0	False	0.0	0.0	0.0	0	0	0	0	0	0	0	False	0	False	0	0	0	0	0.0	0.0	0.0	0.0	165.0	False	0.0	2.4594594594594597	4604.108108108109	0	0	60	2.939999999999998	1141	0	12891502.702702707	2110850	0	0.0	15002352.702702707	0	False	0	0	0	0	False	0	0	0	0	0	0	0.0	0.0	False	False
61	protected	3.9567567567567568	1.3412024471220572	1.1236486486486486	2.154054054054054	1.5551000000000004	169.21621621621622	1.7418918918918918	1.906756756756757	0.0	0.0	0	False	0.0	False	0.0	0.0	0.0	0	0	0	0	0	0	0	False	0	False	0	0	0	0	0.0	0.0	0.0	0.0	165.0	False	0.0	2.483783783783784	4649.643243243243	0	0	60	2.939999999999998	1153	0	13019001.081081081	2133050	0	0.0	15152051.081081081	0	False	0	0	0	0	False	0	0	0	0	0	0	0.0	0.0	False	False
62	protected	4.021621621621621	1.347672629774271	1.1256756756756756	2.172972972972973	1.5642	169.8918918918919	1.7540540540540541	1.9216216216216218	0.0	0.0	0	False	0.0	False	0.0	0.0	0.0	0	0	0	0	0	0	0	False	0	False	0	0	0	0	0.0	0.0	0.0	0.0	165.0	False	0.0	2.5081081081081082	4695.1783783783785	0	0	60	2.939999999999998	1164	0	13146499.45945946	2153400	0	0.0	15299899.45945946	0	False	0	0	0	0	False	0	0	0	0	0	0	0.0	0.0	False	False
63	protected	4.0864864864864865	1.354174025658792	1.1277027027027027	2.191891891891892	1.5733000000000001	170.56756756756755	1.766216216216216	1.9364864864864866	0.0	0.0	0	False	0.0	False	0.0	0.0	0.0	0	0	0	0	0	0	0	False	0	False	0	0	0	0	0.0	0.0	0.0	0.0	165.0	False	0.0	2.5324324324324317	4740.713513513512	0	0	60	2.939999999999998	1175	0	13273997.837837834	2173750	0	0.0	15447747.837837834	0	False	0	0	0	0	False	0	0	0	0	0	0	0.0	0.0	False	False
64	protected	4.151351351351352	1.3607067853534205	1.1297297297297297	2.210810810810811	1.5824000000000003	171.24324324324323	1.7783783783783784	1.9513513513513514	0.0	0.0	0	False	0.0	False	0.0	0.0	0.0	0	0	0	0	0	0	0	False	0	False	0	0	0	0	0.0	0.0	0.0	0.0	165.0	False	0.0	2.556756756756756	4786.248648648648	0	0	60	2.939999999999998	1186	0	13401496.216216214	2194100	0	0.0	15595596.216216214	0	False	0	0	0	0	False	0	0	0	0	0	0	0.0	0.0	False	False
65	protected	4.216216216216216	1.367271060162369	1.1317567567567568	2.22972972972973	1.5915000000000001	171.9189189189189	1.7905405405405403	1.9662162162162162	0.0	0.0	0	False	0.0	False	0.0	0.0	0.0	0	0	0	0	0	0	0	False	0	False	0	0	0	0	0.0	0.0	0.0	0.0	165.0	False	0.0	2.5810810810810803	4831.783783783782	0	0	60	2.939999999999998	1198	0	13528994.59459459	2216300	0	0.0	15745294.59459459	0	False	0	0	0	0	False	0	0	0	0	0	0	0.0	0.0	False	False
66	protected	4.281081081081081	1.3738670021197665	1.1337837837837839	2.2486486486486488	1.6006	172.59459459459458	1.8027027027027027	1.981081081081081	0.0	0.0	0	False	0.0	False	0.0	0.0	0.0	0	0	0	0	0	0	0	False	0	False	0	0	0	0	0.0	0.0	0.0	0.0	165.0	False	0.0	2.6054054054054046	4877.318918918917	0	0	60	2.939999999999998	1209	0	13656492.972972967	2236650	0	0.0	15893142.972972967	0	False	0	0	0	0	False	0	0	0	0	0	0	0.0	0.0	False	False
67	protected	4.345945945945946	1.38049476399318	1.1358108108108107	2.2675675675675677	1.6097000000000001	173.27027027027026	1.8148648648648646	1.9959459459459459	0.0	0.0	0	False	0.0	False	0.0	0.0	0.0	0	0	0	0	0	0	0	False	0	False	0	0	0	0	0.0	0.0	0.0	0.0	165.0	False	0.0	2.6297297297297293	4922.854054054053	0	0	60	2.939999999999998	1220	0	13783991.35135135	2257000	0	0.0	16040991.35135135	0	False	0	0	0	0	False	0	0	0	0	0	0	0.0	0.0	False	False
68	protected	4.410810810810811	1.3871544992871523	1.1378378378378378	2.2864864864864867	1.6188	173.94594594594594	1.827027027027027	2.0108108108108107	0.0	0.0	0	False	0.0	False	0.0	0.0	0.0	0	0	0	0	0	0	0	False	0	False	0	0	0	0	0.0	0.0	0.0	0.0	165.0	False	0.0	2.6540540540540536	4968.389189189188	0	0	60	2.939999999999998	1232	0	13911489.729729727	2279200	0	0.0	16190689.729729727	0	False	0	0	0	0	False	0	0	0	0	0	0	0.0	0.0	False	False
69	protected	4.475675675675675	1.3938463622467576	1.1398648648648648	2.3054054054054056	1.6279	174.6216216216216	1.8391891891891892	2.025675675675676	0.0	0.0	0	False	0.0	False	0.0	0.0	0.0	0	0	0	0	0	0	0	False	0	False	0	0	0	0	0.0	0.0	0.0	0.0	165.0	False	0.0	2.678378378378378	5013.924324324324	0	0	75	3.674999999999997	1243	0	14038988.108108107	2299550	0	0.0	16338538.108108107	0	False	0	0	0	0	False	0	0	0	0	0	0	0.0	0.0	False	False
70	protected	4.54054054054054	1.4005705078611739	1.1418918918918919	2.3243243243243246	1.6370000000000005	175.2972972972973	1.8513513513513513	2.0405405405405403	0.0	0.0	0	False	0.0	False	0.0	0.0	0.0	0	0	0	0	0	0	0	False	0	False	0	0	0	0	0.0	0.0	0.0	0.0	165.0	False	0.0	2.7027027027027026	5059.45945945946	0	0	75	3.674999999999997	1254	0	14166486.486486489	2319900	0	0.0	16486386.486486489	0	False	0	0	0	0	False	0	0	0	0	0	0	0.0	0.0	False	False
71	protected	4.605405405405405	1.407327091867273	1.143918918918919	2.343243243243243	1.6461	175.97297297297297	1.8635135135135132	2.0554054054054056	0.0	0.0	0	False	0.0	False	0.0	0.0	0.0	0	0	0	0	0	0	0	False	0	False	0	0	0	0	0.0	0.0	0.0	0.0	165.0	False	0.0	2.7270270270270265	5104.994594594594	0	0	75	3.674999999999997	1266	0	14293984.864864863	2342100	0	0.0	16636084.864864863	0	False	0	0	0	0	False	0	0	0	0	0	0	0.0	0.0	False	False
72	protected	4.6702702702702705	1.4141162707532264	1.145945945945946	2.3621621621621625	1.6552000000000002	176.64864864864865	1.8756756756756756	2.0702702702702704	0.0	0.0	0	False	0.0	False	0.0	0.0	0.0	0	0	0	0	0	0	0	False	0	False	0	0	0	0	0.0	0.0	0.0	0.0	165.0	False	0.0	2.7513513513513512	5150.529729729729	0	0	75	3.674999999999997	1277	0	14421483.243243242	2362450	0	0.0	16783933.24324324	0	False	0	0	0	0	False	0	0	0	0	0	0	0.0	0.0	False	False
73	protected	4.735135135135135	1.420938201762131	1.147972972972973	2.381081081081081	1.6643000000000003	177.32432432432432	1.8878378378378378	2.0851351351351353	0.0	0.0	0	False	0.0	False	0.0	0.0	0.0	0	0	0	0	0	0	0	False	0	False	0	0	0	0	0.0	0.0	0.0	0.0	165.0	False	0.0	2.775675675675675	5196.064864864864	0	0	75	3.674999999999997	1288	0	14548981.62162162	2382800	0	0.0	16931781.62162162	0	False	0	0	0	0	False	0	0	0	0	0	0	0.0	0.0	False	False
74	protected	4.8	1.4277930428956507	1.15	2.4	1.6734	178.0	1.9	2.1	0.0	0.0	0	False	0.0	False	0.0	0.0	0.0	0	0	0	0	0	0	0	False	0	False	0	0	0	0	0.0	0.0	0.0	0.0	165.0	False	0.0	2.8	5241.6	0	0	75	3.674999999999997	1299	0	14676480.000000002	2403150	0	0.0	17079630.0	0	False	0	0	0	0	False	0	0	0	0	0	0	0.0	0.0	False	False
75	protected	4.8	1.4277930428956507	1.15	2.4	1.6825	178.0	1.9	2.1	0.0	0.0	0	False	0.0	False	0.0	0.0	0.0	0	0	0	0	0	0	0	False	0	False	0	0	0	0	0.0	0.0	0.0	0.0	165.0	False	0.0	2.8	5241.6	0	0	75	3.674999999999997	1299	0	14676480.000000002	2403150	0	0.0	17079630.0	0	False	0	0	0	0	False	0	0	0	0	0	0	0.0	0.0	False	False
76	protected	4.8	1.4277930428956507	1.15	2.4	1.6916000000000002	178.0	1.9	2.1	0.0	0.0	0	False	0.0	False	0.0	0.0	0.0	0	0	0	0	0	0	0	False	0	False	0	0	0	0	0.0	0.0	0.0	0.0	165.0	False	0.0	2.8	5241.6	0	0	75	3.674999999999997	1299	0	14676480.000000002	2403150	0	0.0	17079630.0	0	False	0	0	0	0	False	0	0	0	0	0	0	0.0	0.0	False	False
77	protected	4.8	1.4277930428956507	1.15	2.4	1.7006999999999999	178.0	1.9	2.1	0.0	0.0	0	False	0.0	False	0.0	0.0	0.0	0	0	0	0	0	0	0	False	0	False	0	0	0	0	0.0	0.0	0.0	0.0	165.0	False	0.0	2.8	5241.6	0	0	75	3.674999999999997	1299	0	14676480.000000002	2403150	0	0.0	17079630.0	0	False	0	0	0	0	False	0	0	0	0	0	0	0.0	0.0	False	False
78	protected	4.8	1.4277930428956507	1.15	2.4	1.7098	178.0	1.9	2.1	0.0	0.0	0	False	0.0	False	0.0	0.0	0.0	0	0	0	0	0	0	0	False	0	False	0	0	0	0	0.0	0.0	0.0	0.0	165.0	False	0.0	2.8	5241.6	0	0	75	3.674999999999997	1299	0	14676480.000000002	2403150	0	0.0	17079630.0	0	False	0	0	0	0	False	0	0	0	0	0	0	0.0	0.0	False	False
79	protected	4.8	1.4277930428956507	1.15	2.4	1.7189	178.0	1.9	2.1	0.0	0.0	0	False	0.0	False	0.0	0.0	0.0	0	0	0	0	0	0	0	False	0	False	0	0	0	0	0.0	0.0	0.0	0.0	165.0	False	0.0	2.8	5241.6	0	0	75	3.674999999999997	1299	0	14676480.000000002	2403150	0	0.0	17079630.0	0	False	0	0	0	0	False	0	0	0	0	0	0	0.0	0.0	False	False
80	protected	4.8	1.4277930428956507	1.15	2.4	1.7279999999999998	178.0	1.9	2.1	0.0	0.0	0	False	0.0	False	0.0	0.0	0.0	0	0	0	0	0	0	0	False	0	False	0	0	0	0	0.0	0.0	0.0	0.0	165.0	False	0.0	2.8	5241.6	0	0	75	3.674999999999997	1299	0	14676480.000000002	2403150	0	0.0	17079630.0	0	False	0	0	0	0	False	0	0	0	0	0	0	0.0	0.0	False	False
81	protected	4.8	1.4277930428956507	1.15	2.4	1.7371000000000003	178.0	1.9	2.1	0.0	0.0	0	False	0.0	False	0.0	0.0	0.0	0	0	0	0	0	0	0	False	0	False	0	0	0	0	0.0	0.0	0.0	0.0	165.0	False	0.0	2.8	5241.6	0	0	75	3.674999999999997	1299	0	14676480.000000002	2403150	0	0.0	17079630.0	0	False	0	0	0	0	False	0	0	0	0	0	0	0.0	0.0	False	False
82	protected	4.8	1.4277930428956507	1.15	2.4	1.7462	178.0	1.9	2.1	0.0	0.0	0	False	0.0	False	0.0	0.0	0.0	0	0	0	0	0	0	0	False	0	False	0	0	0	0	0.0	0.0	0.0	0.0	165.0	False	0.0	2.8	5241.6	0	0	75	3.674999999999997	1299	0	14676480.000000002	2403150	0	0.0	17079630.0	0	False	0	0	0	0	False	0	0	0	0	0	0	0.0	0.0	False	False
83	protected	4.8	1.4277930428956507	1.15	2.4	1.7553000000000003	178.0	1.9	2.1	0.0	0.0	0	False	0.0	False	0.0	0.0	0.0	0	0	0	0	0	0	0	False	0	False	0	0	0	0	0.0	0.0	0.0	0.0	165.0	False	0.0	2.8	5241.6	0	0	75	3.674999999999997	1299	0	14676480.000000002	2403150	0	0.0	17079630.0	0	False	0	0	0	0	False	0	0	0	0	0	0	0.0	0.0	False	False
84	protected	4.8	1.4277930428956507	1.15	2.4	1.7644000000000002	178.0	1.9	2.1	0.0	0.0	0	False	0.0	False	0.0	0.0	0.0	0	0	0	0	0	0	0	False	0	False	0	0	0	0	0.0	0.0	0.0	0.0	165.0	False	0.0	2.8	5241.6	0	0	75	3.674999999999997	1299	0	14676480.000000002	2403150	0	0.0	17079630.0	0	False	0	0	0	0	False	0	0	0	0	0	0	0.0	0.0	False	False
85	protected	4.8	1.4277930428956507	1.15	2.4	1.7734999999999999	178.0	1.9	2.1	0.0	0.0	0	False	0.0	False	0.0	0.0	0.0	0	0	0	0	0	0	0	False	0	False	0	0	0	0	0.0	0.0	0.0	0.0	165.0	False	0.0	2.8	5241.6	0	0	75	3.674999999999997	1299	0	14676480.000000002	2403150	0	0.0	17079630.0	0	False	0	0	0	0	False	0	0	0	0	0	0	0.0	0.0	False	False
86	protected	4.8	1.4277930428956507	1.15	2.4	1.7826000000000002	178.0	1.9	2.1	0.0	0.0	0	False	0.0	False	0.0	0.0	0.0	0	0	0	0	0	0	0	False	0	False	0	0	0	0	0.0	0.0	0.0	0.0	165.0	False	0.0	2.8	5241.6	0	0	75	3.674999999999997	1299	0	14676480.000000002	2403150	0	0.0	17079630.0	0	False	0	0	0	0	False	0	0	0	0	0	0	0.0	0.0	False	False
87	protected	4.8	1.4277930428956507	1.15	2.4	1.7917	178.0	1.9	2.1	0.0	0.0	0	False	0.0	False	0.0	0.0	0.0	0	0	0	0	0	0	0	False	0	False	0	0	0	0	0.0	0.0	0.0	0.0	165.0	False	0.0	2.8	5241.6	0	0	75	3.674999999999997	1299	0	14676480.000000002	2403150	0	0.0	17079630.0	0	False	0	0	0	0	False	0	0	0	0	0	0	0.0	0.0	False	False
88	protected	4.8	1.4277930428956507	1.15	2.4	1.8007999999999997	178.0	1.9	2.1	0.0	0.0	0	False	0.0	False	0.0	0.0	0.0	0	0	0	0	0	0	0	False	0	False	0	0	0	0	0.0	0.0	0.0	0.0	165.0	False	0.0	2.8	5241.6	0	0	75	3.674999999999997	1299	0	14676480.000000002	2403150	0	0.0	17079630.0	0	False	0	0	0	0	False	0	0	0	0	0	0	0.0	0.0	False	False
89	protected	4.8	1.4277930428956507	1.15	2.4	1.8099	178.0	1.9	2.1	0.0	0.0	0	False	0.0	False	0.0	0.0	0.0	0	0	0	0	0	0	0	False	0	False	0	0	0	0	0.0	0.0	0.0	0.0	165.0	False	0.0	2.8	5241.6	0	0	75	3.674999999999997	1299	0	14676480.000000002	2403150	0	0.0	17079630.0	0	False	0	0	0	0	False	0	0	0	0	0	0	0.0	0.0	False	False
90	protected	4.8	1.4277930428956507	1.15	2.4	1.8190000000000002	178.0	1.9	2.1	0.0	0.0	0	False	0.0	False	0.0	0.0	0.0	0	0	0	0	0	0	0	False	0	False	0	0	0	0	0.0	0.0	0.0	0.0	165.0	False	0.0	2.8	5241.6	0	0	75	3.674999999999997	1299	0	14676480.000000002	2403150	0	0.0	17079630.0	0	False	0	0	0	0	False	0	0	0	0	0	0	0.0	0.0	False	False
91	protected	4.8	1.4277930428956507	1.15	2.4	1.8280999999999996	178.0	1.9	2.1	0.0	0.0	0	False	0.0	False	0.0	0.0	0.0	0	0	0	0	0	0	0	False	0	False	0	0	0	0	0.0	0.0	0.0	0.0	165.0	False	0.0	2.8	5241.6	0	0	75	3.674999999999997	1299	0	14676480.000000002	2403150	0	0.0	17079630.0	0	False	0	0	0	0	False	0	0	0	0	0	0	0.0	0.0	False	False
92	protected	4.8	1.4277930428956507	1.15	2.4	1.8372000000000002	178.0	1.9	2.1	0.0	0.0	0	False	0.0	False	0.0	0.0	0.0	0	0	0	0	0	0	0	False	0	False	0	0	0	0	0.0	0.0	0.0	0.0	165.0	False	0.0	2.8	5241.6	0	0	75	3.674999999999997	1299	0	14676480.000000002	2403150	0	0.0	17079630.0	0	False	0	0	0	0	False	0	0	0	0	0	0	0.0	0.0	False	False
93	protected	4.8	1.4277930428956507	1.15	2.4	1.8463	178.0	1.9	2.1	0.0	0.0	0	False	0.0	False	0.0	0.0	0.0	0	0	0	0	0	0	0	False	0	False	0	0	0	0	0.0	0.0	0.0	0.0	165.0	False	0.0	2.8	5241.6	0	0	75	3.674999999999997	1299	0	14676480.000000002	2403150	0	0.0	17079630.0	0	False	0	0	0	0	False	0	0	0	0	0	0	0.0	0.0	False	False
94	protected	4.8	1.4277930428956507	1.15	2.4	1.8554000000000002	178.0	1.9	2.1	0.0	0.0	0	False	0.0	False	0.0	0.0	0.0	0	0	0	0	0	0	0	False	0	False	0	0	0	0	0.0	0.0	0.0	0.0	165.0	False	0.0	2.8	5241.6	0	0	75	3.674999999999997	1299	0	14676480.000000002	2403150	0	0.0	17079630.0	0	False	0	0	0	0	False	0	0	0	0	0	0	0.0	0.0	False	False
95	protected	4.8	1.4277930428956507	1.15	2.4	1.8645	178.0	1.9	2.1	0.0	0.0	0	False	0.0	False	0.0	0.0	0.0	0	0	0	0	0	0	0	False	0	False	0	0	0	0	0.0	0.0	0.0	0.0	165.0	False	0.0	2.8	5241.6	0	0	75	3.674999999999997	1299	0	14676480.000000002	2403150	0	0.0	17079630.0	0	False	0	0	0	0	False	0	0	0	0	0	0	0.0	0.0	False	False
96	protected	4.8	1.4277930428956507	1.15	2.4	1.8736	178.0	1.9	2.1	0.0	0.0	0	False	0.0	False	0.0	0.0	0.0	0	0	0	0	0	0	0	False	0	False	0	0	0	0	0.0	0.0	0.0	0.0	165.0	False	0.0	2.8	5241.6	0	0	75	3.674999999999997	1299	0	14676480.000000002	2403150	0	0.0	17079630.0	0	False	0	0	0	0	False	0	0	0	0	0	0	0.0	0.0	False	False
97	protected	4.8	1.4277930428956507	1.15	2.4	1.8827	178.0	1.9	2.1	0.0	0.0	0	False	0.0	False	0.0	0.0	0.0	0	0	0	0	0	0	0	False	0	False	0	0	0	0	0.0	0.0	0.0	0.0	165.0	False	0.0	2.8	5241.6	0	0	75	3.674999999999997	1299	0	14676480.000000002	2403150	0	0.0	17079630.0	0	False	0	0	0	0	False	0	0	0	0	0	0	0.0	0.0	False	False
98	protected	4.8	1.4277930428956507	1.15	2.4	1.8918000000000004	178.0	1.9	2.1	0.0	0.0	0	False	0.0	False	0.0	0.0	0.0	0	0	0	0	0	0	0	False	0	False	0	0	0	0	0.0	0.0	0.0	0.0	165.0	False	0.0	2.8	5241.6	0	0	75	3.674999999999997	1299	0	14676480.000000002	2403150	0	0.0	17079630.0	0	False	0	0	0	0	False	0	0	0	0	0	0	0.0	0.0	False	False
99	protected	4.8	1.4277930428956507	1.15	2.4	1.9009	178.0	1.9	2.1	0.0	0.0	0	False	0.0	False	0.0	0.0	0.0	0	0	0	0	0	0	0	False	0	False	0	0	0	0	0.0	0.0	0.0	0.0	165.0	False	0.0	2.8	5241.6	0	0	75	3.674999999999997	1299	0	14676480.000000002	2403150	0	0.0	17079630.0	0	False	0	0	0	0	False	0	0	0	0	0	0	0.0	0.0	False	False
100	protected	4.8	1.4277930428956507	1.15	2.4	1.91	178.0	1.9	2.1	0.0	0.0	0	False	0.0	False	0.0	0.0	0.0	0	0	0	0	0	0	0	False	0	False	0	0	0	0	0.0	0.0	0.0	0.0	165.0	False	0.0	2.8	5241.6	0	0	75	3.674999999999997	1299	0	14676480.000000002	2403150	0	0.0	17079630.0	0	False	0	0	0	0	False	0	0	0	0	0	0	0.0	0.0	False	False
101	protected	4.8	1.4277930428956507	1.15	2.4	1.9191000000000003	178.0	1.9	2.1	0.0	0.0	0	False	0.0	False	0.0	0.0	0.0	0	0	0	0	0	0	0	False	0	False	0	0	0	0	0.0	0.0	0.0	0.0	165.0	False	0.0	2.8	5241.6	0	0	75	3.674999999999997	1299	0	14676480.000000002	2403150	0	0.0	17079630.0	0	False	0	0	0	0	False	0	0	0	0	0	0	0.0	0.0	False	False
102	protected	4.8	1.4277930428956507	1.15	2.4	1.9282000000000004	178.0	1.9	2.1	0.0	0.0	0	False	0.0	False	0.0	0.0	0.0	0	0	0	0	0	0	0	False	0	False	0	0	0	0	0.0	0.0	0.0	0.0	165.0	False	0.0	2.8	5241.6	0	0	75	3.674999999999997	1299	0	14676480.000000002	2403150	0	0.0	17079630.0	0	False	0	0	0	0	False	0	0	0	0	0	0	0.0	0.0	False	False
103	protected	4.8	1.4277930428956507	1.15	2.4	1.9373	178.0	1.9	2.1	0.0	0.0	0	False	0.0	False	0.0	0.0	0.0	0	0	0	0	0	0	0	False	0	False	0	0	0	0	0.0	0.0	0.0	0.0	165.0	False	0.0	2.8	5241.6	0	0	75	3.674999999999997	1299	0	14676480.000000002	2403150	0	0.0	17079630.0	0	False	0	0	0	0	False	0	0	0	0	0	0	0.0	0.0	False	False
104	protected	4.8	1.4277930428956507	1.15	2.4	1.9464000000000001	178.0	1.9	2.1	0.0	0.0	0	False	0.0	False	0.0	0.0	0.0	0	0	0	0	0	0	0	False	0	False	0	0	0	0	0.0	0.0	0.0	0.0	165.0	False	0.0	2.8	5241.6	0	0	75	3.674999999999997	1299	0	14676480.000000002	2403150	0	0.0	17079630.0	0	False	0	0	0	0	False	0	0	0	0	0	0	0.0	0.0	False	False
105	protected	4.8	1.4277930428956507	1.15	2.4	1.9555000000000002	178.0	1.9	2.1	0.0	0.0	0	False	0.0	False	0.0	0.0	0.0	0	0	0	0	0	0	0	False	0	False	0	0	0	0	0.0	0.0	0.0	0.0	165.0	False	0.0	2.8	5241.6	0	0	75	3.674999999999997	1299	0	14676480.000000002	2403150	0	0.0	17079630.0	0	False	0	0	0	0	False	0	0	0	0	0	0	0.0	0.0	False	False
106	protected	4.8	1.4277930428956507	1.15	2.4	1.9646	178.0	1.9	2.1	0.0	0.0	0	False	0.0	False	0.0	0.0	0.0	0	0	0	0	0	0	0	False	0	False	0	0	0	0	0.0	0.0	0.0	0.0	165.0	False	0.0	2.8	5241.6	0	0	75	3.674999999999997	1299	0	14676480.000000002	2403150	0	0.0	17079630.0	0	False	0	0	0	0	False	0	0	0	0	0	0	0.0	0.0	False	False
107	protected	4.8	1.4277930428956507	1.15	2.4	1.9737	178.0	1.9	2.1	0.0	0.0	0	False	0.0	False	0.0	0.0	0.0	0	0	0	0	0	0	0	False	0	False	0	0	0	0	0.0	0.0	0.0	0.0	165.0	False	0.0	2.8	5241.6	0	0	75	3.674999999999997	1299	0	14676480.000000002	2403150	0	0.0	17079630.0	0	False	0	0	0	0	False	0	0	0	0	0	0	0.0	0.0	False	False
108	protected	4.8	1.4277930428956507	1.15	2.4	1.9828000000000001	178.0	1.9	2.1	0.0	0.0	0	False	0.0	False	0.0	0.0	0.0	0	0	0	0	0	0	0	False	0	False	0	0	0	0	0.0	0.0	0.0	0.0	165.0	False	0.0	2.8	5241.6	0	0	75	3.674999999999997	1299	0	14676480.000000002	2403150	0	0.0	17079630.0	0	False	0	0	0	0	False	0	0	0	0	0	0	0.0	0.0	False	False
109	protected	4.8	1.4277930428956507	1.15	2.4	1.9919000000000002	178.0	1.9	2.1	0.0	0.0	0	False	0.0	False	0.0	0.0	0.0	0	0	0	0	0	0	0	False	0	False	0	0	0	0	0.0	0.0	0.0	0.0	165.0	False	0.0	2.8	5241.6	0	0	75	3.674999999999997	1299	0	14676480.000000002	2403150	0	0.0	17079630.0	0	False	0	0	0	0	False	0	0	0	0	0	0	0.0	0.0	False	False
110	protected	4.8	1.4277930428956507	1.15	2.4	2.0010000000000003	178.0	1.9	2.1	0.0	0.0	0	False	0.0	False	0.0	0.0	0.0	0	0	0	0	0	0	0	False	0	False	0	0	0	0	0.0	0.0	0.0	0.0	165.0	False	0.0	2.8	5241.6	0	0	75	3.674999999999997	1299	0	14676480.000000002	2403150	0	0.0	17079630.0	0	False	0	0	0	0	False	0	0	0	0	0	0	0.0	0.0	False	False
111	protected	4.8	1.4277930428956507	1.15	2.4	2.0101	178.0	1.9	2.1	0.0	0.0	0	False	0.0	False	0.0	0.0	0.0	0	0	0	0	0	0	0	False	0	False	0	0	0	0	0.0	0.0	0.0	0.0	165.0	False	0.0	2.8	5241.6	0	0	75	3.674999999999997	1299	0	14676480.000000002	2403150	0	0.0	17079630.0	0	False	0	0	0	0	False	0	0	0	0	0	0	0.0	0.0	False	False
112	protected	4.8	1.4277930428956507	1.15	2.4	2.0192	178.0	1.9	2.1	0.0	0.0	0	False	0.0	False	0.0	0.0	0.0	0	0	0	0	0	0	0	False	0	False	0	0	0	0	0.0	0.0	0.0	0.0	165.0	False	0.0	2.8	5241.6	0	0	75	3.674999999999997	1299	0	14676480.000000002	2403150	0	0.0	17079630.0	0	False	0	0	0	0	False	0	0	0	0	0	0	0.0	0.0	False	False
113	protected	4.8	1.4277930428956507	1.15	2.4	2.0283	178.0	1.9	2.1	0.0	0.0	0	False	0.0	False	0.0	0.0	0.0	0	0	0	0	0	0	0	False	0	False	0	0	0	0	0.0	0.0	0.0	0.0	165.0	False	0.0	2.8	5241.6	0	0	75	3.674999999999997	1299	0	14676480.000000002	2403150	0	0.0	17079630.0	0	False	0	0	0	0	False	0	0	0	0	0	0	0.0	0.0	False	False
114	protected	4.8	1.4277930428956507	1.15	2.4	2.0374	178.0	1.9	2.1	0.0	0.0	0	False	0.0	False	0.0	0.0	0.0	0	0	0	0	0	0	0	False	0	False	0	0	0	0	0.0	0.0	0.0	0.0	165.0	False	0.0	2.8	5241.6	0	0	75	3.674999999999997	1299	0	14676480.000000002	2403150	0	0.0	17079630.0	0	False	0	0	0	0	False	0	0	0	0	0	0	0.0	0.0	False	False
115	protected	4.8	1.4277930428956507	1.15	2.4	2.0465	178.0	1.9	2.1	0.0	0.0	0	False	0.0	False	0.0	0.0	0.0	0	0	0	0	0	0	0	False	0	False	0	0	0	0	0.0	0.0	0.0	0.0	165.0	False	0.0	2.8	5241.6	0	0	75	3.674999999999997	1299	0	14676480.000000002	2403150	0	0.0	17079630.0	0	False	0	0	0	0	False	0	0	0	0	0	0	0.0	0.0	False	False
116	protected	4.8	1.4277930428956507	1.15	2.4	2.0556	178.0	1.9	2.1	0.0	0.0	0	False	0.0	False	0.0	0.0	0.0	0	0	0	0	0	0	0	False	0	False	0	0	0	0	0.0	0.0	0.0	0.0	165.0	False	0.0	2.8	5241.6	0	0	75	3.674999999999997	1299	0	14676480.000000002	2403150	0	0.0	17079630.0	0	False	0	0	0	0	False	0	0	0	0	0	0	0.0	0.0	False	False
117	protected	4.8	1.4277930428956507	1.15	2.4	2.0647	178.0	1.9	2.1	0.0	0.0	0	False	0.0	False	0.0	0.0	0.0	0	0	0	0	0	0	0	False	0	False	0	0	0	0	0.0	0.0	0.0	0.0	165.0	False	0.0	2.8	5241.6	0	0	75	3.674999999999997	1299	0	14676480.000000002	2403150	0	0.0	17079630.0	0	False	0	0	0	0	False	0	0	0	0	0	0	0.0	0.0	False	False
118	protected	4.8	1.4277930428956507	1.15	2.4	2.0738000000000003	178.0	1.9	2.1	0.0	0.0	0	False	0.0	False	0.0	0.0	0.0	0	0	0	0	0	0	0	False	0	False	0	0	0	0	0.0	0.0	0.0	0.0	165.0	False	0.0	2.8	5241.6	0	0	75	3.674999999999997	1299	0	14676480.000000002	2403150	0	0.0	17079630.0	0	False	0	0	0	0	False	0	0	0	0	0	0	0.0	0.0	False	False
119	protected	4.8	1.4277930428956507	1.15	2.4	2.0829	178.0	1.9	2.1	0.0	0.0	0	False	0.0	False	0.0	0.0	0.0	0	0	0	0	0	0	0	False	0	False	0	0	0	0	0.0	0.0	0.0	0.0	165.0	False	0.0	2.8	5241.6	0	0	75	3.674999999999997	1299	0	14676480.000000002	2403150	0	0.0	17079630.0	0	False	0	0	0	0	False	0	0	0	0	0	0	0.0	0.0	False	False
120	protected	4.8	1.4277930428956507	1.15	2.4	2.092	178.0	1.9	2.1	0.0	0.0	0	False	0.0	False	0.0	0.0	0.0	0	0	0	0	0	0	0	False	0	False	0	0	0	0	0.0	0.0	0.0	0.0	165.0	False	0.0	2.8	5241.6	0	0	75	3.674999999999997	1299	0	14676480.000000002	2403150	0	0.0	17079630.0	0	False	0	0	0	0	False	0	0	0	0	0	0	0.0	0.0	False	False
121	protected	4.8	1.4277930428956507	1.15	2.4	2.1011	178.0	1.9	2.1	0.0	0.0	0	False	0.0	False	0.0	0.0	0.0	0	0	0	0	0	0	0	False	0	False	0	0	0	0	0.0	0.0	0.0	0.0	165.0	False	0.0	2.8	5241.6	0	0	75	3.674999999999997	1299	0	14676480.000000002	2403150	0	0.0	17079630.0	0	False	0	0	0	0	False	0	0	0	0	0	0	0.0	0.0	False	False
122	protected	4.8	1.4277930428956507	1.15	2.4	2.1102	178.0	1.9	2.1	0.0	0.0	0	False	0.0	False	0.0	0.0	0.0	0	0	0	0	0	0	0	False	0	False	0	0	0	0	0.0	0.0	0.0	0.0	165.0	False	0.0	2.8	5241.6	0	0	75	3.674999999999997	1299	0	14676480.000000002	2403150	0	0.0	17079630.0	0	False	0	0	0	0	False	0	0	0	0	0	0	0.0	0.0	False	False
123	protected	4.8	1.4277930428956507	1.15	2.4	2.1193	178.0	1.9	2.1	0.0	0.0	0	False	0.0	False	0.0	0.0	0.0	0	0	0	0	0	0	0	False	0	False	0	0	0	0	0.0	0.0	0.0	0.0	165.0	False	0.0	2.8	5241.6	0	0	75	3.674999999999997	1299	0	14676480.000000002	2403150	0	0.0	17079630.0	0	False	0	0	0	0	False	0	0	0	0	0	0	0.0	0.0	False	False
124	protected	4.8	1.4277930428956507	1.15	2.4	2.1284	178.0	1.9	2.1	0.0	0.0	0	False	0.0	False	0.0	0.0	0.0	0	0	0	0	0	0	0	False	0	False	0	0	0	0	0.0	0.0	0.0	0.0	165.0	False	0.0	2.8	5241.6	0	0	75	3.674999999999997	1299	0	14676480.000000002	2403150	0	0.0	17079630.0	0	False	0	0	0	0	False	0	0	0	0	0	0	0.0	0.0	False	False
125	protected	4.8	1.4277930428956507	1.15	2.4	2.1375	178.0	1.9	2.1	0.0	0.0	0	False	0.0	False	0.0	0.0	0.0	0	0	0	0	0	0	0	False	0	False	0	0	0	0	0.0	0.0	0.0	0.0	165.0	False	0.0	2.8	5241.6	0	0	75	3.674999999999997	1299	0	14676480.000000002	2403150	0	0.0	17079630.0	0	False	0	0	0	0	False	0	0	0	0	0	0	0.0	0.0	False	False
126	protected	4.8	1.4277930428956507	1.15	2.4	2.1466000000000003	178.0	1.9	2.1	0.0	0.0	0	False	0.0	False	0.0	0.0	0.0	0	0	0	0	0	0	0	False	0	False	0	0	0	0	0.0	0.0	0.0	0.0	165.0	False	0.0	2.8	5241.6	0	0	75	3.674999999999997	1299	0	14676480.000000002	2403150	0	0.0	17079630.0	0	False	0	0	0	0	False	0	0	0	0	0	0	0.0	0.0	False	False
127	protected	4.8	1.4277930428956507	1.15	2.4	2.1557	178.0	1.9	2.1	0.0	0.0	0	False	0.0	False	0.0	0.0	0.0	0	0	0	0	0	0	0	False	0	False	0	0	0	0	0.0	0.0	0.0	0.0	165.0	False	0.0	2.8	5241.6	0	0	75	3.674999999999997	1299	0	14676480.000000002	2403150	0	0.0	17079630.0	0	False	0	0	0	0	False	0	0	0	0	0	0	0.0	0.0	False	False
128	protected	4.8	1.4277930428956507	1.15	2.4	2.1648000000000005	178.0	1.9	2.1	0.0	0.0	0	False	0.0	False	0.0	0.0	0.0	0	0	0	0	0	0	0	False	0	False	0	0	0	0	0.0	0.0	0.0	0.0	165.0	False	0.0	2.8	5241.6	0	0	75	3.674999999999997	1299	0	14676480.000000002	2403150	0	0.0	17079630.0	0	False	0	0	0	0	False	0	0	0	0	0	0	0.0	0.0	False	False
129	protected	4.8	1.4277930428956507	1.15	2.4	2.1739	178.0	1.9	2.1	0.0	0.0	0	False	0.0	False	0.0	0.0	0.0	0	0	0	0	0	0	0	False	0	False	0	0	0	0	0.0	0.0	0.0	0.0	165.0	False	0.0	2.8	5241.6	0	0	75	3.674999999999997	1299	0	14676480.000000002	2403150	0	0.0	17079630.0	0	False	0	0	0	0	False	0	0	0	0	0	0	0.0	0.0	False	False
130	protected	4.8	1.4277930428956507	1.15	2.4	2.183	178.0	1.9	2.1	0.0	0.0	0	False	0.0	False	0.0	0.0	0.0	0	0	0	0	0	0	0	False	0	False	0	0	0	0	0.0	0.0	0.0	0.0	165.0	False	0.0	2.8	5241.6	0	0	75	3.674999999999997	1299	0	14676480.000000002	2403150	0	0.0	17079630.0	0	False	0	0	0	0	False	0	0	0	0	0	0	0.0	0.0	False	False
131	protected	4.8	1.4277930428956507	1.15	2.4	2.1921	178.0	1.9	2.1	0.0	0.0	0	False	0.0	False	0.0	0.0	0.0	0	0	0	0	0	0	0	False	0	False	0	0	0	0	0.0	0.0	0.0	0.0	165.0	False	0.0	2.8	5241.6	0	0	75	3.674999999999997	1299	0	14676480.000000002	2403150	0	0.0	17079630.0	0	False	0	0	0	0	False	0	0	0	0	0	0	0.0	0.0	False	False
132	protected	4.8	1.4277930428956507	1.15	2.4	2.2012	178.0	1.9	2.1	0.0	0.0	0	False	0.0	False	0.0	0.0	0.0	0	0	0	0	0	0	0	False	0	False	0	0	0	0	0.0	0.0	0.0	0.0	165.0	False	0.0	2.8	5241.6	0	0	75	3.674999999999997	1299	0	14676480.000000002	2403150	0	0.0	17079630.0	0	False	0	0	0	0	False	0	0	0	0	0	0	0.0	0.0	False	False
133	protected	4.8	1.4277930428956507	1.15	2.4	2.2103	178.0	1.9	2.1	0.0	0.0	0	False	0.0	False	0.0	0.0	0.0	0	0	0	0	0	0	0	False	0	False	0	0	0	0	0.0	0.0	0.0	0.0	165.0	False	0.0	2.8	5241.6	0	0	75	3.674999999999997	1299	0	14676480.000000002	2403150	0	0.0	17079630.0	0	False	0	0	0	0	False	0	0	0	0	0	0	0.0	0.0	False	False
134	protected	4.8	1.4277930428956507	1.15	2.4	2.2194000000000003	178.0	1.9	2.1	0.0	0.0	0	False	0.0	False	0.0	0.0	0.0	0	0	0	0	0	0	0	False	0	False	0	0	0	0	0.0	0.0	0.0	0.0	165.0	False	0.0	2.8	5241.6	0	0	75	3.674999999999997	1299	0	14676480.000000002	2403150	0	0.0	17079630.0	0	False	0	0	0	0	False	0	0	0	0	0	0	0.0	0.0	False	False
135	protected	4.8	1.4277930428956507	1.15	2.4	2.2285000000000004	178.0	1.9	2.1	0.0	0.0	0	False	0.0	False	0.0	0.0	0.0	0	0	0	0	0	0	0	False	0	False	0	0	0	0	0.0	0.0	0.0	0.0	165.0	False	0.0	2.8	5241.6	0	0	75	3.674999999999997	1299	0	14676480.000000002	2403150	0	0.0	17079630.0	0	False	0	0	0	0	False	0	0	0	0	0	0	0.0	0.0	False	False
136	protected	4.8	1.4277930428956507	1.15	2.4	2.2376000000000005	178.0	1.9	2.1	0.0	0.0	0	False	0.0	False	0.0	0.0	0.0	0	0	0	0	0	0	0	False	0	False	0	0	0	0	0.0	0.0	0.0	0.0	165.0	False	0.0	2.8	5241.6	0	0	75	3.674999999999997	1299	0	14676480.000000002	2403150	0	0.0	17079630.0	0	False	0	0	0	0	False	0	0	0	0	0	0	0.0	0.0	False	False
137	protected	4.8	1.4277930428956507	1.15	2.4	2.2467	178.0	1.9	2.1	0.0	0.0	0	False	0.0	False	0.0	0.0	0.0	0	0	0	0	0	0	0	False	0	False	0	0	0	0	0.0	0.0	0.0	0.0	165.0	False	0.0	2.8	5241.6	0	0	75	3.674999999999997	1299	0	14676480.000000002	2403150	0	0.0	17079630.0	0	False	0	0	0	0	False	0	0	0	0	0	0	0.0	0.0	False	False
138	protected	4.8	1.4277930428956507	1.15	2.4	2.2558	178.0	1.9	2.1	0.0	0.0	0	False	0.0	False	0.0	0.0	0.0	0	0	0	0	0	0	0	False	0	False	0	0	0	0	0.0	0.0	0.0	0.0	165.0	False	0.0	2.8	5241.6	0	0	75	3.674999999999997	1299	0	14676480.000000002	2403150	0	0.0	17079630.0	0	False	0	0	0	0	False	0	0	0	0	0	0	0.0	0.0	False	False
139	protected	4.8	1.4277930428956507	1.15	2.4	2.2649	178.0	1.9	2.1	0.0	0.0	0	False	0.0	False	0.0	0.0	0.0	0	0	0	0	0	0	0	False	0	False	0	0	0	0	0.0	0.0	0.0	0.0	165.0	False	0.0	2.8	5241.6	0	0	75	3.674999999999997	1299	0	14676480.000000002	2403150	0	0.0	17079630.0	0	False	0	0	0	0	False	0	0	0	0	0	0	0.0	0.0	False	False
140	protected	4.8	1.4277930428956507	1.15	2.4	2.274	178.0	1.9	2.1	0.0	0.0	0	False	0.0	False	0.0	0.0	0.0	0	0	0	0	0	0	0	False	0	False	0	0	0	0	0.0	0.0	0.0	0.0	165.0	False	0.0	2.8	5241.6	0	0	75	3.674999999999997	1299	0	14676480.000000002	2403150	0	0.0	17079630.0	0	False	0	0	0	0	False	0	0	0	0	0	0	0.0	0.0	False	False
141	protected	4.8	1.4277930428956507	1.15	2.4	2.2831	178.0	1.9	2.1	0.0	0.0	0	False	0.0	False	0.0	0.0	0.0	0	0	0	0	0	0	0	False	0	False	0	0	0	0	0.0	0.0	0.0	0.0	165.0	False	0.0	2.8	5241.6	0	0	75	3.674999999999997	1299	0	14676480.000000002	2403150	0	0.0	17079630.0	0	False	0	0	0	0	False	0	0	0	0	0	0	0.0	0.0	False	False
142	protected	4.8	1.4277930428956507	1.15	2.4	2.2922000000000002	178.0	1.9	2.1	0.0	0.0	0	False	0.0	False	0.0	0.0	0.0	0	0	0	0	0	0	0	False	0	False	0	0	0	0	0.0	0.0	0.0	0.0	165.0	False	0.0	2.8	5241.6	0	0	75	3.674999999999997	1299	0	14676480.000000002	2403150	0	0.0	17079630.0	0	False	0	0	0	0	False	0	0	0	0	0	0	0.0	0.0	False	False
143	protected	4.8	1.4277930428956507	1.15	2.4	2.3013	178.0	1.9	2.1	0.0	0.0	0	False	0.0	False	0.0	0.0	0.0	0	0	0	0	0	0	0	False	0	False	0	0	0	0	0.0	0.0	0.0	0.0	165.0	False	0.0	2.8	5241.6	0	0	75	3.674999999999997	1299	0	14676480.000000002	2403150	0	0.0	17079630.0	0	False	0	0	0	0	False	0	0	0	0	0	0	0.0	0.0	False	False
144	protected	4.8	1.4277930428956507	1.15	2.4	2.3104	178.0	1.9	2.1	0.0	0.0	0	False	0.0	False	0.0	0.0	0.0	0	0	0	0	0	0	0	False	0	False	0	0	0	0	0.0	0.0	0.0	0.0	165.0	False	0.0	2.8	5241.6	0	0	75	3.674999999999997	1299	0	14676480.000000002	2403150	0	0.0	17079630.0	0	False	0	0	0	0	False	0	0	0	0	0	0	0.0	0.0	False	False
145	protected	4.8	1.4277930428956507	1.15	2.4	2.3195	178.0	1.9	2.1	0.0	0.0	0	False	0.0	False	0.0	0.0	0.0	0	0	0	0	0	0	0	False	0	False	0	0	0	0	0.0	0.0	0.0	0.0	165.0	False	0.0	2.8	5241.6	0	0	75	3.674999999999997	1299	0	14676480.000000002	2403150	0	0.0	17079630.0	0	False	0	0	0	0	False	0	0	0	0	0	0	0.0	0.0	False	False
146	protected	4.8	1.4277930428956507	1.15	2.4	2.3286000000000007	178.0	1.9	2.1	0.0	0.0	0	False	0.0	False	0.0	0.0	0.0	0	0	0	0	0	0	0	False	0	False	0	0	0	0	0.0	0.0	0.0	0.0	165.0	False	0.0	2.8	5241.6	0	0	75	3.674999999999997	1299	0	14676480.000000002	2403150	0	0.0	17079630.0	0	False	0	0	0	0	False	0	0	0	0	0	0	0.0	0.0	False	False
147	protected	4.8	1.4277930428956507	1.15	2.4	2.3377	178.0	1.9	2.1	0.0	0.0	0	False	0.0	False	0.0	0.0	0.0	0	0	0	0	0	0	0	False	0	False	0	0	0	0	0.0	0.0	0.0	0.0	165.0	False	0.0	2.8	5241.6	0	0	75	3.674999999999997	1299	0	14676480.000000002	2403150	0	0.0	17079630.0	0	False	0	0	0	0	False	0	0	0	0	0	0	0.0	0.0	False	False
148	protected	4.8	1.4277930428956507	1.15	2.4	2.3468	178.0	1.9	2.1	0.0	0.0	0	False	0.0	False	0.0	0.0	0.0	0	0	0	0	0	0	0	False	0	False	0	0	0	0	0.0	0.0	0.0	0.0	165.0	False	0.0	2.8	5241.6	0	0	75	3.674999999999997	1299	0	14676480.000000002	2403150	0	0.0	17079630.0	0	False	0	0	0	0	False	0	0	0	0	0	0	0.0	0.0	False	False
149	protected	4.8	1.4277930428956507	1.15	2.4	2.3559	178.0	1.9	2.1	0.0	0.0	0	False	0.0	False	0.0	0.0	0.0	0	0	0	0	0	0	0	False	0	False	0	0	0	0	0.0	0.0	0.0	0.0	165.0	False	0.0	2.8	5241.6	0	0	75	3.674999999999997	1299	0	14676480.000000002	2403150	0	0.0	17079630.0	0	False	0	0	0	0	False	0	0	0	0	0	0	0.0	0.0	False	False
150	protected	4.8	1.4277930428956507	1.15	2.4	2.365	178.0	1.9	2.1	0.0	0.0	0	False	0.0	False	0.0	0.0	0.0	0	0	0	0	0	0	0	False	0	False	0	0	0	0	0.0	0.0	0.0	0.0	165.0	False	0.0	2.8	5241.6	0	0	75	3.674999999999997	1299	0	14676480.000000002	2403150	0	0.0	17079630.0	0	False	0	0	0	0	False	0	0	0	0	0	0	0.0	0.0	False	False
151	protected	4.8	1.4277930428956507	1.15	2.4	2.3741	178.0	1.9	2.1	0.0	0.0	0	False	0.0	False	0.0	0.0	0.0	0	0	0	0	0	0	0	False	0	False	0	0	0	0	0.0	0.0	0.0	0.0	165.0	False	0.0	2.8	5241.6	0	0	75	3.674999999999997	1299	0	14676480.000000002	2403150	0	0.0	17079630.0	0	False	0	0	0	0	False	0	0	0	0	0	0	0.0	0.0	False	False
152	protected	4.8	1.4277930428956507	1.15	2.4	2.3832000000000004	178.0	1.9	2.1	0.0	0.0	0	False	0.0	False	0.0	0.0	0.0	0	0	0	0	0	0	0	False	0	False	0	0	0	0	0.0	0.0	0.0	0.0	165.0	False	0.0	2.8	5241.6	0	0	75	3.674999999999997	1299	0	14676480.000000002	2403150	0	0.0	17079630.0	0	False	0	0	0	0	False	0	0	0	0	0	0	0.0	0.0	False	False
153	protected	4.8	1.4277930428956507	1.15	2.4	2.3923000000000005	178.0	1.9	2.1	0.0	0.0	0	False	0.0	False	0.0	0.0	0.0	0	0	0	0	0	0	0	False	0	False	0	0	0	0	0.0	0.0	0.0	0.0	165.0	False	0.0	2.8	5241.6	0	0	75	3.674999999999997	1299	0	14676480.000000002	2403150	0	0.0	17079630.0	0	False	0	0	0	0	False	0	0	0	0	0	0	0.0	0.0	False	False
154	protected	4.8	1.4277930428956507	1.15	2.4	2.4013999999999998	178.0	1.9	2.1	0.0	0.0	0	False	0.0	False	0.0	0.0	0.0	0	0	0	0	0	0	0	False	0	False	0	0	0	0	0.0	0.0	0.0	0.0	165.0	False	0.0	2.8	5241.6	0	0	75	3.674999999999997	1299	0	14676480.000000002	2403150	0	0.0	17079630.0	0	False	0	0	0	0	False	0	0	0	0	0	0	0.0	0.0	False	False
155	protected	4.8	1.4277930428956507	1.15	2.4	2.4105	178.0	1.9	2.1	0.0	0.0	0	False	0.0	False	0.0	0.0	0.0	0	0	0	0	0	0	0	False	0	False	0	0	0	0	0.0	0.0	0.0	0.0	165.0	False	0.0	2.8	5241.6	0	0	75	3.674999999999997	1299	0	14676480.000000002	2403150	0	0.0	17079630.0	0	False	0	0	0	0	False	0	0	0	0	0	0	0.0	0.0	False	False
156	protected	4.8	1.4277930428956507	1.15	2.4	2.4196	178.0	1.9	2.1	0.0	0.0	0	False	0.0	False	0.0	0.0	0.0	0	0	0	0	0	0	0	False	0	False	0	0	0	0	0.0	0.0	0.0	0.0	165.0	False	0.0	2.8	5241.6	0	0	75	3.674999999999997	1299	0	14676480.000000002	2403150	0	0.0	17079630.0	0	False	0	0	0	0	False	0	0	0	0	0	0	0.0	0.0	False	False
157	protected	4.8	1.4277930428956507	1.15	2.4	2.4287	178.0	1.9	2.1	0.0	0.0	0	False	0.0	False	0.0	0.0	0.0	0	0	0	0	0	0	0	False	0	False	0	0	0	0	0.0	0.0	0.0	0.0	165.0	False	0.0	2.8	5241.6	0	0	75	3.674999999999997	1299	0	14676480.000000002	2403150	0	0.0	17079630.0	0	False	0	0	0	0	False	0	0	0	0	0	0	0.0	0.0	False	False
158	protected	4.8	1.4277930428956507	1.15	2.4	2.4378	178.0	1.9	2.1	0.0	0.0	0	False	0.0	False	0.0	0.0	0.0	0	0	0	0	0	0	0	False	0	False	0	0	0	0	0.0	0.0	0.0	0.0	165.0	False	0.0	2.8	5241.6	0	0	75	3.674999999999997	1299	0	14676480.000000002	2403150	0	0.0	17079630.0	0	False	0	0	0	0	False	0	0	0	0	0	0	0.0	0.0	False	False
159	protected	4.8	1.4277930428956507	1.15	2.4	2.4469000000000003	178.0	1.9	2.1	0.0	0.0	0	False	0.0	False	0.0	0.0	0.0	0	0	0	0	0	0	0	False	0	False	0	0	0	0	0.0	0.0	0.0	0.0	165.0	False	0.0	2.8	5241.6	0	0	75	3.674999999999997	1299	0	14676480.000000002	2403150	0	0.0	17079630.0	0	False	0	0	0	0	False	0	0	0	0	0	0	0.0	0.0	False	False
160	protected	4.8	1.4277930428956507	1.15	2.4	2.4560000000000004	178.0	1.9	2.1	0.0	0.0	0	False	0.0	False	0.0	0.0	0.0	0	0	0	0	0	0	0	False	0	False	0	0	0	0	0.0	0.0	0.0	0.0	165.0	False	0.0	2.8	5241.6	0	0	75	3.674999999999997	1299	0	14676480.000000002	2403150	0	0.0	17079630.0	0	False	0	0	0	0	False	0	0	0	0	0	0	0.0	0.0	False	False
161	protected	4.8	1.4277930428956507	1.15	2.4	2.4651000000000005	178.0	1.9	2.1	0.0	0.0	0	False	0.0	False	0.0	0.0	0.0	0	0	0	0	0	0	0	False	0	False	0	0	0	0	0.0	0.0	0.0	0.0	165.0	False	0.0	2.8	5241.6	0	0	75	3.674999999999997	1299	0	14676480.000000002	2403150	0	0.0	17079630.0	0	False	0	0	0	0	False	0	0	0	0	0	0	0.0	0.0	False	False
162	protected	4.8	1.4277930428956507	1.15	2.4	2.4741999999999997	178.0	1.9	2.1	0.0	0.0	0	False	0.0	False	0.0	0.0	0.0	0	0	0	0	0	0	0	False	0	False	0	0	0	0	0.0	0.0	0.0	0.0	165.0	False	0.0	2.8	5241.6	0	0	75	3.674999999999997	1299	0	14676480.000000002	2403150	0	0.0	17079630.0	0	False	0	0	0	0	False	0	0	0	0	0	0	0.0	0.0	False	False
163	protected	4.8	1.4277930428956507	1.15	2.4	2.4833	178.0	1.9	2.1	0.0	0.0	0	False	0.0	False	0.0	0.0	0.0	0	0	0	0	0	0	0	False	0	False	0	0	0	0	0.0	0.0	0.0	0.0	165.0	False	0.0	2.8	5241.6	0	0	75	3.674999999999997	1299	0	14676480.000000002	2403150	0	0.0	17079630.0	0	False	0	0	0	0	False	0	0	0	0	0	0	0.0	0.0	False	False
164	protected	4.8	1.4277930428956507	1.15	2.4	2.4924	178.0	1.9	2.1	0.0	0.0	0	False	0.0	False	0.0	0.0	0.0	0	0	0	0	0	0	0	False	0	False	0	0	0	0	0.0	0.0	0.0	0.0	165.0	False	0.0	2.8	5241.6	0	0	75	3.674999999999997	1299	0	14676480.000000002	2403150	0	0.0	17079630.0	0	False	0	0	0	0	False	0	0	0	0	0	0	0.0	0.0	False	False
165	protected	4.8	1.4277930428956507	1.15	2.4	2.5015	178.0	1.9	2.1	0.0	0.0	0	False	0.0	False	0.0	0.0	0.0	0	0	0	0	0	0	0	False	0	False	0	0	0	0	0.0	0.0	0.0	0.0	165.0	False	0.0	2.8	5241.6	0	0	75	3.674999999999997	1299	0	14676480.000000002	2403150	0	0.0	17079630.0	0	False	0	0	0	0	False	0	0	0	0	0	0	0.0	0.0	False	False
166	protected	4.8	1.4277930428956507	1.15	2.4	2.5106	178.0	1.9	2.1	0.0	0.0	0	False	0.0	False	0.0	0.0	0.0	0	0	0	0	0	0	0	False	0	False	0	0	0	0	0.0	0.0	0.0	0.0	165.0	False	0.0	2.8	5241.6	0	0	75	3.674999999999997	1299	0	14676480.000000002	2403150	0	0.0	17079630.0	0	False	0	0	0	0	False	0	0	0	0	0	0	0.0	0.0	False	False
167	protected	4.8	1.4277930428956507	1.15	2.4	2.5197000000000003	178.0	1.9	2.1	0.0	0.0	0	False	0.0	False	0.0	0.0	0.0	0	0	0	0	0	0	0	False	0	False	0	0	0	0	0.0	0.0	0.0	0.0	165.0	False	0.0	2.8	5241.6	0	0	75	3.674999999999997	1299	0	14676480.000000002	2403150	0	0.0	17079630.0	0	False	0	0	0	0	False	0	0	0	0	0	0	0.0	0.0	False	False
168	protected	4.8	1.4277930428956507	1.15	2.4	2.5288000000000004	178.0	1.9	2.1	0.0	0.0	0	False	0.0	False	0.0	0.0	0.0	0	0	0	0	0	0	0	False	0	False	0	0	0	0	0.0	0.0	0.0	0.0	165.0	False	0.0	2.8	5241.6	0	0	75	3.674999999999997	1299	0	14676480.000000002	2403150	0	0.0	17079630.0	0	False	0	0	0	0	False	0	0	0	0	0	0	0.0	0.0	False	False
169	protected	4.8	1.4277930428956507	1.15	2.4	2.5379000000000005	178.0	1.9	2.1	0.0	0.0	0	False	0.0	False	0.0	0.0	0.0	0	0	0	0	0	0	0	False	0	False	0	0	0	0	0.0	0.0	0.0	0.0	165.0	False	0.0	2.8	5241.6	0	0	75	3.674999999999997	1299	0	14676480.000000002	2403150	0	0.0	17079630.0	0	False	0	0	0	0	False	0	0	0	0	0	0	0.0	0.0	False	False
170	protected	4.8	1.4277930428956507	1.15	2.4	2.5469999999999997	178.0	1.9	2.1	0.0	0.0	0	False	0.0	False	0.0	0.0	0.0	0	0	0	0	0	0	0	False	0	False	0	0	0	0	0.0	0.0	0.0	0.0	165.0	False	0.0	2.8	5241.6	0	0	75	3.674999999999997	1299	0	14676480.000000002	2403150	0	0.0	17079630.0	0	False	0	0	0	0	False	0	0	0	0	0	0	0.0	0.0	False	False
171	protected	4.8	1.4277930428956507	1.15	2.4	2.5561	178.0	1.9	2.1	0.0	0.0	0	False	0.0	False	0.0	0.0	0.0	0	0	0	0	0	0	0	False	0	False	0	0	0	0	0.0	0.0	0.0	0.0	165.0	False	0.0	2.8	5241.6	0	0	75	3.674999999999997	1299	0	14676480.000000002	2403150	0	0.0	17079630.0	0	False	0	0	0	0	False	0	0	0	0	0	0	0.0	0.0	False	False
172	protected	4.8	1.4277930428956507	1.15	2.4	2.5652000000000004	178.0	1.9	2.1	0.0	0.0	0	False	0.0	False	0.0	0.0	0.0	0	0	0	0	0	0	0	False	0	False	0	0	0	0	0.0	0.0	0.0	0.0	165.0	False	0.0	2.8	5241.6	0	0	75	3.674999999999997	1299	0	14676480.000000002	2403150	0	0.0	17079630.0	0	False	0	0	0	0	False	0	0	0	0	0	0	0.0	0.0	False	False
173	protected	4.8	1.4277930428956507	1.15	2.4	2.5743	178.0	1.9	2.1	0.0	0.0	0	False	0.0	False	0.0	0.0	0.0	0	0	0	0	0	0	0	False	0	False	0	0	0	0	0.0	0.0	0.0	0.0	165.0	False	0.0	2.8	5241.6	0	0	75	3.674999999999997	1299	0	14676480.000000002	2403150	0	0.0	17079630.0	0	False	0	0	0	0	False	0	0	0	0	0	0	0.0	0.0	False	False
174	protected	4.8	1.4277930428956507	1.15	2.4	2.5834	178.0	1.9	2.1	0.0	0.0	0	False	0.0	False	0.0	0.0	0.0	0	0	0	0	0	0	0	False	0	False	0	0	0	0	0.0	0.0	0.0	0.0	165.0	False	0.0	2.8	5241.6	0	0	75	3.674999999999997	1299	0	14676480.000000002	2403150	0	0.0	17079630.0	0	False	0	0	0	0	False	0	0	0	0	0	0	0.0	0.0	False	False
175	protected	4.8	1.4277930428956507	1.15	2.4	2.5925000000000002	178.0	1.9	2.1	0.0	0.0	0	False	0.0	False	0.0	0.0	0.0	0	0	0	0	0	0	0	False	0	False	0	0	0	0	0.0	0.0	0.0	0.0	165.0	False	0.0	2.8	5241.6	0	0	75	3.674999999999997	1299	0	14676480.000000002	2403150	0	0.0	17079630.0	0	False	0	0	0	0	False	0	0	0	0	0	0	0.0	0.0	False	False
176	protected	4.8	1.4277930428956507	1.15	2.4	2.6016000000000004	178.0	1.9	2.1	0.0	0.0	0	False	0.0	False	0.0	0.0	0.0	0	0	0	0	0	0	0	False	0	False	0	0	0	0	0.0	0.0	0.0	0.0	165.0	False	0.0	2.8	5241.6	0	0	75	3.674999999999997	1299	0	14676480.000000002	2403150	0	0.0	17079630.0	0	False	0	0	0	0	False	0	0	0	0	0	0	0.0	0.0	False	False
177	protected	4.8	1.4277930428956507	1.15	2.4	2.6106999999999996	178.0	1.9	2.1	0.0	0.0	0	False	0.0	False	0.0	0.0	0.0	0	0	0	0	0	0	0	False	0	False	0	0	0	0	0.0	0.0	0.0	0.0	165.0	False	0.0	2.8	5241.6	0	0	75	3.674999999999997	1299	0	14676480.000000002	2403150	0	0.0	17079630.0	0	False	0	0	0	0	False	0	0	0	0	0	0	0.0	0.0	False	False
178	protected	4.8	1.4277930428956507	1.15	2.4	2.6198	178.0	1.9	2.1	0.0	0.0	0	False	0.0	False	0.0	0.0	0.0	0	0	0	0	0	0	0	False	0	False	0	0	0	0	0.0	0.0	0.0	0.0	165.0	False	0.0	2.8	5241.6	0	0	75	3.674999999999997	1299	0	14676480.000000002	2403150	0	0.0	17079630.0	0	False	0	0	0	0	False	0	0	0	0	0	0	0.0	0.0	False	False
179	protected	4.8	1.4277930428956507	1.15	2.4	2.6289000000000002	178.0	1.9	2.1	0.0	0.0	0	False	0.0	False	0.0	0.0	0.0	0	0	0	0	0	0	0	False	0	False	0	0	0	0	0.0	0.0	0.0	0.0	165.0	False	0.0	2.8	5241.6	0	0	75	3.674999999999997	1299	0	14676480.000000002	2403150	0	0.0	17079630.0	0	False	0	0	0	0	False	0	0	0	0	0	0	0.0	0.0	False	False
180	protected	4.8	1.4277930428956507	1.15	2.4	2.6380000000000003	178.0	1.9	2.1	0.0	0.0	0	False	0.0	False	0.0	0.0	0.0	0	0	0	0	0	0	0	False	0	False	0	0	0	0	0.0	0.0	0.0	0.0	165.0	False	0.0	2.8	5241.6	0	0	75	3.674999999999997	1299	0	14676480.000000002	2403150	0	0.0	17079630.0	0	False	0	0	0	0	False	0	0	0	0	0	0	0.0	0.0	False	False
181	protected	4.8	1.4277930428956507	1.15	2.4	2.6471	178.0	1.9	2.1	0.0	0.0	0	False	0.0	False	0.0	0.0	0.0	0	0	0	0	0	0	0	False	0	False	0	0	0	0	0.0	0.0	0.0	0.0	165.0	False	0.0	2.8	5241.6	0	0	75	3.674999999999997	1299	0	14676480.000000002	2403150	0	0.0	17079630.0	0	False	0	0	0	0	False	0	0	0	0	0	0	0.0	0.0	False	False
182	protected	4.8	1.4277930428956507	1.15	2.4	2.6562	178.0	1.9	2.1	0.0	0.0	0	False	0.0	False	0.0	0.0	0.0	0	0	0	0	0	0	0	False	0	False	0	0	0	0	0.0	0.0	0.0	0.0	165.0	False	0.0	2.8	5241.6	0	0	75	3.674999999999997	1299	0	14676480.000000002	2403150	0	0.0	17079630.0	0	False	0	0	0	0	False	0	0	0	0	0	0	0.0	0.0	False	False
183	protected	4.8	1.4277930428956507	1.15	2.4	2.6653000000000002	178.0	1.9	2.1	0.0	0.0	0	False	0.0	False	0.0	0.0	0.0	0	0	0	0	0	0	0	False	0	False	0	0	0	0	0.0	0.0	0.0	0.0	165.0	False	0.0	2.8	5241.6	0	0	75	3.674999999999997	1299	0	14676480.000000002	2403150	0	0.0	17079630.0	0	False	0	0	0	0	False	0	0	0	0	0	0	0.0	0.0	False	False
184	protected	4.8	1.4277930428956507	1.15	2.4	2.6744000000000003	178.0	1.9	2.1	0.0	0.0	0	False	0.0	False	0.0	0.0	0.0	0	0	0	0	0	0	0	False	0	False	0	0	0	0	0.0	0.0	0.0	0.0	165.0	False	0.0	2.8	5241.6	0	0	75	3.674999999999997	1299	0	14676480.000000002	2403150	0	0.0	17079630.0	0	False	0	0	0	0	False	0	0	0	0	0	0	0.0	0.0	False	False
185	protected	4.8	1.4277930428956507	1.15	2.4	2.6835	178.0	1.9	2.1	0.0	0.0	0	False	0.0	False	0.0	0.0	0.0	0	0	0	0	0	0	0	False	0	False	0	0	0	0	0.0	0.0	0.0	0.0	165.0	False	0.0	2.8	5241.6	0	0	75	3.674999999999997	1299	0	14676480.000000002	2403150	0	0.0	17079630.0	0	False	0	0	0	0	False	0	0	0	0	0	0	0.0	0.0	False	False
186	protected	4.8	1.4277930428956507	1.15	2.4	2.6926	178.0	1.9	2.1	0.0	0.0	0	False	0.0	False	0.0	0.0	0.0	0	0	0	0	0	0	0	False	0	False	0	0	0	0	0.0	0.0	0.0	0.0	165.0	False	0.0	2.8	5241.6	0	0	75	3.674999999999997	1299	0	14676480.000000002	2403150	0	0.0	17079630.0	0	False	0	0	0	0	False	0	0	0	0	0	0	0.0	0.0	False	False
187	protected	4.8	1.4277930428956507	1.15	2.4	2.7017	178.0	1.9	2.1	0.0	0.0	0	False	0.0	False	0.0	0.0	0.0	0	0	0	0	0	0	0	False	0	False	0	0	0	0	0.0	0.0	0.0	0.0	165.0	False	0.0	2.8	5241.6	0	0	75	3.674999999999997	1299	0	14676480.000000002	2403150	0	0.0	17079630.0	0	False	0	0	0	0	False	0	0	0	0	0	0	0.0	0.0	False	False
188	protected	4.8	1.4277930428956507	1.15	2.4	2.7108000000000003	178.0	1.9	2.1	0.0	0.0	0	False	0.0	False	0.0	0.0	0.0	0	0	0	0	0	0	0	False	0	False	0	0	0	0	0.0	0.0	0.0	0.0	165.0	False	0.0	2.8	5241.6	0	0	75	3.674999999999997	1299	0	14676480.000000002	2403150	0	0.0	17079630.0	0	False	0	0	0	0	False	0	0	0	0	0	0	0.0	0.0	False	False
189	protected	4.8	1.4277930428956507	1.15	2.4	2.7199	178.0	1.9	2.1	0.0	0.0	0	False	0.0	False	0.0	0.0	0.0	0	0	0	0	0	0	0	False	0	False	0	0	0	0	0.0	0.0	0.0	0.0	165.0	False	0.0	2.8	5241.6	0	0	75	3.674999999999997	1299	0	14676480.000000002	2403150	0	0.0	17079630.0	0	False	0	0	0	0	False	0	0	0	0	0	0	0.0	0.0	False	False
190	protected	4.8	1.4277930428956507	1.15	2.4	2.729	178.0	1.9	2.1	0.0	0.0	0	False	0.0	False	0.0	0.0	0.0	0	0	0	0	0	0	0	False	0	False	0	0	0	0	0.0	0.0	0.0	0.0	165.0	False	0.0	2.8	5241.6	0	0	75	3.674999999999997	1299	0	14676480.000000002	2403150	0	0.0	17079630.0	0	False	0	0	0	0	False	0	0	0	0	0	0	0.0	0.0	False	False
191	protected	4.8	1.4277930428956507	1.15	2.4	2.7381	178.0	1.9	2.1	0.0	0.0	0	False	0.0	False	0.0	0.0	0.0	0	0	0	0	0	0	0	False	0	False	0	0	0	0	0.0	0.0	0.0	0.0	165.0	False	0.0	2.8	5241.6	0	0	75	3.674999999999997	1299	0	14676480.000000002	2403150	0	0.0	17079630.0	0	False	0	0	0	0	False	0	0	0	0	0	0	0.0	0.0	False	False
192	protected	4.8	1.4277930428956507	1.15	2.4	2.7472	178.0	1.9	2.1	0.0	0.0	0	False	0.0	False	0.0	0.0	0.0	0	0	0	0	0	0	0	False	0	False	0	0	0	0	0.0	0.0	0.0	0.0	165.0	False	0.0	2.8	5241.6	0	0	75	3.674999999999997	1299	0	14676480.000000002	2403150	0	0.0	17079630.0	0	False	0	0	0	0	False	0	0	0	0	0	0	0.0	0.0	False	False
193	protected	4.8	1.4277930428956507	1.15	2.4	2.7563	178.0	1.9	2.1	0.0	0.0	0	False	0.0	False	0.0	0.0	0.0	0	0	0	0	0	0	0	False	0	False	0	0	0	0	0.0	0.0	0.0	0.0	165.0	False	0.0	2.8	5241.6	0	0	75	3.674999999999997	1299	0	14676480.000000002	2403150	0	0.0	17079630.0	0	False	0	0	0	0	False	0	0	0	0	0	0	0.0	0.0	False	False
194	protected	4.8	1.4277930428956507	1.15	2.4	2.7654	178.0	1.9	2.1	0.0	0.0	0	False	0.0	False	0.0	0.0	0.0	0	0	0	0	0	0	0	False	0	False	0	0	0	0	0.0	0.0	0.0	0.0	165.0	False	0.0	2.8	5241.6	0	0	75	3.674999999999997	1299	0	14676480.000000002	2403150	0	0.0	17079630.0	0	False	0	0	0	0	False	0	0	0	0	0	0	0.0	0.0	False	False
195	protected	4.8	1.4277930428956507	1.15	2.4	2.7745000000000006	178.0	1.9	2.1	0.0	0.0	0	False	0.0	False	0.0	0.0	0.0	0	0	0	0	0	0	0	False	0	False	0	0	0	0	0.0	0.0	0.0	0.0	165.0	False	0.0	2.8	5241.6	0	0	75	3.674999999999997	1299	0	14676480.000000002	2403150	0	0.0	17079630.0	0	False	0	0	0	0	False	0	0	0	0	0	0	0.0	0.0	False	False
196	protected	4.8	1.4277930428956507	1.15	2.4	2.7836000000000007	178.0	1.9	2.1	0.0	0.0	0	False	0.0	False	0.0	0.0	0.0	0	0	0	0	0	0	0	False	0	False	0	0	0	0	0.0	0.0	0.0	0.0	165.0	False	0.0	2.8	5241.6	0	0	75	3.674999999999997	1299	0	14676480.000000002	2403150	0	0.0	17079630.0	0	False	0	0	0	0	False	0	0	0	0	0	0	0.0	0.0	False	False
197	protected	4.8	1.4277930428956507	1.15	2.4	2.7927	178.0	1.9	2.1	0.0	0.0	0	False	0.0	False	0.0	0.0	0.0	0	0	0	0	0	0	0	False	0	False	0	0	0	0	0.0	0.0	0.0	0.0	165.0	False	0.0	2.8	5241.6	0	0	75	3.674999999999997	1299	0	14676480.000000002	2403150	0	0.0	17079630.0	0	False	0	0	0	0	False	0	0	0	0	0	0	0.0	0.0	False	False
198	protected	4.8	1.4277930428956507	1.15	2.4	2.8018	178.0	1.9	2.1	0.0	0.0	0	False	0.0	False	0.0	0.0	0.0	0	0	0	0	0	0	0	False	0	False	0	0	0	0	0.0	0.0	0.0	0.0	165.0	False	0.0	2.8	5241.6	0	0	75	3.674999999999997	1299	0	14676480.000000002	2403150	0	0.0	17079630.0	0	False	0	0	0	0	False	0	0	0	0	0	0	0.0	0.0	False	False
199	protected	4.8	1.4277930428956507	1.15	2.4	2.8109	178.0	1.9	2.1	0.0	0.0	0	False	0.0	False	0.0	0.0	0.0	0	0	0	0	0	0	0	False	0	False	0	0	0	0	0.0	0.0	0.0	0.0	165.0	False	0.0	2.8	5241.6	0	0	75	3.674999999999997	1299	0	14676480.000000002	2403150	0	0.0	17079630.0	0	False	0	0	0	0	False	0	0	0	0	0	0	0.0	0.0	False	False
200	protected	4.8	1.4277930428956507	1.15	2.4	2.82	178.0	1.9	2.1	0.0	0.0	0	False	0.0	False	0.0	0.0	0.0	0	0	0	0	0	0	0	False	0	False	0	0	0	0	0.0	0.0	0.0	0.0	165.0	False	0.0	2.8	5241.6	0	0	75	3.674999999999997	1299	0	14676480.000000002	2403150	0	0.0	17079630.0	0	False	0	0	0	0	False	0	0	0	0	0	0	0.0	0.0	False	False
201	protected	4.8	1.4277930428956507	1.15	2.4	2.8291000000000004	178.0	1.9	2.1	0.0	0.0	0	False	0.0	False	0.0	0.0	0.0	0	0	0	0	0	0	0	False	0	False	0	0	0	0	0.0	0.0	0.0	0.0	165.0	False	0.0	2.8	5241.6	0	0	75	3.674999999999997	1299	0	14676480.000000002	2403150	0	0.0	17079630.0	0	False	0	0	0	0	False	0	0	0	0	0	0	0.0	0.0	False	False
202	protected	4.8	1.4277930428956507	1.15	2.4	2.8382000000000005	178.0	1.9	2.1	0.0	0.0	0	False	0.0	False	0.0	0.0	0.0	0	0	0	0	0	0	0	False	0	False	0	0	0	0	0.0	0.0	0.0	0.0	165.0	False	0.0	2.8	5241.6	0	0	75	3.674999999999997	1299	0	14676480.000000002	2403150	0	0.0	17079630.0	0	False	0	0	0	0	False	0	0	0	0	0	0	0.0	0.0	False	False
203	protected	4.8	1.4277930428956507	1.15	2.4	2.8472999999999997	178.0	1.9	2.1	0.0	0.0	0	False	0.0	False	0.0	0.0	0.0	0	0	0	0	0	0	0	False	0	False	0	0	0	0	0.0	0.0	0.0	0.0	165.0	False	0.0	2.8	5241.6	0	0	75	3.674999999999997	1299	0	14676480.000000002	2403150	0	0.0	17079630.0	0	False	0	0	0	0	False	0	0	0	0	0	0	0.0	0.0	False	False
204	protected	4.8	1.4277930428956507	1.15	2.4	2.8564000000000007	178.0	1.9	2.1	0.0	0.0	0	False	0.0	False	0.0	0.0	0.0	0	0	0	0	0	0	0	False	0	False	0	0	0	0	0.0	0.0	0.0	0.0	165.0	False	0.0	2.8	5241.6	0	0	75	3.674999999999997	1299	0	14676480.000000002	2403150	0	0.0	17079630.0	0	False	0	0	0	0	False	0	0	0	0	0	0	0.0	0.0	False	False
205	protected	4.8	1.4277930428956507	1.15	2.4	2.8655	178.0	1.9	2.1	0.0	0.0	0	False	0.0	False	0.0	0.0	0.0	0	0	0	0	0	0	0	False	0	False	0	0	0	0	0.0	0.0	0.0	0.0	165.0	False	0.0	2.8	5241.6	0	0	75	3.674999999999997	1299	0	14676480.000000002	2403150	0	0.0	17079630.0	0	False	0	0	0	0	False	0	0	0	0	0	0	0.0	0.0	False	False
206	protected	4.8	1.4277930428956507	1.15	2.4	2.8746	178.0	1.9	2.1	0.0	0.0	0	False	0.0	False	0.0	0.0	0.0	0	0	0	0	0	0	0	False	0	False	0	0	0	0	0.0	0.0	0.0	0.0	165.0	False	0.0	2.8	5241.6	0	0	75	3.674999999999997	1299	0	14676480.000000002	2403150	0	0.0	17079630.0	0	False	0	0	0	0	False	0	0	0	0	0	0	0.0	0.0	False	False
207	protected	4.8	1.4277930428956507	1.15	2.4	2.8837	178.0	1.9	2.1	0.0	0.0	0	False	0.0	False	0.0	0.0	0.0	0	0	0	0	0	0	0	False	0	False	0	0	0	0	0.0	0.0	0.0	0.0	165.0	False	0.0	2.8	5241.6	0	0	75	3.674999999999997	1299	0	14676480.000000002	2403150	0	0.0	17079630.0	0	False	0	0	0	0	False	0	0	0	0	0	0	0.0	0.0	False	False
208	protected	4.8	1.4277930428956507	1.15	2.4	2.8928000000000003	178.0	1.9	2.1	0.0	0.0	0	False	0.0	False	0.0	0.0	0.0	0	0	0	0	0	0	0	False	0	False	0	0	0	0	0.0	0.0	0.0	0.0	165.0	False	0.0	2.8	5241.6	0	0	75	3.674999999999997	1299	0	14676480.000000002	2403150	0	0.0	17079630.0	0	False	0	0	0	0	False	0	0	0	0	0	0	0.0	0.0	False	False
209	protected	4.8	1.4277930428956507	1.15	2.4	2.9019000000000004	178.0	1.9	2.1	0.0	0.0	0	False	0.0	False	0.0	0.0	0.0	0	0	0	0	0	0	0	False	0	False	0	0	0	0	0.0	0.0	0.0	0.0	165.0	False	0.0	2.8	5241.6	0	0	75	3.674999999999997	1299	0	14676480.000000002	2403150	0	0.0	17079630.0	0	False	0	0	0	0	False	0	0	0	0	0	0	0.0	0.0	False	False
210	protected	4.8	1.4277930428956507	1.15	2.4	2.9110000000000005	178.0	1.9	2.1	0.0	0.0	0	False	0.0	False	0.0	0.0	0.0	0	0	0	0	0	0	0	False	0	False	0	0	0	0	0.0	0.0	0.0	0.0	165.0	False	0.0	2.8	5241.6	0	0	75	3.674999999999997	1299	0	14676480.000000002	2403150	0	0.0	17079630.0	0	False	0	0	0	0	False	0	0	0	0	0	0	0.0	0.0	False	False
211	protected	4.8	1.4277930428956507	1.15	2.4	2.9200999999999997	178.0	1.9	2.1	0.0	0.0	0	False	0.0	False	0.0	0.0	0.0	0	0	0	0	0	0	0	False	0	False	0	0	0	0	0.0	0.0	0.0	0.0	165.0	False	0.0	2.8	5241.6	0	0	75	3.674999999999997	1299	0	14676480.000000002	2403150	0	0.0	17079630.0	0	False	0	0	0	0	False	0	0	0	0	0	0	0.0	0.0	False	False
212	protected	4.8	1.4277930428956507	1.15	2.4	2.9292	178.0	1.9	2.1	0.0	0.0	0	False	0.0	False	0.0	0.0	0.0	0	0	0	0	0	0	0	False	0	False	0	0	0	0	0.0	0.0	0.0	0.0	165.0	False	0.0	2.8	5241.6	0	0	75	3.674999999999997	1299	0	14676480.000000002	2403150	0	0.0	17079630.0	0	False	0	0	0	0	False	0	0	0	0	0	0	0.0	0.0	False	False
213	protected	4.8	1.4277930428956507	1.15	2.4	2.9383	178.0	1.9	2.1	0.0	0.0	0	False	0.0	False	0.0	0.0	0.0	0	0	0	0	0	0	0	False	0	False	0	0	0	0	0.0	0.0	0.0	0.0	165.0	False	0.0	2.8	5241.6	0	0	75	3.674999999999997	1299	0	14676480.000000002	2403150	0	0.0	17079630.0	0	False	0	0	0	0	False	0	0	0	0	0	0	0.0	0.0	False	False
214	protected	4.8	1.4277930428956507	1.15	2.4	2.9474	178.0	1.9	2.1	0.0	0.0	0	False	0.0	False	0.0	0.0	0.0	0	0	0	0	0	0	0	False	0	False	0	0	0	0	0.0	0.0	0.0	0.0	165.0	False	0.0	2.8	5241.6	0	0	75	3.674999999999997	1299	0	14676480.000000002	2403150	0	0.0	17079630.0	0	False	0	0	0	0	False	0	0	0	0	0	0	0.0	0.0	False	False
215	protected	4.8	1.4277930428956507	1.15	2.4	2.9565	178.0	1.9	2.1	0.0	0.0	0	False	0.0	False	0.0	0.0	0.0	0	0	0	0	0	0	0	False	0	False	0	0	0	0	0.0	0.0	0.0	0.0	165.0	False	0.0	2.8	5241.6	0	0	75	3.674999999999997	1299	0	14676480.000000002	2403150	0	0.0	17079630.0	0	False	0	0	0	0	False	0	0	0	0	0	0	0.0	0.0	False	False
216	protected	4.8	1.4277930428956507	1.15	2.4	2.9656000000000002	178.0	1.9	2.1	0.0	0.0	0	False	0.0	False	0.0	0.0	0.0	0	0	0	0	0	0	0	False	0	False	0	0	0	0	0.0	0.0	0.0	0.0	165.0	False	0.0	2.8	5241.6	0	0	75	3.674999999999997	1299	0	14676480.000000002	2403150	0	0.0	17079630.0	0	False	0	0	0	0	False	0	0	0	0	0	0	0.0	0.0	False	False
217	protected	4.8	1.4277930428956507	1.15	2.4	2.9747000000000003	178.0	1.9	2.1	0.0	0.0	0	False	0.0	False	0.0	0.0	0.0	0	0	0	0	0	0	0	False	0	False	0	0	0	0	0.0	0.0	0.0	0.0	165.0	False	0.0	2.8	5241.6	0	0	75	3.674999999999997	1299	0	14676480.000000002	2403150	0	0.0	17079630.0	0	False	0	0	0	0	False	0	0	0	0	0	0	0.0	0.0	False	False
218	protected	4.8	1.4277930428956507	1.15	2.4	2.9838	178.0	1.9	2.1	0.0	0.0	0	False	0.0	False	0.0	0.0	0.0	0	0	0	0	0	0	0	False	0	False	0	0	0	0	0.0	0.0	0.0	0.0	165.0	False	0.0	2.8	5241.6	0	0	75	3.674999999999997	1299	0	14676480.000000002	2403150	0	0.0	17079630.0	0	False	0	0	0	0	False	0	0	0	0	0	0	0.0	0.0	False	False
219	protected	4.8	1.4277930428956507	1.15	2.4	2.9929000000000006	178.0	1.9	2.1	0.0	0.0	0	False	0.0	False	0.0	0.0	0.0	0	0	0	0	0	0	0	False	0	False	0	0	0	0	0.0	0.0	0.0	0.0	165.0	False	0.0	2.8	5241.6	0	0	75	3.674999999999997	1299	0	14676480.000000002	2403150	0	0.0	17079630.0	0	False	0	0	0	0	False	0	0	0	0	0	0	0.0	0.0	False	False
220	protected	4.8	1.4277930428956507	1.15	2.4	3.0020000000000002	178.0	1.9	2.1	0.0	0.0	0	False	0.0	False	0.0	0.0	0.0	0	0	0	0	0	0	0	False	0	False	0	0	0	0	0.0	0.0	0.0	0.0	165.0	False	0.0	2.8	5241.6	0	0	75	3.674999999999997	1299	0	14676480.000000002	2403150	0	0.0	17079630.0	0	False	0	0	0	0	False	0	0	0	0	0	0	0.0	0.0	False	False
221	protected	4.8	1.4277930428956507	1.15	2.4	3.0111	178.0	1.9	2.1	0.0	0.0	0	False	0.0	False	0.0	0.0	0.0	0	0	0	0	0	0	0	False	0	False	0	0	0	0	0.0	0.0	0.0	0.0	165.0	False	0.0	2.8	5241.6	0	0	75	3.674999999999997	1299	0	14676480.000000002	2403150	0	0.0	17079630.0	0	False	0	0	0	0	False	0	0	0	0	0	0	0.0	0.0	False	False
222	protected	4.8	1.4277930428956507	1.15	2.4	3.0202	178.0	1.9	2.1	0.0	0.0	0	False	0.0	False	0.0	0.0	0.0	0	0	0	0	0	0	0	False	0	False	0	0	0	0	0.0	0.0	0.0	0.0	165.0	False	0.0	2.8	5241.6	0	0	75	3.674999999999997	1299	0	14676480.000000002	2403150	0	0.0	17079630.0	0	False	0	0	0	0	False	0	0	0	0	0	0	0.0	0.0	False	False
223	protected	4.8	1.4277930428956507	1.15	2.4	3.0293	178.0	1.9	2.1	0.0	0.0	0	False	0.0	False	0.0	0.0	0.0	0	0	0	0	0	0	0	False	0	False	0	0	0	0	0.0	0.0	0.0	0.0	165.0	False	0.0	2.8	5241.6	0	0	75	3.674999999999997	1299	0	14676480.000000002	2403150	0	0.0	17079630.0	0	False	0	0	0	0	False	0	0	0	0	0	0	0.0	0.0	False	False
224	protected	4.8	1.4277930428956507	1.15	2.4	3.0384000000000007	178.0	1.9	2.1	0.0	0.0	0	False	0.0	False	0.0	0.0	0.0	0	0	0	0	0	0	0	False	0	False	0	0	0	0	0.0	0.0	0.0	0.0	165.0	False	0.0	2.8	5241.6	0	0	75	3.674999999999997	1299	0	14676480.000000002	2403150	0	0.0	17079630.0	0	False	0	0	0	0	False	0	0	0	0	0	0	0.0	0.0	False	False
225	protected	4.8	1.4277930428956507	1.15	2.4	3.0475000000000003	178.0	1.9	2.1	0.0	0.0	0	False	0.0	False	0.0	0.0	0.0	0	0	0	0	0	0	0	False	0	False	0	0	0	0	0.0	0.0	0.0	0.0	165.0	False	0.0	2.8	5241.6	0	0	75	3.674999999999997	1299	0	14676480.000000002	2403150	0	0.0	17079630.0	0	False	0	0	0	0	False	0	0	0	0	0	0	0.0	0.0	False	False
226	protected	4.8	1.4277930428956507	1.15	2.4	3.0566	178.0	1.9	2.1	0.0	0.0	0	False	0.0	False	0.0	0.0	0.0	0	0	0	0	0	0	0	False	0	False	0	0	0	0	0.0	0.0	0.0	0.0	165.0	False	0.0	2.8	5241.6	0	0	75	3.674999999999997	1299	0	14676480.000000002	2403150	0	0.0	17079630.0	0	False	0	0	0	0	False	0	0	0	0	0	0	0.0	0.0	False	False
227	protected	4.8	1.4277930428956507	1.15	2.4	3.0657000000000005	178.0	1.9	2.1	0.0	0.0	0	False	0.0	False	0.0	0.0	0.0	0	0	0	0	0	0	0	False	0	False	0	0	0	0	0.0	0.0	0.0	0.0	165.0	False	0.0	2.8	5241.6	0	0	75	3.674999999999997	1299	0	14676480.000000002	2403150	0	0.0	17079630.0	0	False	0	0	0	0	False	0	0	0	0	0	0	0.0	0.0	False	False
228	protected	4.8	1.4277930428956507	1.15	2.4	3.0748	178.0	1.9	2.1	0.0	0.0	0	False	0.0	False	0.0	0.0	0.0	0	0	0	0	0	0	0	False	0	False	0	0	0	0	0.0	0.0	0.0	0.0	165.0	False	0.0	2.8	5241.6	0	0	75	3.674999999999997	1299	0	14676480.000000002	2403150	0	0.0	17079630.0	0	False	0	0	0	0	False	0	0	0	0	0	0	0.0	0.0	False	False
229	protected	4.8	1.4277930428956507	1.15	2.4	3.0839	178.0	1.9	2.1	0.0	0.0	0	False	0.0	False	0.0	0.0	0.0	0	0	0	0	0	0	0	False	0	False	0	0	0	0	0.0	0.0	0.0	0.0	165.0	False	0.0	2.8	5241.6	0	0	75	3.674999999999997	1299	0	14676480.000000002	2403150	0	0.0	17079630.0	0	False	0	0	0	0	False	0	0	0	0	0	0	0.0	0.0	False	False
230	protected	4.8	1.4277930428956507	1.15	2.4	3.0930000000000004	178.0	1.9	2.1	0.0	0.0	0	False	0.0	False	0.0	0.0	0.0	0	0	0	0	0	0	0	False	0	False	0	0	0	0	0.0	0.0	0.0	0.0	165.0	False	0.0	2.8	5241.6	0	0	75	3.674999999999997	1299	0	14676480.000000002	2403150	0	0.0	17079630.0	0	False	0	0	0	0	False	0	0	0	0	0	0	0.0	0.0	False	False
231	protected	4.8	1.4277930428956507	1.15	2.4	3.1021	178.0	1.9	2.1	0.0	0.0	0	False	0.0	False	0.0	0.0	0.0	0	0	0	0	0	0	0	False	0	False	0	0	0	0	0.0	0.0	0.0	0.0	165.0	False	0.0	2.8	5241.6	0	0	75	3.674999999999997	1299	0	14676480.000000002	2403150	0	0.0	17079630.0	0	False	0	0	0	0	False	0	0	0	0	0	0	0.0	0.0	False	False
232	protected	4.8	1.4277930428956507	1.15	2.4	3.1111999999999997	178.0	1.9	2.1	0.0	0.0	0	False	0.0	False	0.0	0.0	0.0	0	0	0	0	0	0	0	False	0	False	0	0	0	0	0.0	0.0	0.0	0.0	165.0	False	0.0	2.8	5241.6	0	0	75	3.674999999999997	1299	0	14676480.000000002	2403150	0	0.0	17079630.0	0	False	0	0	0	0	False	0	0	0	0	0	0	0.0	0.0	False	False
233	protected	4.8	1.4277930428956507	1.15	2.4	3.1203000000000003	178.0	1.9	2.1	0.0	0.0	0	False	0.0	False	0.0	0.0	0.0	0	0	0	0	0	0	0	False	0	False	0	0	0	0	0.0	0.0	0.0	0.0	165.0	False	0.0	2.8	5241.6	0	0	75	3.674999999999997	1299	0	14676480.000000002	2403150	0	0.0	17079630.0	0	False	0	0	0	0	False	0	0	0	0	0	0	0.0	0.0	False	False
234	protected	4.8	1.4277930428956507	1.15	2.4	3.1294000000000004	178.0	1.9	2.1	0.0	0.0	0	False	0.0	False	0.0	0.0	0.0	0	0	0	0	0	0	0	False	0	False	0	0	0	0	0.0	0.0	0.0	0.0	165.0	False	0.0	2.8	5241.6	0	0	75	3.674999999999997	1299	0	14676480.000000002	2403150	0	0.0	17079630.0	0	False	0	0	0	0	False	0	0	0	0	0	0	0.0	0.0	False	False
235	protected	4.8	1.4277930428956507	1.15	2.4	3.1385000000000005	178.0	1.9	2.1	0.0	0.0	0	False	0.0	False	0.0	0.0	0.0	0	0	0	0	0	0	0	False	0	False	0	0	0	0	0.0	0.0	0.0	0.0	165.0	False	0.0	2.8	5241.6	0	0	75	3.674999999999997	1299	0	14676480.000000002	2403150	0	0.0	17079630.0	0	False	0	0	0	0	False	0	0	0	0	0	0	0.0	0.0	False	False
236	protected	4.8	1.4277930428956507	1.15	2.4	3.1476	178.0	1.9	2.1	0.0	0.0	0	False	0.0	False	0.0	0.0	0.0	0	0	0	0	0	0	0	False	0	False	0	0	0	0	0.0	0.0	0.0	0.0	165.0	False	0.0	2.8	5241.6	0	0	75	3.674999999999997	1299	0	14676480.000000002	2403150	0	0.0	17079630.0	0	False	0	0	0	0	False	0	0	0	0	0	0	0.0	0.0	False	False
237	protected	4.8	1.4277930428956507	1.15	2.4	3.1567000000000003	178.0	1.9	2.1	0.0	0.0	0	False	0.0	False	0.0	0.0	0.0	0	0	0	0	0	0	0	False	0	False	0	0	0	0	0.0	0.0	0.0	0.0	165.0	False	0.0	2.8	5241.6	0	0	75	3.674999999999997	1299	0	14676480.000000002	2403150	0	0.0	17079630.0	0	False	0	0	0	0	False	0	0	0	0	0	0	0.0	0.0	False	False
238	protected	4.8	1.4277930428956507	1.15	2.4	3.1658000000000004	178.0	1.9	2.1	0.0	0.0	0	False	0.0	False	0.0	0.0	0.0	0	0	0	0	0	0	0	False	0	False	0	0	0	0	0.0	0.0	0.0	0.0	165.0	False	0.0	2.8	5241.6	0	0	75	3.674999999999997	1299	0	14676480.000000002	2403150	0	0.0	17079630.0	0	False	0	0	0	0	False	0	0	0	0	0	0	0.0	0.0	False	False
239	protected	4.8	1.4277930428956507	1.15	2.4	3.1749	178.0	1.9	2.1	0.0	0.0	0	False	0.0	False	0.0	0.0	0.0	0	0	0	0	0	0	0	False	0	False	0	0	0	0	0.0	0.0	0.0	0.0	165.0	False	0.0	2.8	5241.6	0	0	75	3.674999999999997	1299	0	14676480.000000002	2403150	0	0.0	17079630.0	0	False	0	0	0	0	False	0	0	0	0	0	0	0.0	0.0	False	False
240	protected	4.8	1.4277930428956507	1.15	2.4	3.184	178.0	1.9	2.1	0.0	0.0	0	False	0.0	False	0.0	0.0	0.0	0	0	0	0	0	0	0	False	0	False	0	0	0	0	0.0	0.0	0.0	0.0	165.0	False	0.0	2.8	5241.6	0	0	75	3.674999999999997	1299	0	14676480.000000002	2403150	0	0.0	17079630.0	0	False	0	0	0	0	False	0	0	0	0	0	0	0.0	0.0	False	False
241	protected	4.8	1.4277930428956507	1.15	2.4	3.1931000000000003	178.0	1.9	2.1	0.0	0.0	0	False	0.0	False	0.0	0.0	0.0	0	0	0	0	0	0	0	False	0	False	0	0	0	0	0.0	0.0	0.0	0.0	165.0	False	0.0	2.8	5241.6	0	0	75	3.674999999999997	1299	0	14676480.000000002	2403150	0	0.0	17079630.0	0	False	0	0	0	0	False	0	0	0	0	0	0	0.0	0.0	False	False
242	protected	4.8	1.4277930428956507	1.15	2.4	3.2022000000000004	178.0	1.9	2.1	0.0	0.0	0	False	0.0	False	0.0	0.0	0.0	0	0	0	0	0	0	0	False	0	False	0	0	0	0	0.0	0.0	0.0	0.0	165.0	False	0.0	2.8	5241.6	0	0	75	3.674999999999997	1299	0	14676480.000000002	2403150	0	0.0	17079630.0	0	False	0	0	0	0	False	0	0	0	0	0	0	0.0	0.0	False	False
243	protected	4.8	1.4277930428956507	1.15	2.4	3.2113000000000005	178.0	1.9	2.1	0.0	0.0	0	False	0.0	False	0.0	0.0	0.0	0	0	0	0	0	0	0	False	0	False	0	0	0	0	0.0	0.0	0.0	0.0	165.0	False	0.0	2.8	5241.6	0	0	75	3.674999999999997	1299	0	14676480.000000002	2403150	0	0.0	17079630.0	0	False	0	0	0	0	False	0	0	0	0	0	0	0.0	0.0	False	False
244	protected	4.8	1.4277930428956507	1.15	2.4	3.2204	178.0	1.9	2.1	0.0	0.0	0	False	0.0	False	0.0	0.0	0.0	0	0	0	0	0	0	0	False	0	False	0	0	0	0	0.0	0.0	0.0	0.0	165.0	False	0.0	2.8	5241.6	0	0	75	3.674999999999997	1299	0	14676480.000000002	2403150	0	0.0	17079630.0	0	False	0	0	0	0	False	0	0	0	0	0	0	0.0	0.0	False	False
245	protected	4.8	1.4277930428956507	1.15	2.4	3.2295000000000003	178.0	1.9	2.1	0.0	0.0	0	False	0.0	False	0.0	0.0	0.0	0	0	0	0	0	0	0	False	0	False	0	0	0	0	0.0	0.0	0.0	0.0	165.0	False	0.0	2.8	5241.6	0	0	75	3.674999999999997	1299	0	14676480.000000002	2403150	0	0.0	17079630.0	0	False	0	0	0	0	False	0	0	0	0	0	0	0.0	0.0	False	False
246	protected	4.8	1.4277930428956507	1.15	2.4	3.2386000000000004	178.0	1.9	2.1	0.0	0.0	0	False	0.0	False	0.0	0.0	0.0	0	0	0	0	0	0	0	False	0	False	0	0	0	0	0.0	0.0	0.0	0.0	165.0	False	0.0	2.8	5241.6	0	0	75	3.674999999999997	1299	0	14676480.000000002	2403150	0	0.0	17079630.0	0	False	0	0	0	0	False	0	0	0	0	0	0	0.0	0.0	False	False
247	protected	4.8	1.4277930428956507	1.15	2.4	3.2477	178.0	1.9	2.1	0.0	0.0	0	False	0.0	False	0.0	0.0	0.0	0	0	0	0	0	0	0	False	0	False	0	0	0	0	0.0	0.0	0.0	0.0	165.0	False	0.0	2.8	5241.6	0	0	75	3.674999999999997	1299	0	14676480.000000002	2403150	0	0.0	17079630.0	0	False	0	0	0	0	False	0	0	0	0	0	0	0.0	0.0	False	False
248	protected	4.8	1.4277930428956507	1.15	2.4	3.2568	178.0	1.9	2.1	0.0	0.0	0	False	0.0	False	0.0	0.0	0.0	0	0	0	0	0	0	0	False	0	False	0	0	0	0	0.0	0.0	0.0	0.0	165.0	False	0.0	2.8	5241.6	0	0	75	3.674999999999997	1299	0	14676480.000000002	2403150	0	0.0	17079630.0	0	False	0	0	0	0	False	0	0	0	0	0	0	0.0	0.0	False	False
249	protected	4.8	1.4277930428956507	1.15	2.4	3.2659000000000002	178.0	1.9	2.1	0.0	0.0	0	False	0.0	False	0.0	0.0	0.0	0	0	0	0	0	0	0	False	0	False	0	0	0	0	0.0	0.0	0.0	0.0	165.0	False	0.0	2.8	5241.6	0	0	75	3.674999999999997	1299	0	14676480.000000002	2403150	0	0.0	17079630.0	0	False	0	0	0	0	False	0	0	0	0	0	0	0.0	0.0	False	False
250	protected	4.8	1.4277930428956507	1.15	2.4	3.275	178.0	1.9	2.1	0.0	0.0	0	False	0.0	False	0.0	0.0	0.0	0	0	0	0	0	0	0	False	0	False	0	0	0	0	0.0	0.0	0.0	0.0	165.0	False	0.0	2.8	5241.6	0	0	75	3.674999999999997	1299	0	14676480.000000002	2403150	0	0.0	17079630.0	0	False	0	0	0	0	False	0	0	0	0	0	0	0.0	0.0	False	False
251	protected	4.8	1.4277930428956507	1.15	2.4	3.2841	178.0	1.9	2.1	0.0	0.0	0	False	0.0	False	0.0	0.0	0.0	0	0	0	0	0	0	0	False	0	False	0	0	0	0	0.0	0.0	0.0	0.0	165.0	False	0.0	2.8	5241.6	0	0	75	3.674999999999997	1299	0	14676480.000000002	2403150	0	0.0	17079630.0	0	False	0	0	0	0	False	0	0	0	0	0	0	0.0	0.0	False	False
252	protected	4.8	1.4277930428956507	1.15	2.4	3.2932000000000006	178.0	1.9	2.1	0.0	0.0	0	False	0.0	False	0.0	0.0	0.0	0	0	0	0	0	0	0	False	0	False	0	0	0	0	0.0	0.0	0.0	0.0	165.0	False	0.0	2.8	5241.6	0	0	75	3.674999999999997	1299	0	14676480.000000002	2403150	0	0.0	17079630.0	0	False	0	0	0	0	False	0	0	0	0	0	0	0.0	0.0	False	False
253	protected	4.8	1.4277930428956507	1.15	2.4	3.3023000000000002	178.0	1.9	2.1	0.0	0.0	0	False	0.0	False	0.0	0.0	0.0	0	0	0	0	0	0	0	False	0	False	0	0	0	0	0.0	0.0	0.0	0.0	165.0	False	0.0	2.8	5241.6	0	0	75	3.674999999999997	1299	0	14676480.000000002	2403150	0	0.0	17079630.0	0	False	0	0	0	0	False	0	0	0	0	0	0	0.0	0.0	False	False
254	protected	4.8	1.4277930428956507	1.15	2.4	3.3114000000000003	178.0	1.9	2.1	0.0	0.0	0	False	0.0	False	0.0	0.0	0.0	0	0	0	0	0	0	0	False	0	False	0	0	0	0	0.0	0.0	0.0	0.0	165.0	False	0.0	2.8	5241.6	0	0	75	3.674999999999997	1299	0	14676480.000000002	2403150	0	0.0	17079630.0	0	False	0	0	0	0	False	0	0	0	0	0	0	0.0	0.0	False	False
255	protected	4.8	1.4277930428956507	1.15	2.4	3.3205000000000005	178.0	1.9	2.1	0.0	0.0	0	False	0.0	False	0.0	0.0	0.0	0	0	0	0	0	0	0	False	0	False	0	0	0	0	0.0	0.0	0.0	0.0	165.0	False	0.0	2.8	5241.6	0	0	75	3.674999999999997	1299	0	14676480.000000002	2403150	0	0.0	17079630.0	0	False	0	0	0	0	False	0	0	0	0	0	0	0.0	0.0	False	False
256	protected	4.8	1.4277930428956507	1.15	2.4	3.3296	178.0	1.9	2.1	0.0	0.0	0	False	0.0	False	0.0	0.0	0.0	0	0	0	0	0	0	0	False	0	False	0	0	0	0	0.0	0.0	0.0	0.0	165.0	False	0.0	2.8	5241.6	0	0	75	3.674999999999997	1299	0	14676480.000000002	2403150	0	0.0	17079630.0	0	False	0	0	0	0	False	0	0	0	0	0	0	0.0	0.0	False	False
257	protected	4.8	1.4277930428956507	1.15	2.4	3.3387000000000002	178.0	1.9	2.1	0.0	0.0	0	False	0.0	False	0.0	0.0	0.0	0	0	0	0	0	0	0	False	0	False	0	0	0	0	0.0	0.0	0.0	0.0	165.0	False	0.0	2.8	5241.6	0	0	75	3.674999999999997	1299	0	14676480.000000002	2403150	0	0.0	17079630.0	0	False	0	0	0	0	False	0	0	0	0	0	0	0.0	0.0	False	False
258	protected	4.8	1.4277930428956507	1.15	2.4	3.3478000000000003	178.0	1.9	2.1	0.0	0.0	0	False	0.0	False	0.0	0.0	0.0	0	0	0	0	0	0	0	False	0	False	0	0	0	0	0.0	0.0	0.0	0.0	165.0	False	0.0	2.8	5241.6	0	0	75	3.674999999999997	1299	0	14676480.000000002	2403150	0	0.0	17079630.0	0	False	0	0	0	0	False	0	0	0	0	0	0	0.0	0.0	False	False
259	protected	4.8	1.4277930428956507	1.15	2.4	3.3569	178.0	1.9	2.1	0.0	0.0	0	False	0.0	False	0.0	0.0	0.0	0	0	0	0	0	0	0	False	0	False	0	0	0	0	0.0	0.0	0.0	0.0	165.0	False	0.0	2.8	5241.6	0	0	75	3.674999999999997	1299	0	14676480.000000002	2403150	0	0.0	17079630.0	0	False	0	0	0	0	False	0	0	0	0	0	0	0.0	0.0	False	False
260	protected	4.8	1.4277930428956507	1.15	2.4	3.366	178.0	1.9	2.1	0.0	0.0	0	False	0.0	False	0.0	0.0	0.0	0	0	0	0	0	0	0	False	0	False	0	0	0	0	0.0	0.0	0.0	0.0	165.0	False	0.0	2.8	5241.6	0	0	75	3.674999999999997	1299	0	14676480.000000002	2403150	0	0.0	17079630.0	0	False	0	0	0	0	False	0	0	0	0	0	0	0.0	0.0	False	False
261	protected	4.8	1.4277930428956507	1.15	2.4	3.3751	178.0	1.9	2.1	0.0	0.0	0	False	0.0	False	0.0	0.0	0.0	0	0	0	0	0	0	0	False	0	False	0	0	0	0	0.0	0.0	0.0	0.0	165.0	False	0.0	2.8	5241.6	0	0	75	3.674999999999997	1299	0	14676480.000000002	2403150	0	0.0	17079630.0	0	False	0	0	0	0	False	0	0	0	0	0	0	0.0	0.0	False	False
262	protected	4.8	1.4277930428956507	1.15	2.4	3.3842000000000003	178.0	1.9	2.1	0.0	0.0	0	False	0.0	False	0.0	0.0	0.0	0	0	0	0	0	0	0	False	0	False	0	0	0	0	0.0	0.0	0.0	0.0	165.0	False	0.0	2.8	5241.6	0	0	75	3.674999999999997	1299	0	14676480.000000002	2403150	0	0.0	17079630.0	0	False	0	0	0	0	False	0	0	0	0	0	0	0.0	0.0	False	False
263	protected	4.8	1.4277930428956507	1.15	2.4	3.3933000000000004	178.0	1.9	2.1	0.0	0.0	0	False	0.0	False	0.0	0.0	0.0	0	0	0	0	0	0	0	False	0	False	0	0	0	0	0.0	0.0	0.0	0.0	165.0	False	0.0	2.8	5241.6	0	0	75	3.674999999999997	1299	0	14676480.000000002	2403150	0	0.0	17079630.0	0	False	0	0	0	0	False	0	0	0	0	0	0	0.0	0.0	False	False
264	protected	4.8	1.4277930428956507	1.15	2.4	3.4024	178.0	1.9	2.1	0.0	0.0	0	False	0.0	False	0.0	0.0	0.0	0	0	0	0	0	0	0	False	0	False	0	0	0	0	0.0	0.0	0.0	0.0	165.0	False	0.0	2.8	5241.6	0	0	75	3.674999999999997	1299	0	14676480.000000002	2403150	0	0.0	17079630.0	0	False	0	0	0	0	False	0	0	0	0	0	0	0.0	0.0	False	False
265	protected	4.8	1.4277930428956507	1.15	2.4	3.4115	178.0	1.9	2.1	0.0	0.0	0	False	0.0	False	0.0	0.0	0.0	0	0	0	0	0	0	0	False	0	False	0	0	0	0	0.0	0.0	0.0	0.0	165.0	False	0.0	2.8	5241.6	0	0	75	3.674999999999997	1299	0	14676480.000000002	2403150	0	0.0	17079630.0	0	False	0	0	0	0	False	0	0	0	0	0	0	0.0	0.0	False	False
266	protected	4.8	1.4277930428956507	1.15	2.4	3.4206000000000003	178.0	1.9	2.1	0.0	0.0	0	False	0.0	False	0.0	0.0	0.0	0	0	0	0	0	0	0	False	0	False	0	0	0	0	0.0	0.0	0.0	0.0	165.0	False	0.0	2.8	5241.6	0	0	75	3.674999999999997	1299	0	14676480.000000002	2403150	0	0.0	17079630.0	0	False	0	0	0	0	False	0	0	0	0	0	0	0.0	0.0	False	False
267	protected	4.8	1.4277930428956507	1.15	2.4	3.4297	178.0	1.9	2.1	0.0	0.0	0	False	0.0	False	0.0	0.0	0.0	0	0	0	0	0	0	0	False	0	False	0	0	0	0	0.0	0.0	0.0	0.0	165.0	False	0.0	2.8	5241.6	0	0	75	3.674999999999997	1299	0	14676480.000000002	2403150	0	0.0	17079630.0	0	False	0	0	0	0	False	0	0	0	0	0	0	0.0	0.0	False	False
268	protected	4.8	1.4277930428956507	1.15	2.4	3.4388	178.0	1.9	2.1	0.0	0.0	0	False	0.0	False	0.0	0.0	0.0	0	0	0	0	0	0	0	False	0	False	0	0	0	0	0.0	0.0	0.0	0.0	165.0	False	0.0	2.8	5241.6	0	0	75	3.674999999999997	1299	0	14676480.000000002	2403150	0	0.0	17079630.0	0	False	0	0	0	0	False	0	0	0	0	0	0	0.0	0.0	False	False
269	protected	4.8	1.4277930428956507	1.15	2.4	3.4479	178.0	1.9	2.1	0.0	0.0	0	False	0.0	False	0.0	0.0	0.0	0	0	0	0	0	0	0	False	0	False	0	0	0	0	0.0	0.0	0.0	0.0	165.0	False	0.0	2.8	5241.6	0	0	75	3.674999999999997	1299	0	14676480.000000002	2403150	0	0.0	17079630.0	0	False	0	0	0	0	False	0	0	0	0	0	0	0.0	0.0	False	False
270	protected	4.8	1.4277930428956507	1.15	2.4	3.457	178.0	1.9	2.1	0.0	0.0	0	False	0.0	False	0.0	0.0	0.0	0	0	0	0	0	0	0	False	0	False	0	0	0	0	0.0	0.0	0.0	0.0	165.0	False	0.0	2.8	5241.6	0	0	75	3.674999999999997	1299	0	14676480.000000002	2403150	0	0.0	17079630.0	0	False	0	0	0	0	False	0	0	0	0	0	0	0.0	0.0	False	False
271	protected	4.8	1.4277930428956507	1.15	2.4	3.4661000000000004	178.0	1.9	2.1	0.0	0.0	0	False	0.0	False	0.0	0.0	0.0	0	0	0	0	0	0	0	False	0	False	0	0	0	0	0.0	0.0	0.0	0.0	165.0	False	0.0	2.8	5241.6	0	0	75	3.674999999999997	1299	0	14676480.000000002	2403150	0	0.0	17079630.0	0	False	0	0	0	0	False	0	0	0	0	0	0	0.0	0.0	False	False
272	protected	4.8	1.4277930428956507	1.15	2.4	3.4752	178.0	1.9	2.1	0.0	0.0	0	False	0.0	False	0.0	0.0	0.0	0	0	0	0	0	0	0	False	0	False	0	0	0	0	0.0	0.0	0.0	0.0	165.0	False	0.0	2.8	5241.6	0	0	75	3.674999999999997	1299	0	14676480.000000002	2403150	0	0.0	17079630.0	0	False	0	0	0	0	False	0	0	0	0	0	0	0.0	0.0	False	False
273	protected	4.8	1.4277930428956507	1.15	2.4	3.4843000000000006	178.0	1.9	2.1	0.0	0.0	0	False	0.0	False	0.0	0.0	0.0	0	0	0	0	0	0	0	False	0	False	0	0	0	0	0.0	0.0	0.0	0.0	165.0	False	0.0	2.8	5241.6	0	0	75	3.674999999999997	1299	0	14676480.000000002	2403150	0	0.0	17079630.0	0	False	0	0	0	0	False	0	0	0	0	0	0	0.0	0.0	False	False
274	protected	4.8	1.4277930428956507	1.15	2.4	3.4934000000000003	178.0	1.9	2.1	0.0	0.0	0	False	0.0	False	0.0	0.0	0.0	0	0	0	0	0	0	0	False	0	False	0	0	0	0	0.0	0.0	0.0	0.0	165.0	False	0.0	2.8	5241.6	0	0	75	3.674999999999997	1299	0	14676480.000000002	2403150	0	0.0	17079630.0	0	False	0	0	0	0	False	0	0	0	0	0	0	0.0	0.0	False	False
275	protected	4.8	1.4277930428956507	1.15	2.4	3.5025	178.0	1.9	2.1	0.0	0.0	0	False	0.0	False	0.0	0.0	0.0	0	0	0	0	0	0	0	False	0	False	0	0	0	0	0.0	0.0	0.0	0.0	165.0	False	0.0	2.8	5241.6	0	0	75	3.674999999999997	1299	0	14676480.000000002	2403150	0	0.0	17079630.0	0	False	0	0	0	0	False	0	0	0	0	0	0	0.0	0.0	False	False
276	protected	4.8	1.4277930428956507	1.15	2.4	3.5116000000000005	178.0	1.9	2.1	0.0	0.0	0	False	0.0	False	0.0	0.0	0.0	0	0	0	0	0	0	0	False	0	False	0	0	0	0	0.0	0.0	0.0	0.0	165.0	False	0.0	2.8	5241.6	0	0	75	3.674999999999997	1299	0	14676480.000000002	2403150	0	0.0	17079630.0	0	False	0	0	0	0	False	0	0	0	0	0	0	0.0	0.0	False	False
277	protected	4.8	1.4277930428956507	1.15	2.4	3.5207	178.0	1.9	2.1	0.0	0.0	0	False	0.0	False	0.0	0.0	0.0	0	0	0	0	0	0	0	False	0	False	0	0	0	0	0.0	0.0	0.0	0.0	165.0	False	0.0	2.8	5241.6	0	0	75	3.674999999999997	1299	0	14676480.000000002	2403150	0	0.0	17079630.0	0	False	0	0	0	0	False	0	0	0	0	0	0	0.0	0.0	False	False
278	protected	4.8	1.4277930428956507	1.15	2.4	3.5298	178.0	1.9	2.1	0.0	0.0	0	False	0.0	False	0.0	0.0	0.0	0	0	0	0	0	0	0	False	0	False	0	0	0	0	0.0	0.0	0.0	0.0	165.0	False	0.0	2.8	5241.6	0	0	75	3.674999999999997	1299	0	14676480.000000002	2403150	0	0.0	17079630.0	0	False	0	0	0	0	False	0	0	0	0	0	0	0.0	0.0	False	False
279	protected	4.8	1.4277930428956507	1.15	2.4	3.5389000000000004	178.0	1.9	2.1	0.0	0.0	0	False	0.0	False	0.0	0.0	0.0	0	0	0	0	0	0	0	False	0	False	0	0	0	0	0.0	0.0	0.0	0.0	165.0	False	0.0	2.8	5241.6	0	0	75	3.674999999999997	1299	0	14676480.000000002	2403150	0	0.0	17079630.0	0	False	0	0	0	0	False	0	0	0	0	0	0	0.0	0.0	False	False
280	protected	4.8	1.4277930428956507	1.15	2.4	3.5480000000000005	178.0	1.9	2.1	0.0	0.0	0	False	0.0	False	0.0	0.0	0.0	0	0	0	0	0	0	0	False	0	False	0	0	0	0	0.0	0.0	0.0	0.0	165.0	False	0.0	2.8	5241.6	0	0	75	3.674999999999997	1299	0	14676480.000000002	2403150	0	0.0	17079630.0	0	False	0	0	0	0	False	0	0	0	0	0	0	0.0	0.0	False	False
281	protected	4.8	1.4277930428956507	1.15	2.4	3.5571000000000006	178.0	1.9	2.1	0.0	0.0	0	False	0.0	False	0.0	0.0	0.0	0	0	0	0	0	0	0	False	0	False	0	0	0	0	0.0	0.0	0.0	0.0	165.0	False	0.0	2.8	5241.6	0	0	75	3.674999999999997	1299	0	14676480.000000002	2403150	0	0.0	17079630.0	0	False	0	0	0	0	False	0	0	0	0	0	0	0.0	0.0	False	False
282	protected	4.8	1.4277930428956507	1.15	2.4	3.5662000000000003	178.0	1.9	2.1	0.0	0.0	0	False	0.0	False	0.0	0.0	0.0	0	0	0	0	0	0	0	False	0	False	0	0	0	0	0.0	0.0	0.0	0.0	165.0	False	0.0	2.8	5241.6	0	0	75	3.674999999999997	1299	0	14676480.000000002	2403150	0	0.0	17079630.0	0	False	0	0	0	0	False	0	0	0	0	0	0	0.0	0.0	False	False
283	protected	4.8	1.4277930428956507	1.15	2.4	3.5753000000000004	178.0	1.9	2.1	0.0	0.0	0	False	0.0	False	0.0	0.0	0.0	0	0	0	0	0	0	0	False	0	False	0	0	0	0	0.0	0.0	0.0	0.0	165.0	False	0.0	2.8	5241.6	0	0	75	3.674999999999997	1299	0	14676480.000000002	2403150	0	0.0	17079630.0	0	False	0	0	0	0	False	0	0	0	0	0	0	0.0	0.0	False	False
284	protected	4.8	1.4277930428956507	1.15	2.4	3.5844000000000005	178.0	1.9	2.1	0.0	0.0	0	False	0.0	False	0.0	0.0	0.0	0	0	0	0	0	0	0	False	0	False	0	0	0	0	0.0	0.0	0.0	0.0	165.0	False	0.0	2.8	5241.6	0	0	75	3.674999999999997	1299	0	14676480.000000002	2403150	0	0.0	17079630.0	0	False	0	0	0	0	False	0	0	0	0	0	0	0.0	0.0	False	False
285	protected	4.8	1.4277930428956507	1.15	2.4	3.5935	178.0	1.9	2.1	0.0	0.0	0	False	0.0	False	0.0	0.0	0.0	0	0	0	0	0	0	0	False	0	False	0	0	0	0	0.0	0.0	0.0	0.0	165.0	False	0.0	2.8	5241.6	0	0	75	3.674999999999997	1299	0	14676480.000000002	2403150	0	0.0	17079630.0	0	False	0	0	0	0	False	0	0	0	0	0	0	0.0	0.0	False	False
286	protected	4.8	1.4277930428956507	1.15	2.4	3.6	178.0	1.9	2.1	0.0	0.0	0	False	0.0	False	0.0	0.0	0.0	0	0	0	0	0	0	0	False	0	False	0	0	0	0	0.0	0.0	0.0	0.0	165.0	False	0.0	2.8	5241.6	0	0	75	3.674999999999997	1299	0	14676480.000000002	2403150	0	0.0	17079630.0	0	False	0	0	0	0	False	0	0	0	0	0	0	0.0	0.0	False	False
287	protected	4.8	1.4277930428956507	1.15	2.4	3.6	178.0	1.9	2.1	0.0	0.0	0	False	0.0	False	0.0	0.0	0.0	0	0	0	0	0	0	0	False	0	False	0	0	0	0	0.0	0.0	0.0	0.0	165.0	False	0.0	2.8	5241.6	0	0	75	3.674999999999997	1299	0	14676480.000000002	2403150	0	0.0	17079630.0	0	False	0	0	0	0	False	0	0	0	0	0	0	0.0	0.0	False	False
288	protected	4.8	1.4277930428956507	1.15	2.4	3.6	178.0	1.9	2.1	0.0	0.0	0	False	0.0	False	0.0	0.0	0.0	0	0	0	0	0	0	0	False	0	False	0	0	0	0	0.0	0.0	0.0	0.0	165.0	False	0.0	2.8	5241.6	0	0	75	3.674999999999997	1299	0	14676480.000000002	2403150	0	0.0	17079630.0	0	False	0	0	0	0	False	0	0	0	0	0	0	0.0	0.0	False	False
289	protected	4.8	1.4277930428956507	1.15	2.4	3.6	178.0	1.9	2.1	0.0	0.0	0	False	0.0	False	0.0	0.0	0.0	0	0	0	0	0	0	0	False	0	False	0	0	0	0	0.0	0.0	0.0	0.0	165.0	False	0.0	2.8	5241.6	0	0	75	3.674999999999997	1299	0	14676480.000000002	2403150	0	0.0	17079630.0	0	False	0	0	0	0	False	0	0	0	0	0	0	0.0	0.0	False	False
290	protected	4.8	1.4277930428956507	1.15	2.4	3.6	178.0	1.9	2.1	0.0	0.0	0	False	0.0	False	0.0	0.0	0.0	0	0	0	0	0	0	0	False	0	False	0	0	0	0	0.0	0.0	0.0	0.0	165.0	False	0.0	2.8	5241.6	0	0	75	3.674999999999997	1299	0	14676480.000000002	2403150	0	0.0	17079630.0	0	False	0	0	0	0	False	0	0	0	0	0	0	0.0	0.0	False	False
291	protected	4.8	1.4277930428956507	1.15	2.4	3.6	178.0	1.9	2.1	0.0	0.0	0	False	0.0	False	0.0	0.0	0.0	0	0	0	0	0	0	0	False	0	False	0	0	0	0	0.0	0.0	0.0	0.0	165.0	False	0.0	2.8	5241.6	0	0	75	3.674999999999997	1299	0	14676480.000000002	2403150	0	0.0	17079630.0	0	False	0	0	0	0	False	0	0	0	0	0	0	0.0	0.0	False	False
292	protected	4.8	1.4277930428956507	1.15	2.4	3.6	178.0	1.9	2.1	0.0	0.0	0	False	0.0	False	0.0	0.0	0.0	0	0	0	0	0	0	0	False	0	False	0	0	0	0	0.0	0.0	0.0	0.0	165.0	False	0.0	2.8	5241.6	0	0	75	3.674999999999997	1299	0	14676480.000000002	2403150	0	0.0	17079630.0	0	False	0	0	0	0	False	0	0	0	0	0	0	0.0	0.0	False	False
293	protected	4.8	1.4277930428956507	1.15	2.4	3.6	178.0	1.9	2.1	0.0	0.0	0	False	0.0	False	0.0	0.0	0.0	0	0	0	0	0	0	0	False	0	False	0	0	0	0	0.0	0.0	0.0	0.0	165.0	False	0.0	2.8	5241.6	0	0	75	3.674999999999997	1299	0	14676480.000000002	2403150	0	0.0	17079630.0	0	False	0	0	0	0	False	0	0	0	0	0	0	0.0	0.0	False	False
294	protected	4.8	1.4277930428956507	1.15	2.4	3.6	178.0	1.9	2.1	0.0	0.0	0	False	0.0	False	0.0	0.0	0.0	0	0	0	0	0	0	0	False	0	False	0	0	0	0	0.0	0.0	0.0	0.0	165.0	False	0.0	2.8	5241.6	0	0	75	3.674999999999997	1299	0	14676480.000000002	2403150	0	0.0	17079630.0	0	False	0	0	0	0	False	0	0	0	0	0	0	0.0	0.0	False	False
295	protected	4.8	1.4277930428956507	1.15	2.4	3.6	178.0	1.9	2.1	0.0	0.0	0	False	0.0	False	0.0	0.0	0.0	0	0	0	0	0	0	0	False	0	False	0	0	0	0	0.0	0.0	0.0	0.0	165.0	False	0.0	2.8	5241.6	0	0	75	3.674999999999997	1299	0	14676480.000000002	2403150	0	0.0	17079630.0	0	False	0	0	0	0	False	0	0	0	0	0	0	0.0	0.0	False	False
296	protected	4.8	1.4277930428956507	1.15	2.4	3.6	178.0	1.9	2.1	0.0	0.0	0	False	0.0	False	0.0	0.0	0.0	0	0	0	0	0	0	0	False	0	False	0	0	0	0	0.0	0.0	0.0	0.0	165.0	False	0.0	2.8	5241.6	0	0	75	3.674999999999997	1299	0	14676480.000000002	2403150	0	0.0	17079630.0	0	False	0	0	0	0	False	0	0	0	0	0	0	0.0	0.0	False	False
297	protected	4.8	1.4277930428956507	1.15	2.4	3.6	178.0	1.9	2.1	0.0	0.0	0	False	0.0	False	0.0	0.0	0.0	0	0	0	0	0	0	0	False	0	False	0	0	0	0	0.0	0.0	0.0	0.0	165.0	False	0.0	2.8	5241.6	0	0	75	3.674999999999997	1299	0	14676480.000000002	2403150	0	0.0	17079630.0	0	False	0	0	0	0	False	0	0	0	0	0	0	0.0	0.0	False	False
298	protected	4.8	1.4277930428956507	1.15	2.4	3.6	178.0	1.9	2.1	0.0	0.0	0	False	0.0	False	0.0	0.0	0.0	0	0	0	0	0	0	0	False	0	False	0	0	0	0	0.0	0.0	0.0	0.0	165.0	False	0.0	2.8	5241.6	0	0	75	3.674999999999997	1299	0	14676480.000000002	2403150	0	0.0	17079630.0	0	False	0	0	0	0	False	0	0	0	0	0	0	0.0	0.0	False	False
299	protected	4.8	1.4277930428956507	1.15	2.4	3.6	178.0	1.9	2.1	0.0	0.0	0	False	0.0	False	0.0	0.0	0.0	0	0	0	0	0	0	0	False	0	False	0	0	0	0	0.0	0.0	0.0	0.0	165.0	False	0.0	2.8	5241.6	0	0	75	3.674999999999997	1299	0	14676480.000000002	2403150	0	0.0	17079630.0	0	False	0	0	0	0	False	0	0	0	0	0	0	0.0	0.0	False	False
300	protected	4.8	1.4277930428956507	1.15	2.4	3.6	178.0	1.9	2.1	0.0	0.0	0	False	0.0	False	0.0	0.0	0.0	0	0	0	0	0	0	0	False	0	False	0	0	0	0	0.0	0.0	0.0	0.0	165.0	False	0.0	2.8	5241.6	0	0	75	3.674999999999997	1299	0	14676480.000000002	2403150	0	0.0	17079630.0	0	False	0	0	0	0	False	0	0	0	0	0	0	0.0	0.0	False	False
301	protected	4.8	1.4277930428956507	1.15	2.4	3.6	178.0	1.9	2.1	0.0	0.0	0	False	0.0	False	0.0	0.0	0.0	0	0	0	0	0	0	0	False	0	False	0	0	0	0	0.0	0.0	0.0	0.0	165.0	False	0.0	2.8	5241.6	0	0	75	3.674999999999997	1299	0	14676480.000000002	2403150	0	0.0	17079630.0	0	False	0	0	0	0	False	0	0	0	0	0	0	0.0	0.0	False	False
302	protected	4.8	1.4277930428956507	1.15	2.4	3.6	178.0	1.9	2.1	0.0	0.0	0	False	0.0	False	0.0	0.0	0.0	0	0	0	0	0	0	0	False	0	False	0	0	0	0	0.0	0.0	0.0	0.0	165.0	False	0.0	2.8	5241.6	0	0	75	3.674999999999997	1299	0	14676480.000000002	2403150	0	0.0	17079630.0	0	False	0	0	0	0	False	0	0	0	0	0	0	0.0	0.0	False	False
303	protected	4.8	1.4277930428956507	1.15	2.4	3.6	178.0	1.9	2.1	0.0	0.0	0	False	0.0	False	0.0	0.0	0.0	0	0	0	0	0	0	0	False	0	False	0	0	0	0	0.0	0.0	0.0	0.0	165.0	False	0.0	2.8	5241.6	0	0	75	3.674999999999997	1299	0	14676480.000000002	2403150	0	0.0	17079630.0	0	False	0	0	0	0	False	0	0	0	0	0	0	0.0	0.0	False	False
304	protected	4.8	1.4277930428956507	1.15	2.4	3.6	178.0	1.9	2.1	0.0	0.0	0	False	0.0	False	0.0	0.0	0.0	0	0	0	0	0	0	0	False	0	False	0	0	0	0	0.0	0.0	0.0	0.0	165.0	False	0.0	2.8	5241.6	0	0	75	3.674999999999997	1299	0	14676480.000000002	2403150	0	0.0	17079630.0	0	False	0	0	0	0	False	0	0	0	0	0	0	0.0	0.0	False	False
305	protected	4.8	1.4277930428956507	1.15	2.4	3.6	178.0	1.9	2.1	0.0	0.0	0	False	0.0	False	0.0	0.0	0.0	0	0	0	0	0	0	0	False	0	False	0	0	0	0	0.0	0.0	0.0	0.0	165.0	False	0.0	2.8	5241.6	0	0	75	3.674999999999997	1299	0	14676480.000000002	2403150	0	0.0	17079630.0	0	False	0	0	0	0	False	0	0	0	0	0	0	0.0	0.0	False	False
306	protected	4.8	1.4277930428956507	1.15	2.4	3.6	178.0	1.9	2.1	0.0	0.0	0	False	0.0	False	0.0	0.0	0.0	0	0	0	0	0	0	0	False	0	False	0	0	0	0	0.0	0.0	0.0	0.0	165.0	False	0.0	2.8	5241.6	0	0	75	3.674999999999997	1299	0	14676480.000000002	2403150	0	0.0	17079630.0	0	False	0	0	0	0	False	0	0	0	0	0	0	0.0	0.0	False	False
307	protected	4.8	1.4277930428956507	1.15	2.4	3.6	178.0	1.9	2.1	0.0	0.0	0	False	0.0	False	0.0	0.0	0.0	0	0	0	0	0	0	0	False	0	False	0	0	0	0	0.0	0.0	0.0	0.0	165.0	False	0.0	2.8	5241.6	0	0	75	3.674999999999997	1299	0	14676480.000000002	2403150	0	0.0	17079630.0	0	False	0	0	0	0	False	0	0	0	0	0	0	0.0	0.0	False	False
308	protected	4.8	1.4277930428956507	1.15	2.4	3.6	178.0	1.9	2.1	0.0	0.0	0	False	0.0	False	0.0	0.0	0.0	0	0	0	0	0	0	0	False	0	False	0	0	0	0	0.0	0.0	0.0	0.0	165.0	False	0.0	2.8	5241.6	0	0	75	3.674999999999997	1299	0	14676480.000000002	2403150	0	0.0	17079630.0	0	False	0	0	0	0	False	0	0	0	0	0	0	0.0	0.0	False	False
309	protected	4.8	1.4277930428956507	1.15	2.4	3.6	178.0	1.9	2.1	0.0	0.0	0	False	0.0	False	0.0	0.0	0.0	0	0	0	0	0	0	0	False	0	False	0	0	0	0	0.0	0.0	0.0	0.0	165.0	False	0.0	2.8	5241.6	0	0	75	3.674999999999997	1299	0	14676480.000000002	2403150	0	0.0	17079630.0	0	False	0	0	0	0	False	0	0	0	0	0	0	0.0	0.0	False	False
310	protected	4.8	1.4277930428956507	1.15	2.4	3.6	178.0	1.9	2.1	0.0	0.0	0	False	0.0	False	0.0	0.0	0.0	0	0	0	0	0	0	0	False	0	False	0	0	0	0	0.0	0.0	0.0	0.0	165.0	False	0.0	2.8	5241.6	0	0	75	3.674999999999997	1299	0	14676480.000000002	2403150	0	0.0	17079630.0	0	False	0	0	0	0	False	0	0	0	0	0	0	0.0	0.0	False	False
311	protected	4.8	1.4277930428956507	1.15	2.4	3.6	178.0	1.9	2.1	0.0	0.0	0	False	0.0	False	0.0	0.0	0.0	0	0	0	0	0	0	0	False	0	False	0	0	0	0	0.0	0.0	0.0	0.0	165.0	False	0.0	2.8	5241.6	0	0	75	3.674999999999997	1299	0	14676480.000000002	2403150	0	0.0	17079630.0	0	False	0	0	0	0	False	0	0	0	0	0	0	0.0	0.0	False	False
312	protected	4.8	1.4277930428956507	1.15	2.4	3.6	178.0	1.9	2.1	0.0	0.0	0	False	0.0	False	0.0	0.0	0.0	0	0	0	0	0	0	0	False	0	False	0	0	0	0	0.0	0.0	0.0	0.0	165.0	False	0.0	2.8	5241.6	0	0	75	3.674999999999997	1299	0	14676480.000000002	2403150	0	0.0	17079630.0	0	False	0	0	0	0	False	0	0	0	0	0	0	0.0	0.0	False	False
313	protected	4.8	1.4277930428956507	1.15	2.4	3.6	178.0	1.9	2.1	0.0	0.0	0	False	0.0	False	0.0	0.0	0.0	0	0	0	0	0	0	0	False	0	False	0	0	0	0	0.0	0.0	0.0	0.0	165.0	False	0.0	2.8	5241.6	0	0	75	3.674999999999997	1299	0	14676480.000000002	2403150	0	0.0	17079630.0	0	False	0	0	0	0	False	0	0	0	0	0	0	0.0	0.0	False	False
314	protected	4.8	1.4277930428956507	1.15	2.4	3.6	178.0	1.9	2.1	0.0	0.0	0	False	0.0	False	0.0	0.0	0.0	0	0	0	0	0	0	0	False	0	False	0	0	0	0	0.0	0.0	0.0	0.0	165.0	False	0.0	2.8	5241.6	0	0	75	3.674999999999997	1299	0	14676480.000000002	2403150	0	0.0	17079630.0	0	False	0	0	0	0	False	0	0	0	0	0	0	0.0	0.0	False	False
315	protected	4.8	1.4277930428956507	1.15	2.4	3.6	178.0	1.9	2.1	0.0	0.0	0	False	0.0	False	0.0	0.0	0.0	0	0	0	0	0	0	0	False	0	False	0	0	0	0	0.0	0.0	0.0	0.0	165.0	False	0.0	2.8	5241.6	0	0	75	3.674999999999997	1299	0	14676480.000000002	2403150	0	0.0	17079630.0	0	False	0	0	0	0	False	0	0	0	0	0	0	0.0	0.0	False	False
316	protected	4.8	1.4277930428956507	1.15	2.4	3.6	178.0	1.9	2.1	0.0	0.0	0	False	0.0	False	0.0	0.0	0.0	0	0	0	0	0	0	0	False	0	False	0	0	0	0	0.0	0.0	0.0	0.0	165.0	False	0.0	2.8	5241.6	0	0	75	3.674999999999997	1299	0	14676480.000000002	2403150	0	0.0	17079630.0	0	False	0	0	0	0	False	0	0	0	0	0	0	0.0	0.0	False	False
317	protected	4.8	1.4277930428956507	1.15	2.4	3.6	178.0	1.9	2.1	0.0	0.0	0	False	0.0	False	0.0	0.0	0.0	0	0	0	0	0	0	0	False	0	False	0	0	0	0	0.0	0.0	0.0	0.0	165.0	False	0.0	2.8	5241.6	0	0	75	3.674999999999997	1299	0	14676480.000000002	2403150	0	0.0	17079630.0	0	False	0	0	0	0	False	0	0	0	0	0	0	0.0	0.0	False	False
318	protected	4.8	1.4277930428956507	1.15	2.4	3.6	178.0	1.9	2.1	0.0	0.0	0	False	0.0	False	0.0	0.0	0.0	0	0	0	0	0	0	0	False	0	False	0	0	0	0	0.0	0.0	0.0	0.0	165.0	False	0.0	2.8	5241.6	0	0	75	3.674999999999997	1299	0	14676480.000000002	2403150	0	0.0	17079630.0	0	False	0	0	0	0	False	0	0	0	0	0	0	0.0	0.0	False	False
319	protected	4.8	1.4277930428956507	1.15	2.4	3.6	178.0	1.9	2.1	0.0	0.0	0	False	0.0	False	0.0	0.0	0.0	0	0	0	0	0	0	0	False	0	False	0	0	0	0	0.0	0.0	0.0	0.0	165.0	False	0.0	2.8	5241.6	0	0	75	3.674999999999997	1299	0	14676480.000000002	2403150	0	0.0	17079630.0	0	False	0	0	0	0	False	0	0	0	0	0	0	0.0	0.0	False	False
320	protected	4.8	1.4277930428956507	1.15	2.4	3.6	178.0	1.9	2.1	0.0	0.0	0	False	0.0	False	0.0	0.0	0.0	0	0	0	0	0	0	0	False	0	False	0	0	0	0	0.0	0.0	0.0	0.0	165.0	False	0.0	2.8	5241.6	0	0	75	3.674999999999997	1299	0	14676480.000000002	2403150	0	0.0	17079630.0	0	False	0	0	0	0	False	0	0	0	0	0	0	0.0	0.0	False	False
321	protected	4.8	1.4277930428956507	1.15	2.4	3.6	178.0	1.9	2.1	0.0	0.0	0	False	0.0	False	0.0	0.0	0.0	0	0	0	0	0	0	0	False	0	False	0	0	0	0	0.0	0.0	0.0	0.0	165.0	False	0.0	2.8	5241.6	0	0	75	3.674999999999997	1299	0	14676480.000000002	2403150	0	0.0	17079630.0	0	False	0	0	0	0	False	0	0	0	0	0	0	0.0	0.0	False	False
322	protected	4.8	1.4277930428956507	1.15	2.4	3.6	178.0	1.9	2.1	0.0	0.0	0	False	0.0	False	0.0	0.0	0.0	0	0	0	0	0	0	0	False	0	False	0	0	0	0	0.0	0.0	0.0	0.0	165.0	False	0.0	2.8	5241.6	0	0	75	3.674999999999997	1299	0	14676480.000000002	2403150	0	0.0	17079630.0	0	False	0	0	0	0	False	0	0	0	0	0	0	0.0	0.0	False	False
323	protected	4.8	1.4277930428956507	1.15	2.4	3.6	178.0	1.9	2.1	0.0	0.0	0	False	0.0	False	0.0	0.0	0.0	0	0	0	0	0	0	0	False	0	False	0	0	0	0	0.0	0.0	0.0	0.0	165.0	False	0.0	2.8	5241.6	0	0	75	3.674999999999997	1299	0	14676480.000000002	2403150	0	0.0	17079630.0	0	False	0	0	0	0	False	0	0	0	0	0	0	0.0	0.0	False	False
324	protected	4.8	1.4277930428956507	1.15	2.4	3.6	178.0	1.9	2.1	0.0	0.0	0	False	0.0	False	0.0	0.0	0.0	0	0	0	0	0	0	0	False	0	False	0	0	0	0	0.0	0.0	0.0	0.0	165.0	False	0.0	2.8	5241.6	0	0	75	3.674999999999997	1299	0	14676480.000000002	2403150	0	0.0	17079630.0	0	False	0	0	0	0	False	0	0	0	0	0	0	0.0	0.0	False	False
325	protected	4.8	1.4277930428956507	1.15	2.4	3.6	178.0	1.9	2.1	0.0	0.0	0	False	0.0	False	0.0	0.0	0.0	0	0	0	0	0	0	0	False	0	False	0	0	0	0	0.0	0.0	0.0	0.0	165.0	False	0.0	2.8	5241.6	0	0	75	3.674999999999997	1299	0	14676480.000000002	2403150	0	0.0	17079630.0	0	False	0	0	0	0	False	0	0	0	0	0	0	0.0	0.0	False	False
326	protected	4.8	1.4277930428956507	1.15	2.4	3.6	178.0	1.9	2.1	0.0	0.0	0	False	0.0	False	0.0	0.0	0.0	0	0	0	0	0	0	0	False	0	False	0	0	0	0	0.0	0.0	0.0	0.0	165.0	False	0.0	2.8	5241.6	0	0	75	3.674999999999997	1299	0	14676480.000000002	2403150	0	0.0	17079630.0	0	False	0	0	0	0	False	0	0	0	0	0	0	0.0	0.0	False	False
327	protected	4.8	1.4277930428956507	1.15	2.4	3.6	178.0	1.9	2.1	0.0	0.0	0	False	0.0	False	0.0	0.0	0.0	0	0	0	0	0	0	0	False	0	False	0	0	0	0	0.0	0.0	0.0	0.0	165.0	False	0.0	2.8	5241.6	0	0	75	3.674999999999997	1299	0	14676480.000000002	2403150	0	0.0	17079630.0	0	False	0	0	0	0	False	0	0	0	0	0	0	0.0	0.0	False	False
328	protected	4.8	1.4277930428956507	1.15	2.4	3.6	178.0	1.9	2.1	0.0	0.0	0	False	0.0	False	0.0	0.0	0.0	0	0	0	0	0	0	0	False	0	False	0	0	0	0	0.0	0.0	0.0	0.0	165.0	False	0.0	2.8	5241.6	0	0	75	3.674999999999997	1299	0	14676480.000000002	2403150	0	0.0	17079630.0	0	False	0	0	0	0	False	0	0	0	0	0	0	0.0	0.0	False	False
329	protected	4.8	1.4277930428956507	1.15	2.4	3.6	178.0	1.9	2.1	0.0	0.0	0	False	0.0	False	0.0	0.0	0.0	0	0	0	0	0	0	0	False	0	False	0	0	0	0	0.0	0.0	0.0	0.0	165.0	False	0.0	2.8	5241.6	0	0	75	3.674999999999997	1299	0	14676480.000000002	2403150	0	0.0	17079630.0	0	False	0	0	0	0	False	0	0	0	0	0	0	0.0	0.0	False	False
330	protected	4.8	1.4277930428956507	1.15	2.4	3.6	178.0	1.9	2.1	0.0	0.0	0	False	0.0	False	0.0	0.0	0.0	0	0	0	0	0	0	0	False	0	False	0	0	0	0	0.0	0.0	0.0	0.0	165.0	False	0.0	2.8	5241.6	0	0	75	3.674999999999997	1299	0	14676480.000000002	2403150	0	0.0	17079630.0	0	False	0	0	0	0	False	0	0	0	0	0	0	0.0	0.0	False	False
331	protected	4.8	1.4277930428956507	1.15	2.4	3.6	178.0	1.9	2.1	0.0	0.0	0	False	0.0	False	0.0	0.0	0.0	0	0	0	0	0	0	0	False	0	False	0	0	0	0	0.0	0.0	0.0	0.0	165.0	False	0.0	2.8	5241.6	0	0	75	3.674999999999997	1299	0	14676480.000000002	2403150	0	0.0	17079630.0	0	False	0	0	0	0	False	0	0	0	0	0	0	0.0	0.0	False	False
332	protected	4.8	1.4277930428956507	1.15	2.4	3.6	178.0	1.9	2.1	0.0	0.0	0	False	0.0	False	0.0	0.0	0.0	0	0	0	0	0	0	0	False	0	False	0	0	0	0	0.0	0.0	0.0	0.0	165.0	False	0.0	2.8	5241.6	0	0	75	3.674999999999997	1299	0	14676480.000000002	2403150	0	0.0	17079630.0	0	False	0	0	0	0	False	0	0	0	0	0	0	0.0	0.0	False	False
333	protected	4.8	1.4277930428956507	1.15	2.4	3.6	178.0	1.9	2.1	0.0	0.0	0	False	0.0	False	0.0	0.0	0.0	0	0	0	0	0	0	0	False	0	False	0	0	0	0	0.0	0.0	0.0	0.0	165.0	False	0.0	2.8	5241.6	0	0	75	3.674999999999997	1299	0	14676480.000000002	2403150	0	0.0	17079630.0	0	False	0	0	0	0	False	0	0	0	0	0	0	0.0	0.0	False	False
334	protected	4.8	1.4277930428956507	1.15	2.4	3.6	178.0	1.9	2.1	0.0	0.0	0	False	0.0	False	0.0	0.0	0.0	0	0	0	0	0	0	0	False	0	False	0	0	0	0	0.0	0.0	0.0	0.0	165.0	False	0.0	2.8	5241.6	0	0	75	3.674999999999997	1299	0	14676480.000000002	2403150	0	0.0	17079630.0	0	False	0	0	0	0	False	0	0	0	0	0	0	0.0	0.0	False	False
335	protected	4.8	1.4277930428956507	1.15	2.4	3.6	178.0	1.9	2.1	0.0	0.0	0	False	0.0	False	0.0	0.0	0.0	0	0	0	0	0	0	0	False	0	False	0	0	0	0	0.0	0.0	0.0	0.0	165.0	False	0.0	2.8	5241.6	0	0	75	3.674999999999997	1299	0	14676480.000000002	2403150	0	0.0	17079630.0	0	False	0	0	0	0	False	0	0	0	0	0	0	0.0	0.0	False	False
336	protected	4.8	1.4277930428956507	1.15	2.4	3.6	178.0	1.9	2.1	0.0	0.0	0	False	0.0	False	0.0	0.0	0.0	0	0	0	0	0	0	0	False	0	False	0	0	0	0	0.0	0.0	0.0	0.0	165.0	False	0.0	2.8	5241.6	0	0	75	3.674999999999997	1299	0	14676480.000000002	2403150	0	0.0	17079630.0	0	False	0	0	0	0	False	0	0	0	0	0	0	0.0	0.0	False	False
337	protected	4.8	1.4277930428956507	1.15	2.4	3.6	178.0	1.9	2.1	0.0	0.0	0	False	0.0	False	0.0	0.0	0.0	0	0	0	0	0	0	0	False	0	False	0	0	0	0	0.0	0.0	0.0	0.0	165.0	False	0.0	2.8	5241.6	0	0	75	3.674999999999997	1299	0	14676480.000000002	2403150	0	0.0	17079630.0	0	False	0	0	0	0	False	0	0	0	0	0	0	0.0	0.0	False	False
338	protected	4.8	1.4277930428956507	1.15	2.4	3.6	178.0	1.9	2.1	0.0	0.0	0	False	0.0	False	0.0	0.0	0.0	0	0	0	0	0	0	0	False	0	False	0	0	0	0	0.0	0.0	0.0	0.0	165.0	False	0.0	2.8	5241.6	0	0	75	3.674999999999997	1299	0	14676480.000000002	2403150	0	0.0	17079630.0	0	False	0	0	0	0	False	0	0	0	0	0	0	0.0	0.0	False	False
339	protected	4.8	1.4277930428956507	1.15	2.4	3.6	178.0	1.9	2.1	0.0	0.0	0	False	0.0	False	0.0	0.0	0.0	0	0	0	0	0	0	0	False	0	False	0	0	0	0	0.0	0.0	0.0	0.0	165.0	False	0.0	2.8	5241.6	0	0	75	3.674999999999997	1299	0	14676480.000000002	2403150	0	0.0	17079630.0	0	False	0	0	0	0	False	0	0	0	0	0	0	0.0	0.0	False	False
340	protected	4.8	1.4277930428956507	1.15	2.4	3.6	178.0	1.9	2.1	0.0	0.0	0	False	0.0	False	0.0	0.0	0.0	0	0	0	0	0	0	0	False	0	False	0	0	0	0	0.0	0.0	0.0	0.0	165.0	False	0.0	2.8	5241.6	0	0	75	3.674999999999997	1299	0	14676480.000000002	2403150	0	0.0	17079630.0	0	False	0	0	0	0	False	0	0	0	0	0	0	0.0	0.0	False	False
341	protected	4.8	1.4277930428956507	1.15	2.4	3.6	178.0	1.9	2.1	0.0	0.0	0	False	0.0	False	0.0	0.0	0.0	0	0	0	0	0	0	0	False	0	False	0	0	0	0	0.0	0.0	0.0	0.0	165.0	False	0.0	2.8	5241.6	0	0	75	3.674999999999997	1299	0	14676480.000000002	2403150	0	0.0	17079630.0	0	False	0	0	0	0	False	0	0	0	0	0	0	0.0	0.0	False	False
342	protected	4.8	1.4277930428956507	1.15	2.4	3.6	178.0	1.9	2.1	0.0	0.0	0	False	0.0	False	0.0	0.0	0.0	0	0	0	0	0	0	0	False	0	False	0	0	0	0	0.0	0.0	0.0	0.0	165.0	False	0.0	2.8	5241.6	0	0	75	3.674999999999997	1299	0	14676480.000000002	2403150	0	0.0	17079630.0	0	False	0	0	0	0	False	0	0	0	0	0	0	0.0	0.0	False	False
343	protected	4.8	1.4277930428956507	1.15	2.4	3.6	178.0	1.9	2.1	0.0	0.0	0	False	0.0	False	0.0	0.0	0.0	0	0	0	0	0	0	0	False	0	False	0	0	0	0	0.0	0.0	0.0	0.0	165.0	False	0.0	2.8	5241.6	0	0	75	3.674999999999997	1299	0	14676480.000000002	2403150	0	0.0	17079630.0	0	False	0	0	0	0	False	0	0	0	0	0	0	0.0	0.0	False	False
344	protected	4.8	1.4277930428956507	1.15	2.4	3.6	178.0	1.9	2.1	0.0	0.0	0	False	0.0	False	0.0	0.0	0.0	0	0	0	0	0	0	0	False	0	False	0	0	0	0	0.0	0.0	0.0	0.0	165.0	False	0.0	2.8	5241.6	0	0	75	3.674999999999997	1299	0	14676480.000000002	2403150	0	0.0	17079630.0	0	False	0	0	0	0	False	0	0	0	0	0	0	0.0	0.0	False	False
345	protected	4.8	1.4277930428956507	1.15	2.4	3.6	178.0	1.9	2.1	0.0	0.0	0	False	0.0	False	0.0	0.0	0.0	0	0	0	0	0	0	0	False	0	False	0	0	0	0	0.0	0.0	0.0	0.0	165.0	False	0.0	2.8	5241.6	0	0	75	3.674999999999997	1299	0	14676480.000000002	2403150	0	0.0	17079630.0	0	False	0	0	0	0	False	0	0	0	0	0	0	0.0	0.0	False	False
346	protected	4.8	1.4277930428956507	1.15	2.4	3.6	178.0	1.9	2.1	0.0	0.0	0	False	0.0	False	0.0	0.0	0.0	0	0	0	0	0	0	0	False	0	False	0	0	0	0	0.0	0.0	0.0	0.0	165.0	False	0.0	2.8	5241.6	0	0	75	3.674999999999997	1299	0	14676480.000000002	2403150	0	0.0	17079630.0	0	False	0	0	0	0	False	0	0	0	0	0	0	0.0	0.0	False	False
347	protected	4.8	1.4277930428956507	1.15	2.4	3.6	178.0	1.9	2.1	0.0	0.0	0	False	0.0	False	0.0	0.0	0.0	0	0	0	0	0	0	0	False	0	False	0	0	0	0	0.0	0.0	0.0	0.0	165.0	False	0.0	2.8	5241.6	0	0	75	3.674999999999997	1299	0	14676480.000000002	2403150	0	0.0	17079630.0	0	False	0	0	0	0	False	0	0	0	0	0	0	0.0	0.0	False	False
348	protected	4.8	1.4277930428956507	1.15	2.4	3.6	178.0	1.9	2.1	0.0	0.0	0	False	0.0	False	0.0	0.0	0.0	0	0	0	0	0	0	0	False	0	False	0	0	0	0	0.0	0.0	0.0	0.0	165.0	False	0.0	2.8	5241.6	0	0	75	3.674999999999997	1299	0	14676480.000000002	2403150	0	0.0	17079630.0	0	False	0	0	0	0	False	0	0	0	0	0	0	0.0	0.0	False	False
349	protected	4.8	1.4277930428956507	1.15	2.4	3.6	178.0	1.9	2.1	0.0	0.0	0	False	0.0	False	0.0	0.0	0.0	0	0	0	0	0	0	0	False	0	False	0	0	0	0	0.0	0.0	0.0	0.0	165.0	False	0.0	2.8	5241.6	0	0	75	3.674999999999997	1299	0	14676480.000000002	2403150	0	0.0	17079630.0	0	False	0	0	0	0	False	0	0	0	0	0	0	0.0	0.0	False	False
350	protected	4.8	1.4277930428956507	1.15	2.4	3.6	178.0	1.9	2.1	0.0	0.0	0	False	0.0	False	0.0	0.0	0.0	0	0	0	0	0	0	0	False	0	False	0	0	0	0	0.0	0.0	0.0	0.0	165.0	False	0.0	2.8	5241.6	0	0	75	3.674999999999997	1299	0	14676480.000000002	2403150	0	0.0	17079630.0	0	False	0	0	0	0	False	0	0	0	0	0	0	0.0	0.0	False	False
351	protected	4.8	1.4277930428956507	1.15	2.4	3.6	178.0	1.9	2.1	0.0	0.0	0	False	0.0	False	0.0	0.0	0.0	0	0	0	0	0	0	0	False	0	False	0	0	0	0	0.0	0.0	0.0	0.0	165.0	False	0.0	2.8	5241.6	0	0	75	3.674999999999997	1299	0	14676480.000000002	2403150	0	0.0	17079630.0	0	False	0	0	0	0	False	0	0	0	0	0	0	0.0	0.0	False	False
352	protected	4.8	1.4277930428956507	1.15	2.4	3.6	178.0	1.9	2.1	0.0	0.0	0	False	0.0	False	0.0	0.0	0.0	0	0	0	0	0	0	0	False	0	False	0	0	0	0	0.0	0.0	0.0	0.0	165.0	False	0.0	2.8	5241.6	0	0	75	3.674999999999997	1299	0	14676480.000000002	2403150	0	0.0	17079630.0	0	False	0	0	0	0	False	0	0	0	0	0	0	0.0	0.0	False	False
353	protected	4.8	1.4277930428956507	1.15	2.4	3.6	178.0	1.9	2.1	0.0	0.0	0	False	0.0	False	0.0	0.0	0.0	0	0	0	0	0	0	0	False	0	False	0	0	0	0	0.0	0.0	0.0	0.0	165.0	False	0.0	2.8	5241.6	0	0	75	3.674999999999997	1299	0	14676480.000000002	2403150	0	0.0	17079630.0	0	False	0	0	0	0	False	0	0	0	0	0	0	0.0	0.0	False	False
354	protected	4.8	1.4277930428956507	1.15	2.4	3.6	178.0	1.9	2.1	0.0	0.0	0	False	0.0	False	0.0	0.0	0.0	0	0	0	0	0	0	0	False	0	False	0	0	0	0	0.0	0.0	0.0	0.0	165.0	False	0.0	2.8	5241.6	0	0	75	3.674999999999997	1299	0	14676480.000000002	2403150	0	0.0	17079630.0	0	False	0	0	0	0	False	0	0	0	0	0	0	0.0	0.0	False	False
355	protected	4.8	1.4277930428956507	1.15	2.4	3.6	178.0	1.9	2.1	0.0	0.0	0	False	0.0	False	0.0	0.0	0.0	0	0	0	0	0	0	0	False	0	False	0	0	0	0	0.0	0.0	0.0	0.0	165.0	False	0.0	2.8	5241.6	0	0	75	3.674999999999997	1299	0	14676480.000000002	2403150	0	0.0	17079630.0	0	False	0	0	0	0	False	0	0	0	0	0	0	0.0	0.0	False	False
356	protected	4.8	1.4277930428956507	1.15	2.4	3.6	178.0	1.9	2.1	0.0	0.0	0	False	0.0	False	0.0	0.0	0.0	0	0	0	0	0	0	0	False	0	False	0	0	0	0	0.0	0.0	0.0	0.0	165.0	False	0.0	2.8	5241.6	0	0	75	3.674999999999997	1299	0	14676480.000000002	2403150	0	0.0	17079630.0	0	False	0	0	0	0	False	0	0	0	0	0	0	0.0	0.0	False	False
357	protected	4.8	1.4277930428956507	1.15	2.4	3.6	178.0	1.9	2.1	0.0	0.0	0	False	0.0	False	0.0	0.0	0.0	0	0	0	0	0	0	0	False	0	False	0	0	0	0	0.0	0.0	0.0	0.0	165.0	False	0.0	2.8	5241.6	0	0	75	3.674999999999997	1299	0	14676480.000000002	2403150	0	0.0	17079630.0	0	False	0	0	0	0	False	0	0	0	0	0	0	0.0	0.0	False	False
358	protected	4.8	1.4277930428956507	1.15	2.4	3.6	178.0	1.9	2.1	0.0	0.0	0	False	0.0	False	0.0	0.0	0.0	0	0	0	0	0	0	0	False	0	False	0	0	0	0	0.0	0.0	0.0	0.0	165.0	False	0.0	2.8	5241.6	0	0	75	3.674999999999997	1299	0	14676480.000000002	2403150	0	0.0	17079630.0	0	False	0	0	0	0	False	0	0	0	0	0	0	0.0	0.0	False	False
359	protected	4.8	1.4277930428956507	1.15	2.4	3.6	178.0	1.9	2.1	0.0	0.0	0	False	0.0	False	0.0	0.0	0.0	0	0	0	0	0	0	0	False	0	False	0	0	0	0	0.0	0.0	0.0	0.0	165.0	False	0.0	2.8	5241.6	0	0	75	3.674999999999997	1299	0	14676480.000000002	2403150	0	0.0	17079630.0	0	False	0	0	0	0	False	0	0	0	0	0	0	0.0	0.0	False	False
360	protected	4.8	1.4277930428956507	1.15	2.4	3.6	178.0	1.9	2.1	0.0	0.0	0	False	0.0	False	0.0	0.0	0.0	0	0	0	0	0	0	0	False	0	False	0	0	0	0	0.0	0.0	0.0	0.0	165.0	False	0.0	2.8	5241.6	0	0	75	3.674999999999997	1299	0	14676480.000000002	2403150	0	0.0	17079630.0	0	False	0	0	0	0	False	0	0	0	0	0	0	0.0	0.0	False	False
361	protected	4.8	1.4277930428956507	1.15	2.4	3.6	178.0	1.9	2.1	0.0	0.0	0	False	0.0	False	0.0	0.0	0.0	0	0	0	0	0	0	0	False	0	False	0	0	0	0	0.0	0.0	0.0	0.0	165.0	False	0.0	2.8	5241.6	0	0	75	3.674999999999997	1299	0	14676480.000000002	2403150	0	0.0	17079630.0	0	False	0	0	0	0	False	0	0	0	0	0	0	0.0	0.0	False	False
362	protected	4.8	1.4277930428956507	1.15	2.4	3.6	178.0	1.9	2.1	0.0	0.0	0	False	0.0	False	0.0	0.0	0.0	0	0	0	0	0	0	0	False	0	False	0	0	0	0	0.0	0.0	0.0	0.0	165.0	False	0.0	2.8	5241.6	0	0	75	3.674999999999997	1299	0	14676480.000000002	2403150	0	0.0	17079630.0	0	False	0	0	0	0	False	0	0	0	0	0	0	0.0	0.0	False	False
363	protected	4.8	1.4277930428956507	1.15	2.4	3.6	178.0	1.9	2.1	0.0	0.0	0	False	0.0	False	0.0	0.0	0.0	0	0	0	0	0	0	0	False	0	False	0	0	0	0	0.0	0.0	0.0	0.0	165.0	False	0.0	2.8	5241.6	0	0	75	3.674999999999997	1299	0	14676480.000000002	2403150	0	0.0	17079630.0	0	False	0	0	0	0	False	0	0	0	0	0	0	0.0	0.0	False	False
364	protected	4.8	1.4277930428956507	1.15	2.4	3.6	178.0	1.9	2.1	0.0	0.0	0	False	0.0	False	0.0	0.0	0.0	0	0	0	0	0	0	0	False	0	False	0	0	0	0	0.0	0.0	0.0	0.0	165.0	False	0.0	2.8	5241.6	0	0	75	3.674999999999997	1299	0	14676480.000000002	2403150	0	0.0	17079630.0	0	False	0	0	0	0	False	0	0	0	0	0	0	0.0	0.0	False	False
365	protected	4.8	1.4277930428956507	1.15	2.4	3.6	178.0	1.9	2.1	0.0	0.0	0	False	0.0	False	0.0	0.0	0.0	0	0	0	0	0	0	0	False	0	False	0	0	0	0	0.0	0.0	0.0	0.0	165.0	False	0.0	2.8	5241.6	0	0	75	3.674999999999997	1299	0	14676480.000000002	2403150	0	0.0	17079630.0	0	False	0	0	0	0	False	0	0	0	0	0	0	0.0	0.0	False	False
366	protected	4.8	1.4277930428956507	1.15	2.4	3.6	178.0	1.9	2.1	0.0	0.0	0	False	0.0	False	0.0	0.0	0.0	0	0	0	0	0	0	0	False	0	False	0	0	0	0	0.0	0.0	0.0	0.0	165.0	False	0.0	2.8	5241.6	0	0	75	3.674999999999997	1299	0	14676480.000000002	2403150	0	0.0	17079630.0	0	False	0	0	0	0	False	0	0	0	0	0	0	0.0	0.0	False	False
367	protected	4.8	1.4277930428956507	1.15	2.4	3.6	178.0	1.9	2.1	0.0	0.0	0	False	0.0	False	0.0	0.0	0.0	0	0	0	0	0	0	0	False	0	False	0	0	0	0	0.0	0.0	0.0	0.0	165.0	False	0.0	2.8	5241.6	0	0	75	3.674999999999997	1299	0	14676480.000000002	2403150	0	0.0	17079630.0	0	False	0	0	0	0	False	0	0	0	0	0	0	0.0	0.0	False	False
368	protected	4.8	1.4277930428956507	1.15	2.4	3.6	178.0	1.9	2.1	0.0	0.0	0	False	0.0	False	0.0	0.0	0.0	0	0	0	0	0	0	0	False	0	False	0	0	0	0	0.0	0.0	0.0	0.0	165.0	False	0.0	2.8	5241.6	0	0	75	3.674999999999997	1299	0	14676480.000000002	2403150	0	0.0	17079630.0	0	False	0	0	0	0	False	0	0	0	0	0	0	0.0	0.0	False	False
369	protected	4.8	1.4277930428956507	1.15	2.4	3.6	178.0	1.9	2.1	0.0	0.0	0	False	0.0	False	0.0	0.0	0.0	0	0	0	0	0	0	0	False	0	False	0	0	0	0	0.0	0.0	0.0	0.0	165.0	False	0.0	2.8	5241.6	0	0	75	3.674999999999997	1299	0	14676480.000000002	2403150	0	0.0	17079630.0	0	False	0	0	0	0	False	0	0	0	0	0	0	0.0	0.0	False	False
370	protected	4.8	1.4277930428956507	1.15	2.4	3.6	178.0	1.9	2.1	0.0	0.0	0	False	0.0	False	0.0	0.0	0.0	0	0	0	0	0	0	0	False	0	False	0	0	0	0	0.0	0.0	0.0	0.0	165.0	False	0.0	2.8	5241.6	0	0	75	3.674999999999997	1299	0	14676480.000000002	2403150	0	0.0	17079630.0	0	False	0	0	0	0	False	0	0	0	0	0	0	0.0	0.0	False	False
371	protected	4.8	1.4277930428956507	1.15	2.4	3.6	178.0	1.9	2.1	0.0	0.0	0	False	0.0	False	0.0	0.0	0.0	0	0	0	0	0	0	0	False	0	False	0	0	0	0	0.0	0.0	0.0	0.0	165.0	False	0.0	2.8	5241.6	0	0	75	3.674999999999997	1299	0	14676480.000000002	2403150	0	0.0	17079630.0	0	False	0	0	0	0	False	0	0	0	0	0	0	0.0	0.0	False	False
372	protected	4.8	1.4277930428956507	1.15	2.4	3.6	178.0	1.9	2.1	0.0	0.0	0	False	0.0	False	0.0	0.0	0.0	0	0	0	0	0	0	0	False	0	False	0	0	0	0	0.0	0.0	0.0	0.0	165.0	False	0.0	2.8	5241.6	0	0	75	3.674999999999997	1299	0	14676480.000000002	2403150	0	0.0	17079630.0	0	False	0	0	0	0	False	0	0	0	0	0	0	0.0	0.0	False	False
373	protected	4.8	1.4277930428956507	1.15	2.4	3.6	178.0	1.9	2.1	0.0	0.0	0	False	0.0	False	0.0	0.0	0.0	0	0	0	0	0	0	0	False	0	False	0	0	0	0	0.0	0.0	0.0	0.0	165.0	False	0.0	2.8	5241.6	0	0	75	3.674999999999997	1299	0	14676480.000000002	2403150	0	0.0	17079630.0	0	False	0	0	0	0	False	0	0	0	0	0	0	0.0	0.0	False	False
374	protected	4.8	1.4277930428956507	1.15	2.4	3.6	178.0	1.9	2.1	0.0	0.0	0	False	0.0	False	0.0	0.0	0.0	0	0	0	0	0	0	0	False	0	False	0	0	0	0	0.0	0.0	0.0	0.0	165.0	False	0.0	2.8	5241.6	0	0	75	3.674999999999997	1299	0	14676480.000000002	2403150	0	0.0	17079630.0	0	False	0	0	0	0	False	0	0	0	0	0	0	0.0	0.0	False	False
375	protected	4.8	1.4277930428956507	1.15	2.4	3.6	178.0	1.9	2.1	0.0	0.0	0	False	0.0	False	0.0	0.0	0.0	0	0	0	0	0	0	0	False	0	False	0	0	0	0	0.0	0.0	0.0	0.0	165.0	False	0.0	2.8	5241.6	0	0	75	3.674999999999997	1299	0	14676480.000000002	2403150	0	0.0	17079630.0	0	False	0	0	0	0	False	0	0	0	0	0	0	0.0	0.0	False	False
376	protected	4.8	1.4277930428956507	1.15	2.4	3.6	178.0	1.9	2.1	0.0	0.0	0	False	0.0	False	0.0	0.0	0.0	0	0	0	0	0	0	0	False	0	False	0	0	0	0	0.0	0.0	0.0	0.0	165.0	False	0.0	2.8	5241.6	0	0	75	3.674999999999997	1299	0	14676480.000000002	2403150	0	0.0	17079630.0	0	False	0	0	0	0	False	0	0	0	0	0	0	0.0	0.0	False	False
377	protected	4.8	1.4277930428956507	1.15	2.4	3.6	178.0	1.9	2.1	0.0	0.0	0	False	0.0	False	0.0	0.0	0.0	0	0	0	0	0	0	0	False	0	False	0	0	0	0	0.0	0.0	0.0	0.0	165.0	False	0.0	2.8	5241.6	0	0	75	3.674999999999997	1299	0	14676480.000000002	2403150	0	0.0	17079630.0	0	False	0	0	0	0	False	0	0	0	0	0	0	0.0	0.0	False	False
378	protected	4.8	1.4277930428956507	1.15	2.4	3.6	178.0	1.9	2.1	0.0	0.0	0	False	0.0	False	0.0	0.0	0.0	0	0	0	0	0	0	0	False	0	False	0	0	0	0	0.0	0.0	0.0	0.0	165.0	False	0.0	2.8	5241.6	0	0	75	3.674999999999997	1299	0	14676480.000000002	2403150	0	0.0	17079630.0	0	False	0	0	0	0	False	0	0	0	0	0	0	0.0	0.0	False	False
379	protected	4.8	1.4277930428956507	1.15	2.4	3.6	178.0	1.9	2.1	0.0	0.0	0	False	0.0	False	0.0	0.0	0.0	0	0	0	0	0	0	0	False	0	False	0	0	0	0	0.0	0.0	0.0	0.0	165.0	False	0.0	2.8	5241.6	0	0	75	3.674999999999997	1299	0	14676480.000000002	2403150	0	0.0	17079630.0	0	False	0	0	0	0	False	0	0	0	0	0	0	0.0	0.0	False	False
380	protected	4.8	1.4277930428956507	1.15	2.4	3.6	178.0	1.9	2.1	0.0	0.0	0	False	0.0	False	0.0	0.0	0.0	0	0	0	0	0	0	0	False	0	False	0	0	0	0	0.0	0.0	0.0	0.0	165.0	False	0.0	2.8	5241.6	0	0	75	3.674999999999997	1299	0	14676480.000000002	2403150	0	0.0	17079630.0	0	False	0	0	0	0	False	0	0	0	0	0	0	0.0	0.0	False	False
381	protected	4.8	1.4277930428956507	1.15	2.4	3.6	178.0	1.9	2.1	0.0	0.0	0	False	0.0	False	0.0	0.0	0.0	0	0	0	0	0	0	0	False	0	False	0	0	0	0	0.0	0.0	0.0	0.0	165.0	False	0.0	2.8	5241.6	0	0	75	3.674999999999997	1299	0	14676480.000000002	2403150	0	0.0	17079630.0	0	False	0	0	0	0	False	0	0	0	0	0	0	0.0	0.0	False	False
382	protected	4.8	1.4277930428956507	1.15	2.4	3.6	178.0	1.9	2.1	0.0	0.0	0	False	0.0	False	0.0	0.0	0.0	0	0	0	0	0	0	0	False	0	False	0	0	0	0	0.0	0.0	0.0	0.0	165.0	False	0.0	2.8	5241.6	0	0	75	3.674999999999997	1299	0	14676480.000000002	2403150	0	0.0	17079630.0	0	False	0	0	0	0	False	0	0	0	0	0	0	0.0	0.0	False	False
383	protected	4.8	1.4277930428956507	1.15	2.4	3.6	178.0	1.9	2.1	0.0	0.0	0	False	0.0	False	0.0	0.0	0.0	0	0	0	0	0	0	0	False	0	False	0	0	0	0	0.0	0.0	0.0	0.0	165.0	False	0.0	2.8	5241.6	0	0	75	3.674999999999997	1299	0	14676480.000000002	2403150	0	0.0	17079630.0	0	False	0	0	0	0	False	0	0	0	0	0	0	0.0	0.0	False	False
384	protected	4.8	1.4277930428956507	1.15	2.4	3.6	178.0	1.9	2.1	0.0	0.0	0	False	0.0	False	0.0	0.0	0.0	0	0	0	0	0	0	0	False	0	False	0	0	0	0	0.0	0.0	0.0	0.0	165.0	False	0.0	2.8	5241.6	0	0	75	3.674999999999997	1299	0	14676480.000000002	2403150	0	0.0	17079630.0	0	False	0	0	0	0	False	0	0	0	0	0	0	0.0	0.0	False	False
385	protected	4.8	1.4277930428956507	1.15	2.4	3.6	178.0	1.9	2.1	0.0	0.0	0	False	0.0	False	0.0	0.0	0.0	0	0	0	0	0	0	0	False	0	False	0	0	0	0	0.0	0.0	0.0	0.0	165.0	False	0.0	2.8	5241.6	0	0	75	3.674999999999997	1299	0	14676480.000000002	2403150	0	0.0	17079630.0	0	False	0	0	0	0	False	0	0	0	0	0	0	0.0	0.0	False	False
386	protected	4.8	1.4277930428956507	1.15	2.4	3.6	178.0	1.9	2.1	0.0	0.0	0	False	0.0	False	0.0	0.0	0.0	0	0	0	0	0	0	0	False	0	False	0	0	0	0	0.0	0.0	0.0	0.0	165.0	False	0.0	2.8	5241.6	0	0	75	3.674999999999997	1299	0	14676480.000000002	2403150	0	0.0	17079630.0	0	False	0	0	0	0	False	0	0	0	0	0	0	0.0	0.0	False	False
387	protected	4.8	1.4277930428956507	1.15	2.4	3.6	178.0	1.9	2.1	0.0	0.0	0	False	0.0	False	0.0	0.0	0.0	0	0	0	0	0	0	0	False	0	False	0	0	0	0	0.0	0.0	0.0	0.0	165.0	False	0.0	2.8	5241.6	0	0	75	3.674999999999997	1299	0	14676480.000000002	2403150	0	0.0	17079630.0	0	False	0	0	0	0	False	0	0	0	0	0	0	0.0	0.0	False	False
388	protected	4.8	1.4277930428956507	1.15	2.4	3.6	178.0	1.9	2.1	0.0	0.0	0	False	0.0	False	0.0	0.0	0.0	0	0	0	0	0	0	0	False	0	False	0	0	0	0	0.0	0.0	0.0	0.0	165.0	False	0.0	2.8	5241.6	0	0	75	3.674999999999997	1299	0	14676480.000000002	2403150	0	0.0	17079630.0	0	False	0	0	0	0	False	0	0	0	0	0	0	0.0	0.0	False	False
389	protected	4.8	1.4277930428956507	1.15	2.4	3.6	178.0	1.9	2.1	0.0	0.0	0	False	0.0	False	0.0	0.0	0.0	0	0	0	0	0	0	0	False	0	False	0	0	0	0	0.0	0.0	0.0	0.0	165.0	False	0.0	2.8	5241.6	0	0	75	3.674999999999997	1299	0	14676480.000000002	2403150	0	0.0	17079630.0	0	False	0	0	0	0	False	0	0	0	0	0	0	0.0	0.0	False	False
390	protected	4.8	1.4277930428956507	1.15	2.4	3.6	178.0	1.9	2.1	0.0	0.0	0	False	0.0	False	0.0	0.0	0.0	0	0	0	0	0	0	0	False	0	False	0	0	0	0	0.0	0.0	0.0	0.0	165.0	False	0.0	2.8	5241.6	0	0	75	3.674999999999997	1299	0	14676480.000000002	2403150	0	0.0	17079630.0	0	False	0	0	0	0	False	0	0	0	0	0	0	0.0	0.0	False	False
391	protected	4.8	1.4277930428956507	1.15	2.4	3.6	178.0	1.9	2.1	0.0	0.0	0	False	0.0	False	0.0	0.0	0.0	0	0	0	0	0	0	0	False	0	False	0	0	0	0	0.0	0.0	0.0	0.0	165.0	False	0.0	2.8	5241.6	0	0	75	3.674999999999997	1299	0	14676480.000000002	2403150	0	0.0	17079630.0	0	False	0	0	0	0	False	0	0	0	0	0	0	0.0	0.0	False	False
392	protected	4.8	1.4277930428956507	1.15	2.4	3.6	178.0	1.9	2.1	0.0	0.0	0	False	0.0	False	0.0	0.0	0.0	0	0	0	0	0	0	0	False	0	False	0	0	0	0	0.0	0.0	0.0	0.0	165.0	False	0.0	2.8	5241.6	0	0	75	3.674999999999997	1299	0	14676480.000000002	2403150	0	0.0	17079630.0	0	False	0	0	0	0	False	0	0	0	0	0	0	0.0	0.0	False	False
393	protected	4.8	1.4277930428956507	1.15	2.4	3.6	178.0	1.9	2.1	0.0	0.0	0	False	0.0	False	0.0	0.0	0.0	0	0	0	0	0	0	0	False	0	False	0	0	0	0	0.0	0.0	0.0	0.0	165.0	False	0.0	2.8	5241.6	0	0	75	3.674999999999997	1299	0	14676480.000000002	2403150	0	0.0	17079630.0	0	False	0	0	0	0	False	0	0	0	0	0	0	0.0	0.0	False	False
394	protected	4.8	1.4277930428956507	1.15	2.4	3.6	178.0	1.9	2.1	0.0	0.0	0	False	0.0	False	0.0	0.0	0.0	0	0	0	0	0	0	0	False	0	False	0	0	0	0	0.0	0.0	0.0	0.0	165.0	False	0.0	2.8	5241.6	0	0	75	3.674999999999997	1299	0	14676480.000000002	2403150	0	0.0	17079630.0	0	False	0	0	0	0	False	0	0	0	0	0	0	0.0	0.0	False	False
395	protected	4.8	1.4277930428956507	1.15	2.4	3.6	178.0	1.9	2.1	0.0	0.0	0	False	0.0	False	0.0	0.0	0.0	0	0	0	0	0	0	0	False	0	False	0	0	0	0	0.0	0.0	0.0	0.0	165.0	False	0.0	2.8	5241.6	0	0	75	3.674999999999997	1299	0	14676480.000000002	2403150	0	0.0	17079630.0	0	False	0	0	0	0	False	0	0	0	0	0	0	0.0	0.0	False	False
396	protected	4.8	1.4277930428956507	1.15	2.4	3.6	178.0	1.9	2.1	0.0	0.0	0	False	0.0	False	0.0	0.0	0.0	0	0	0	0	0	0	0	False	0	False	0	0	0	0	0.0	0.0	0.0	0.0	165.0	False	0.0	2.8	5241.6	0	0	75	3.674999999999997	1299	0	14676480.000000002	2403150	0	0.0	17079630.0	0	False	0	0	0	0	False	0	0	0	0	0	0	0.0	0.0	False	False
397	protected	4.8	1.4277930428956507	1.15	2.4	3.6	178.0	1.9	2.1	0.0	0.0	0	False	0.0	False	0.0	0.0	0.0	0	0	0	0	0	0	0	False	0	False	0	0	0	0	0.0	0.0	0.0	0.0	165.0	False	0.0	2.8	5241.6	0	0	75	3.674999999999997	1299	0	14676480.000000002	2403150	0	0.0	17079630.0	0	False	0	0	0	0	False	0	0	0	0	0	0	0.0	0.0	False	False
398	protected	4.8	1.4277930428956507	1.15	2.4	3.6	178.0	1.9	2.1	0.0	0.0	0	False	0.0	False	0.0	0.0	0.0	0	0	0	0	0	0	0	False	0	False	0	0	0	0	0.0	0.0	0.0	0.0	165.0	False	0.0	2.8	5241.6	0	0	75	3.674999999999997	1299	0	14676480.000000002	2403150	0	0.0	17079630.0	0	False	0	0	0	0	False	0	0	0	0	0	0	0.0	0.0	False	False
399	protected	4.8	1.4277930428956507	1.15	2.4	3.6	178.0	1.9	2.1	0.0	0.0	0	False	0.0	False	0.0	0.0	0.0	0	0	0	0	0	0	0	False	0	False	0	0	0	0	0.0	0.0	0.0	0.0	165.0	False	0.0	2.8	5241.6	0	0	75	3.674999999999997	1299	0	14676480.000000002	2403150	0	0.0	17079630.0	0	False	0	0	0	0	False	0	0	0	0	0	0	0.0	0.0	False	False
400	protected	4.8	1.4277930428956507	1.15	2.4	3.6	178.0	1.9	2.1	0.0	0.0	0	False	0.0	False	0.0	0.0	0.0	0	0	0	0	0	0	0	False	0	False	0	0	0	0	0.0	0.0	0.0	0.0	165.0	False	0.0	2.8	5241.6	0	0	75	3.674999999999997	1299	0	14676480.000000002	2403150	0	0.0	17079630.0	0	False	0	0	0	0	False	0	0	0	0	0	0	0.0	0.0	False	False
401	protected	4.8	1.4277930428956507	1.15	2.4	3.6	178.0	1.9	2.1	0.0	0.0	0	False	0.0	False	0.0	0.0	0.0	0	0	0	0	0	0	0	False	0	False	0	0	0	0	0.0	0.0	0.0	0.0	165.0	False	0.0	2.8	5241.6	0	0	75	3.674999999999997	1299	0	14676480.000000002	2403150	0	0.0	17079630.0	0	False	0	0	0	0	False	0	0	0	0	0	0	0.0	0.0	False	False
402	protected	4.8	1.4277930428956507	1.15	2.4	3.6	178.0	1.9	2.1	0.0	0.0	0	False	0.0	False	0.0	0.0	0.0	0	0	0	0	0	0	0	False	0	False	0	0	0	0	0.0	0.0	0.0	0.0	165.0	False	0.0	2.8	5241.6	0	0	75	3.674999999999997	1299	0	14676480.000000002	2403150	0	0.0	17079630.0	0	False	0	0	0	0	False	0	0	0	0	0	0	0.0	0.0	False	False
403	protected	4.8	1.4277930428956507	1.15	2.4	3.6	178.0	1.9	2.1	0.0	0.0	0	False	0.0	False	0.0	0.0	0.0	0	0	0	0	0	0	0	False	0	False	0	0	0	0	0.0	0.0	0.0	0.0	165.0	False	0.0	2.8	5241.6	0	0	75	3.674999999999997	1299	0	14676480.000000002	2403150	0	0.0	17079630.0	0	False	0	0	0	0	False	0	0	0	0	0	0	0.0	0.0	False	False
404	protected	4.8	1.4277930428956507	1.15	2.4	3.6	178.0	1.9	2.1	0.0	0.0	0	False	0.0	False	0.0	0.0	0.0	0	0	0	0	0	0	0	False	0	False	0	0	0	0	0.0	0.0	0.0	0.0	165.0	False	0.0	2.8	5241.6	0	0	75	3.674999999999997	1299	0	14676480.000000002	2403150	0	0.0	17079630.0	0	False	0	0	0	0	False	0	0	0	0	0	0	0.0	0.0	False	False
405	protected	4.8	1.4277930428956507	1.15	2.4	3.6	178.0	1.9	2.1	0.0	0.0	0	False	0.0	False	0.0	0.0	0.0	0	0	0	0	0	0	0	False	0	False	0	0	0	0	0.0	0.0	0.0	0.0	165.0	False	0.0	2.8	5241.6	0	0	75	3.674999999999997	1299	0	14676480.000000002	2403150	0	0.0	17079630.0	0	False	0	0	0	0	False	0	0	0	0	0	0	0.0	0.0	False	False
406	protected	4.8	1.4277930428956507	1.15	2.4	3.6	178.0	1.9	2.1	0.0	0.0	0	False	0.0	False	0.0	0.0	0.0	0	0	0	0	0	0	0	False	0	False	0	0	0	0	0.0	0.0	0.0	0.0	165.0	False	0.0	2.8	5241.6	0	0	75	3.674999999999997	1299	0	14676480.000000002	2403150	0	0.0	17079630.0	0	False	0	0	0	0	False	0	0	0	0	0	0	0.0	0.0	False	False
407	protected	4.8	1.4277930428956507	1.15	2.4	3.6	178.0	1.9	2.1	0.0	0.0	0	False	0.0	False	0.0	0.0	0.0	0	0	0	0	0	0	0	False	0	False	0	0	0	0	0.0	0.0	0.0	0.0	165.0	False	0.0	2.8	5241.6	0	0	75	3.674999999999997	1299	0	14676480.000000002	2403150	0	0.0	17079630.0	0	False	0	0	0	0	False	0	0	0	0	0	0	0.0	0.0	False	False
408	protected	4.8	1.4277930428956507	1.15	2.4	3.6	178.0	1.9	2.1	0.0	0.0	0	False	0.0	False	0.0	0.0	0.0	0	0	0	0	0	0	0	False	0	False	0	0	0	0	0.0	0.0	0.0	0.0	165.0	False	0.0	2.8	5241.6	0	0	75	3.674999999999997	1299	0	14676480.000000002	2403150	0	0.0	17079630.0	0	False	0	0	0	0	False	0	0	0	0	0	0	0.0	0.0	False	False
409	protected	4.8	1.4277930428956507	1.15	2.4	3.6	178.0	1.9	2.1	0.0	0.0	0	False	0.0	False	0.0	0.0	0.0	0	0	0	0	0	0	0	False	0	False	0	0	0	0	0.0	0.0	0.0	0.0	165.0	False	0.0	2.8	5241.6	0	0	75	3.674999999999997	1299	0	14676480.000000002	2403150	0	0.0	17079630.0	0	False	0	0	0	0	False	0	0	0	0	0	0	0.0	0.0	False	False
410	protected	4.8	1.4277930428956507	1.15	2.4	3.6	178.0	1.9	2.1	0.0	0.0	0	False	0.0	False	0.0	0.0	0.0	0	0	0	0	0	0	0	False	0	False	0	0	0	0	0.0	0.0	0.0	0.0	165.0	False	0.0	2.8	5241.6	0	0	75	3.674999999999997	1299	0	14676480.000000002	2403150	0	0.0	17079630.0	0	False	0	0	0	0	False	0	0	0	0	0	0	0.0	0.0	False	False
411	protected	4.8	1.4277930428956507	1.15	2.4	3.6	178.0	1.9	2.1	0.0	0.0	0	False	0.0	False	0.0	0.0	0.0	0	0	0	0	0	0	0	False	0	False	0	0	0	0	0.0	0.0	0.0	0.0	165.0	False	0.0	2.8	5241.6	0	0	75	3.674999999999997	1299	0	14676480.000000002	2403150	0	0.0	17079630.0	0	False	0	0	0	0	False	0	0	0	0	0	0	0.0	0.0	False	False
412	protected	4.8	1.4277930428956507	1.15	2.4	3.6	178.0	1.9	2.1	0.0	0.0	0	False	0.0	False	0.0	0.0	0.0	0	0	0	0	0	0	0	False	0	False	0	0	0	0	0.0	0.0	0.0	0.0	165.0	False	0.0	2.8	5241.6	0	0	75	3.674999999999997	1299	0	14676480.000000002	2403150	0	0.0	17079630.0	0	False	0	0	0	0	False	0	0	0	0	0	0	0.0	0.0	False	False
413	protected	4.8	1.4277930428956507	1.15	2.4	3.6	178.0	1.9	2.1	0.0	0.0	0	False	0.0	False	0.0	0.0	0.0	0	0	0	0	0	0	0	False	0	False	0	0	0	0	0.0	0.0	0.0	0.0	165.0	False	0.0	2.8	5241.6	0	0	75	3.674999999999997	1299	0	14676480.000000002	2403150	0	0.0	17079630.0	0	False	0	0	0	0	False	0	0	0	0	0	0	0.0	0.0	False	False
414	protected	4.8	1.4277930428956507	1.15	2.4	3.6	178.0	1.9	2.1	0.0	0.0	0	False	0.0	False	0.0	0.0	0.0	0	0	0	0	0	0	0	False	0	False	0	0	0	0	0.0	0.0	0.0	0.0	165.0	False	0.0	2.8	5241.6	0	0	75	3.674999999999997	1299	0	14676480.000000002	2403150	0	0.0	17079630.0	0	False	0	0	0	0	False	0	0	0	0	0	0	0.0	0.0	False	False
415	protected	4.8	1.4277930428956507	1.15	2.4	3.6	178.0	1.9	2.1	0.0	0.0	0	False	0.0	False	0.0	0.0	0.0	0	0	0	0	0	0	0	False	0	False	0	0	0	0	0.0	0.0	0.0	0.0	165.0	False	0.0	2.8	5241.6	0	0	75	3.674999999999997	1299	0	14676480.000000002	2403150	0	0.0	17079630.0	0	False	0	0	0	0	False	0	0	0	0	0	0	0.0	0.0	False	False
416	protected	4.8	1.4277930428956507	1.15	2.4	3.6	178.0	1.9	2.1	0.0	0.0	0	False	0.0	False	0.0	0.0	0.0	0	0	0	0	0	0	0	False	0	False	0	0	0	0	0.0	0.0	0.0	0.0	165.0	False	0.0	2.8	5241.6	0	0	75	3.674999999999997	1299	0	14676480.000000002	2403150	0	0.0	17079630.0	0	False	0	0	0	0	False	0	0	0	0	0	0	0.0	0.0	False	False
417	protected	4.8	1.4277930428956507	1.15	2.4	3.6	178.0	1.9	2.1	0.0	0.0	0	False	0.0	False	0.0	0.0	0.0	0	0	0	0	0	0	0	False	0	False	0	0	0	0	0.0	0.0	0.0	0.0	165.0	False	0.0	2.8	5241.6	0	0	75	3.674999999999997	1299	0	14676480.000000002	2403150	0	0.0	17079630.0	0	False	0	0	0	0	False	0	0	0	0	0	0	0.0	0.0	False	False
418	protected	4.8	1.4277930428956507	1.15	2.4	3.6	178.0	1.9	2.1	0.0	0.0	0	False	0.0	False	0.0	0.0	0.0	0	0	0	0	0	0	0	False	0	False	0	0	0	0	0.0	0.0	0.0	0.0	165.0	False	0.0	2.8	5241.6	0	0	75	3.674999999999997	1299	0	14676480.000000002	2403150	0	0.0	17079630.0	0	False	0	0	0	0	False	0	0	0	0	0	0	0.0	0.0	False	False
419	protected	4.8	1.4277930428956507	1.15	2.4	3.6	178.0	1.9	2.1	0.0	0.0	0	False	0.0	False	0.0	0.0	0.0	0	0	0	0	0	0	0	False	0	False	0	0	0	0	0.0	0.0	0.0	0.0	165.0	False	0.0	2.8	5241.6	0	0	75	3.674999999999997	1299	0	14676480.000000002	2403150	0	0.0	17079630.0	0	False	0	0	0	0	False	0	0	0	0	0	0	0.0	0.0	False	False
420	protected	4.8	1.4277930428956507	1.15	2.4	3.6	178.0	1.9	2.1	0.0	0.0	0	False	0.0	False	0.0	0.0	0.0	0	0	0	0	0	0	0	False	0	False	0	0	0	0	0.0	0.0	0.0	0.0	165.0	False	0.0	2.8	5241.6	0	0	75	3.674999999999997	1299	0	14676480.000000002	2403150	0	0.0	17079630.0	0	False	0	0	0	0	False	0	0	0	0	0	0	0.0	0.0	False	False
421	protected	4.8	1.4277930428956507	1.15	2.4	3.6	178.0	1.9	2.1	0.0	0.0	0	False	0.0	False	0.0	0.0	0.0	0	0	0	0	0	0	0	False	0	False	0	0	0	0	0.0	0.0	0.0	0.0	165.0	False	0.0	2.8	5241.6	0	0	75	3.674999999999997	1299	0	14676480.000000002	2403150	0	0.0	17079630.0	0	False	0	0	0	0	False	0	0	0	0	0	0	0.0	0.0	False	False
422	protected	4.8	1.4277930428956507	1.15	2.4	3.6	178.0	1.9	2.1	0.0	0.0	0	False	0.0	False	0.0	0.0	0.0	0	0	0	0	0	0	0	False	0	False	0	0	0	0	0.0	0.0	0.0	0.0	165.0	False	0.0	2.8	5241.6	0	0	75	3.674999999999997	1299	0	14676480.000000002	2403150	0	0.0	17079630.0	0	False	0	0	0	0	False	0	0	0	0	0	0	0.0	0.0	False	False
423	protected	4.8	1.4277930428956507	1.15	2.4	3.6	178.0	1.9	2.1	0.0	0.0	0	False	0.0	False	0.0	0.0	0.0	0	0	0	0	0	0	0	False	0	False	0	0	0	0	0.0	0.0	0.0	0.0	165.0	False	0.0	2.8	5241.6	0	0	75	3.674999999999997	1299	0	14676480.000000002	2403150	0	0.0	17079630.0	0	False	0	0	0	0	False	0	0	0	0	0	0	0.0	0.0	False	False
424	protected	4.8	1.4277930428956507	1.15	2.4	3.6	178.0	1.9	2.1	0.0	0.0	0	False	0.0	False	0.0	0.0	0.0	0	0	0	0	0	0	0	False	0	False	0	0	0	0	0.0	0.0	0.0	0.0	165.0	False	0.0	2.8	5241.6	0	0	75	3.674999999999997	1299	0	14676480.000000002	2403150	0	0.0	17079630.0	0	False	0	0	0	0	False	0	0	0	0	0	0	0.0	0.0	False	False
425	protected	4.8	1.4277930428956507	1.15	2.4	3.6	178.0	1.9	2.1	0.0	0.0	0	False	0.0	False	0.0	0.0	0.0	0	0	0	0	0	0	0	False	0	False	0	0	0	0	0.0	0.0	0.0	0.0	165.0	False	0.0	2.8	5241.6	0	0	75	3.674999999999997	1299	0	14676480.000000002	2403150	0	0.0	17079630.0	0	False	0	0	0	0	False	0	0	0	0	0	0	0.0	0.0	False	False
426	protected	4.8	1.4277930428956507	1.15	2.4	3.6	178.0	1.9	2.1	0.0	0.0	0	False	0.0	False	0.0	0.0	0.0	0	0	0	0	0	0	0	False	0	False	0	0	0	0	0.0	0.0	0.0	0.0	165.0	False	0.0	2.8	5241.6	0	0	75	3.674999999999997	1299	0	14676480.000000002	2403150	0	0.0	17079630.0	0	False	0	0	0	0	False	0	0	0	0	0	0	0.0	0.0	False	False
427	protected	4.8	1.4277930428956507	1.15	2.4	3.6	178.0	1.9	2.1	0.0	0.0	0	False	0.0	False	0.0	0.0	0.0	0	0	0	0	0	0	0	False	0	False	0	0	0	0	0.0	0.0	0.0	0.0	165.0	False	0.0	2.8	5241.6	0	0	75	3.674999999999997	1299	0	14676480.000000002	2403150	0	0.0	17079630.0	0	False	0	0	0	0	False	0	0	0	0	0	0	0.0	0.0	False	False
428	protected	4.8	1.4277930428956507	1.15	2.4	3.6	178.0	1.9	2.1	0.0	0.0	0	False	0.0	False	0.0	0.0	0.0	0	0	0	0	0	0	0	False	0	False	0	0	0	0	0.0	0.0	0.0	0.0	165.0	False	0.0	2.8	5241.6	0	0	75	3.674999999999997	1299	0	14676480.000000002	2403150	0	0.0	17079630.0	0	False	0	0	0	0	False	0	0	0	0	0	0	0.0	0.0	False	False
429	protected	4.8	1.4277930428956507	1.15	2.4	3.6	178.0	1.9	2.1	0.0	0.0	0	False	0.0	False	0.0	0.0	0.0	0	0	0	0	0	0	0	False	0	False	0	0	0	0	0.0	0.0	0.0	0.0	165.0	False	0.0	2.8	5241.6	0	0	75	3.674999999999997	1299	0	14676480.000000002	2403150	0	0.0	17079630.0	0	False	0	0	0	0	False	0	0	0	0	0	0	0.0	0.0	False	False
430	protected	4.8	1.4277930428956507	1.15	2.4	3.6	178.0	1.9	2.1	0.0	0.0	0	False	0.0	False	0.0	0.0	0.0	0	0	0	0	0	0	0	False	0	False	0	0	0	0	0.0	0.0	0.0	0.0	165.0	False	0.0	2.8	5241.6	0	0	75	3.674999999999997	1299	0	14676480.000000002	2403150	0	0.0	17079630.0	0	False	0	0	0	0	False	0	0	0	0	0	0	0.0	0.0	False	False
431	protected	4.8	1.4277930428956507	1.15	2.4	3.6	178.0	1.9	2.1	0.0	0.0	0	False	0.0	False	0.0	0.0	0.0	0	0	0	0	0	0	0	False	0	False	0	0	0	0	0.0	0.0	0.0	0.0	165.0	False	0.0	2.8	5241.6	0	0	75	3.674999999999997	1299	0	14676480.000000002	2403150	0	0.0	17079630.0	0	False	0	0	0	0	False	0	0	0	0	0	0	0.0	0.0	False	False
432	protected	4.8	1.4277930428956507	1.15	2.4	3.6	178.0	1.9	2.1	0.0	0.0	0	False	0.0	False	0.0	0.0	0.0	0	0	0	0	0	0	0	False	0	False	0	0	0	0	0.0	0.0	0.0	0.0	165.0	False	0.0	2.8	5241.6	0	0	75	3.674999999999997	1299	0	14676480.000000002	2403150	0	0.0	17079630.0	0	False	0	0	0	0	False	0	0	0	0	0	0	0.0	0.0	False	False
433	protected	4.8	1.4277930428956507	1.15	2.4	3.6	178.0	1.9	2.1	0.0	0.0	0	False	0.0	False	0.0	0.0	0.0	0	0	0	0	0	0	0	False	0	False	0	0	0	0	0.0	0.0	0.0	0.0	165.0	False	0.0	2.8	5241.6	0	0	75	3.674999999999997	1299	0	14676480.000000002	2403150	0	0.0	17079630.0	0	False	0	0	0	0	False	0	0	0	0	0	0	0.0	0.0	False	False
434	protected	4.8	1.4277930428956507	1.15	2.4	3.6	178.0	1.9	2.1	0.0	0.0	0	False	0.0	False	0.0	0.0	0.0	0	0	0	0	0	0	0	False	0	False	0	0	0	0	0.0	0.0	0.0	0.0	165.0	False	0.0	2.8	5241.6	0	0	75	3.674999999999997	1299	0	14676480.000000002	2403150	0	0.0	17079630.0	0	False	0	0	0	0	False	0	0	0	0	0	0	0.0	0.0	False	False
435	protected	4.8	1.4277930428956507	1.15	2.4	3.6	178.0	1.9	2.1	0.0	0.0	0	False	0.0	False	0.0	0.0	0.0	0	0	0	0	0	0	0	False	0	False	0	0	0	0	0.0	0.0	0.0	0.0	165.0	False	0.0	2.8	5241.6	0	0	75	3.674999999999997	1299	0	14676480.000000002	2403150	0	0.0	17079630.0	0	False	0	0	0	0	False	0	0	0	0	0	0	0.0	0.0	False	False
436	protected	4.8	1.4277930428956507	1.15	2.4	3.6	178.0	1.9	2.1	0.0	0.0	0	False	0.0	False	0.0	0.0	0.0	0	0	0	0	0	0	0	False	0	False	0	0	0	0	0.0	0.0	0.0	0.0	165.0	False	0.0	2.8	5241.6	0	0	75	3.674999999999997	1299	0	14676480.000000002	2403150	0	0.0	17079630.0	0	False	0	0	0	0	False	0	0	0	0	0	0	0.0	0.0	False	False
437	protected	4.8	1.4277930428956507	1.15	2.4	3.6	178.0	1.9	2.1	0.0	0.0	0	False	0.0	False	0.0	0.0	0.0	0	0	0	0	0	0	0	False	0	False	0	0	0	0	0.0	0.0	0.0	0.0	165.0	False	0.0	2.8	5241.6	0	0	75	3.674999999999997	1299	0	14676480.000000002	2403150	0	0.0	17079630.0	0	False	0	0	0	0	False	0	0	0	0	0	0	0.0	0.0	False	False
438	protected	4.8	1.4277930428956507	1.15	2.4	3.6	178.0	1.9	2.1	0.0	0.0	0	False	0.0	False	0.0	0.0	0.0	0	0	0	0	0	0	0	False	0	False	0	0	0	0	0.0	0.0	0.0	0.0	165.0	False	0.0	2.8	5241.6	0	0	75	3.674999999999997	1299	0	14676480.000000002	2403150	0	0.0	17079630.0	0	False	0	0	0	0	False	0	0	0	0	0	0	0.0	0.0	False	False
439	protected	4.8	1.4277930428956507	1.15	2.4	3.6	178.0	1.9	2.1	0.0	0.0	0	False	0.0	False	0.0	0.0	0.0	0	0	0	0	0	0	0	False	0	False	0	0	0	0	0.0	0.0	0.0	0.0	165.0	False	0.0	2.8	5241.6	0	0	75	3.674999999999997	1299	0	14676480.000000002	2403150	0	0.0	17079630.0	0	False	0	0	0	0	False	0	0	0	0	0	0	0.0	0.0	False	False
440	protected	4.8	1.4277930428956507	1.15	2.4	3.6	178.0	1.9	2.1	0.0	0.0	0	False	0.0	False	0.0	0.0	0.0	0	0	0	0	0	0	0	False	0	False	0	0	0	0	0.0	0.0	0.0	0.0	165.0	False	0.0	2.8	5241.6	0	0	75	3.674999999999997	1299	0	14676480.000000002	2403150	0	0.0	17079630.0	0	False	0	0	0	0	False	0	0	0	0	0	0	0.0	0.0	False	False
441	protected	4.8	1.4277930428956507	1.15	2.4	3.6	178.0	1.9	2.1	0.0	0.0	0	False	0.0	False	0.0	0.0	0.0	0	0	0	0	0	0	0	False	0	False	0	0	0	0	0.0	0.0	0.0	0.0	165.0	False	0.0	2.8	5241.6	0	0	75	3.674999999999997	1299	0	14676480.000000002	2403150	0	0.0	17079630.0	0	False	0	0	0	0	False	0	0	0	0	0	0	0.0	0.0	False	False
442	protected	4.8	1.4277930428956507	1.15	2.4	3.6	178.0	1.9	2.1	0.0	0.0	0	False	0.0	False	0.0	0.0	0.0	0	0	0	0	0	0	0	False	0	False	0	0	0	0	0.0	0.0	0.0	0.0	165.0	False	0.0	2.8	5241.6	0	0	75	3.674999999999997	1299	0	14676480.000000002	2403150	0	0.0	17079630.0	0	False	0	0	0	0	False	0	0	0	0	0	0	0.0	0.0	False	False
443	protected	4.8	1.4277930428956507	1.15	2.4	3.6	178.0	1.9	2.1	0.0	0.0	0	False	0.0	False	0.0	0.0	0.0	0	0	0	0	0	0	0	False	0	False	0	0	0	0	0.0	0.0	0.0	0.0	165.0	False	0.0	2.8	5241.6	0	0	75	3.674999999999997	1299	0	14676480.000000002	2403150	0	0.0	17079630.0	0	False	0	0	0	0	False	0	0	0	0	0	0	0.0	0.0	False	False
444	protected	4.8	1.4277930428956507	1.15	2.4	3.6	178.0	1.9	2.1	0.0	0.0	0	False	0.0	False	0.0	0.0	0.0	0	0	0	0	0	0	0	False	0	False	0	0	0	0	0.0	0.0	0.0	0.0	165.0	False	0.0	2.8	5241.6	0	0	75	3.674999999999997	1299	0	14676480.000000002	2403150	0	0.0	17079630.0	0	False	0	0	0	0	False	0	0	0	0	0	0	0.0	0.0	False	False
445	protected	4.8	1.4277930428956507	1.15	2.4	3.6	178.0	1.9	2.1	0.0	0.0	0	False	0.0	False	0.0	0.0	0.0	0	0	0	0	0	0	0	False	0	False	0	0	0	0	0.0	0.0	0.0	0.0	165.0	False	0.0	2.8	5241.6	0	0	75	3.674999999999997	1299	0	14676480.000000002	2403150	0	0.0	17079630.0	0	False	0	0	0	0	False	0	0	0	0	0	0	0.0	0.0	False	False
446	protected	4.8	1.4277930428956507	1.15	2.4	3.6	178.0	1.9	2.1	0.0	0.0	0	False	0.0	False	0.0	0.0	0.0	0	0	0	0	0	0	0	False	0	False	0	0	0	0	0.0	0.0	0.0	0.0	165.0	False	0.0	2.8	5241.6	0	0	75	3.674999999999997	1299	0	14676480.000000002	2403150	0	0.0	17079630.0	0	False	0	0	0	0	False	0	0	0	0	0	0	0.0	0.0	False	False
447	protected	4.8	1.4277930428956507	1.15	2.4	3.6	178.0	1.9	2.1	0.0	0.0	0	False	0.0	False	0.0	0.0	0.0	0	0	0	0	0	0	0	False	0	False	0	0	0	0	0.0	0.0	0.0	0.0	165.0	False	0.0	2.8	5241.6	0	0	75	3.674999999999997	1299	0	14676480.000000002	2403150	0	0.0	17079630.0	0	False	0	0	0	0	False	0	0	0	0	0	0	0.0	0.0	False	False
448	protected	4.8	1.4277930428956507	1.15	2.4	3.6	178.0	1.9	2.1	0.0	0.0	0	False	0.0	False	0.0	0.0	0.0	0	0	0	0	0	0	0	False	0	False	0	0	0	0	0.0	0.0	0.0	0.0	165.0	False	0.0	2.8	5241.6	0	0	75	3.674999999999997	1299	0	14676480.000000002	2403150	0	0.0	17079630.0	0	False	0	0	0	0	False	0	0	0	0	0	0	0.0	0.0	False	False
449	protected	4.8	1.4277930428956507	1.15	2.4	3.6	178.0	1.9	2.1	0.0	0.0	0	False	0.0	False	0.0	0.0	0.0	0	0	0	0	0	0	0	False	0	False	0	0	0	0	0.0	0.0	0.0	0.0	165.0	False	0.0	2.8	5241.6	0	0	75	3.674999999999997	1299	0	14676480.000000002	2403150	0	0.0	17079630.0	0	False	0	0	0	0	False	0	0	0	0	0	0	0.0	0.0	False	False
450	protected	4.8	1.4277930428956507	1.15	2.4	3.6	178.0	1.9	2.1	0.0	0.0	0	False	0.0	False	0.0	0.0	0.0	0	0	0	0	0	0	0	False	0	False	0	0	0	0	0.0	0.0	0.0	0.0	165.0	False	0.0	2.8	5241.6	0	0	75	3.674999999999997	1299	0	14676480.000000002	2403150	0	0.0	17079630.0	0	False	0	0	0	0	False	0	0	0	0	0	0	0.0	0.0	False	False
451	protected	4.8	1.4277930428956507	1.15	2.4	3.6	178.0	1.9	2.1	0.0	0.0	0	False	0.0	False	0.0	0.0	0.0	0	0	0	0	0	0	0	False	0	False	0	0	0	0	0.0	0.0	0.0	0.0	165.0	False	0.0	2.8	5241.6	0	0	75	3.674999999999997	1299	0	14676480.000000002	2403150	0	0.0	17079630.0	0	False	0	0	0	0	False	0	0	0	0	0	0	0.0	0.0	False	False
452	protected	4.8	1.4277930428956507	1.15	2.4	3.6	178.0	1.9	2.1	0.0	0.0	0	False	0.0	False	0.0	0.0	0.0	0	0	0	0	0	0	0	False	0	False	0	0	0	0	0.0	0.0	0.0	0.0	165.0	False	0.0	2.8	5241.6	0	0	75	3.674999999999997	1299	0	14676480.000000002	2403150	0	0.0	17079630.0	0	False	0	0	0	0	False	0	0	0	0	0	0	0.0	0.0	False	False
453	protected	4.8	1.4277930428956507	1.15	2.4	3.6	178.0	1.9	2.1	0.0	0.0	0	False	0.0	False	0.0	0.0	0.0	0	0	0	0	0	0	0	False	0	False	0	0	0	0	0.0	0.0	0.0	0.0	165.0	False	0.0	2.8	5241.6	0	0	75	3.674999999999997	1299	0	14676480.000000002	2403150	0	0.0	17079630.0	0	False	0	0	0	0	False	0	0	0	0	0	0	0.0	0.0	False	False
454	protected	4.8	1.4277930428956507	1.15	2.4	3.6	178.0	1.9	2.1	0.0	0.0	0	False	0.0	False	0.0	0.0	0.0	0	0	0	0	0	0	0	False	0	False	0	0	0	0	0.0	0.0	0.0	0.0	165.0	False	0.0	2.8	5241.6	0	0	75	3.674999999999997	1299	0	14676480.000000002	2403150	0	0.0	17079630.0	0	False	0	0	0	0	False	0	0	0	0	0	0	0.0	0.0	False	False
455	protected	4.8	1.4277930428956507	1.15	2.4	3.6	178.0	1.9	2.1	0.0	0.0	0	False	0.0	False	0.0	0.0	0.0	0	0	0	0	0	0	0	False	0	False	0	0	0	0	0.0	0.0	0.0	0.0	165.0	False	0.0	2.8	5241.6	0	0	75	3.674999999999997	1299	0	14676480.000000002	2403150	0	0.0	17079630.0	0	False	0	0	0	0	False	0	0	0	0	0	0	0.0	0.0	False	False
456	protected	4.8	1.4277930428956507	1.15	2.4	3.6	178.0	1.9	2.1	0.0	0.0	0	False	0.0	False	0.0	0.0	0.0	0	0	0	0	0	0	0	False	0	False	0	0	0	0	0.0	0.0	0.0	0.0	165.0	False	0.0	2.8	5241.6	0	0	75	3.674999999999997	1299	0	14676480.000000002	2403150	0	0.0	17079630.0	0	False	0	0	0	0	False	0	0	0	0	0	0	0.0	0.0	False	False
457	protected	4.8	1.4277930428956507	1.15	2.4	3.6	178.0	1.9	2.1	0.0	0.0	0	False	0.0	False	0.0	0.0	0.0	0	0	0	0	0	0	0	False	0	False	0	0	0	0	0.0	0.0	0.0	0.0	165.0	False	0.0	2.8	5241.6	0	0	75	3.674999999999997	1299	0	14676480.000000002	2403150	0	0.0	17079630.0	0	False	0	0	0	0	False	0	0	0	0	0	0	0.0	0.0	False	False
458	protected	4.8	1.4277930428956507	1.15	2.4	3.6	178.0	1.9	2.1	0.0	0.0	0	False	0.0	False	0.0	0.0	0.0	0	0	0	0	0	0	0	False	0	False	0	0	0	0	0.0	0.0	0.0	0.0	165.0	False	0.0	2.8	5241.6	0	0	75	3.674999999999997	1299	0	14676480.000000002	2403150	0	0.0	17079630.0	0	False	0	0	0	0	False	0	0	0	0	0	0	0.0	0.0	False	False
459	protected	4.8	1.4277930428956507	1.15	2.4	3.6	178.0	1.9	2.1	0.0	0.0	0	False	0.0	False	0.0	0.0	0.0	0	0	0	0	0	0	0	False	0	False	0	0	0	0	0.0	0.0	0.0	0.0	165.0	False	0.0	2.8	5241.6	0	0	75	3.674999999999997	1299	0	14676480.000000002	2403150	0	0.0	17079630.0	0	False	0	0	0	0	False	0	0	0	0	0	0	0.0	0.0	False	False
460	protected	4.8	1.4277930428956507	1.15	2.4	3.6	178.0	1.9	2.1	0.0	0.0	0	False	0.0	False	0.0	0.0	0.0	0	0	0	0	0	0	0	False	0	False	0	0	0	0	0.0	0.0	0.0	0.0	165.0	False	0.0	2.8	5241.6	0	0	75	3.674999999999997	1299	0	14676480.000000002	2403150	0	0.0	17079630.0	0	False	0	0	0	0	False	0	0	0	0	0	0	0.0	0.0	False	False
461	protected	4.8	1.4277930428956507	1.15	2.4	3.6	178.0	1.9	2.1	0.0	0.0	0	False	0.0	False	0.0	0.0	0.0	0	0	0	0	0	0	0	False	0	False	0	0	0	0	0.0	0.0	0.0	0.0	165.0	False	0.0	2.8	5241.6	0	0	75	3.674999999999997	1299	0	14676480.000000002	2403150	0	0.0	17079630.0	0	False	0	0	0	0	False	0	0	0	0	0	0	0.0	0.0	False	False
462	protected	4.8	1.4277930428956507	1.15	2.4	3.6	178.0	1.9	2.1	0.0	0.0	0	False	0.0	False	0.0	0.0	0.0	0	0	0	0	0	0	0	False	0	False	0	0	0	0	0.0	0.0	0.0	0.0	165.0	False	0.0	2.8	5241.6	0	0	75	3.674999999999997	1299	0	14676480.000000002	2403150	0	0.0	17079630.0	0	False	0	0	0	0	False	0	0	0	0	0	0	0.0	0.0	False	False
463	protected	4.8	1.4277930428956507	1.15	2.4	3.6	178.0	1.9	2.1	0.0	0.0	0	False	0.0	False	0.0	0.0	0.0	0	0	0	0	0	0	0	False	0	False	0	0	0	0	0.0	0.0	0.0	0.0	165.0	False	0.0	2.8	5241.6	0	0	75	3.674999999999997	1299	0	14676480.000000002	2403150	0	0.0	17079630.0	0	False	0	0	0	0	False	0	0	0	0	0	0	0.0	0.0	False	False
464	protected	4.8	1.4277930428956507	1.15	2.4	3.6	178.0	1.9	2.1	0.0	0.0	0	False	0.0	False	0.0	0.0	0.0	0	0	0	0	0	0	0	False	0	False	0	0	0	0	0.0	0.0	0.0	0.0	165.0	False	0.0	2.8	5241.6	0	0	75	3.674999999999997	1299	0	14676480.000000002	2403150	0	0.0	17079630.0	0	False	0	0	0	0	False	0	0	0	0	0	0	0.0	0.0	False	False
465	protected	4.8	1.4277930428956507	1.15	2.4	3.6	178.0	1.9	2.1	0.0	0.0	0	False	0.0	False	0.0	0.0	0.0	0	0	0	0	0	0	0	False	0	False	0	0	0	0	0.0	0.0	0.0	0.0	165.0	False	0.0	2.8	5241.6	0	0	75	3.674999999999997	1299	0	14676480.000000002	2403150	0	0.0	17079630.0	0	False	0	0	0	0	False	0	0	0	0	0	0	0.0	0.0	False	False
466	protected	4.8	1.4277930428956507	1.15	2.4	3.6	178.0	1.9	2.1	0.0	0.0	0	False	0.0	False	0.0	0.0	0.0	0	0	0	0	0	0	0	False	0	False	0	0	0	0	0.0	0.0	0.0	0.0	165.0	False	0.0	2.8	5241.6	0	0	75	3.674999999999997	1299	0	14676480.000000002	2403150	0	0.0	17079630.0	0	False	0	0	0	0	False	0	0	0	0	0	0	0.0	0.0	False	False
467	protected	4.8	1.4277930428956507	1.15	2.4	3.6	178.0	1.9	2.1	0.0	0.0	0	False	0.0	False	0.0	0.0	0.0	0	0	0	0	0	0	0	False	0	False	0	0	0	0	0.0	0.0	0.0	0.0	165.0	False	0.0	2.8	5241.6	0	0	75	3.674999999999997	1299	0	14676480.000000002	2403150	0	0.0	17079630.0	0	False	0	0	0	0	False	0	0	0	0	0	0	0.0	0.0	False	False
468	protected	4.8	1.4277930428956507	1.15	2.4	3.6	178.0	1.9	2.1	0.0	0.0	0	False	0.0	False	0.0	0.0	0.0	0	0	0	0	0	0	0	False	0	False	0	0	0	0	0.0	0.0	0.0	0.0	165.0	False	0.0	2.8	5241.6	0	0	75	3.674999999999997	1299	0	14676480.000000002	2403150	0	0.0	17079630.0	0	False	0	0	0	0	False	0	0	0	0	0	0	0.0	0.0	False	False
469	protected	4.8	1.4277930428956507	1.15	2.4	3.6	178.0	1.9	2.1	0.0	0.0	0	False	0.0	False	0.0	0.0	0.0	0	0	0	0	0	0	0	False	0	False	0	0	0	0	0.0	0.0	0.0	0.0	165.0	False	0.0	2.8	5241.6	0	0	75	3.674999999999997	1299	0	14676480.000000002	2403150	0	0.0	17079630.0	0	False	0	0	0	0	False	0	0	0	0	0	0	0.0	0.0	False	False
470	protected	4.8	1.4277930428956507	1.15	2.4	3.6	178.0	1.9	2.1	0.0	0.0	0	False	0.0	False	0.0	0.0	0.0	0	0	0	0	0	0	0	False	0	False	0	0	0	0	0.0	0.0	0.0	0.0	165.0	False	0.0	2.8	5241.6	0	0	75	3.674999999999997	1299	0	14676480.000000002	2403150	0	0.0	17079630.0	0	False	0	0	0	0	False	0	0	0	0	0	0	0.0	0.0	False	False
471	protected	4.8	1.4277930428956507	1.15	2.4	3.6	178.0	1.9	2.1	0.0	0.0	0	False	0.0	False	0.0	0.0	0.0	0	0	0	0	0	0	0	False	0	False	0	0	0	0	0.0	0.0	0.0	0.0	165.0	False	0.0	2.8	5241.6	0	0	75	3.674999999999997	1299	0	14676480.000000002	2403150	0	0.0	17079630.0	0	False	0	0	0	0	False	0	0	0	0	0	0	0.0	0.0	False	False
472	protected	4.8	1.4277930428956507	1.15	2.4	3.6	178.0	1.9	2.1	0.0	0.0	0	False	0.0	False	0.0	0.0	0.0	0	0	0	0	0	0	0	False	0	False	0	0	0	0	0.0	0.0	0.0	0.0	165.0	False	0.0	2.8	5241.6	0	0	75	3.674999999999997	1299	0	14676480.000000002	2403150	0	0.0	17079630.0	0	False	0	0	0	0	False	0	0	0	0	0	0	0.0	0.0	False	False
473	protected	4.8	1.4277930428956507	1.15	2.4	3.6	178.0	1.9	2.1	0.0	0.0	0	False	0.0	False	0.0	0.0	0.0	0	0	0	0	0	0	0	False	0	False	0	0	0	0	0.0	0.0	0.0	0.0	165.0	False	0.0	2.8	5241.6	0	0	75	3.674999999999997	1299	0	14676480.000000002	2403150	0	0.0	17079630.0	0	False	0	0	0	0	False	0	0	0	0	0	0	0.0	0.0	False	False
474	protected	4.8	1.4277930428956507	1.15	2.4	3.6	178.0	1.9	2.1	0.0	0.0	0	False	0.0	False	0.0	0.0	0.0	0	0	0	0	0	0	0	False	0	False	0	0	0	0	0.0	0.0	0.0	0.0	165.0	False	0.0	2.8	5241.6	0	0	75	3.674999999999997	1299	0	14676480.000000002	2403150	0	0.0	17079630.0	0	False	0	0	0	0	False	0	0	0	0	0	0	0.0	0.0	False	False
475	protected	4.8	1.4277930428956507	1.15	2.4	3.6	178.0	1.9	2.1	0.0	0.0	0	False	0.0	False	0.0	0.0	0.0	0	0	0	0	0	0	0	False	0	False	0	0	0	0	0.0	0.0	0.0	0.0	165.0	False	0.0	2.8	5241.6	0	0	75	3.674999999999997	1299	0	14676480.000000002	2403150	0	0.0	17079630.0	0	False	0	0	0	0	False	0	0	0	0	0	0	0.0	0.0	False	False
476	protected	4.8	1.4277930428956507	1.15	2.4	3.6	178.0	1.9	2.1	0.0	0.0	0	False	0.0	False	0.0	0.0	0.0	0	0	0	0	0	0	0	False	0	False	0	0	0	0	0.0	0.0	0.0	0.0	165.0	False	0.0	2.8	5241.6	0	0	75	3.674999999999997	1299	0	14676480.000000002	2403150	0	0.0	17079630.0	0	False	0	0	0	0	False	0	0	0	0	0	0	0.0	0.0	False	False
477	protected	4.8	1.4277930428956507	1.15	2.4	3.6	178.0	1.9	2.1	0.0	0.0	0	False	0.0	False	0.0	0.0	0.0	0	0	0	0	0	0	0	False	0	False	0	0	0	0	0.0	0.0	0.0	0.0	165.0	False	0.0	2.8	5241.6	0	0	75	3.674999999999997	1299	0	14676480.000000002	2403150	0	0.0	17079630.0	0	False	0	0	0	0	False	0	0	0	0	0	0	0.0	0.0	False	False
478	protected	4.8	1.4277930428956507	1.15	2.4	3.6	178.0	1.9	2.1	0.0	0.0	0	False	0.0	False	0.0	0.0	0.0	0	0	0	0	0	0	0	False	0	False	0	0	0	0	0.0	0.0	0.0	0.0	165.0	False	0.0	2.8	5241.6	0	0	75	3.674999999999997	1299	0	14676480.000000002	2403150	0	0.0	17079630.0	0	False	0	0	0	0	False	0	0	0	0	0	0	0.0	0.0	False	False
479	protected	4.8	1.4277930428956507	1.15	2.4	3.6	178.0	1.9	2.1	0.0	0.0	0	False	0.0	False	0.0	0.0	0.0	0	0	0	0	0	0	0	False	0	False	0	0	0	0	0.0	0.0	0.0	0.0	165.0	False	0.0	2.8	5241.6	0	0	75	3.674999999999997	1299	0	14676480.000000002	2403150	0	0.0	17079630.0	0	False	0	0	0	0	False	0	0	0	0	0	0	0.0	0.0	False	False
480	protected	4.8	1.4277930428956507	1.15	2.4	3.6	178.0	1.9	2.1	0.0	0.0	0	False	0.0	False	0.0	0.0	0.0	0	0	0	0	0	0	0	False	0	False	0	0	0	0	0.0	0.0	0.0	0.0	165.0	False	0.0	2.8	5241.6	0	0	75	3.674999999999997	1299	0	14676480.000000002	2403150	0	0.0	17079630.0	0	False	0	0	0	0	False	0	0	0	0	0	0	0.0	0.0	False	False
481	protected	4.8	1.4277930428956507	1.15	2.4	3.6	178.0	1.9	2.1	0.0	0.0	0	False	0.0	False	0.0	0.0	0.0	0	0	0	0	0	0	0	False	0	False	0	0	0	0	0.0	0.0	0.0	0.0	165.0	False	0.0	2.8	5241.6	0	0	75	3.674999999999997	1299	0	14676480.000000002	2403150	0	0.0	17079630.0	0	False	0	0	0	0	False	0	0	0	0	0	0	0.0	0.0	False	False
482	protected	4.8	1.4277930428956507	1.15	2.4	3.6	178.0	1.9	2.1	0.0	0.0	0	False	0.0	False	0.0	0.0	0.0	0	0	0	0	0	0	0	False	0	False	0	0	0	0	0.0	0.0	0.0	0.0	165.0	False	0.0	2.8	5241.6	0	0	75	3.674999999999997	1299	0	14676480.000000002	2403150	0	0.0	17079630.0	0	False	0	0	0	0	False	0	0	0	0	0	0	0.0	0.0	False	False
483	protected	4.8	1.4277930428956507	1.15	2.4	3.6	178.0	1.9	2.1	0.0	0.0	0	False	0.0	False	0.0	0.0	0.0	0	0	0	0	0	0	0	False	0	False	0	0	0	0	0.0	0.0	0.0	0.0	165.0	False	0.0	2.8	5241.6	0	0	75	3.674999999999997	1299	0	14676480.000000002	2403150	0	0.0	17079630.0	0	False	0	0	0	0	False	0	0	0	0	0	0	0.0	0.0	False	False
484	protected	4.8	1.4277930428956507	1.15	2.4	3.6	178.0	1.9	2.1	0.0	0.0	0	False	0.0	False	0.0	0.0	0.0	0	0	0	0	0	0	0	False	0	False	0	0	0	0	0.0	0.0	0.0	0.0	165.0	False	0.0	2.8	5241.6	0	0	75	3.674999999999997	1299	0	14676480.000000002	2403150	0	0.0	17079630.0	0	False	0	0	0	0	False	0	0	0	0	0	0	0.0	0.0	False	False
485	protected	4.8	1.4277930428956507	1.15	2.4	3.6	178.0	1.9	2.1	0.0	0.0	0	False	0.0	False	0.0	0.0	0.0	0	0	0	0	0	0	0	False	0	False	0	0	0	0	0.0	0.0	0.0	0.0	165.0	False	0.0	2.8	5241.6	0	0	75	3.674999999999997	1299	0	14676480.000000002	2403150	0	0.0	17079630.0	0	False	0	0	0	0	False	0	0	0	0	0	0	0.0	0.0	False	False
486	protected	4.8	1.4277930428956507	1.15	2.4	3.6	178.0	1.9	2.1	0.0	0.0	0	False	0.0	False	0.0	0.0	0.0	0	0	0	0	0	0	0	False	0	False	0	0	0	0	0.0	0.0	0.0	0.0	165.0	False	0.0	2.8	5241.6	0	0	75	3.674999999999997	1299	0	14676480.000000002	2403150	0	0.0	17079630.0	0	False	0	0	0	0	False	0	0	0	0	0	0	0.0	0.0	False	False
487	protected	4.8	1.4277930428956507	1.15	2.4	3.6	178.0	1.9	2.1	0.0	0.0	0	False	0.0	False	0.0	0.0	0.0	0	0	0	0	0	0	0	False	0	False	0	0	0	0	0.0	0.0	0.0	0.0	165.0	False	0.0	2.8	5241.6	0	0	75	3.674999999999997	1299	0	14676480.000000002	2403150	0	0.0	17079630.0	0	False	0	0	0	0	False	0	0	0	0	0	0	0.0	0.0	False	False
488	protected	4.8	1.4277930428956507	1.15	2.4	3.6	178.0	1.9	2.1	0.0	0.0	0	False	0.0	False	0.0	0.0	0.0	0	0	0	0	0	0	0	False	0	False	0	0	0	0	0.0	0.0	0.0	0.0	165.0	False	0.0	2.8	5241.6	0	0	75	3.674999999999997	1299	0	14676480.000000002	2403150	0	0.0	17079630.0	0	False	0	0	0	0	False	0	0	0	0	0	0	0.0	0.0	False	False
489	protected	4.8	1.4277930428956507	1.15	2.4	3.6	178.0	1.9	2.1	0.0	0.0	0	False	0.0	False	0.0	0.0	0.0	0	0	0	0	0	0	0	False	0	False	0	0	0	0	0.0	0.0	0.0	0.0	165.0	False	0.0	2.8	5241.6	0	0	75	3.674999999999997	1299	0	14676480.000000002	2403150	0	0.0	17079630.0	0	False	0	0	0	0	False	0	0	0	0	0	0	0.0	0.0	False	False
490	protected	4.8	1.4277930428956507	1.15	2.4	3.6	178.0	1.9	2.1	0.0	0.0	0	False	0.0	False	0.0	0.0	0.0	0	0	0	0	0	0	0	False	0	False	0	0	0	0	0.0	0.0	0.0	0.0	165.0	False	0.0	2.8	5241.6	0	0	75	3.674999999999997	1299	0	14676480.000000002	2403150	0	0.0	17079630.0	0	False	0	0	0	0	False	0	0	0	0	0	0	0.0	0.0	False	False
491	protected	4.8	1.4277930428956507	1.15	2.4	3.6	178.0	1.9	2.1	0.0	0.0	0	False	0.0	False	0.0	0.0	0.0	0	0	0	0	0	0	0	False	0	False	0	0	0	0	0.0	0.0	0.0	0.0	165.0	False	0.0	2.8	5241.6	0	0	75	3.674999999999997	1299	0	14676480.000000002	2403150	0	0.0	17079630.0	0	False	0	0	0	0	False	0	0	0	0	0	0	0.0	0.0	False	False
492	protected	4.8	1.4277930428956507	1.15	2.4	3.6	178.0	1.9	2.1	0.0	0.0	0	False	0.0	False	0.0	0.0	0.0	0	0	0	0	0	0	0	False	0	False	0	0	0	0	0.0	0.0	0.0	0.0	165.0	False	0.0	2.8	5241.6	0	0	75	3.674999999999997	1299	0	14676480.000000002	2403150	0	0.0	17079630.0	0	False	0	0	0	0	False	0	0	0	0	0	0	0.0	0.0	False	False
493	protected	4.8	1.4277930428956507	1.15	2.4	3.6	178.0	1.9	2.1	0.0	0.0	0	False	0.0	False	0.0	0.0	0.0	0	0	0	0	0	0	0	False	0	False	0	0	0	0	0.0	0.0	0.0	0.0	165.0	False	0.0	2.8	5241.6	0	0	75	3.674999999999997	1299	0	14676480.000000002	2403150	0	0.0	17079630.0	0	False	0	0	0	0	False	0	0	0	0	0	0	0.0	0.0	False	False
494	protected	4.8	1.4277930428956507	1.15	2.4	3.6	178.0	1.9	2.1	0.0	0.0	0	False	0.0	False	0.0	0.0	0.0	0	0	0	0	0	0	0	False	0	False	0	0	0	0	0.0	0.0	0.0	0.0	165.0	False	0.0	2.8	5241.6	0	0	75	3.674999999999997	1299	0	14676480.000000002	2403150	0	0.0	17079630.0	0	False	0	0	0	0	False	0	0	0	0	0	0	0.0	0.0	False	False
495	protected	4.8	1.4277930428956507	1.15	2.4	3.6	178.0	1.9	2.1	0.0	0.0	0	False	0.0	False	0.0	0.0	0.0	0	0	0	0	0	0	0	False	0	False	0	0	0	0	0.0	0.0	0.0	0.0	165.0	False	0.0	2.8	5241.6	0	0	75	3.674999999999997	1299	0	14676480.000000002	2403150	0	0.0	17079630.0	0	False	0	0	0	0	False	0	0	0	0	0	0	0.0	0.0	False	False
496	protected	4.8	1.4277930428956507	1.15	2.4	3.6	178.0	1.9	2.1	0.0	0.0	0	False	0.0	False	0.0	0.0	0.0	0	0	0	0	0	0	0	False	0	False	0	0	0	0	0.0	0.0	0.0	0.0	165.0	False	0.0	2.8	5241.6	0	0	75	3.674999999999997	1299	0	14676480.000000002	2403150	0	0.0	17079630.0	0	False	0	0	0	0	False	0	0	0	0	0	0	0.0	0.0	False	False
497	protected	4.8	1.4277930428956507	1.15	2.4	3.6	178.0	1.9	2.1	0.0	0.0	0	False	0.0	False	0.0	0.0	0.0	0	0	0	0	0	0	0	False	0	False	0	0	0	0	0.0	0.0	0.0	0.0	165.0	False	0.0	2.8	5241.6	0	0	75	3.674999999999997	1299	0	14676480.000000002	2403150	0	0.0	17079630.0	0	False	0	0	0	0	False	0	0	0	0	0	0	0.0	0.0	False	False
498	protected	4.8	1.4277930428956507	1.15	2.4	3.6	178.0	1.9	2.1	0.0	0.0	0	False	0.0	False	0.0	0.0	0.0	0	0	0	0	0	0	0	False	0	False	0	0	0	0	0.0	0.0	0.0	0.0	165.0	False	0.0	2.8	5241.6	0	0	75	3.674999999999997	1299	0	14676480.000000002	2403150	0	0.0	17079630.0	0	False	0	0	0	0	False	0	0	0	0	0	0	0.0	0.0	False	False
499	protected	4.8	1.4277930428956507	1.15	2.4	3.6	178.0	1.9	2.1	0.0	0.0	0	False	0.0	False	0.0	0.0	0.0	0	0	0	0	0	0	0	False	0	False	0	0	0	0	0.0	0.0	0.0	0.0	165.0	False	0.0	2.8	5241.6	0	0	75	3.674999999999997	1299	0	14676480.000000002	2403150	0	0.0	17079630.0	0	False	0	0	0	0	False	0	0	0	0	0	0	0.0	0.0	False	False
