	scenario	delta_T_C	oxidation_mult	precip_mult	extreme_event_mult	dam_risk_mult	fire_season_days	drought_mult	flood_mult	acid_load	growth_loss_frac	ca_depletion_frac	mycorrhizal_dead	timber_volume_lost_m3	pulp_grade_rejected	direct_timber_loss_usd	pulp_grade_loss_usd	total_lumber_loss_usd	lumber_jobs_lost	fish_tissue_hg_mg_kg	state_avg_rfd_ratio	ojibwe_mean_rfd_ratio	ojibwe_high_rfd_ratio	iq_loss_per_child	cumulative_impaired_children	fish_advisory_triggered	harvest_displacement_cost_usd	treaty_rights_violation	so2_tonnes_yr	pm25_tonnes_yr	pm10_tonnes_yr	hg_atmospheric_kg_yr	asthma_attacks_yr	copd_hospitalizations_yr	cardio_deaths_yr	air_quality_health_cost_usd	bwca_visibility_km	class_i_violation	soy_yield_loss_frac	annual_fire_prob_mult	expected_burn_acres_yr	tailings_overrun_acres	hg_re_released_kg_yr	firefighters_exposed	firefighter_cancer_excess	residents_evacuated	structures_lost	suppression_cost_usd	evacuation_cost_usd	structure_cost_usd	recreation_closure_cost	total_fire_cost_usd	hg_loading_increase	intake_upgrade_required	intake_upgrade_capex_usd	annual_dredge_cost_usd	canadian_refusal_prob	backhaul_loss_usd	fishing_advisory	fishing_jobs_lost	fishing_revenue_loss_usd	iron_revenue_at_risk_usd	ballast_surcharge_usd	port_jobs_lost	total_port_annual_cost_usd	sulfate_mg_l	methyl_hg_ng_l	mine_active	tailings_failed
0	proceed	0.0	1.0	1.0	1.0	1.0	128.0	1.0	1.0	0.0	0.0	0	False	0.0	False	0.0	0.0	0.0	0	0	0	0	0	0	0	False	0	False	0	0	0	0	0.0	0.0	0.0	0.0	165.0	False	0.0	1.0	1872.0	0	0	15	0.7349999999999995	464	0	5241600.0	858400	0	0.0	6100000.0	0	False	0	0	0	0	False	0	0	0	0	0	0	0.0	0.0	False	False
1	proceed	0.06486486486486487	1.0048241655583745	1.002027027027027	1.018918918918919	1.0090999999999999	128.67567567567568	1.0121621621621621	1.0148648648648648	0.0	0.0	0	False	0.0	False	0.0	0.0	0.0	0	0	0	0	0	0	0	False	0	False	0	0	0	0	0.0	0.0	0.0	0.0	165.0	False	0.0	1.0243243243243243	1917.5351351351353	0	0	15	0.7349999999999995	475	0	5369098.378378379	878750	0	0.0	6247848.378378379	0	False	0	0	0	0	False	0	0	0	0	0	0	0.0	0.0	False	False
2	proceed	0.12972972972972974	1.0096716036900837	1.0040540540540541	1.037837837837838	1.0182	129.35135135135135	1.0243243243243243	1.0297297297297296	0.0	0.0	0	False	0.0	False	0.0	0.0	0.0	0	0	0	0	0	0	0	False	0	False	0	0	0	0	0.0	0.0	0.0	0.0	165.0	False	0.0	1.0486486486486488	1963.0702702702706	0	0	15	0.7349999999999995	486	0	5496596.756756757	899100	0	0.0	6395696.756756757	0	False	0	0	0	0	False	0	0	0	0	0	0	0.0	0.0	False	False
3	proceed	0.1945945945945946	1.014542426665874	1.0060810810810812	1.0567567567567568	1.0272999999999999	130.02702702702703	1.0364864864864864	1.0445945945945947	0.0	0.0	0	False	0.0	False	0.0	0.0	0.0	0	0	0	0	0	0	0	False	0	False	0	0	0	0	0.0	0.0	0.0	0.0	165.0	False	0.0	1.0729729729729731	2008.6054054054057	0	0	30	1.469999999999999	498	0	5624095.135135136	921300	0	0.0	6545395.135135136	0	False	0	0	0	0	False	0	0	0	0	0	0	0.0	0.0	False	False
4	proceed	0.2594594594594595	1.0194367472981054	1.008108108108108	1.0756756756756758	1.0363999999999998	130.7027027027027	1.0486486486486486	1.0594594594594595	0.0	0.0	0	False	0.0	False	0.0	0.0	0.0	0	0	0	0	0	0	0	False	0	False	0	0	0	0	0.0	0.0	0.0	0.0	165.0	False	0.0	1.0972972972972974	2054.1405405405408	0	0	30	1.469999999999999	509	0	5751593.513513514	941650	0	0.0	6693243.513513514	0	False	0	0	0	0	False	0	0	0	0	0	0	0.0	0.0	False	False
5	proceed	0.32432432432432434	1.0243546789433622	1.010135135135135	1.0945945945945945	1.0455	131.3783783783784	1.0608108108108107	1.0743243243243243	0.0	0.0	0	False	0.0	False	0.0	0.0	0.0	0	0	0	0	0	0	0	False	0	False	3400	190.94594594594594	657.7027027027027	85	32736.0	8.523827027027027	2.486116216216216	47982666.52540541	124.19999999999999	True	0.0004896	1.121621621621622	2099.6756756756763	41.99351351351353	0.0002699759394594596	30	1.469999999999999	520	0	5879091.891891894	962000	0	0.0	6841091.891891894	0.0	False	0	5040000.0	0	0.0	False	0	0	48360000.0	0.0	0	53400000.0	0.0	0.0	True	False
6	proceed	0.3891891891891892	1.0292963355050806	1.0121621621621621	1.1135135135135135	1.0546	132.05405405405406	1.072972972972973	1.0891891891891892	0.004336504085360068	0.00024257195921506547	0	False	3444.5218208539295	False	344314.40121255885	0.0	344314.40121255885	0	2.440497636854289	6.1012440921357225	48.132036726848476	96.60303145881561	0.8012641841320002	158	True	20880000	True	3400	193.13513513513513	665.2432432432432	85	32736.0	8.621552432432432	2.5146194594594595	48315102.29448649	124.19999999999999	True	0.0004896	1.1466130843937767	2146.4596939851504	42.92919387970301	0.0005519828410728473	30	1.469999999999999	532	0	6010087.143158421	984200	0	0.0	6994287.143158421	0.3190818640065749	False	0	19513553.351338238	0	0.0	True	420	38000000.0	48360000.0	12865380.756745104	3762	118738934.10808334	0.21682520426800336	4.786227960098625	True	False
7	proceed	0.4540540540540541	1.0342618314361853	1.0141891891891892	1.1324324324324324	1.0637000000000003	132.72972972972974	1.085135135135135	1.104054054054054	0.011318075507697947	0.0012655553409522957	0	False	17970.8858415226	False	1796369.748718599	0.0	1796369.748718599	2	2.452271001499296	6.130677503748239	48.36423364068055	97.06906047601379	0.8051296152122488	316	True	20880000	True	3400	195.3243243243243	672.7837837837837	85	32736.0	8.719277837837836	2.543122702702702	48647538.063567564	124.19999999999999	True	0.0004896	1.1738247705684264	2197.399970504094	43.947999410081884	0.0008476239377504697	30	1.469999999999999	544	0	6152719.917411463	1006400	0	0.0	7159119.917411463	0.32062116774521754	False	0	19583376.16892307	0	0.0	True	420	38000000.0	48360000.0	12927445.483487168	3762	118870821.65241024	0.5659037753848973	4.809317516178262	True	False
8	proceed	0.518918918918919	1.0392512817417412	1.0162162162162163	1.1513513513513514	1.0728	133.40540540540542	1.0972972972972972	1.118918918918919	0.019850793191140553	0.0033260547072387903	0	False	47229.97684279082	False	4721108.485205371	0.0	4721108.485205371	6	2.4641011628045293	6.160252907011323	48.597550710867104	97.53733769434596	0.8090136937719831	475	True	20880000	True	3400	197.5135135135135	680.3243243243243	85	32736.0	8.817003243243242	2.5716259459459456	48979973.83264865	124.19999999999999	True	0.0004896	1.2041304833336193	2254.1322648005353	45.0826452960107	0.0011593437651451928	30	1.469999999999999	559	0	6311570.341441499	1034150	0	0.0	7345720.341441499	0.3221678973399398	False	0	19653535.82333967	0	0.0	True	420	38000000.0	48360000.0	12989809.620746372	3762	119003345.44408605	0.9925396595570277	4.832518460099097	True	False
9	proceed	0.5837837837837838	1.044264801981616	1.0182432432432433	1.1702702702702703	1.0818999999999999	134.0810810810811	1.1094594594594596	1.1337837837837839	0.02924043423037833	0.0065219465899355455	0	False	92611.64157708475	False	9257459.692045392	0.0	9257459.692045392	13	2.4759883947664814	6.189970986916203	48.83199334122782	98.00787395950657	0.8129165097697311	633	True	20880000	True	3400	199.7027027027027	687.8648648648649	85	32736.0	8.914728648648648	2.600129189189189	49312409.60172973	124.19999999999999	True	0.0004896	1.2379982567268824	2317.5327365927237	46.350654731854476	0.0014899398155582514	30	1.469999999999999	574	0	6489091.662459627	1061900	0	0.0	7550991.662459627	0.3237220886143011	False	0	19724033.939544696	0	0.0	True	420	38000000.0	48360000.0	13052474.612928618	3762	119136508.5524733	1.4620217115189165	4.855831329214515	True	False
10	proceed	0.6486486486486487	1.0493025082731586	1.0202702702702702	1.1891891891891893	1.0910000000000002	134.75675675675674	1.1216216216216217	1.1486486486486487	0.03905752792597859	0.010865708767624271	0	False	154293.06450026465	False	15423134.727446454	0.0	15423134.727446454	22	2.4879329727034487	6.219832431758621	49.067566961651345	98.4806801695115	0.8168381535979963	791	True	20880000	True	3400	201.8918918918919	695.4054054054054	85	32736.0	9.012454054054054	2.6286324324324326	49644845.37081081	124.19999999999999	True	0.0004896	1.2756641688633974	2388.04332411228	47.7608664822456	0.001842325214410938	30	1.469999999999999	592	0	6686521.307514384	1095200	0	0.0	7781721.307514384	0.3252837775646791	False	0	19794872.150333844	0	0.0	True	420	38000000.0	48360000.0	13115441.911407866	3762	119270314.06174171	1.9528763962989293	4.879256663470188	True	False
11	proceed	0.7135135135135136	1.054364517293886	1.0222972972972972	1.2081081081081082	1.1000999999999999	135.43243243243242	1.1337837837837839	1.1635135135135135	0.04904585421384784	0.016328154217837065	0	False	231859.78989328633	False	23176704.597732905	0.0	23176704.597732905	34	2.499935173261909	6.249837933154772	49.30427702822098	98.95576727495056	0.82077871608535	950	True	20880000	True	3400	204.0810810810811	702.945945945946	85	32736.0	9.11017945945946	2.6571356756756757	49977281.13989189	124.19999999999999	True	0.0004896	1.3172404605070196	2465.874142069141	49.31748284138282	0.0022194317296921197	30	1.469999999999999	611	0	6904447.597793594	1130350	0	0.0	8034797.597793594	0.32685300036110476	False	0	19866052.096379712	0	0.0	True	420	38000000.0	48360000.0	13178712.974559741	3762	119404765.07093945	2.452292710692392	4.9027950054165705	True	False
12	proceed	0.7783783783783784	1.0594509462841875	1.0243243243243243	1.227027027027027	1.1091999999999997	136.1081081081081	1.145945945945946	1.1783783783783783	0.05906083977401646	0.022863279218183874	0	False	324658.564898211	False	32452870.14722517	0.0	32452870.14722517	48	2.511995274422928	6.27998818605732	49.54212902334108	99.4331462792409	0.8247382884985359	1108	True	20880000	True	3400	206.2702702702703	710.4864864864866	85	32736.0	9.207904864864865	2.685638918918919	50309716.90897298	124.19999999999999	True	0.0004896	1.3627804159975687	2551.1249387474486	51.02249877494897	0.0026241856682753103	30	1.469999999999999	632	0	7143149.828492856	1169200	0	0.0	8312349.828492856	0.3284297933480982	False	0	19937575.426269736	0	0.0	True	420	38000000.0	48360000.0	13242289.267795315	3762	119539864.69406505	2.953041988700823	4.926446900221472	True	False
13	proceed	0.8432432432432433	1.0645619130500388	1.0263513513513514	1.2459459459459459	1.1183	136.78378378378378	1.1581081081081082	1.1932432432432432	0.06902843338918756	0.030421476162769356	0	False	431984.96151132486	False	43181216.75267203	0.0	43181216.75267203	63	2.5241135555085985	6.310283888771496	49.78112845586403	99.91282823888201	0.828716962544583	1266	True	20880000	True	3400	208.45945945945948	718.0270270270271	85	32736.0	9.305630270270271	2.7141421621621626	50642152.67805406	124.19999999999999	True	0.0004896	1.4123151928082287	2643.8540409370044	52.87708081874009	0.003059516705785365	30	1.469999999999999	655	0	7402791.314623612	1211750	0	0.0	8614541.314623613	0.33001419304551205	False	0	20009443.796544425	0	0.0	True	420	38000000.0	48360000.0	13306172.263595046	3762	119675616.06013948	3.451421669459378	4.9502128956826805	True	False
14	proceed	0.9081081081081082	1.0696975359657321	1.0283783783783784	1.2648648648648648	1.1274000000000002	137.45945945945945	1.1702702702702703	1.2081081081081082	0.07891793389210892	0.038955787246866436	0	False	553172.1789055034	False	55295091.00339411	0.0	55295091.00339411	81	2.53629029718851	6.340725742971275	50.02128086121783	100.39482426371187	0.8327148303729316	1425	True	20880000	True	3400	210.64864864864865	725.5675675675676	85	32736.0	9.403355675675675	2.7426454054054052	50974588.447135136	124.19999999999999	True	0.0004896	1.465872889563972	2744.114049263756	54.88228098527512	0.0035283771537500913	30	1.469999999999999	680	0	7683519.337938516	1258000	0	0.0	8941519.337938517	0.331606236149377	False	0	20081658.871735744	0	0.0	True	420	38000000.0	48360000.0	13370363.44154288	3762	119812022.31327863	3.945896694605446	4.974093542240655	True	False
15	proceed	0.972972972972973	1.0748579339766162	1.0304054054054055	1.2837837837837838	1.1365000000000003	138.13513513513513	1.1824324324324325	1.222972972972973	0.08872426469634684	0.04842417232029672	0	False	687623.2469482134	False	68734819.76494342	0.0	68734819.76494342	101	2.548525781486246	6.371314453715615	50.26259180153429	100.87914551716389	0.8367319845775643	1583	True	20880000	True	3400	212.83783783783784	733.1081081081081	85	32736.0	9.50108108108108	2.7711486486486483	51307024.216216214	124.19999999999999	True	0.0004896	1.5234867482491878	2851.96719272248	57.0393438544496	0.004033759995369467	30	1.469999999999999	707	0	7985508.1396229435	1307950	0	0.0	9293458.139622943	0.333205959532751	False	0	20154222.32440559	0	0.0	True	420	38000000.0	48360000.0	13434864.288360521	3762	119949086.6127661	4.436213234817342	4.9980893929912655	True	False
16	proceed	1.037837837837838	1.0800432266018518	1.0324324324324325	1.3027027027027027	1.1456000000000002	138.8108108108108	1.1945945945945946	1.2378378378378379	0.0984565970324923	0.0587896395703883	0	False	834812.8818995138	False	83447895.6746754	0.0	83447895.6746754	123	2.5608202917859217	6.402050729464804	50.50506686577789	101.36580321652606	0.8407685181991539	1741	True	20880000	True	3400	215.02702702702703	740.6486486486486	85	32736.0	9.598806486486486	2.799651891891892	51639459.98529729	124.19999999999999	True	0.0004896	1.5851970253352188	2967.4888314275295	59.34977662855059	0.004578710480182844	30	1.469999999999999	735	0	8308968.727997082	1359750	0	0.0	9668718.727997083	0.33481340024657413	False	0	20227135.835184604	0	0.0	True	420	38000000.0	48360000.0	13440000.0	3762	120027135.8351846	4.9228298516246145	5.022201003698611	True	False
17	proceed	1.1027027027027028	1.08525353393718	1.0344594594594594	1.3216216216216217	1.1547	139.48648648648648	1.2067567567567568	1.2527027027027027	0.10813120232815353	0.07001935399301062	0.486582880967408	False	994274.8267007509	False	99387711.67700705	0.0	99387711.67700705	147	2.5731741128387418	6.432935282096854	50.74871166987518	101.85480863320018	0.8448245247272157	1900	True	20880000	True	3400	217.21621621621622	748.1891891891892	85	32736.0	9.69653189189189	2.828155135135135	51971895.75437838	124.19999999999999	True	0.0004896	1.65104944089737	3090.7645533598766	61.815291067197535	0.005166329713157496	45	2.2049999999999983	766	0	8654140.749407655	1417100	0	0.0	10071240.749407655	0.33642859552052595	False	0	20300401.09281106	0	0.0	True	420	38000000.0	48360000.0	13440000.0	3762	120100401.09281106	5.406560116407676	5.0464289328078875	True	False
18	proceed	1.1675675675675676	1.0904889766577042	1.0364864864864864	1.3405405405405406	1.1638000000000002	140.16216216216216	1.218918918918919	1.2675675675675677	0.11776709157296811	0.08208336884639189	0.5143282147522876	False	1165583.837618765	False	116511760.40837175	0.0	116511760.40837175	172	2.5855875307695997	6.463968826923999	50.99353185684489	102.34617309296333	0.848900098102275	2058	True	20880000	True	3400	219.4054054054054	755.7297297297297	85	32736.0	9.794257297297296	2.8566583783783783	52304331.52345946	124.19999999999999	True	0.0004896	1.7210920144407382	3221.8842510330624	64.43768502066125	0.0057997705674774115	45	2.2049999999999983	799	0	9021275.902892575	1478150	0	0.0	10499425.902892575	0.33805158276388836	False	0	20374019.794169977	0	0.0	True	420	38000000.0	48360000.0	13440000.0	3762	120174019.79416998	5.888354578648405	5.070773741458325	True	False
19	proceed	1.2324324324324323	1.0957496760206833	1.0385135135135135	1.3594594594594593	1.1729	140.83783783783784	1.231081081081081	1.2824324324324325	0.1273834667690547	0.09495333159099617	0.5405741759640734	False	1348337.3085921456	False	134779797.36687088	0.0	134779797.36687088	199	2.5980608330837005	6.495152082709251	51.23953309692853	102.83990797622981	0.8529953327180405	2216	True	20880000	True	3400	221.59459459459458	763.2702702702702	85	32736.0	9.8919827027027	2.885161621621621	52636767.292540535	124.19999999999999	True	0.0004896	1.795371366858782	3360.93519875964	67.21870397519281	0.006482227100065158	45	2.2049999999999983	833	0	9410618.556526992	1541050	0	0.0	10951668.556526992	0.3396823995664118	False	0	20447993.64433244	0	0.0	True	420	38000000.0	48360000.0	13440000.0	3762	120247993.64433244	6.369173338452736	5.0952359934961775	True	False
20	proceed	1.2972972972972974	1.1010357538683422	1.0405405405405406	1.3783783783783785	1.182	141.51351351351352	1.2432432432432432	1.2972972972972974	0.13699833047945917	0.10860133757630674	0.5654017914929218	False	1542138.9935835558	False	154152213.79861224	0.0	154152213.79861224	228	2.610594308673225	6.526485771683062	51.48672108772193	103.33602471831516	0.8571103234235933	2375	True	20880000	True	3400	223.78378378378378	770.8108108108108	85	32736.0	9.989708108108106	2.9136648648648644	52969203.06162162	124.19999999999999	True	0.0004896	1.8739290962181756	3507.995268120425	70.1599053624085	0.007216918910681814	45	2.2049999999999983	869	0	9822386.75073719	1607650	0	0.0	11430036.75073719	0.341321083699186	False	0	20522324.356595077	0	0.0	True	420	38000000.0	48360000.0	13440000.0	3762	120322324.35659507	6.849916523972958	5.119816255487792	True	False
21	proceed	1.362162162162162	1.106347332630693	1.0425675675675676	1.3972972972972972	1.1911	142.1891891891892	1.2554054054054054	1.3121621621621622	0.14662781879634654	0.12299900066313207	0.5888877094928125	False	1746585.8094164755	False	174588717.50927088	0.0	174588717.50927088	258	2.6231882478240154	6.557970619560038	51.735101554306965	103.83453480970061	0.8612451655255808	2533	True	20880000	True	3400	225.97297297297297	778.3513513513514	85	32736.0	10.087433513513512	2.942168108108108	53301638.8307027	124.19999999999999	True	0.0004896	1.9567985386206974	3663.126864297945	73.2625372859589	0.008007071842610257	45	2.2049999999999983	908	0	10256755.220034245	1679800	0	0.0	11936555.220034245	0.3429676731155147	False	0	20597013.652519748	0	0.0	True	420	38000000.0	48360000.0	13440000.0	3762	120397013.65251975	7.331390939817327	5.1445150967327224	True	False
22	proceed	1.427027027027027	1.1116845353283693	1.0445945945945947	1.4162162162162162	1.2002	142.86486486486487	1.2675675675675675	1.327027027027027	0.15628597206564365	0.13811675244295407	0.6111044360107771	False	1961257.8846899478	False	196047338.1536072	0.0	196047338.1536072	290	2.6358429422223	6.589607355555749	51.98468024938425	104.33544979629937	0.8653999547904256	2691	True	20880000	True	3400	228.16216216216216	785.8918918918919	85	32736.0	10.185158918918917	2.970671351351351	53634074.59978378	124.19999999999999	True	0.0004896	2.044002045757392	3826.3718296578386	76.52743659315678	0.008855896243981505	45	2.2049999999999983	948	0	10713841.123041948	1753800	0	0.0	12467641.123041948	0.3446222059517945	False	0	20672063.261973396	0	0.0	True	420	38000000.0	48360000.0	13440000.0	3762	120472063.2619734	7.814298603282182	5.169333089276917	True	False
23	proceed	1.4918918918918918	1.117047485575478	1.0466216216216215	1.4351351351351351	1.2092999999999998	143.54054054054055	1.2797297297297296	1.3418918918918918	0.1659847582769666	0.1539233525920537	0.6321205588285577	False	2185711.6068071625	False	218483732.216444	0.0	218483732.216444	323	2.6485586849614533	6.621396712403633	52.23546295340643	104.83878127972419	0.8695747874465445	2850	True	20880000	True	3400	230.35135135135133	793.4324324324324	85	32736.0	10.282884324324321	2.999174594594594	53966510.368864864	124.19999999999999	True	0.0004896	2.1355488072148003	3997.747367106106	79.95494734212213	0.009766563788650812	45	2.2049999999999983	991	0	11193692.627897097	1833350	0	0.0	13027042.627897097	0.3462847205283981	False	0	20747474.923168134	0	0.0	True	420	38000000.0	48360000.0	13440000.0	3762	120547474.92316814	8.29923791384833	5.194270807925973	True	False
24	proceed	1.5567567567567568	1.1224363075824602	1.0486486486486486	1.454054054054054	1.2184	144.21621621621622	1.2918918918918918	1.3567567567567569	0.26360134704674243	0.24436087256042216	0.6520009592077447	False	3469924.3903579945	False	346853642.06018513	0.0	346853642.06018513	513	2.6613357705487783	6.653339426371946	52.48745547471201	105.3445409175558	0.8737697601865749	3008	True	20880000	True	3400	232.54054054054052	800.9729729729729	85	32736.0	10.380609729729729	3.0276778378378375	54298946.13794594	124.19999999999999	True	0.0004896	2.51261927342967	4703.623279860342	94.07246559720684	0.01814373231858826	60	2.939999999999998	1166	0	13170145.183608958	2157100	0	0.0	15327245.183608958	0.3479552553505627	False	0	20823250.382701524	0	0.0	True	420	38000000.0	48360000.0	13440000.0	3762	120623250.38270152	13.18006735233712	5.21932883025844	True	True
25	proceed	1.6216216216216215	1.1278511261589685	1.0506756756756757	1.4729729729729728	1.2275	144.8918918918919	1.304054054054054	1.3716216216216217	0.26506107330871664	0.25663755010706035	0.6708070121920944	False	3644253.211520257	False	364279551.02356493	0.0	364279551.02356493	538	2.67417449491233	6.6854362372808245	52.740663649659844	105.85274042361307	0.8779849701696163	3166	True	20880000	True	0	45.0	155.0	12.75	0.0	2.0088	0.5859	6833401.92	165.0	False	0.0	2.5985903285213037	4864.561094991881	97.29122189983762	0.018764533021354533	60	2.939999999999998	1206	0	13620771.065977266	2231100	0	0.0	15851871.065977266	0.3496338491092803	False	0	20899391.395596955	0	0.0	True	420	38000000.0	0.0	13440000.0	3762	72339391.39559695	13.253053665435832	5.244507736639204	False	True
26	proceed	1.6864864864864866	1.1332920667167585	1.0527027027027027	1.4918918918918918	1.2366000000000001	145.56756756756758	1.3162162162162163	1.3864864864864865	0.2655607230509781	0.2680090371260442	0.6885967760854024	False	3805728.3271898273	False	380420603.5858952	0.0	380420603.5858952	562	2.68707515540777	6.717687888519424	52.99509334276434	106.36339156822423	0.8822205150234791	3325	True	20880000	True	0	45.0	155.0	12.75	0.0	2.0088	0.5859	6833401.92	165.0	False	0.0	2.682448378967335	5021.54336542685	100.430867308537	0.019370075626293094	75	3.674999999999997	1245	0	14060321.42319518	2303250	0	0.0	16363571.42319518	0.3513205406821951	False	0	20975899.725344367	0	0.0	True	420	38000000.0	0.0	13440000.0	3762	72415899.72534436	13.278036152548905	5.269808110232928	False	True
27	proceed	1.7513513513513512	1.1387592552725927	1.0547297297297298	1.5108108108108107	1.2457	146.24324324324323	1.3283783783783782	1.4013513513513514	0.26602421385036207	0.2792147884616527	0.7054251716898927	False	3964849.9961554683	False	396326405.61570066	0.0	396326405.61570066	586	2.700038050825252	6.75009512706313	53.25075044683136	106.87650617849957	0.8864764928469469	3483	True	20880000	True	0	45.0	155.0	12.75	0.0	2.0088	0.5859	6833401.92	165.0	False	0.0	2.7669751264453595	5179.777436705713	103.59554873411426	0.019980446921387406	75	3.674999999999997	1284	0	14503376.822775995	2375400	0	0.0	16878776.822775997	0.3530153691345037	False	0	21052777.14394109	0	0.0	True	420	38000000.0	0.0	13440000.0	3762	72492777.14394109	13.301210692518104	5.295230537017557	False	True
28	proceed	1.8162162162162163	1.144252818451159	1.0567567567567568	1.5297297297297296	1.2548	146.9189189189189	1.3405405405405406	1.4162162162162164	0.26646134711327735	0.29026173152954526	0.7213441518584691	False	4121716.587719543	False	412006790.1084455	0.0	412006790.1084455	609	2.7130634813963437	6.782658703490859	53.50764088309455	107.39209613860527	0.8907530022120476	3641	True	20880000	True	0	45.0	155.0	12.75	0.0	2.0088	0.5859	6833401.92	165.0	False	0.0	2.852169494127851	5339.261293007337	106.78522586014675	0.020595639130819365	75	3.674999999999997	1324	0	14949931.620420545	2449400	0	0.0	17399331.620420545	0.35471837371985937	False	0	21130025.431932822	0	0.0	True	420	38000000.0	0.0	13440000.0	3762	72570025.43193282	13.323067355663866	5.320775605797889	False	True
29	proceed	1.881081081081081	1.1497728834880039	1.0587837837837837	1.5486486486486486	1.2639	147.59459459459458	1.3527027027027025	1.4310810810810812	0.26687930367326745	0.3011555532507485	0.7364028618842733	False	4276408.856160629	False	427469829.26181644	0.0	427469829.26181644	632	2.7261517488009797	6.8153793720024485	53.76577060135265	107.91017339003879	0.8950501421663377	3800	True	20880000	True	0	45.0	155.0	12.75	0.0	2.0088	0.5859	6833401.92	165.0	False	0.0	2.9380269455214414	5499.986442016139	109.99972884032279	0.02121561949637438	75	3.674999999999997	1363	0	15399962.037645191	2521550	0	0.0	17921512.03764519	0.35642959388128115	False	0	21207646.37845491	0	0.0	True	420	38000000.0	0.0	13440000.0	3762	72647646.37845491	13.343965183663371	5.346443908219219	False	True
30	proceed	1.945945945945946	1.1553195782324797	1.0608108108108107	1.5675675675675675	1.273	148.27027027027026	1.364864864864865	1.445945945945946	0.2672833444945843	0.3119009515290846	0.7506477912227038	False	4428993.511713001	False	442722191.4308316	0.0	442722191.4308316	654	2.7393031561744476	6.848257890436119	54.02514558010716	108.43074993190521	0.8993680122351948	3958	True	20880000	True	0	45.0	155.0	12.75	0.0	2.0088	0.5859	6833401.92	165.0	False	0.0	3.0245401663477667	5661.939191403019	113.23878382806039	0.02184033520133241	75	3.674999999999997	1404	0	15853429.735928454	2597400	0	0.0	18450829.735928454	0.3581490692520688	False	0	21285641.78127384	0	0.0	True	420	38000000.0	0.0	13440000.0	3762	72725641.78127384	13.364167224729215	5.372236038781031	False	True
31	proceed	2.0108108108108107	1.1608930311507046	1.0628378378378378	1.5864864864864865	1.2820999999999998	148.94594594594594	1.377027027027027	1.4608108108108109	0.26767732401774963	0.3225018423623994	0.7641229170143	False	4579526.161546072	False	457769435.10814536	0.0	457769435.10814536	677	2.752518008114411	6.881295020286028	54.28577182670088	108.95383782119545	0.9037067124241235	4116	True	20880000	True	0	45.0	155.0	12.75	0.0	2.0088	0.5859	6833401.92	165.0	False	0.0	3.111699647739657	5825.101740568638	116.50203481137277	0.02246971758175285	75	3.674999999999997	1444	0	16310284.873592187	2671400	0	0.0	18981684.873592187	0.35987683965671846	False	0	21364013.44682875	0	0.0	True	420	38000000.0	0.0	13440000.0	3762	72804013.44682875	13.383866200887482	5.398152594850777	False	True
32	proceed	2.075675675675676	1.1664933713285388	1.0648648648648649	1.6054054054054054	1.2912	149.6216216216216	1.3891891891891892	1.4756756756756757	0.26806406624393003	0.3329615278153564	0.7768698398515702	False	4728053.69497806	False	472616247.35000694	0.0	472616247.35000694	699	2.7657966106879623	6.914491526719906	54.54765537745704	109.47944917306518	0.9080663432210719	4275	True	20880000	True	0	45.0	155.0	12.75	0.0	2.0088	0.5859	6833401.92	165.0	False	0.0	3.1994941749351637	5989.453095478627	119.78906190957254	0.02310368565535517	75	3.674999999999997	1485	0	16770468.667340156	2747250	0	0.0	19517718.667340156	0.36161294511184705	False	0	21442763.19027338	0	0.0	True	420	38000000.0	0.0	13440000.0	3762	72882763.19027337	13.403203312196501	5.424194176677706	False	True
33	proceed	2.1405405405405404	1.1721207284745743	1.066891891891892	1.6243243243243244	1.3002999999999998	150.2972972972973	1.4013513513513514	1.4905405405405405	0.26844564025978285	0.3432828306024226	0.7889279122089098	False	4874616.194554401	False	487266634.8076579	0.0	487266634.8076579	720	2.7791392714387126	6.947848178596781	54.81080229781906	110.0075961611157	0.9124470055987581	4433	True	20880000	True	0	45.0	155.0	12.75	0.0	2.0088	0.5859	6833401.92	165.0	False	0.0	3.2879112303469125	6154.969823209421	123.09939646418842	0.023742149032100212	90	4.409999999999997	1526	0	17233915.50498638	2823100	0	0.0	20057015.50498638	0.36335742582711794	False	0	21521892.83551807	0	0.0	True	420	38000000.0	0.0	13440000.0	3762	72961892.83551806	13.422282012989141	5.450361387406771	False	True
34	proceed	2.2054054054054055	1.1777752329231381	1.068918918918919	1.6432432432432433	1.3094000000000003	150.97297297297297	1.4135135135135135	1.5054054054054054	0.2688235620909392	0.3534682008572835	0.8003343599320981	False	5019248.452173426	False	501724075.2792557	0.0	501724075.2792557	742	2.792546299393913	6.981365748484782	55.075218682491055	110.53829101767572	0.9168488010170095	4591	True	20880000	True	0	45.0	155.0	12.75	0.0	2.0088	0.5859	6833401.92	165.0	False	0.0	3.376937321813126	6321.626666434172	126.43253332868345	0.024385010284504887	90	4.409999999999997	1567	0	17700554.66601568	2898950	0	0.0	20599504.66601568	0.3651103222061729	False	0	21601404.215272002	0	0.0	True	420	38000000.0	0.0	13440000.0	3762	73041404.21527201	13.44117810454696	5.476654833092593	False	True
35	proceed	2.27027027027027	1.1834570156373125	1.070945945945946	1.6621621621621623	1.3185000000000002	151.64864864864865	1.4256756756756757	1.5202702702702702	0.26919894258278276	0.36351980014461616	0.8111243971624382	False	5161981.16205355	False	515991636.9588729	0.0	515991636.9588729	763	2.8060180050716155	7.015045012679038	55.34091065557908	111.07154603408478	0.9212718314251129	4750	True	20880000	True	0	45.0	155.0	12.75	0.0	2.0088	0.5859	6833401.92	165.0	False	0.0	3.466558247129051	6489.397038625584	129.7879407725117	0.025032166857835155	90	4.409999999999997	1609	0	18170311.708151635	2976650	0	0.0	21146961.708151635	0.3668716748475669	False	0	21681299.171085633	0	0.0	True	420	38000000.0	0.0	13440000.0	3762	73121299.17108563	13.459947129139138	5.503075122713503	False	True
36	proceed	2.3351351351351353	1.1891662082119667	1.072972972972973	1.6810810810810812	1.3276	152.32432432432432	1.4378378378378378	1.5351351351351352	0.2695725957400439	0.37343956710858484	0.8213313350503348	False	5302841.852941904	False	530072071.6200728	0.0	530072071.6200728	784	2.8195547004878607	7.048886751219651	55.60788437073281	111.6073735609778	0.9257161992641744	4908	True	20880000	True	0	45.0	155.0	12.75	0.0	2.0088	0.5859	6833401.92	165.0	False	0.0	3.5567593053406994	6658.25341959779	133.1650683919558	0.02568351259586718	90	4.409999999999997	1651	0	18643109.574873812	3054350	0	0.0	21697459.574873812	0.36864152454570975	False	0	21761579.553393394	0	0.0	True	420	38000000.0	0.0	13440000.0	3762	73201579.5533934	13.478629787002195	5.529622868185646	False	True
37	proceed	2.4	1.1949029428768057	1.075	1.7	1.3367000000000002	153.0	1.45	1.55	0.2699451180979528	0.3832292684682298	0.8309866845939339	False	5441855.612248863	False	543967887.0003965	0.0	543967887.0003965	804	2.833156699163907	7.082891747909767	55.876146011288164	112.1457860085713	0.9301820074694939	5066	True	20880000	True	0	45.0	155.0	12.75	0.0	2.0088	0.5859	6833401.92	165.0	False	0.0	3.6475254642151276	6828.167669010719	136.56335338021438	0.02633893895019749	90	4.409999999999997	1693	0	19118869.47323001	3132050	0	0.0	22250919.47323001	0.3704199122918097	False	0	21842247.22155649	0	0.0	True	420	38000000.0	0.0	13440000.0	3762	73282247.22155648	13.49725590489764	5.556298684377147	False	True
38	proceed	2.4648648648648646	1.2006673524994322	1.077027027027027	1.7189189189189187	1.3458	153.67567567567568	1.462162162162162	1.5648648648648649	0.27031694687069263	0.39289053842665633	0.8401202539203061	False	5579045.64565852	False	557681402.7400258	0.0	557681402.7400258	825	2.846824316133491	7.117060790333728	56.14570179041051	112.68679584695069	0.9346693594729478	5225	True	20880000	True	0	45.0	155.0	12.75	0.0	2.0088	0.5859	6833401.92	165.0	False	0.0	3.7388414920634334	6999.111273142747	139.98222546285496	0.02699833593214251	90	4.409999999999997	1735	0	19597511.564799692	3209750	0	0.0	22807261.564799692	0.3722068792748239	False	0	21923304.043906014	0	0.0	True	420	38000000.0	0.0	13440000.0	3762	73363304.04390602	13.515847343534633	5.58310318912236	False	True
39	proceed	2.529729729729729	1.2064595705884247	1.079054054054054	1.7378378378378376	1.3548999999999998	154.35135135135135	1.4743243243243243	1.5797297297297297	0.2706884025517968	0.4024249089886569	0.8487602403095043	False	5714433.707638928	False	571214793.4155872	0.0	571214793.4155872	845	2.8605578679501256	7.151394669875313	56.41655795123858	113.23041560635912	0.9391783592053852	5383	True	20880000	True	0	45.0	155.0	12.75	0.0	2.0088	0.5859	6833401.92	165.0	False	0.0	3.8306920608485724	7171.055537908527	143.42111075817056	0.027661592857284572	105	5.144999999999996	1778	0	20078955.506143875	3289300	0	0.0	23368255.506143875	0.37400246688241157	False	0	22004751.89778619	0	0.0	True	420	38000000.0	0.0	13440000.0	3762	73444751.89778619	13.53442012758984	5.610037003236175	False	True
40	proceed	2.5945945945945947	1.2122797312964289	1.0810810810810811	1.7567567567567568	1.364	155.02702702702703	1.4864864864864864	1.5945945945945947	0.271059720123816	0.41183383319027667	0.8569333172455917	False	5848040.431301929	False	584570121.5129409	0.0	584570121.5129409	864	2.874357672694428	7.18589418173607	56.688720767029004	113.77665787748776	0.9437091110990347	5541	True	20880000	True	0	45.0	155.0	12.75	0.0	2.0088	0.5859	6833401.92	165.0	False	0.0	3.9230618263496346	7343.971738926516	146.87943477853034	0.028328598924341614	105	5.144999999999996	1821	0	20563120.868994243	3368850	0	0.0	23931970.868994243	0.37580671670189303	False	0	22086592.669597868	0	0.0	True	420	38000000.0	0.0	13440000.0	3762	73526592.66959786	13.552986006190801	5.637100750528394	False	True
41	proceed	2.6594594594594594	1.2181279694232645	1.0831081081081082	1.7756756756756755	1.3731	155.7027027027027	1.4986486486486486	1.6094594594594596	0.2714310719229711	0.42111870283295816	0.8646647167633873	False	5979885.580228006	False	597749362.5995915	0.0	597749362.5995915	884	2.8882240499814897	7.220560124953724	56.962196541301594	114.3255353117673	0.9482617200899227	5700	True	20880000	True	0	45.0	155.0	12.75	0.0	2.0088	0.5859	6833401.92	165.0	False	0.0	4.015935490120364	7517.831237505322	150.35662475010645	0.028999243662572328	105	5.144999999999996	1864	0	21049927.4650149	3448400	0	0.0	24498327.4650149	0.37761967052121204	False	0	22168828.254842177	0	0.0	True	420	38000000.0	0.0	13440000.0	3762	73608828.25484218	13.571553596148554	5.6642950578181805	False	True
42	proceed	2.724324324324324	1.224004420419049	1.085135135135135	1.7945945945945945	1.3821999999999997	156.3783783783784	1.5108108108108107	1.6243243243243244	0.27180258439012905	0.4302808619775834	0.8719783073451471	False	6109988.240081685	False	610754424.4785652	0.0	610754424.4785652	903	2.90215732096828	7.255393302420699	57.236991607985516	114.87706062166107	0.9528362916203057	5858	True	20880000	True	0	45.0	155.0	12.75	0.0	2.0088	0.5859	6833401.92	165.0	False	0.0	4.109297847086912	7692.6055697467	153.852111394934	0.029673417275481593	105	5.144999999999996	1907	0	21539295.59529076	3527950	0	0.0	25067245.59529076	0.3794413703299051	False	0	22251460.558164496	0	0.0	True	420	38000000.0	0.0	13440000.0	3762	73691460.55816449	13.590129219506453	5.691620554948578	False	True
43	proceed	2.7891891891891887	1.2299092203873325	1.087162162162162	1.8135135135135134	1.3913000000000002	157.05405405405406	1.5229729729729728	1.6391891891891892	0.2721743503428096	0.4393216171808346	0.8788966676076703	False	6238366.963967851	False	623587161.7182264	0.0	623587161.7182264	922	2.916157808361079	7.290394520902697	57.51311233156572	115.43124658095938	0.9574329316411095	6016	True	20880000	True	0	45.0	155.0	12.75	0.0	2.0088	0.5859	6833401.92	165.0	False	0.0	4.2031338218760546	7868.266514551974	157.3653302910395	0.0303510109031481	105	5.144999999999996	1951	0	22031146.240745526	3609350	0	0.0	25640496.240745526	0.38127185832007315	False	0	22334491.49339852	0	0.0	True	420	38000000.0	0.0	13440000.0	3762	73774491.49339852	13.608717517140482	5.719077874801097	False	True
44	proceed	2.854054054054054	1.2358425060882525	1.0891891891891892	1.8324324324324324	1.4004	157.72972972972974	1.535135135135135	1.654054054054054	0.2725464379658359	0.4482422452380621	0.8854411560073123	False	6365039.882380482	False	636249386.642753	0.0	636249386.642753	941	2.93022583642296	7.325564591057399	57.7905651072306	115.98810602507548	0.9620517466143862	6175	True	20880000	True	0	45.0	155.0	12.75	0.0	2.0088	0.5859	6833401.92	165.0	False	0.0	4.297428496339605	8044.78614514774	160.89572290295482	0.031031916820979336	120	5.879999999999996	1995	1	22525401.20641367	3690750	340000	0.0	26556151.20641367	0.3831111768873583	False	0	22417922.98361057	0	0.0	True	420	38000000.0	0.0	13440000.0	3762	73857922.98361057	13.627321898291793	5.746667653310375	False	True
45	proceed	2.918918918918919	1.2418044149416987	1.0912162162162162	1.8513513513513513	1.4095000000000002	158.40540540540542	1.5472972972972974	1.6689189189189189	0.27291889739801356	0.4570439990239893	0.8916319767781041	False	6490024.786140648	False	648742877.6226193	0.0	648742877.6226193	959	2.9443617309812904	7.360904327453226	58.069356361019885	116.54765185134274	0.9666928435157773	6333	True	20880000	True	0	45.0	155.0	12.75	0.0	2.0088	0.5859	6833401.92	165.0	False	0.0	4.392167130228704	8222.136867788135	164.4427373557627	0.0317160285890015	120	5.879999999999996	2039	1	23021983.229806777	3772150	340000	0.0	27134133.229806777	0.3849593686319266	False	0	22501756.96114419	0	0.0	True	420	38000000.0	0.0	13440000.0	3762	73941756.9611442	13.645944869900678	5.774390529478899	False	True
46	proceed	2.9837837837837835	1.247795085030498	1.0932432432432433	1.8702702702702703	1.4186	159.0810810810811	1.5594594594594593	1.6837837837837837	0.2732917655576297	0.46572811188674257	0.8974882423065393	False	6613339.188791744	False	661069385.3116229	0.0	661069385.3116229	978	2.958565819435287	7.396414548588217	58.34949254997371	117.10989701931344	0.9713563298369935	6333	True	20880000	True	0	45.0	155.0	12.75	0.0	2.0088	0.5859	6833401.92	165.0	False	0.0	4.487335176557014	8400.291450514731	168.00582901029463	0.03240324116279783	120	5.879999999999996	2083	1	23520816.061441246	3853550	340000	0.0	27714366.061441246	0.3868164763594544	False	0	22585995.367664855	0	0.0	True	420	38000000.0	0.0	13440000.0	3762	74025995.36766486	13.664588277881485	5.802247145391816	False	True
47	proceed	3.048648648648648	1.253814655103611	1.0952702702702704	1.8891891891891892	1.4277	159.75675675675674	1.5716216216216217	1.6986486486486485	0.2736650696776819	0.47429580094464485	0.9030280321355949	False	6735000.373413957	False	673230637.3264592	0.0	673230637.3264592	996	2.97283843076359	7.432096076908975	58.63098016228191	117.67485455105877	0.9760423135883018	6333	True	20880000	True	0	45.0	155.0	12.75	0.0	2.0088	0.5859	6833401.92	165.0	False	0.0	4.582918292859047	8579.223044232136	171.58446088464274	0.033093450974805434	120	5.879999999999996	2127	1	24021824.523849983	3934950	340000	0.0	28296774.523849983	0.38868254308211947	False	0	22670640.15420494	0	0.0	True	420	38000000.0	0.0	13440000.0	3762	74110640.15420493	13.683253483884096	5.830238146231791	False	True
48	proceed	3.1135135135135137	1.259863264579347	1.0972972972972972	1.9081081081081082	1.4368	160.43243243243245	1.5837837837837836	1.7135135135135138	0.2740388298958387	0.4827482695529062	0.9082684487801435	False	6855025.4276512675	False	685228341.7480208	0.0	685228341.7480208	1013	2.9871798955318924	7.467949738829731	58.91382571743454	118.24253753147073	0.9807509033010311	6333	True	20880000	True	0	45.0	155.0	12.75	0.0	2.0088	0.5859	6833401.92	165.0	False	0.0	4.678902349284957	8758.90519786144	175.1781039572288	0.03378655599276817	120	5.879999999999996	2172	1	24524934.554012034	4018200	340000	0.0	28883134.554012034	0.3905576120195975	False	0	22755693.281208944	0	0.0	True	420	38000000.0	0.0	13440000.0	3762	74195693.28120895	13.701941494791935	5.8583641802939646	False	True
49	proceed	3.1783783783783783	1.265941053548592	1.0993243243243243	1.927027027027027	1.4459	161.1081081081081	1.595945945945946	1.7283783783783786	0.2744130611518826	0.4910867091437737	0.9132256705260707	False	6973431.269841587	False	697064189.733365	0.0	697064189.733365	1031	3.001590545900586	7.503976364751464	59.19803576637266	118.81295910856487	0.9854822080300805	6333	True	20880000	True	0	45.0	155.0	12.75	0.0	2.0088	0.5859	6833401.92	165.0	False	0.0	4.775273434263354	8939.311868940998	178.78623737881998	0.03448245576062804	120	5.879999999999996	2216	1	25030073.233034797	4099600	340000	0.0	29469673.233034797	0.3924417266000635	False	0	22841156.71857888	0	0.0	True	420	38000000.0	0.0	13440000.0	3762	74281156.71857888	13.720653057594129	5.886625899000953	False	True
50	proceed	3.243243243243243	1.2720481627780535	1.1013513513513513	1.9459459459459458	1.4549999999999998	161.78378378378378	1.608108108108108	1.7432432432432434	0.27478777457780446	0.49931230059481957	0.9179150013761012	False	7090234.668446437	False	708739857.457906	0.0	708739857.457906	1048	3.0160707156324618	7.540176789081154	59.48361689164021	119.38613249378494	0.9902363373564499	6333	True	20880000	True	0	45.0	155.0	12.75	0.0	2.0088	0.5859	6833401.92	165.0	False	0.0	4.872017858298932	9120.4174307356	182.40834861471203	0.03518105142594808	135	6.614999999999996	2261	1	25537168.80605968	4182850	340000	0.0	30060018.80605968	0.3943349304611965	False	0	22927032.445719875	0	0.0	True	420	38000000.0	0.0	13440000.0	3762	74367032.44571987	13.739388728890223	5.915023956917949	False	True
51	proceed	3.3081081081081076	1.278184733713521	1.1033783783783784	1.9648648648648648	1.4641	162.45945945945945	1.6202702702702703	1.7581081081081082	0.2751629785162074	0.5074262152425915	0.9223509182965242	False	7205452.256444799	False	720257007.5542221	0.0	720257007.5542221	1065	3.0306207401004386	7.5765518502510965	59.77057570753642	119.96207096230901	0.9950134013897761	6333	True	20880000	True	0	45.0	155.0	12.75	0.0	2.0088	0.5859	6833401.92	165.0	False	0.0	4.969122156342323	9302.19667667283	186.0439335334566	0.035882245757025075	135	6.614999999999996	2306	1	26046150.69468392	4266100	340000	0.0	30652250.69468392	0.3962372674511916	False	0	23013322.45158605	0	0.0	True	420	38000000.0	0.0	13440000.0	3762	74453322.45158605	13.75814892581037	5.943559011767873	False	True
52	proceed	3.372972972972973	1.284350908483142	1.1054054054054054	1.9837837837837837	1.4732	163.13513513513513	1.6324324324324324	1.772972972972973	0.27553867926640385	0.5154296156302671	0.926547115910682	False	7319100.541949793	False	731617290.1733012	0.0	731617290.1733012	1082	3.045240956295326	7.613102390738315	60.058918860268925	120.54078785335666	0.9998135107708815	6333	True	20880000	True	0	45.0	155.0	12.75	0.0	2.0088	0.5859	6833401.92	165.0	False	0.0	5.066573089069169	9484.624822737485	189.69249645474972	0.03658594315212592	135	6.614999999999996	2352	1	26556949.50366496	4351200	340000	0.0	31248149.50366496	0.39814878162977396	False	0	23100028.73472655	0	0.0	True	420	38000000.0	0.0	13440000.0	3762	74540028.73472655	13.776933963320193	5.97223172444661	False	True
53	proceed	3.437837837837838	1.2905468299007132	1.1074324324324325	2.0027027027027025	1.4822999999999997	163.8108108108108	1.6445945945945946	1.787837837837838	0.27591488163101807	0.5233236560561887	0.9305165487771985	False	7431195.91599788	False	742822343.7631481	0.0	742822343.7631481	1098	3.0599317028336372	7.649829257084093	60.34865302810784	121.12229657049814	1.0046367766743398	6333	True	20880000	True	0	45.0	155.0	12.75	0.0	2.0088	0.5859	6833401.92	165.0	False	0.0	5.164357643327081	9667.677508308296	193.35355016616592	0.03729204964271504	135	6.614999999999996	2397	1	27069497.023263227	4434450	340000	0.0	31843947.023263227	0.400069517269221	False	0	23187153.303331867	0	0.0	True	420	38000000.0	0.0	13440000.0	3762	74627153.30333187	13.795744081550904	6.001042759038317	False	True
54	proceed	3.5027027027027025	1.2967726414689897	1.1094594594594596	2.0216216216216214	1.4914	164.48648648648648	1.6567567567567567	1.8027027027027027	0.2762915893164351	0.5311094829736334	0.9342714713834696	False	7541754.658225594	False	753873795.6362305	0.0	753873795.6362305	1115	3.074693319965426	7.6867332999135645	60.63978492154034	121.7066105819648	1.0094833108110488	6333	True	20880000	True	0	45.0	155.0	12.75	0.0	2.0088	0.5859	6833401.92	165.0	False	0.0	5.2624630319487355	9851.330795808033	197.02661591616067	0.0380004728921048	135	6.614999999999996	2443	1	27583726.22826249	4519550	340000	0.0	32443276.22826249	0.4019995188553869	False	0	23274698.175280347	0	0.0	True	420	38000000.0	0.0	13440000.0	3762	74714698.17528035	13.814579465821756	6.029992782830803	False	True
55	proceed	3.567567567567567	1.3030284873830067	1.1114864864864864	2.0405405405405403	1.5005000000000002	165.16216216216216	1.6689189189189189	1.8175675675675675	0.276668805226176	0.5387882352796757	0.9378234759778836	False	7650792.940971395	False	764773262.3795006	0.0	764773262.3795006	1131	3.0895261495821673	7.723815373955418	60.93232128342608	122.2937434209608	1.0143532254308172	6333	True	20880000	True	0	45.0	155.0	12.75	0.0	2.0088	0.5859	6833401.92	165.0	False	0.0	5.360876693082721	10035.561169450855	200.7112233890171	0.038711122190623476	150	7.349999999999994	2488	1	28099571.274462394	4602800	340000	0.0	33042371.274462394	0.4039388310887322	False	0	23362665.378184892	0	0.0	True	420	38000000.0	0.0	13440000.0	3762	74802665.37818488	13.833440261308798	6.059082466330982	False	True
56	proceed	3.6324324324324326	1.309314512533421	1.1135135135135135	2.0594594594594593	1.5096000000000003	165.83783783783784	1.681081081081081	1.8324324324324326	0.2770465316758284	0.5463610445215425	0.9411835283575701	False	7758326.832205905	False	775522350.1473023	0.0	775522350.1473023	1147	3.1044305352246795	7.761076338061699	61.226268889153395	122.88370868597688	1.0192466333249668	6333	True	20880000	True	0	45.0	155.0	12.75	0.0	2.0088	0.5859	6833401.92	165.0	False	0.0	5.459586289157803	10220.345533303407	204.40691066606814	0.03942390844813619	150	7.349999999999994	2534	1	28616967.49324954	4687900	340000	0.0	33644867.493249536	0.40588749888536046	False	0	23451056.949439947	0	0.0	True	420	38000000.0	0.0	13440000.0	3762	74891056.94943994	13.85232658379142	6.088312483280408	False	True
57	proceed	3.6972972972972973	1.3156308625098645	1.1155405405405405	2.0783783783783782	1.5187	166.51351351351352	1.6932432432432432	1.8472972972972974	0.27742477055050935	0.5538290350417439	0.9443620017221572	False	7864372.297592763	False	786122654.8673726	0.0	786122654.8673726	1163	3.1194068220910767	7.798517055227691	61.521634546796236	123.4765200411051	1.0241636478289422	6333	True	20880000	True	0	45.0	155.0	12.75	0.0	2.0088	0.5859	6833401.92	165.0	False	0.0	5.558579705568819	10405.66120882483	208.1132241764966	0.04013874418455573	150	7.349999999999994	2580	1	29135851.384709522	4773000	340000	0.0	34248851.38470952	0.4078455673780579	False	0	23539874.936268706	0	0.0	True	420	38000000.0	0.0	13440000.0	3762	74979874.9362687	13.871238527525469	6.1176835106708705	False	True
58	proceed	3.762162162162162	1.321977683604319	1.1175675675675676	2.097297297297297	1.5278	167.1891891891892	1.7054054054054053	1.8621621621621622	0.27780352342022413	0.5611933240778963	0.9473687086980563	False	7968945.201906128	False	796575762.3825365	0.0	796575762.3825365	1178	3.134455357044767	7.836138392611917	61.81842509727179	124.07219121635536	1.029104382824938	6333	True	20880000	True	0	45.0	155.0	12.75	0.0	2.0088	0.5859	6833401.92	165.0	False	0.0	5.657845049151244	10591.48593201113	211.8297186402226	0.04085554351882727	150	7.349999999999994	2626	1	29656160.609631162	4858100	340000	0.0	34854260.609631166	0.4098130819173389	False	0	23629121.395770494	0	0.0	True	420	38000000.0	0.0	13440000.0	3762	75069121.39577049	13.890176171011207	6.147196228760085	False	True
59	proceed	3.8270270270270266	1.3283551228145027	1.1195945945945946	2.116216216216216	1.5369000000000002	167.86486486486487	1.7175675675675675	1.877027027027027	0.2781827916243806	0.5684550218291385	0.950212931632136	False	8072061.309973767	False	806883248.5449778	0.0	806883248.5449778	1193	3.149576488622485	7.873941221556212	62.116647414499	124.67073600797336	1.0340689527445341	6333	True	20880000	True	0	45.0	155.0	12.75	0.0	2.0088	0.5859	6833401.92	165.0	False	0.0	5.757370646495483	10777.797850239545	215.5559570047909	0.04157422215675582	150	7.349999999999994	2672	1	30177833.980670728	4943200	340000	0.0	35461033.98067073	0.41179008807249584	False	0	23718798.394968413	0	0.0	True	420	38000000.0	0.0	13440000.0	3762	75158798.39496842	13.909139581219028	6.1768513210874385	False	True
60	proceed	3.891891891891892	1.3347633278472748	1.1216216216216217	2.135135135135135	1.5459999999999998	168.54054054054055	1.7297297297297298	1.891891891891892	0.27856257633370596	0.5756152314980089	0.9529034512483106	False	8173736.287271726	False	817046679.2756819	0.0	817046679.2756819	1208	3.164770567042363	7.911926417605907	62.416308405557714	125.2721682787602	1.0390574725713486	6333	True	20880000	True	0	45.0	155.0	12.75	0.0	2.0088	0.5859	6833401.92	165.0	False	0.0	5.857145042139599	10964.57551888533	219.29151037770663	0.04229469737795587	150	7.349999999999994	2719	1	30700811.452878926	5030150	340000	0.0	36070961.45287892	0.4137766316326552	False	0	23808908.01085724	0	0.0	True	420	38000000.0	0.0	13440000.0	3762	75248908.01085724	13.928128816685298	6.206649474489828	False	True
61	proceed	3.9567567567567568	1.3412024471220572	1.1236486486486486	2.154054054054054	1.5551000000000004	169.21621621621622	1.7418918918918918	1.906756756756757	0.2789428785956083	0.582675049314402	0.9554485737555103	False	8273985.700264508	False	827067610.5984402	0.0	827067610.5984402	1223	3.180037944212047	7.950094860530117	62.717415010848704	125.87650195839353	1.0440700578436994	6333	True	20880000	True	0	45.0	155.0	12.75	0.0	2.0088	0.5859	6833401.92	165.0	False	0.0	5.957156996669851	11151.79789776596	223.03595795531922	0.043016888022135255	165	8.084999999999994	2765	1	31225034.11374469	5115250	340000	0.0	36680284.11374469	0.4157727586078377	False	0	23899452.33045152	0	0.0	True	420	38000000.0	0.0	13440000.0	3762	75339452.33045152	13.947143929780413	6.2365913791175664	False	True
62	proceed	4.021621621621621	1.347672629774271	1.1256756756756756	2.172972972972973	1.5642	169.8918918918919	1.7540540540540541	1.9216216216216218	0.27932369936740875	0.5896355645465254	0.9578561564907236	False	8372825.016560662	False	836947588.6554039	0.0	836947588.6554039	1238	3.1953789737368385	7.988447434342096	63.01997420425431	126.48375104374985	1.049106824657279	6333	True	20880000	True	0	45.0	155.0	12.75	0.0	2.0088	0.5859	6833401.92	165.0	False	0.0	6.057395484751408	11339.444347454637	226.78888694909276	0.04374071447487487	165	8.084999999999994	2812	1	31750444.172872983	5202200	340000	0.0	37292644.17287298	0.41777851523002396	False	0	23990433.45083389	0	0.0	True	420	38000000.0	0.0	13440000.0	3762	75430433.45083389	13.966184968370436	6.26667772845036	False	True
63	proceed	4.0864864864864865	1.354174025658792	1.1277027027027027	2.191891891891892	1.5733000000000001	170.56756756756755	1.766216216216216	1.9364864864864866	0.27970503954068987	0.5964978595025188	0.960133632176275	False	8470269.604935767	False	846688149.7093793	0.0	846688149.7093793	1252	3.2107940109278936	8.026985027319734	63.323992993300116	127.09392959922911	1.0541678896678461	6333	True	20880000	True	0	45.0	155.0	12.75	0.0	2.0088	0.5859	6833401.92	165.0	False	0.0	6.157849693106117	11527.494625494652	230.54989250989303	0.04446609865302601	165	8.084999999999994	2858	1	32276984.951385025	5287300	340000	0.0	37904284.95138502	0.41979394795422564	False	0	24081853.479203675	0	0.0	True	420	38000000.0	0.0	13440000.0	3762	75521853.47920367	13.985251977034492	6.296909219313383	False	True
64	proceed	4.151351351351352	1.3607067853534205	1.1297297297297297	2.210810810810811	1.5824000000000003	171.24324324324323	1.7783783783783784	1.9513513513513514	0.2800868999591318	0.6032630095254492	0.9622880318662274	False	8566334.735261379	False	856290820.1367275	0.0	856290820.1367275	1266	3.226283412810447	8.065708532026118	63.62947841931715	127.7070517570802	1.059253370093926	6333	True	20880000	True	0	45.0	155.0	12.75	0.0	2.0088	0.5859	6833401.92	165.0	False	0.0	6.258509018450213	11715.9288825388	234.31857765077598	0.04519296398981859	165	8.084999999999994	2905	1	32804600.87110864	5374250	340000	0.0	38518850.871108636	0.4218191034595604	False	0	24173714.532925658	0	0.0	True	420	38000000.0	0.0	13440000.0	3762	75613714.53292567	14.00434499795659	6.327286551893406	False	True
65	proceed	4.216216216216216	1.367271060162369	1.1317567567567568	2.22972972972973	1.5915000000000001	171.9189189189189	1.7905405405405403	1.9662162162162162	0.28046928143158156	0.6099320829837045	0.9643260066527476	False	8661035.578368604	False	865757116.4137259	0.0	865757116.4137259	1280	3.241847538132083	8.104618845330206	63.93643755760497	128.32313171772827	1.0643633837195254	6333	True	20880000	True	0	45.0	155.0	12.75	0.0	2.0088	0.5859	6833401.92	165.0	False	0.0	6.359363065401756	11904.727658432088	238.09455316864177	0.0459212354197505	165	8.084999999999994	2952	1	33333237.443609845	5461200	340000	0.0	39134437.44360985	0.4238540286503345	False	0	24266018.73957917	0	0.0	True	420	38000000.0	0.0	13440000.0	3762	75706018.73957917	14.023464071579077	6.357810429755016	False	True
66	proceed	4.281081081081081	1.3738670021197665	1.1337837837837839	2.2486486486486488	1.6006	172.59459459459458	1.8027027027027027	1.981081081081081	0.28085218474162665	0.6165061412582729	0.9662538481994496	False	8754387.205867475	False	875088545.0985129	0.0	875088545.0985129	1294	3.2574867473710407	8.143716868427601	64.24487751759553	128.94218375010368	1.0694980488968602	6333	True	20880000	True	0	45.0	155.0	12.75	0.0	2.0088	0.5859	6833401.92	165.0	False	0.0	6.460401644365241	12093.871878251732	241.87743756503463	0.04665083936331244	180	8.819999999999993	2999	1	33862841.25910485	5548150	340000	0.0	39750991.25910485	0.42589877065712756	False	0	24358768.237007305	0	0.0	True	420	38000000.0	0.0	13440000.0	3762	75798768.2370073	14.042609237081333	6.388481559856915	False	True
67	proceed	4.345945945945946	1.38049476399318	1.1358108108108107	2.2675675675675677	1.6097000000000001	173.27027027027026	1.8148648648648646	1.9959459459459459	0.2812356106546106	0.6229862387280192	0.9680775081651043	False	8846404.589937871	False	884286602.8101897	0.0	884286602.8101897	1308	3.2732014027445695	8.183003506861423	64.55480544301788	129.56422219197253	1.074657484549097	6333	True	20880000	True	0	45.0	155.0	12.75	0.0	2.0088	0.5859	6833401.92	165.0	False	0.0	6.561614769399107	12283.34284831513	245.6668569663026	0.04738170371158899	180	8.819999999999993	3046	1	34393359.97528236	5635100	340000	0.0	40368459.97528236	0.4279533768378858	False	0	24451965.1733665	0	0.0	True	420	38000000.0	0.0	13440000.0	3762	75891965.1733665	14.06178053273053	6.419300652568287	False	True
68	proceed	4.410810810810811	1.3871544992871523	1.1378378378378378	2.2864864864864867	1.6188	173.94594594594594	1.827027027027027	2.0108108108108107	0.28161955992277166	0.6293734227537691	0.9698026165776815	False	8937102.60310352	False	893352776.206228	0.0	893352776.206228	1321	3.2889918682173134	8.222479670543283	64.86622851206367	130.18926145026865	1.0798418101731084	6333	True	20880000	True	0	45.0	155.0	12.75	0.0	2.0088	0.5859	6833401.92	165.0	False	0.0	6.662992656070494	12473.122252163963	249.46244504327927	0.04811375781076778	180	8.819999999999993	3093	1	34924742.3060591	5722050	340000	0.0	40986792.3060591	0.4300178947790172	False	0	24545611.70717622	0	0.0	True	420	38000000.0	0.0	13440000.0	3762	75985611.70717622	14.080977996138584	6.450268421685259	False	True
69	proceed	4.475675675675675	1.3938463622467576	1.1398648648648648	2.3054054054054056	1.6279	174.6216216216216	1.8391891891891892	2.025675675675676	0.28200403328900875	0.6356687336618096	0.9714344992154497	False	9026496.017997697	False	902288541.9590497	0.0	902288541.9590497	1334	3.304858509509741	8.262146273774352	65.17915393755321	130.81731600142723	1.0850511458422383	6333	True	20880000	True	0	45.0	155.0	12.75	0.0	2.0088	0.5859	6833401.92	165.0	False	0.0	6.764525719300669	12663.192146530851	253.26384293061705	0.048846932446581205	180	8.819999999999993	3140	1	35456938.01028638	5809000	340000	0.0	41605938.01028638	0.4320923722964949	False	0	24639710.007369008	0	0.0	True	420	38000000.0	0.0	13440000.0	3762	76079710.00736901	14.100201664450438	6.481385584447423	False	True
70	proceed	4.54054054054054	1.4005705078611739	1.1418918918918919	2.3243243243243246	1.6370000000000005	175.2972972972973	1.8513513513513513	2.0405405405405403	0.2823890314896404	0.6418732047272433	0.9729781940487909	False	9114599.507126855	False	911095366.7324004	0.0	911095366.7324004	1347	3.3208016941066187	8.302004235266546	65.49358896710277	131.4484003917203	1.0902856122090852	6333	True	20880000	True	0	45.0	155.0	12.75	0.0	2.0088	0.5859	6833401.92	165.0	False	0.0	6.866204571203739	12853.534957293401	257.07069914586805	0.04958115982869968	180	8.819999999999993	3187	1	35989897.88042152	5895950	340000	0.0	42225847.88042152	0.434176857436964	False	0	24734262.253340684	0	0.0	True	420	38000000.0	0.0	13440000.0	3762	76174262.25334069	14.119451574482019	6.512652861554459	False	True
71	proceed	4.605405405405405	1.407327091867273	1.143918918918919	2.343243243243243	1.6461	175.97297297297297	1.8635135135135132	2.0554054054054056	0.28277455525642664	0.6479878621575279	0.9744384667934926	False	9201427.642636897	False	919774707.1579843	0.0	919774707.1579843	1360	3.3368217912655194	8.342054478163798	65.80954088329219	132.08252923759346	1.0955453305082954	6333	True	20880000	True	0	45.0	155.0	12.75	0.0	2.0088	0.5859	6833401.92	165.0	False	0.0	6.968020018920726	13044.1334754196	260.882669508392	0.05031637357509138	195	9.554999999999993	3234	1	36523573.73117488	5982900	340000	0.0	42846473.73117488	0.43627139847885466	False	0	24829270.635000847	0	0.0	True	420	38000000.0	0.0	13440000.0	3762	76269270.63500085	14.138727762821333	6.54407097718282	False	True
72	proceed	4.6702702702702705	1.4141162707532264	1.145945945945946	2.3621621621621625	1.6552000000000002	176.64864864864865	1.8756756756756756	2.0702702702702704	0.2831606053180502	0.6540137250764351	0.9758198256235296	False	9286994.896085378	False	928328009.8126944	0.0	928328009.8126944	1373	3.352919172025376	8.382297930063439	66.1270170038338	132.71971722600446	1.1008304225593715	6333	True	20880000	True	0	45.0	155.0	12.75	0.0	2.0088	0.5859	6833401.92	165.0	False	0.0	7.0699630624506655	13234.970852907645	264.6994170581529	0.051052508696360556	195	9.554999999999993	3282	1	37057918.38814141	6071700	340000	0.0	43469618.38814141	0.43837604393350027	False	0	24924737.352823574	0	0.0	True	420	38000000.0	0.0	13440000.0	3762	76364737.35282357	14.15803026590251	6.575640659002503	False	True
73	proceed	4.735135135135135	1.420938201762131	1.147972972972973	2.381081081081081	1.6643000000000003	177.32432432432432	1.8878378378378378	2.0851351351351353	0.2835471824012023	0.6599518055086042	0.9771265350887611	False	9371315.63822218	False	936756711.1966892	0.0	936756711.1966892	1385	3.369094209215074	8.422735523037685	66.44602468174173	133.35997911476335	1.1061410107694931	6333	True	20880000	True	0	45.0	155.0	12.75	0.0	2.0088	0.5859	6833401.92	165.0	False	0.0	7.172024892480019	13426.030598722597	268.5206119744519	0.05178950158007358	195	9.554999999999993	3329	1	37592885.676423274	6158650	340000	0.0	44091535.676423274	0.4404908425462606	False	0	25020664.61789838	0	0.0	True	420	38000000.0	0.0	13440000.0	3762	76460664.61789837	14.177359120060116	6.6073626381939095	False	True
74	proceed	4.8	1.4277930428956507	1.15	2.4	1.6734	178.0	1.9	2.1	0.28393428723137876	0.6658031083648198	0.9783626292805069	False	9454404.138780441	False	945062237.712493	0.0	945062237.712493	1398	3.385347277462089	8.463368193655223	66.76657130550231	134.00332973287436	1.1114772181363533	6333	True	20880000	True	0	45.0	155.0	12.75	0.0	2.0088	0.5859	6833401.92	165.0	False	0.0	7.274196888211588	13617.296574732094	272.3459314946419	0.05252728997508146	195	9.554999999999993	3377	1	38128430.409249865	6247450	340000	0.0	44715880.409249865	0.4426158432976517	False	0	25117054.65198148	0	0.0	True	420	38000000.0	0.0	13440000.0	3762	76557054.65198147	14.196714361568938	6.639237649464776	False	True
75	proceed	4.8	1.4277930428956507	1.15	2.4	1.6825	178.0	1.9	2.1	0.28295688965189913	0.6698082776575569	0.9795319242856495	False	9511277.542737309	False	950747303.1720214	0.0	950747303.1720214	1406	3.385347277462089	8.463368193655223	66.76657130550231	134.00332973287436	1.1114772181363533	6333	True	20880000	True	0	45.0	155.0	12.75	0.0	2.0088	0.5859	6833401.92	165.0	False	0.0	7.301111625858781	13667.68096360764	273.3536192721528	0.052721642458348504	195	9.554999999999993	3389	1	38269506.698101394	6269650	340000	0.0	44879156.698101394	0.4426158432976517	False	0	25117054.65198148	0	0.0	True	420	38000000.0	0.0	13440000.0	3762	76557054.65198147	14.147844482594957	6.639237649464776	False	True
76	proceed	4.8	1.4277930428956507	1.15	2.4	1.6916000000000002	178.0	1.9	2.1	0.2819828565957608	0.6737341287395637	0.9806380299677095	False	9567024.628101805	False	956319781.8250566	0.0	956319781.8250566	1414	3.385347277462089	8.463368193655223	66.76657130550231	134.00332973287436	1.1114772181363533	6333	True	20880000	True	0	45.0	155.0	12.75	0.0	2.0088	0.5859	6833401.92	165.0	False	0.0	7.327493345129867	13717.067542083114	274.3413508416623	0.05291214599289529	195	9.554999999999993	3401	1	38407789.11783272	6291850	340000	0.0	45039639.11783272	0.4426158432976517	False	0	25117054.65198148	0	0.0	True	420	38000000.0	0.0	13440000.0	3762	76557054.65198147	14.099142829788038	6.639237649464776	False	True
77	proceed	4.8	1.4277930428956507	1.15	2.4	1.7006999999999999	178.0	1.9	2.1	0.2810121764835469	0.677582520976582	0.9816843611112658	False	9621671.797867464	False	961782312.9148318	0.0	961782312.9148318	1422	3.385347277462089	8.463368193655223	66.76657130550231	134.00332973287436	1.1114772181363533	6333	True	20880000	True	0	45.0	155.0	12.75	0.0	2.0088	0.5859	6833401.92	165.0	False	0.0	7.353354540962631	13765.479700682044	275.3095940136409	0.053098890805207334	195	9.554999999999993	3413	1	38543343.16190972	6314050	340000	0.0	45197393.16190972	0.4426158432976517	False	0	25117054.65198148	0	0.0	True	420	38000000.0	0.0	13440000.0	3762	76557054.65198147	14.050608824177347	6.639237649464776	False	True
78	proceed	4.8	1.4277930428956507	1.15	2.4	1.7098	178.0	1.9	2.1	0.28004483777504907	0.681355262877363	0.9826741479641249	False	9675244.732858555	False	967137463.4965413	0.0	967137463.4965413	1430	3.385347277462089	8.463368193655223	66.76657130550231	134.00332973287436	1.1114772181363533	6333	True	20880000	True	0	45.0	155.0	12.75	0.0	2.0088	0.5859	6833401.92	165.0	False	0.0	7.378707366535878	13812.940190155165	276.2588038031033	0.05328196465391383	195	9.554999999999993	3425	1	38676232.53243446	6336250	340000	0.0	45352482.53243446	0.4426158432976517	False	0	25117054.65198148	0	0.0	True	420	38000000.0	0.0	13440000.0	3762	76557054.65198147	14.002241888752454	6.639237649464776	False	True
79	proceed	4.8	1.4277930428956507	1.15	2.4	1.7189	178.0	1.9	2.1	0.27908082896930814	0.685054113654566	0.9836104462097864	False	9727768.413894838	False	972387730.6529281	0.0	972387730.6529281	1438	3.385347277462089	8.463368193655223	66.76657130550231	134.00332973287436	1.1114772181363533	6333	True	20880000	True	0	45.0	155.0	12.75	0.0	2.0088	0.5859	6833401.92	165.0	False	0.0	7.403563643758682	13859.471141116253	277.18942282232507	0.05346145290553086	195	9.554999999999993	3437	1	38806519.19512551	6358450	340000	0.0	45504969.19512551	0.4426158432976517	False	0	25117054.65198148	0	0.0	True	420	38000000.0	0.0	13440000.0	3762	76557054.65198147	13.954041448465407	6.639237649464776	False	True
80	proceed	4.8	1.4277930428956507	1.15	2.4	1.7279999999999998	178.0	1.9	2.1	0.27812013860460866	0.6886807847328333	0.9844961464009907	False	9779267.143206233	False	977535543.6348951	0.0	977535543.6348951	1446	3.385347277462089	8.463368193655223	66.76657130550231	134.00332973287436	1.1114772181363533	6333	True	20880000	True	0	45.0	155.0	12.75	0.0	2.0088	0.5859	6833401.92	165.0	False	0.0	7.427934873404639	13905.094083013484	278.10188166026967	0.053637438607641426	195	9.554999999999993	3448	1	38934263.432437755	6378800	340000	0.0	45653063.432437755	0.4426158432976517	False	0	25117054.65198148	0	0.0	True	420	38000000.0	0.0	13440000.0	3762	76557054.65198147	13.906006930230433	6.639237649464776	False	True
81	proceed	4.8	1.4277930428956507	1.15	2.4	1.7371000000000003	178.0	1.9	2.1	0.27716275525843725	0.6922369412059952	0.9853339828834728	False	9829764.565125132	False	982583265.9299083	0.0	982583265.9299083	1453	3.385347277462089	8.463368193655223	66.76657130550231	134.00332973287436	1.1114772181363533	6333	True	20880000	True	0	45.0	155.0	12.75	0.0	2.0088	0.5859	6833401.92	165.0	False	0.0	7.451832244904287	13949.829962460826	278.99659924921656	0.05381000255960685	195	9.554999999999993	3459	1	39059523.894890316	6399150	340000	0.0	45798673.894890316	0.4426158432976517	False	0	25117054.65198148	0	0.0	True	420	38000000.0	0.0	13440000.0	3762	76557054.65198147	13.858137762921864	6.639237649464776	False	True
82	proceed	4.8	1.4277930428956507	1.15	2.4	1.7462	178.0	1.9	2.1	0.2762086675474167	0.6957242032452786	0.9861265422374725	False	9879283.686082955	False	987533197.2608522	0.0	987533197.2608522	1461	3.385347277462089	8.463368193655223	66.76657130550231	134.00332973287436	1.1114772181363533	6333	True	20880000	True	0	45.0	155.0	12.75	0.0	2.0088	0.5859	6833401.92	165.0	False	0.0	7.475266645808271	13993.699160953085	279.8739832190617	0.05397922338090064	195	9.554999999999993	3470	1	39182357.650668636	6419500	340000	0.0	45941857.650668636	0.4426158432976517	False	0	25117054.65198148	0	0.0	True	420	38000000.0	0.0	13440000.0	3762	76557054.65198147	13.810433377370835	6.639237649464776	False	True
83	proceed	4.8	1.4277930428956507	1.15	2.4	1.7553000000000003	178.0	1.9	2.1	0.27525786412722036	0.6991441474603146	0.986876271263059	False	9927846.893936468	False	992387575.5178894	0.0	992387575.5178894	1468	3.385347277462089	8.463368193655223	66.76657130550231	134.00332973287436	1.1114772181363533	6333	True	20880000	True	0	45.0	155.0	12.75	0.0	2.0088	0.5859	6833401.92	165.0	False	0.0	7.498248670933314	14036.721511987163	280.7344302397433	0.05414517757715206	210	10.289999999999992	3481	1	39302820.23356406	6439850	340000	0.0	46082670.23356406	0.4426158432976517	False	0	25117054.65198148	0	0.0	True	420	38000000.0	0.0	13440000.0	3762	76557054.65198147	13.762893206361019	6.639237649464776	False	True
84	proceed	4.8	1.4277930428956507	1.15	2.4	1.7644000000000002	178.0	1.9	2.1	0.2743103336924751	0.7024983082146732	0.9875854845339269	False	9975475.976648359	False	997148578.62577	0.0	997148578.62577	1475	3.385347277462089	8.463368193655223	66.76657130550231	134.00332973287436	1.1114772181363533	6333	True	20880000	True	0	45.0	155.0	12.75	0.0	2.0088	0.5859	6833401.92	165.0	False	0.0	7.520788631202603	14078.916317611274	281.5783263522255	0.05430793960398287	210	10.289999999999992	3491	1	39420965.68931157	6458350	340000	0.0	46219315.68931157	0.4426158432976517	False	0	25117054.65198148	0	0.0	True	420	38000000.0	0.0	13440000.0	3762	76557054.65198147	13.715516684623756	6.639237649464776	False	True
85	proceed	4.8	1.4277930428956507	1.15	2.4	1.7734999999999999	178.0	1.9	2.1	0.2733660649766529	0.7057881788975752	0.9882563715429786	False	10022192.140345568	False	1001818326.348943	0.0	1001818326.348943	1482	3.385347277462089	8.463368193655223	66.76657130550231	134.00332973287436	1.1114772181363533	6333	True	20880000	True	0	45.0	155.0	12.75	0.0	2.0088	0.5859	6833401.92	165.0	False	0.0	7.542896562191704	14120.30236442287	282.40604728845744	0.05446758192871779	210	10.289999999999992	3501	1	39536846.62038404	6476850	340000	0.0	46353696.62038404	0.4426158432976517	False	0	25117054.65198148	0	0.0	True	420	38000000.0	0.0	13440000.0	3762	76557054.65198147	13.668303248832643	6.639237649464776	False	True
86	proceed	4.8	1.4277930428956507	1.15	2.4	1.7826000000000002	178.0	1.9	2.1	0.2724250467519568	0.7090152131533747	0.9888910034617577	False	10068016.026777921	False	1006398882.0367211	0.0	1006398882.0367211	1488	3.385347277462089	8.463368193655223	66.76657130550231	134.00332973287436	1.1114772181363533	6333	True	20880000	True	0	45.0	155.0	12.75	0.0	2.0088	0.5859	6833401.92	165.0	False	0.0	7.564582232390677	14160.897939035347	283.21795878070697	0.054624175090045524	210	10.289999999999992	3511	1	39650514.22929897	6495350	340000	0.0	46485864.22929897	0.4426158432976517	False	0	25117054.65198148	0	0.0	True	420	38000000.0	0.0	13440000.0	3762	76557054.65198147	13.62125233759784	6.639237649464776	False	True
87	proceed	4.8	1.4277930428956507	1.15	2.4	1.7917	178.0	1.9	2.1	0.27148726782920213	0.7121808260703388	0.9894913395345972	False	10112967.730198812	False	1010892254.3106732	0.0	1010892254.3106732	1495	3.385347277462089	8.463368193655223	66.76657130550231	134.00332973287436	1.1114772181363533	6333	True	20880000	True	0	45.0	155.0	12.75	0.0	2.0088	0.5859	6833401.92	165.0	False	0.0	7.585855151192677	14200.720843032692	284.01441686065385	0.054777787755704854	210	10.289999999999992	3521	1	39762018.36049154	6513850	340000	0.0	46615868.36049154	0.4426158432976517	False	0	25117054.65198148	0	0.0	True	420	38000000.0	0.0	13440000.0	3762	76557054.65198147	13.574363391460105	6.639237649464776	False	True
88	proceed	4.8	1.4277930428956507	1.15	2.4	1.8007999999999997	178.0	1.9	2.1	0.2705527170576931	0.7152863953301885	0.9900592331272261	False	10157066.813688677	False	1015300398.6963203	0.0	1015300398.6963203	1502	3.385347277462089	8.463368193655223	66.76657130550231	134.00332973287436	1.1114772181363533	6333	True	20880000	True	0	45.0	155.0	12.75	0.0	2.0088	0.5859	6833401.92	165.0	False	0.0	7.606724576618865	14239.788407430517	284.79576814861036	0.05492848677826655	210	10.289999999999992	3531	1	39871407.540805444	6532350	340000	0.0	46743757.540805444	0.4426158432976517	False	0	25117054.65198148	0	0.0	True	420	38000000.0	0.0	13440000.0	3762	76557054.65198147	13.527635852884655	6.639237649464776	False	True
89	proceed	4.8	1.4277930428956507	1.15	2.4	1.8099	178.0	1.9	2.1	0.26962138332509833	0.7183332623198141	0.9905964374485048	False	10200332.32494136	False	1019625219.2011385	0.0	1019625219.2011385	1508	3.385347277462089	8.463368193655223	66.76657130550231	134.00332973287436	1.1114772181363533	6333	True	20880000	True	0	45.0	155.0	12.75	0.0	2.0088	0.5859	6833401.92	165.0	False	0.0	7.62719952278915	14278.11750666129	285.56235013322583	0.05507633724907985	210	10.289999999999992	3540	1	39978729.01865161	6549000	340000	0.0	46867729.01865161	0.4426158432976517	False	0	25117054.65198148	0	0.0	True	420	38000000.0	0.0	13440000.0	3762	76557054.65198147	13.481069166254917	6.639237649464776	False	True
90	proceed	4.8	1.4277930428956507	1.15	2.4	1.8190000000000002	178.0	1.9	2.1	0.26869325555732404	0.7213227332065184	0.991104610962956	False	10242782.81153256	False	1023868569.8407948	0.0	1023868569.8407948	1514	3.385347277462089	8.463368193655223	66.76657130550231	134.00332973287436	1.1114772181363533	6333	True	20880000	True	0	45.0	155.0	12.75	0.0	2.0088	0.5859	6833401.92	165.0	False	0.0	7.647288767147802	14315.724572100686	286.3144914420137	0.05522140255044903	210	10.289999999999992	3550	1	40084028.80188192	6567500	340000	0.0	46991528.80188192	0.4426158432976517	False	0	25117054.65198148	0	0.0	True	420	38000000.0	0.0	13440000.0	3762	76557054.65198147	13.434662777866203	6.639237649464776	False	True
91	proceed	4.8	1.4277930428956507	1.15	2.4	1.8280999999999996	178.0	1.9	2.1	0.26776832271838674	0.7242560799780902	0.9915853225107988	False	10284436.33568888	False	1028032256.1154604	0.0	1028032256.1154604	1520	3.385347277462089	8.463368193655223	66.76657130550231	134.00332973287436	1.1114772181363533	6333	True	20880000	True	0	45.0	155.0	12.75	0.0	2.0088	0.5859	6833401.92	165.0	False	0.0	7.6670008574527655	14352.625605151577	287.0525121030316	0.05536374440610347	210	10.289999999999992	3559	1	40187351.69442442	6584150	340000	0.0	47111501.69442442	0.4426158432976517	False	0	25117054.65198148	0	0.0	True	420	38000000.0	0.0	13440000.0	3762	76557054.65198147	13.388416135919337	6.639237649464776	False	True
92	proceed	4.8	1.4277930428956507	1.15	2.4	1.8372000000000002	178.0	1.9	2.1	0.26684657381028426	0.7271345414489598	0.9920400561512935	False	10325310.48857523	False	1032118036.43798	0.0	1032118036.43798	1526	3.385347277462089	8.463368193655223	66.76657130550231	134.00332973287436	1.1114772181363533	6333	True	20880000	True	0	45.0	155.0	12.75	0.0	2.0088	0.5859	6833401.92	165.0	False	0.0	7.686344118537009	14388.836189901282	287.7767237980256	0.05550342293002166	210	10.289999999999992	3568	1	40288741.331723586	6600800	340000	0.0	47229541.331723586	0.4426158432976517	False	0	25117054.65198148	0	0.0	True	420	38000000.0	0.0	13440000.0	3762	76557054.65198147	13.342328690514213	6.639237649464776	False	True
93	proceed	4.8	1.4277930428956507	1.15	2.4	1.8463	178.0	1.9	2.1	0.265927997872868	0.7299593242336433	0.99247021574435	False	10365422.404117735	False	1036127623.5156088	0.0	1036127623.5156088	1532	3.385347277462089	8.463368193655223	66.76657130550231	134.00332973287436	1.1114772181363533	6333	True	20880000	True	0	45.0	155.0	12.75	0.0	2.0088	0.5859	6833401.92	165.0	False	0.0	7.705326658850082	14424.371505367355	288.4874301073471	0.05564049667366812	210	10.289999999999992	3577	1	40388240.21502859	6617450	340000	0.0	47345690.21502859	0.4426158432976517	False	0	25117054.65198148	0	0.0	True	420	38000000.0	0.0	13440000.0	3762	76557054.65198147	13.296399893643402	6.639237649464776	False	True
94	proceed	4.8	1.4277930428956507	1.15	2.4	1.8554000000000002	178.0	1.9	2.1	0.2650125839837135	0.7327316036886288	0.9928771292845427	False	10404788.772378528	False	1040062685.6869577	0.0	1040062685.6869577	1538	3.385347277462089	8.463368193655223	66.76657130550231	134.00332973287436	1.1114772181363533	6333	True	20880000	True	0	45.0	155.0	12.75	0.0	2.0088	0.5859	6833401.92	165.0	False	0.0	7.723956376787585	14459.246337346362	289.18492674692726	0.05577502267169865	210	10.289999999999992	3585	1	40485889.744569816	6632250	340000	0.0	47458139.744569816	0.4426158432976517	False	0	25117054.65198148	0	0.0	True	420	38000000.0	0.0	13440000.0	3762	76557054.65198147	13.250629199185676	6.639237649464776	False	True
95	proceed	4.8	1.4277930428956507	1.15	2.4	1.8645	178.0	1.9	2.1	0.2641003212579918	0.7354525248238243	0.9932620530009145	False	10443425.852498304	False	1043924848.2157305	0.0	1043924848.2157305	1544	3.385347277462089	8.463368193655223	66.76657130550231	134.00332973287436	1.1114772181363533	6333	True	20880000	True	0	45.0	155.0	12.75	0.0	2.0088	0.5859	6833401.92	165.0	False	0.0	7.742240966816098	14493.475089879737	289.86950179759475	0.055907056486188815	210	10.289999999999992	3594	1	40581730.25166327	6648900	340000	0.0	47570630.25166327	0.4426158432976517	False	0	25117054.65198148	0	0.0	True	420	38000000.0	0.0	13440000.0	3762	76557054.65198147	13.205016062899592	6.639237649464776	False	True
96	proceed	4.8	1.4277930428956507	1.15	2.4	1.8736	178.0	1.9	2.1	0.26319119884834147	0.7381232031846348	0.9936261752352232	False	10481349.485221814	False	1047715694.5427727	0.0	1047715694.5427727	1550	3.385347277462089	8.463368193655223	66.76657130550231	134.00332973287436	1.1114772181363533	6333	True	20880000	True	0	45.0	155.0	12.75	0.0	2.0088	0.5859	6833401.92	165.0	False	0.0	7.7601879254007455	14527.071796350196	290.54143592700393	0.05603665224943716	210	10.289999999999992	3602	1	40675801.029780544	6663700	340000	0.0	47679501.029780544	0.4426158432976517	False	0	25117054.65198148	0	0.0	True	420	38000000.0	0.0	13440000.0	3762	76557054.65198147	13.159559942417072	6.639237649464776	False	True
97	proceed	4.8	1.4277930428956507	1.15	2.4	1.8827	178.0	1.9	2.1	0.2622852059447391	0.7407447257056988	0.9939706201106069	False	10518575.105020924	False	1051436767.4978915	0.0	1051436767.4978915	1555	3.385347277462089	8.463368193655223	66.76657130550231	134.00332973287436	1.1114772181363533	6333	True	20880000	True	0	45.0	155.0	12.75	0.0	2.0088	0.5859	6833401.92	165.0	False	0.0	7.777804556742295	14560.050130221578	291.20100260443155	0.056163862705392975	210	10.289999999999992	3610	1	40768140.36462042	6678500	340000	0.0	47786640.36462042	0.4426158432976517	False	0	25117054.65198148	0	0.0	True	420	38000000.0	0.0	13440000.0	3762	76557054.65198147	13.114260297236955	6.639237649464776	False	True
98	proceed	4.8	1.4277930428956507	1.15	2.4	1.8918000000000004	178.0	1.9	2.1	0.2613823317743724	0.7433181515372809	0.9942964510019926	False	10555117.751829388	False	1055089570.4728656	0.0	1055089570.4728656	1560	3.385347277462089	8.463368193655223	66.76657130550231	134.00332973287436	1.1114772181363533	6333	True	20880000	True	0	45.0	155.0	12.75	0.0	2.0088	0.5859	6833401.92	165.0	False	0.0	7.795097978330526	14592.423415434747	291.8484683086949	0.0562887392497574	210	10.289999999999992	3618	1	40858785.56321729	6693300	340000	0.0	47892085.56321729	0.4426158432976517	False	0	25117054.65198148	0	0.0	True	420	38000000.0	0.0	13440000.0	3762	76557054.65198147	13.06911658871862	6.639237649464776	False	True
99	proceed	4.8	1.4277930428956507	1.15	2.4	1.9009	178.0	1.9	2.1	0.2604825656015115	0.7458445128452665	0.9946046738189612	False	10590992.082402784	False	1058675568.5569825	0.0	1058675568.5569825	1566	3.385347277462089	8.463368193655223	66.76657130550231	134.00332973287436	1.1114772181363533	6333	True	20880000	True	0	45.0	155.0	12.75	0.0	2.0088	0.5859	6833401.92	165.0	False	0.0	7.812075126320191	14624.204636471399	292.48409272942797	0.05641133196880356	210	10.289999999999992	3626	1	40947772.98211992	6708100	340000	0.0	47995872.98211992	0.4426158432976517	False	0	25117054.65198148	0	0.0	True	420	38000000.0	0.0	13440000.0	3762	76557054.65198147	13.024128280075576	6.639237649464776	False	True
100	proceed	4.8	1.4277930428956507	1.15	2.4	1.91	178.0	1.9	2.1	0.2595858967273823	0.7483248155856888	0.9948962401112058	False	10626212.381316781	False	1062196189.6364255	0.0	1062196189.6364255	1571	3.385347277462089	8.463368193655223	66.76657130550231	134.00332973287436	1.1114772181363533	6333	True	20880000	True	0	45.0	155.0	12.75	0.0	2.0088	0.5859	6833401.92	165.0	False	0.0	7.828742760735828	14655.40644809747	293.10812896194943	0.056531689676960685	210	10.289999999999992	3634	1	41035138.05467292	6722900	340000	0.0	48098038.05467292	0.4426158432976517	False	0	25117054.65198148	0	0.0	True	420	38000000.0	0.0	13440000.0	3762	76557054.65198147	12.979294836369114	6.639237649464776	False	True
101	proceed	4.8	1.4277930428956507	1.15	2.4	1.9191000000000003	178.0	1.9	2.1	0.25869231449003854	0.7507600402546577	0.9951720500061686	False	10660792.57161614	False	1065652825.4587493	0.0	1065652825.4587493	1576	3.385347277462089	8.463368193655223	66.76657130550231	134.00332973287436	1.1114772181363533	6333	True	20880000	True	0	45.0	155.0	12.75	0.0	2.0088	0.5859	6833401.92	165.0	False	0.0	7.845107470511299	14686.041184797155	293.7208236959431	0.05664985995320483	210	10.289999999999992	3642	1	41120915.31743204	6737700	340000	0.0	48198615.31743204	0.4426158432976517	False	0	25117054.65198148	0	0.0	True	420	38000000.0	0.0	13440000.0	3762	76557054.65198147	12.934615724501928	6.639237649464776	False	True
102	proceed	4.8	1.4277930428956507	1.15	2.4	1.9282000000000004	178.0	1.9	2.1	0.2578018082642361	0.7531511426145556	0.9954329549879268	False	10694746.22512669	False	1069046832.663664	0.0	1069046832.663664	1581	3.385347277462089	8.463368193655223	66.76657130550231	134.00332973287436	1.1114772181363533	6333	True	20880000	True	0	45.0	155.0	12.75	0.0	2.0088	0.5859	6833401.92	165.0	False	0.0	7.861175678369813	14716.12086990829	294.32241739816584	0.056765889176297726	210	10.289999999999992	3649	1	41205138.43574321	6750650	340000	0.0	48295788.43574321	0.4426158432976517	False	0	25117054.65198148	0	0.0	True	420	38000000.0	0.0	13440000.0	3762	76557054.65198147	12.890090413211805	6.639237649464776	False	True
103	proceed	4.8	1.4277930428956507	1.15	2.4	1.9373	178.0	1.9	2.1	0.25691436746130597	0.7554990543973088	0.9956797605259059	False	10728086.572441785	False	1072379533.7812808	0.0	1072379533.7812808	1586	3.385347277462089	8.463368193655223	66.76657130550231	134.00332973287436	1.1114772181363533	6333	True	20880000	True	0	45.0	155.0	12.75	0.0	2.0088	0.5859	6833401.92	165.0	False	0.0	7.876953645549914	14745.65722446944	294.9131444893888	0.056879822558913426	210	10.289999999999992	3656	1	41287840.22851443	6763600	340000	0.0	48391440.22851443	0.4426158432976517	False	0	25117054.65198148	0	0.0	True	420	38000000.0	0.0	13440000.0	3762	76557054.65198147	12.8457183730653	6.639237649464776	False	True
104	proceed	4.8	1.4277930428956507	1.15	2.4	1.9464000000000001	178.0	1.9	2.1	0.256029981529029	0.7578046839855292	0.995913228561536	False	10760826.512594515	False	1075652218.198948	0.0	1075652218.198948	1591	3.385347277462089	8.463368193655223	66.76657130550231	134.00332973287436	1.1114772181363533	6333	True	20880000	True	0	45.0	155.0	12.75	0.0	2.0088	0.5859	6833401.92	165.0	False	0.0	7.892447476382756	14774.66167578852	295.49323351577044	0.056991704180690876	210	10.289999999999992	3664	1	41369052.69220786	6778400	340000	0.0	48487452.69220786	0.4426158432976517	False	0	25117054.65198148	0	0.0	True	420	38000000.0	0.0	13440000.0	3762	76557054.65198147	12.80149907645145	6.639237649464776	False	True
105	proceed	4.8	1.4277930428956507	1.15	2.4	1.9555000000000002	178.0	1.9	2.1	0.25514863995151	0.7600689170722824	0.9961340798605272	False	10792978.622426411	False	1078866143.0977442	0.0	1078866143.0977442	1596	3.385347277462089	8.463368193655223	66.76657130550231	134.00332973287436	1.1114772181363533	6333	True	20880000	True	0	45.0	155.0	12.75	0.0	2.0088	0.5859	6833401.92	165.0	False	0.0	7.9076631227257375	14803.14536574258	296.0629073148516	0.057101577020249455	210	10.289999999999992	3671	1	41448807.024079226	6791350	340000	0.0	48580157.024079226	0.4426158432976517	False	0	25117054.65198148	0	0.0	True	420	38000000.0	0.0	13440000.0	3762	76557054.65198147	12.7574319975755	6.639237649464776	False	True
106	proceed	4.8	1.4277930428956507	1.15	2.4	1.9646	178.0	1.9	2.1	0.254270332249053	0.7622926173002156	0.9963429962380284	False	10824555.165663062	False	1082022534.3596797	0.0	1082022534.3596797	1600	3.385347277462089	8.463368193655223	66.76657130550231	134.00332973287436	1.1114772181363533	6333	True	20880000	True	0	45.0	155.0	12.75	0.0	2.0088	0.5859	6833401.92	165.0	False	0.0	7.922606388257448	14831.119158817944	296.6223831763589	0.05720948298620301	210	10.289999999999992	3678	1	41527133.644690245	6804300	340000	0.0	48671433.644690245	0.4426158432976517	False	0	25117054.65198148	0	0.0	True	420	38000000.0	0.0	13440000.0	3762	76557054.65198147	12.713516612452649	6.639237649464776	False	True
107	proceed	4.8	1.4277930428956507	1.15	2.4	1.9737	178.0	1.9	2.1	0.25339504797803664	0.7644766268807489	0.9965406226635353	False	10855568.101706635	False	1085122587.4465952	0.0	1085122587.4465952	1605	3.385347277462089	8.463368193655223	66.76657130550231	134.00332973287436	1.1114772181363533	6333	True	20880000	True	0	45.0	155.0	12.75	0.0	2.0088	0.5859	6833401.92	165.0	False	0.0	7.937282932638632	14858.593649899518	297.17187299799036	0.05731546294720625	210	10.289999999999992	3684	1	41604062.21971865	6815400	340000	0.0	48759462.21971865	0.4426158432976517	False	0	25117054.65198148	0	0.0	True	420	38000000.0	0.0	13440000.0	3762	76557054.65198147	12.669752398901831	6.639237649464776	False	True
108	proceed	4.8	1.4277930428956507	1.15	2.4	1.9828000000000001	178.0	1.9	2.1	0.2525227767307899	0.7666217671940074	0.9967275692520497	False	10886029.094154906	False	1088167468.2517245	0.0	1088167468.2517245	1609	3.385347277462089	8.463368193655223	66.76657130550231	134.00332973287436	1.1114772181363533	6333	True	20880000	True	0	45.0	155.0	12.75	0.0	2.0088	0.5859	6833401.92	165.0	False	0.0	7.9516982755437295	14885.579171817863	297.7115834363573	0.05741955676106678	210	10.289999999999992	3691	1	41679621.68109001	6828350	340000	0.0	48847971.68109001	0.4426158432976517	False	0	25117054.65198148	0	0.0	True	420	38000000.0	0.0	13440000.0	3762	76557054.65198147	12.626138836539495	6.639237649464776	False	True
109	proceed	4.8	1.4277930428956507	1.15	2.4	1.9919000000000002	178.0	1.9	2.1	0.25165350813546883	0.7687288393701499	0.9969044131476348	False	10915949.519056128	False	1091158313.9248507	0.0	1091158313.9248507	1614	3.385347277462089	8.463368193655223	66.76657130550231	134.00332973287436	1.1114772181363533	6333	True	20880000	True	0	45.0	155.0	12.75	0.0	2.0088	0.5859	6833401.92	165.0	False	0.0	7.965857800567407	14912.085802662186	298.24171605324375	0.057521803302954234	210	10.289999999999992	3698	1	41753840.24745412	6841300	340000	0.0	48935140.24745412	0.4426158432976517	False	0	25117054.65198148	0	0.0	True	420	38000000.0	0.0	13440000.0	3762	76557054.65198147	12.582675406773442	6.639237649464776	False	True
110	proceed	4.8	1.4277930428956507	1.15	2.4	2.0010000000000003	178.0	1.9	2.1	0.25078723185593216	0.77079862485272	0.9970717003051818	False	10945340.472908624	False	1094096233.671946	0.0	1094096233.671946	1618	3.385347277462089	8.463368193655223	66.76657130550231	134.00332973287436	1.1114772181363533	6333	True	20880000	True	0	45.0	155.0	12.75	0.0	2.0088	0.5859	6833401.92	165.0	False	0.0	7.979766759010277	14938.12337286724	298.7624674573448	0.05762224049273721	210	10.289999999999992	3704	1	41826745.44402827	6852400	340000	0.0	49019145.44402827	0.4426158432976517	False	0	25117054.65198148	0	0.0	True	420	38000000.0	0.0	13440000.0	3762	76557054.65198147	12.539361592796608	6.639237649464776	False	True
111	proceed	4.8	1.4277930428956507	1.15	2.4	2.0101	178.0	1.9	2.1	0.24992393759161957	0.7728318859446315	0.99722994717589	False	10974212.780413767	False	1096982309.5301602	0.0	1096982309.5301602	1622	3.385347277462089	8.463368193655223	66.76657130550231	134.00332973287436	1.1114772181363533	6333	True	20880000	True	0	45.0	155.0	12.75	0.0	2.0088	0.5859	6833401.92	165.0	False	0.0	7.993430273547923	14963.701472081711	299.27402944163424	0.057720905321477375	210	10.289999999999992	3710	1	41898364.121828794	6863500	340000	0.0	49101864.121828794	0.4426158432976517	False	0	25117054.65198148	0	0.0	True	420	38000000.0	0.0	13440000.0	3762	76557054.65198147	12.496196879580978	6.639237649464776	False	True
112	proceed	4.8	1.4277930428956507	1.15	2.4	2.0192	178.0	1.9	2.1	0.2490636150774286	0.7748293663373672	0.9973796423016612	False	11002577.001990614	False	1099817597.1189818	0.0	1099817597.1189818	1627	3.385347277462089	8.463368193655223	66.76657130550231	134.00332973287436	1.1114772181363533	6333	True	20880000	True	0	45.0	155.0	12.75	0.0	2.0088	0.5859	6833401.92	165.0	False	0.0	8.006853341787107	14988.829455825464	299.7765891165093	0.057817833877109065	210	10.289999999999992	3717	1	41968722.476311296	6876450	340000	0.0	49185172.476311296	0.4426158432976517	False	0	25117054.65198148	0	0.0	True	420	38000000.0	0.0	13440000.0	3762	76557054.65198147	12.45318075387143	6.639237649464776	False	True
113	proceed	4.8	1.4277930428956507	1.15	2.4	2.0283	178.0	1.9	2.1	0.24820625408359273	0.7767917916239577	0.9975212478233336	False	11030443.4410602	False	1102603126.3683777	0.0	1102603126.3683777	1631	3.385347277462089	8.463368193655223	66.76657130550231	134.00332973287436	1.1114772181363533	6333	True	20880000	True	0	45.0	155.0	12.75	0.0	2.0088	0.5859	6833401.92	165.0	False	0.0	8.020040839712996	15013.516451942729	300.2703290388546	0.05791306136933183	225	11.024999999999991	3723	1	42037846.06543964	6887550	340000	0.0	49265396.06543964	0.4426158432976517	False	0	25117054.65198148	0	0.0	True	420	38000000.0	0.0	13440000.0	3762	76557054.65198147	12.410312704179637	6.639237649464776	False	True
114	proceed	4.8	1.4277930428956507	1.15	2.4	2.0374	178.0	1.9	2.1	0.2473518444155597	0.7787198697962816	0.9976552009074092	False	11057822.1511072	False	1105339902.2246757	0.0	1105339902.2246757	1635	3.385347277462089	8.463368193655223	66.76657130550231	134.00332973287436	1.1114772181363533	6333	True	20880000	True	0	45.0	155.0	12.75	0.0	2.0088	0.5859	6833401.92	165.0	False	0.0	8.032997525031012	15037.771366858055	300.7554273371611	0.05800662215374203	225	11.024999999999991	3729	1	42105759.82720255	6898650	340000	0.0	49344409.82720255	0.4426158432976517	False	0	25117054.65198148	0	0.0	True	420	38000000.0	0.0	13440000.0	3762	76557054.65198147	12.367592220777986	6.639237649464776	False	True
115	proceed	4.8	1.4277930428956507	1.15	2.4	2.0465	178.0	1.9	2.1	0.2465003759138705	0.7806142917272114	0.9977819150956797	False	11084722.942526402	False	1108028905.3349392	0.0	1108028905.3349392	1639	3.385347277462089	8.463368193655223	66.76657130550231	134.00332973287436	1.1114772181363533	6333	True	20880000	True	0	45.0	155.0	12.75	0.0	2.0088	0.5859	6833401.92	165.0	False	0.0	8.04572804040686	15061.602891641644	301.2320578328329	0.05809854975522929	225	11.024999999999991	3735	1	42172488.0965966	6909750	340000	0.0	49422238.0965966	0.4426158432976517	False	0	25117054.65198148	0	0.0	True	420	38000000.0	0.0	13440000.0	3762	76557054.65198147	12.325018795693525	6.639237649464776	False	True
116	proceed	4.8	1.4277930428956507	1.15	2.4	2.0556	178.0	1.9	2.1	0.24565183845403818	0.7824757316381081	0.9979017815819191	False	11111155.389261136	False	1110671092.7105432	0.0	1110671092.7105432	1643	3.385347277462089	8.463368193655223	66.76657130550231	134.00332973287436	1.1114772181363533	6333	True	20880000	True	0	45.0	155.0	12.75	0.0	2.0088	0.5859	6833401.92	165.0	False	0.0	8.058236916608086	15085.019507890338	301.7003901578068	0.0581888768906618	225	11.024999999999991	3741	1	42238054.62209295	6920850	340000	0.0	49498904.62209295	0.4426158432976517	False	0	25117054.65198148	0	0.0	True	420	38000000.0	0.0	13440000.0	3762	76557054.65198147	12.28259192270191	6.639237649464776	False	True
117	proceed	4.8	1.4277930428956507	1.15	2.4	2.0647	178.0	1.9	2.1	0.24480622194642776	0.7843048475521519	0.9980151704195818	False	11137128.835240558	False	1113267398.3706462	0.0	1113267398.3706462	1647	3.385347277462089	8.463368193655223	66.76657130550231	134.00332973287436	1.1114772181363533	6333	True	20880000	True	0	45.0	155.0	12.75	0.0	2.0088	0.5859	6833401.92	165.0	False	0.0	8.07052857555046	15108.029493430462	302.16058986860924	0.05827763549088434	225	11.024999999999991	3746	1	42302482.58160529	6930100	340000	0.0	49572582.58160529	0.4426158432976517	False	0	25117054.65198148	0	0.0	True	420	38000000.0	0.0	13440000.0	3762	76557054.65198147	12.240311097321388	6.639237649464776	False	True
118	proceed	4.8	1.4277930428956507	1.15	2.4	2.0738000000000003	178.0	1.9	2.1	0.2439635163361363	0.7861022817339776	0.9981224316642372	False	11162652.400622481	False	1115818733.9662232	0.0	1115818733.9662232	1650	3.385347277462089	8.463368193655223	66.76657130550231	134.00332973287436	1.1114772181363533	6333	True	20880000	True	0	45.0	155.0	12.75	0.0	2.0088	0.5859	6833401.92	165.0	False	0.0	8.08260733325233	15130.640927848359	302.61281855696717	0.05836485672205186	225	11.024999999999991	3752	1	42365794.5979754	6941200	340000	0.0	49646994.5979754	0.4426158432976517	False	0	25117054.65198148	0	0.0	True	420	38000000.0	0.0	13440000.0	3762	76557054.65198147	12.198175816806815	6.639237649464776	False	True
119	proceed	4.8	1.4277930428956507	1.15	2.4	2.0829	178.0	1.9	2.1	0.24312371160287305	0.7878686611160648	0.9982238964542656	False	11187734.98784812	False	1118325989.3852983	0.0	1118325989.3852983	1654	3.385347277462089	8.463368193655223	66.76657130550231	134.00332973287436	1.1114772181363533	6333	True	20880000	True	0	45.0	155.0	12.75	0.0	2.0088	0.5859	6833401.92	165.0	False	0.0	8.094477402699955	15152.861697854318	303.05723395708634	0.05845057100632019	225	11.024999999999991	3757	1	42428012.75399209	6950450	340000	0.0	49718462.75399209	0.4426158432976517	False	0	25117054.65198148	0	0.0	True	420	38000000.0	0.0	13440000.0	3762	76557054.65198147	12.156185580143653	6.639237649464776	False	True
120	proceed	4.8	1.4277930428956507	1.15	2.4	2.092	178.0	1.9	2.1	0.2422867977608406	0.7896045977123244	0.9983198780331537	False	11212385.287515007	False	1120790033.3400002	0.0	1120790033.3400002	1658	3.385347277462089	8.463368193655223	66.76657130550231	134.00332973287436	1.1114772181363533	6333	True	20880000	True	0	45.0	155.0	12.75	0.0	2.0088	0.5859	6833401.92	165.0	False	0.0	8.10614289662682	15174.699502485406	303.49399004970815	0.05853480804191541	225	11.024999999999991	3763	1	42489158.606959134	6961550	340000	0.0	49790708.606959134	0.4426158432976517	False	0	25117054.65198148	0	0.0	True	420	38000000.0	0.0	13440000.0	3762	76557054.65198147	12.11433988804203	6.639237649464776	False	True
121	proceed	4.8	1.4277930428956507	1.15	2.4	2.1011	178.0	1.9	2.1	0.2414527648586159	0.7913106890192931	0.9984106727165435	False	11236611.784073962	False	1123211713.9360332	0.0	1123211713.9360332	1661	3.385347277462089	8.463368193655223	66.76657130550231	134.00332973287436	1.1114772181363533	6333	True	20880000	True	0	45.0	155.0	12.75	0.0	2.0088	0.5859	6833401.92	165.0	False	0.0	8.117607830209648	15196.161858152462	303.92323716304924	0.05861759682260213	225	11.024999999999991	3768	1	42549253.202826895	6970800	340000	0.0	49860053.202826895	0.4426158432976517	False	0	25117054.65198148	0	0.0	True	420	38000000.0	0.0	13440000.0	3762	76557054.65198147	12.072638242930795	6.639237649464776	False	True
122	proceed	4.8	1.4277930428956507	1.15	2.4	2.1102	178.0	1.9	2.1	0.24062160297903235	0.7929875184053509	0.9984965608070224	False	11260422.761355983	False	1125591859.2251441	0.0	1125591859.2251441	1665	3.385347277462089	8.463368193655223	66.76657130550231	134.00332973287436	1.1114772181363533	6333	True	20880000	True	0	45.0	155.0	12.75	0.0	2.0088	0.5859	6833401.92	165.0	False	0.0	8.128876123683957	15217.256103536369	304.34512207072737	0.05869896565657041	225	11.024999999999991	3773	1	42608317.089901835	6980050	340000	0.0	49928367.089901835	0.4426158432976517	False	0	25117054.65198148	0	0.0	True	420	38000000.0	0.0	13440000.0	3762	76557054.65198147	12.031080148951617	6.639237649464776	False	True
123	proceed	4.8	1.4277930428956507	1.15	2.4	2.1193	178.0	1.9	2.1	0.23979330223906115	0.794635655488344	0.9985778074594773	False	11283826.307934485	False	1127931277.7411313	0.0	1127931277.7411313	1668	3.385347277462089	8.463368193655223	66.76657130550231	134.00332973287436	1.1114772181363533	6333	True	20880000	True	0	45.0	155.0	12.75	0.0	2.0088	0.5859	6833401.92	165.0	False	0.0	8.139951604881672	15237.98940433849	304.7597880867698	0.05877894218475988	225	11.024999999999991	3779	1	42666370.33214777	6991150	340000	0.0	49997520.33214777	0.4426158432976517	False	0	25117054.65198148	0	0.0	True	420	38000000.0	0.0	13440000.0	3762	76557054.65198147	11.989665111953057	6.639237649464776	False	True
124	proceed	4.8	1.4277930428956507	1.15	2.4	2.1284	178.0	1.9	2.1	0.23896785278969454	0.7962556565019985	0.998654663499684	False	11306830.322328378	False	1130230759.0199447	0.0	1130230759.0199447	1672	3.385347277462089	8.463368193655223	66.76657130550231	134.00332973287436	1.1114772181363533	6333	True	20880000	True	0	45.0	155.0	12.75	0.0	2.0088	0.5859	6833401.92	165.0	False	0.0	8.150838011693429	15258.3687578901	305.16737515780204	0.058857553398640364	225	11.024999999999991	3784	1	42723432.52209228	7000400	340000	0.0	50063832.52209228	0.4426158432976517	False	0	25117054.65198148	0	0.0	True	420	38000000.0	0.0	13440000.0	3762	76557054.65198147	11.948392639484727	6.639237649464776	False	True
125	proceed	4.8	1.4277930428956507	1.15	2.4	2.1375	178.0	1.9	2.1	0.2381452448158284	0.7978480646514822	0.9987273661986602	False	11329442.518051047	False	1132491074.1043828	0.0	1132491074.1043828	1675	3.385347277462089	8.463368193655223	66.76657130550231	134.00332973287436	1.1114772181363533	6333	True	20880000	True	0	45.0	155.0	12.75	0.0	2.0088	0.5859	6833401.92	165.0	False	0.0	8.16153899445796	15278.4009976253	305.568019952506	0.05893482565746549	225	11.024999999999991	3789	1	42779522.79335084	7009650	340000	0.0	50129172.79335084	0.4426158432976517	False	0	25117054.65198148	0	0.0	True	420	38000000.0	0.0	13440000.0	3762	76557054.65198147	11.90726224079142	6.639237649464776	False	True
126	proceed	4.8	1.4277930428956507	1.15	2.4	2.1466000000000003	178.0	1.9	2.1	0.23732546853614514	0.7994134104584703	0.9987961400051718	False	11351670.428510278	False	1134712976.0338874	0.0	1134712976.0338874	1678	3.385347277462089	8.463368193655223	66.76657130550231	134.00332973287436	1.1114772181363533	6333	True	20880000	True	0	45.0	155.0	12.75	0.0	2.0088	0.5859	6833401.92	165.0	False	0.0	8.172058118280919	15298.092797421881	305.96185594843763	0.05901078470501723	225	11.024999999999991	3793	1	42834659.83278127	7017050	340000	0.0	50191709.83278127	0.4426158432976517	False	0	25117054.65198148	0	0.0	True	420	38000000.0	0.0	13440000.0	3762	76557054.65198147	11.866273426807258	6.639237649464776	False	True
127	proceed	4.8	1.4277930428956507	1.15	2.4	2.1557	178.0	1.9	2.1	0.2365085142029982	0.8009522120960523	0.9988611972386542	False	11373521.411763942	False	1136897200.3199239	0.0	1136897200.3199239	1681	3.385347277462089	8.463368193655223	66.76657130550231	134.00332973287436	1.1114772181363533	6333	True	20880000	True	0	45.0	155.0	12.75	0.0	2.0088	0.5859	6833401.92	165.0	False	0.0	8.182398865285471	15317.4506758144	306.349013516288	0.05908545568585736	225	11.024999999999991	3798	1	42888861.89228032	7026300	340000	0.0	50255161.89228032	0.4426158432976517	False	0	25117054.65198148	0	0.0	True	420	38000000.0	0.0	13440000.0	3762	76557054.65198147	11.82542571014991	6.639237649464776	False	True
128	proceed	4.8	1.4277930428956507	1.15	2.4	2.1648000000000005	178.0	1.9	2.1	0.23569437210229535	0.8024649757138063	0.9989227387446877	False	11395002.655136049	False	1139044465.4073997	0.0	1139044465.4073997	1685	3.385347277462089	8.463368193655223	66.76657130550231	134.00332973287436	1.1114772181363533	6333	True	20880000	True	0	45.0	155.0	12.75	0.0	2.0088	0.5859	6833401.92	165.0	False	0.0	8.192564636796778	15336.481000083568	306.7296200016714	0.05915886316110185	225	11.024999999999991	3803	1	42942146.80023399	7035550	340000	0.0	50317696.80023399	0.4426158432976517	False	0	25117054.65198148	0	0.0	True	420	38000000.0	0.0	13440000.0	3762	76557054.65198147	11.784718605114767	6.639237649464776	False	True
129	proceed	4.8	1.4277930428956507	1.15	2.4	2.1739	178.0	1.9	2.1	0.23488303255338383	0.8039521957533599	0.998980954515051	False	11416121.17969771	False	1141155473.122583	0.0	1141155473.122583	1688	3.385347277462089	8.463368193655223	66.76657130550231	134.00332973287436	1.1114772181363533	6333	True	20880000	True	0	45.0	155.0	12.75	0.0	2.0088	0.5859	6833401.92	165.0	False	0.0	8.202558755462578	15355.189990225947	307.1037998045189	0.05923103112373351	225	11.024999999999991	3808	1	42994531.97263265	7044800	340000	0.0	50379331.97263265	0.4426158432976517	False	0	25117054.65198148	0	0.0	True	420	38000000.0	0.0	13440000.0	3762	76557054.65198147	11.744151627669192	6.639237649464776	False	True
130	proceed	4.8	1.4277930428956507	1.15	2.4	2.183	178.0	1.9	2.1	0.23407448590893482	0.8054143552547373	0.9990360242742659	False	11436883.84461727	False	1143230909.1079423	0.0	1143230909.1079423	1691	3.385347277462089	8.463368193655223	66.76657130550231	134.00332973287436	1.1114772181363533	6333	True	20880000	True	0	45.0	155.0	12.75	0.0	2.0088	0.5859	6833401.92	165.0	False	0.0	8.212384467311834	15373.583722807754	307.4716744561551	0.05930198301346774	225	11.024999999999991	3812	1	43046034.42386171	7052200	340000	0.0	50438234.42386171	0.4426158432976517	False	0	25117054.65198148	0	0.0	True	420	38000000.0	0.0	13440000.0	3762	76557054.65198147	11.70372429544674	6.639237649464776	False	True
131	proceed	4.8	1.4277930428956507	1.15	2.4	2.1921	178.0	1.9	2.1	0.23326872255482883	0.8068519261537924	0.9990881180344455	False	11457297.351383852	False	1145271443.24433	0.0	1145271443.24433	1694	3.385347277462089	8.463368193655223	66.76657130550231	134.00332973287436	1.1114772181363533	6333	True	20880000	True	0	45.0	155.0	12.75	0.0	2.0088	0.5859	6833401.92	165.0	False	0.0	8.222044943753485	15391.668134706522	307.83336269413047	0.059371741731185486	225	11.024999999999991	3817	1	43096670.777178265	7061450	340000	0.0	50498120.777178265	0.4426158432976517	False	0	25117054.65198148	0	0.0	True	420	38000000.0	0.0	13440000.0	3762	76557054.65198147	11.663436127741441	6.639237649464776	False	True
132	proceed	4.8	1.4277930428956507	1.15	2.4	2.2012	178.0	1.9	2.1	0.2324657329100415	0.8082653695710075	0.9991373966201584	False	11477368.247908305	False	1147277730.0609143	0.0	1147277730.0609143	1697	3.385347277462089	8.463368193655223	66.76657130550231	134.00332973287436	1.1114772181363533	6333	True	20880000	True	0	45.0	155.0	12.75	0.0	2.0088	0.5859	6833401.92	165.0	False	0.0	8.23154328351717	15409.44902674414	308.1889805348828	0.059440329652947314	225	11.024999999999991	3821	1	43146457.27488359	7068850	340000	0.0	50555307.27488359	0.4426158432976517	False	0	25117054.65198148	0	0.0	True	420	38000000.0	0.0	13440000.0	3762	76557054.65198147	11.623286645502075	6.639237649464776	False	True
133	proceed	4.8	1.4277930428956507	1.15	2.4	2.2103	178.0	1.9	2.1	0.23166550742652947	0.8096551360919346	0.9991840121649278	False	11497102.932505472	False	1149250409.1332471	0.0	1149250409.1332471	1700	3.385347277462089	8.463368193655223	66.76657130550231	134.00332973287436	1.1114772181363533	6333	True	20880000	True	0	45.0	155.0	12.75	0.0	2.0088	0.5859	6833401.92	165.0	False	0.0	8.2408825145378	15426.932067214764	308.5386413442953	0.0595077686436021	225	11.024999999999991	3825	1	43195409.78820134	7076250	340000	0.0	50611659.78820134	0.4426158432976517	False	0	25117054.65198148	0	0.0	True	420	38000000.0	0.0	13440000.0	3762	76557054.65198147	11.583275371326474	6.639237649464776	False	True
134	proceed	4.8	1.4277930428956507	1.15	2.4	2.2194000000000003	178.0	1.9	2.1	0.2308680365891172	0.8110216660395434	0.9992281085809007	False	11516507.657761516	False	1151190105.4698412	0.0	1151190105.4698412	1703	3.385347277462089	8.463368193655223	66.76657130550231	134.00332973287436	1.1114772181363533	6333	True	20880000	True	0	45.0	155.0	12.75	0.0	2.0088	0.5859	6833401.92	165.0	False	0.0	8.250065595785731	15444.122795310892	308.88245590621784	0.05957408007000251	225	11.024999999999991	3830	1	43243543.82687049	7085500	340000	0.0	50669043.82687049	0.4426158432976517	False	0	25117054.65198148	0	0.0	True	420	38000000.0	0.0	13440000.0	3762	76557054.65198147	11.54340182945586	6.639237649464776	False	True
135	proceed	4.8	1.4277930428956507	1.15	2.4	2.2285000000000004	178.0	1.9	2.1	0.2300733109153832	0.8123653897387311	0.9992698220031352	False	11535588.53428998	False	1153097429.8876266	0.0	1153097429.8876266	1705	3.385347277462089	8.463368193655223	66.76657130550231	134.00332973287436	1.1114772181363533	6333	True	20880000	True	0	45.0	155.0	12.75	0.0	2.0088	0.5859	6833401.92	165.0	False	0.0	8.259095419044272	15461.026624450878	309.22053248901756	0.05963928481384079	225	11.024999999999991	3834	1	43290874.54846246	7092900	340000	0.0	50723774.54846246	0.4426158432976517	False	0	25117054.65198148	0	0.0	True	420	38000000.0	0.0	13440000.0	3762	76557054.65198147	11.50366554576916	6.639237649464776	False	True
136	proceed	4.8	1.4277930428956507	1.15	2.4	2.2376000000000005	178.0	1.9	2.1	0.2292813209555481	0.813686727773242	0.9993092812098784	False	11554351.534380037	False	1154972979.3766286	0.0	1154972979.3766286	1708	3.385347277462089	8.463368193655223	66.76657130550231	134.00332973287436	1.1114772181363533	6333	True	20880000	True	0	45.0	155.0	12.75	0.0	2.0088	0.5859	6833401.92	165.0	False	0.0	8.267974810636186	15477.64884551094	309.5529769102188	0.05970340328411572	225	11.024999999999991	3838	1	43337416.76743063	7100300	340000	0.0	50777716.76743063	0.4426158432976517	False	0	25117054.65198148	0	0.0	True	420	38000000.0	0.0	13440000.0	3762	76557054.65198147	11.464066047777404	6.639237649464776	False	True
137	proceed	4.8	1.4277930428956507	1.15	2.4	2.2467	178.0	1.9	2.1	0.22849205729236155	0.8149860912352348	0.9993466080201326	False	11572802.495540334	False	1156817337.4542117	0.0	1156817337.4542117	1711	3.385347277462089	8.463368193655223	66.76657130550231	134.00332973287436	1.1114772181363533	6333	True	20880000	True	0	45.0	155.0	12.75	0.0	2.0088	0.5859	6833401.92	165.0	False	0.0	8.276706533100777	15493.994629964654	309.8798925992931	0.05976645542924294	225	11.024999999999991	3842	1	43383184.963901035	7107700	340000	0.0	50830884.963901035	0.4426158432976517	False	0	25117054.65198148	0	0.0	True	420	38000000.0	0.0	13440000.0	3762	76557054.65198147	11.424602864618077	6.639237649464776	False	True
138	proceed	4.8	1.4277930428956507	1.15	2.4	2.2558	178.0	1.9	2.1	0.22770551054099067	0.816263881967729	0.9993819176697367	False	11590947.123941753	False	1158631074.5092177	0.0	1158631074.5092177	1714	3.385347277462089	8.463368193655223	66.76657130550231	134.00332973287436	1.1114772181363533	6333	True	20880000	True	0	45.0	155.0	12.75	0.0	2.0088	0.5859	6833401.92	165.0	False	0.0	8.285293286823137	15510.069032932914	310.20138065865825	0.05982846074881987	225	11.024999999999991	3846	1	43428193.29221216	7115100	340000	0.0	50883293.29221216	0.4426158432976517	False	0	25117054.65198148	0	0.0	True	420	38000000.0	0.0	13440000.0	3762	76557054.65198147	11.385275527049533	6.639237649464776	False	True
139	proceed	4.8	1.4277930428956507	1.15	2.4	2.2649	178.0	1.9	2.1	0.22692167134890845	0.8175204928001515	0.9994153191671235	False	11608790.997762151	False	1160414748.1363049	0.0	1160414748.1363049	1716	3.385347277462089	8.463368193655223	66.76657130550231	134.00332973287436	1.1114772181363533	6333	True	20880000	True	0	45.0	155.0	12.75	0.0	2.0088	0.5859	6833401.92	165.0	False	0.0	8.293737711617018	15525.876996147057	310.5175399229411	0.05988943830505562	225	11.024999999999991	3850	1	43472455.58921176	7122500	340000	0.0	50934955.58921176	0.4426158432976517	False	0	25117054.65198148	0	0.0	True	420	38000000.0	0.0	13440000.0	3762	76557054.65198147	11.346083567445422	6.639237649464776	False	True
140	proceed	4.8	1.4277930428956507	1.15	2.4	2.274	178.0	1.9	2.1	0.22614053039578227	0.8187563077772004	0.9994469156298522	False	11626339.570436247	False	1162168903.4608073	0.0	1162168903.4608073	1719	3.385347277462089	8.463368193655223	66.76657130550231	134.00332973287436	1.1114772181363533	6333	True	20880000	True	0	45.0	155.0	12.75	0.0	2.0088	0.5859	6833401.92	165.0	False	0.0	8.302042388262787	15541.423350827938	310.82846701655876	0.05994940673387676	225	11.024999999999991	3854	1	43515985.38231823	7129900	340000	0.0	50985885.38231823	0.4426158432976517	False	0	25117054.65198148	0	0.0	True	420	38000000.0	0.0	13440000.0	3762	76557054.65198147	11.307026519789114	6.639237649464776	False	True
141	proceed	4.8	1.4277930428956507	1.15	2.4	2.2831	178.0	1.9	2.1	0.22536207839336328	0.8199717023812322	0.9994768046029543	False	11643598.173813498	False	1163894073.4543972	0.0	1163894073.4543972	1721	3.385347277462089	8.463368193655223	66.76657130550231	134.00332973287436	1.1114772181363533	6333	True	20880000	True	0	45.0	155.0	12.75	0.0	2.0088	0.5859	6833401.92	165.0	False	0.0	8.31020984000188	15556.712820483519	311.1342564096704	0.060008384255718666	225	11.024999999999991	3858	1	43558795.89735385	7137300	340000	0.0	51036095.89735385	0.4426158432976517	False	0	25117054.65198148	0	0.0	True	420	38000000.0	0.0	13440000.0	3762	76557054.65198147	11.268103919668164	6.639237649464776	False	True
142	proceed	4.8	1.4277930428956507	1.15	2.4	2.2922000000000002	178.0	1.9	2.1	0.22458630608537594	0.8211670437483742	0.9995050783600762	False	11660572.021226915	False	1165590779.2418425	0.0	1165590779.2418425	1724	3.385347277462089	8.463368193655223	66.76657130550231	134.00332973287436	1.1114772181363533	6333	True	20880000	True	0	45.0	155.0	12.75	0.0	2.0088	0.5859	6833401.92	165.0	False	0.0	8.318242533989075	15571.750023627548	311.435000472551	0.060066388686012585	225	11.024999999999991	3861	1	43600900.06615713	7142850	340000	0.0	51083750.06615713	0.4426158432976517	False	0	25117054.65198148	0	0.0	True	420	38000000.0	0.0	13440000.0	3762	76557054.65198147	11.229315304268797	6.639237649464776	False	True
143	proceed	4.8	1.4277930428956507	1.15	2.4	2.3013	178.0	1.9	2.1	0.2238132042474078	0.8223426908785567	0.9995318241883472	False	11677266.210475506	False	1167259530.3991315	0.0	1167259530.3991315	1726	3.385347277462089	8.463368193655223	66.76657130550231	134.00332973287436	1.1114772181363533	6333	True	20880000	True	0	45.0	155.0	12.75	0.0	2.0088	0.5859	6833401.92	165.0	False	0.0	8.3261428827039	15586.5394764217	311.730789528434	0.060123437445377396	225	11.024999999999991	3865	1	43642310.53398076	7150250	340000	0.0	51132560.53398076	0.4426158432976517	False	0	25117054.65198148	0	0.0	True	420	38000000.0	0.0	13440000.0	3762	76557054.65198147	11.19066021237039	6.639237649464776	False	True
144	proceed	4.8	1.4277930428956507	1.15	2.4	2.3104	178.0	1.9	2.1	0.22304276368680032	0.8234989948396507	0.999557124657854	False	11693685.72672304	False	1168900825.243235	0.0	1168900825.243235	1729	3.385347277462089	8.463368193655223	66.76657130550231	134.00332973287436	1.1114772181363533	6333	True	20880000	True	0	45.0	155.0	12.75	0.0	2.0088	0.5859	6833401.92	165.0	False	0.0	8.333913245322451	15601.085595243629	312.0217119048726	0.06017954756952563	225	11.024999999999991	3869	1	43683039.66668216	7157650	340000	0.0	51180689.66668216	0.4426158432976517	False	0	25117054.65198148	0	0.0	True	420	38000000.0	0.0	13440000.0	3762	76557054.65198147	11.152138184340016	6.639237649464776	False	True
145	proceed	4.8	1.4277930428956507	1.15	2.4	2.3195	178.0	1.9	2.1	0.22227497524253872	0.8246362989658943	0.9995810578765516	False	11709835.445315698	False	1170515151.1137571	0.0	1170515151.1137571	1731	3.385347277462089	8.463368193655223	66.76657130550231	134.00332973287436	1.1114772181363533	6333	True	20880000	True	0	45.0	155.0	12.75	0.0	2.0088	0.5859	6833401.92	165.0	False	0.0	8.34155592905081	15615.392699183114	312.3078539836623	0.060234735718892034	225	11.024999999999991	3872	1	43723099.55771272	7163200	340000	0.0	51226299.55771272	0.4426158432976517	False	0	25117054.65198148	0	0.0	True	420	38000000.0	0.0	13440000.0	3762	76557054.65198147	11.113748762126937	6.639237649464776	False	True
146	proceed	4.8	1.4277930428956507	1.15	2.4	2.3286000000000007	178.0	1.9	2.1	0.2215098297851439	0.825754939050783	0.9996036977314001	False	11725720.13452112	False	1172102984.6467311	0.0	1172102984.6467311	1734	3.385347277462089	8.463368193655223	66.76657130550231	134.00332973287436	1.1114772181363533	6333	True	20880000	True	0	45.0	155.0	12.75	0.0	2.0088	0.5859	6833401.92	165.0	False	0.0	8.349073190421262	15629.465012468603	312.58930024937206	0.060289018187993766	225	11.024999999999991	3876	1	43762502.03491209	7170600	340000	0.0	51273102.03491209	0.4426158432976517	False	0	25117054.65198148	0	0.0	True	420	38000000.0	0.0	13440000.0	3762	76557054.65198147	11.075491489257196	6.639237649464776	False	True
147	proceed	4.8	1.4277930428956507	1.15	2.4	2.3377	178.0	1.9	2.1	0.2207473182165633	0.8268552435345913	0.9996251141164687	False	11741344.458191196	False	1173664792.040792	0.0	1173664792.040792	1736	3.385347277462089	8.463368193655223	66.76657130550231	134.00332973287436	1.1114772181363533	6333	True	20880000	True	0	45.0	155.0	12.75	0.0	2.0088	0.5859	6833401.92	165.0	False	0.0	8.356467236552453	15643.30666682619	312.86613333652383	0.060342410914529895	225	11.024999999999991	3879	1	43801258.667113334	7176150	340000	0.0	51317408.667113334	0.4426158432976517	False	0	25117054.65198148	0	0.0	True	420	38000000.0	0.0	13440000.0	3762	76557054.65198147	11.037365910828164	6.639237649464776	False	True
148	proceed	4.8	1.4277930428956507	1.15	2.4	2.3468	178.0	1.9	2.1	0.21998743147006297	0.8279375336866925	0.999645373148714	False	11756712.978351034	False	1175201029.3159695	0.0	1175201029.3159695	1738	3.385347277462089	8.463368193655223	66.76657130550231	134.00332973287436	1.1114772181363533	6333	True	20880000	True	0	45.0	155.0	12.75	0.0	2.0088	0.5859	6833401.92	165.0	False	0.0	8.363740226374572	15656.921703773201	313.13843407546403	0.060394929488228576	225	11.024999999999991	3882	1	43839380.770564966	7181700	340000	0.0	51361080.770564966	0.4426158432976517	False	0	25117054.65198148	0	0.0	True	420	38000000.0	0.0	13440000.0	3762	76557054.65198147	10.999371573503149	6.639237649464776	False	True
149	proceed	4.8	1.4277930428956507	1.15	2.4	2.3559	178.0	1.9	2.1	0.21923016051011973	0.8290021237828329	0.9996645373720975	False	11771830.157716228	False	1176712142.5653143	0.0	1176712142.5653143	1740	3.385347277462089	8.463368193655223	66.76657130550231	134.00332973287436	1.1114772181363533	6333	True	20880000	True	0	45.0	155.0	12.75	0.0	2.0088	0.5859	6833401.92	165.0	False	0.0	8.370894271820637	15670.314076848234	313.4062815369647	0.06044658915944937	225	11.024999999999991	3886	1	43876879.41517505	7189100	340000	0.0	51405979.41517505	0.4426158432976517	False	0	25117054.65198148	0	0.0	True	420	38000000.0	0.0	13440000.0	3762	76557054.65198147	10.961508025505987	6.639237649464776	False	True
150	proceed	4.8	1.4277930428956507	1.15	2.4	2.365	178.0	1.9	2.1	0.21847549633231378	0.8300493212775142	0.9996826659506712	False	11786700.362140702	False	1178198568.1995847	0.0	1178198568.1995847	1743	3.385347277462089	8.463368193655223	66.76657130550231	134.00332973287436	1.1114772181363533	6333	True	20880000	True	0	45.0	155.0	12.75	0.0	2.0088	0.5859	6833401.92	165.0	False	0.0	8.377931438984895	15683.487653779724	313.6697530755945	0.06049740484754809	225	11.024999999999991	3889	1	43913765.43058323	7194650	340000	0.0	51448415.43058323	0.4426158432976517	False	0	25117054.65198148	0	0.0	True	420	38000000.0	0.0	13440000.0	3762	76557054.65198147	10.923774816615689	6.639237649464776	False	True
151	proceed	4.8	1.4277930428956507	1.15	2.4	2.3741	178.0	1.9	2.1	0.2177234299632214	0.8310794269716317	0.9996998148512309	False	11801327.86299717	False	1179660733.1851974	0.0	1179660733.1851974	1745	3.385347277462089	8.463368193655223	66.76657130550231	134.00332973287436	1.1114772181363533	6333	True	20880000	True	0	45.0	155.0	12.75	0.0	2.0088	0.5859	6833401.92	165.0	False	0.0	8.384853749249364	15696.446218594812	313.92892437189624	0.060547391149011635	225	11.024999999999991	3892	1	43950049.412065476	7200200	340000	0.0	51490249.412065476	0.4426158432976517	False	0	25117054.65198148	0	0.0	True	420	38000000.0	0.0	13440000.0	3762	76557054.65198147	10.886171498161069	6.639237649464776	False	True
152	proceed	4.8	1.4277930428956507	1.15	2.4	2.3832000000000004	178.0	1.9	2.1	0.21697395246030862	0.832092735175515	0.9997160370160968	False	11815716.839492312	False	1181099055.2756515	0.0	1181099055.2756515	1747	3.385347277462089	8.463368193655223	66.76657130550231	134.00332973287436	1.1114772181363533	6333	True	20880000	True	0	45.0	155.0	12.75	0.0	2.0088	0.5859	6833401.92	165.0	False	0.0	8.39166318037946	15709.19347367035	314.183869473407	0.06059656234536949	225	11.024999999999991	3895	1	43985741.72627698	7205750	340000	0.0	51531491.72627698	0.4426158432976517	False	0	25117054.65198148	0	0.0	True	420	38000000.0	0.0	13440000.0	3762	76557054.65198147	10.84869762301543	6.639237649464776	False	True
153	proceed	4.8	1.4277930428956507	1.15	2.4	2.3923000000000005	178.0	1.9	2.1	0.21622705491182453	0.8330895338675024	0.9997313825265577	False	11829871.380918534	False	1182513943.2366166	0.0	1182513943.2366166	1749	3.385347277462089	8.463368193655223	66.76657130550231	134.00332973287436	1.1114772181363533	6333	True	20880000	True	0	45.0	155.0	12.75	0.0	2.0088	0.5859	6833401.92	165.0	False	0.0	8.398361667589615	15721.73304172776	314.43466083455525	0.06064493241088866	225	11.024999999999991	3898	1	44020852.51683773	7211300	340000	0.0	51572152.51683773	0.4426158432976517	False	0	25117054.65198148	0	0.0	True	420	38000000.0	0.0	13440000.0	3762	76557054.65198147	10.811352745591227	6.639237649464776	False	True
154	proceed	4.8	1.4277930428956507	1.15	2.4	2.4013999999999998	178.0	1.9	2.1	0.2154827284366956	0.8340701048481922	0.9997458987574834	False	11843795.48884433	False	1183905797.0648792	0.0	1183905797.0648792	1751	3.385347277462089	8.463368193655223	66.76657130550231	134.00332973287436	1.1114772181363533	6333	True	20880000	True	0	45.0	155.0	12.75	0.0	2.0088	0.5859	6833401.92	165.0	False	0.0	8.404951104579851	15734.068467773484	314.6813693554697	0.06069251502005883	225	11.024999999999991	3902	1	44055391.709765755	7218700	340000	0.0	51614091.709765755	0.4426158432976517	False	0	25117054.65198148	0	0.0	True	420	38000000.0	0.0	13440000.0	3762	76557054.65198147	10.77413642183478	6.639237649464776	False	True
155	proceed	4.8	1.4277930428956507	1.15	2.4	2.4105	178.0	1.9	2.1	0.21474096418441996	0.8350347238904934	0.9997596305235805	False	11857493.079245007	False	1185275008.201331	0.0	1185275008.201331	1753	3.385347277462089	8.463368193655223	66.76657130550231	134.00332973287436	1.1114772181363533	6333	True	20880000	True	0	45.0	155.0	12.75	0.0	2.0088	0.5859	6833401.92	165.0	False	0.0	8.411433344544115	15746.203220986583	314.9240644197317	0.06073932355487355	225	11.024999999999991	3905	1	44089369.01876243	7224250	340000	0.0	51653619.01876243	0.4426158432976517	False	0	25117054.65198148	0	0.0	True	420	38000000.0	0.0	13440000.0	3762	76557054.65198147	10.737048209220998	6.639237649464776	False	True
156	proceed	4.8	1.4277930428956507	1.15	2.4	2.4196	178.0	1.9	2.1	0.21400175333496194	0.8359836608856044	0.9997726202177448	False	11870967.984575583	False	1186621959.7381754	0.0	1186621959.7381754	1755	3.385347277462089	8.463368193655223	66.76657130550231	134.00332973287436	1.1114772181363533	6333	True	20880000	True	0	45.0	155.0	12.75	0.0	2.0088	0.5859	6833401.92	165.0	False	0.0	8.41781020115126	15758.140696555161	315.16281393110324	0.060785371111913955	225	11.024999999999991	3908	1	44122793.95035445	7229800	340000	0.0	51692593.95035445	0.4426158432976517	False	0	25117054.65198148	0	0.0	True	420	38000000.0	0.0	13440000.0	3762	76557054.65198147	10.700087666748097	6.639237649464776	False	True
157	proceed	4.8	1.4277930428956507	1.15	2.4	2.4287	178.0	1.9	2.1	0.2132650870986476	0.8369171799850416	0.9997849079419378	False	11884223.95578759	False	1187947026.6205277	0.0	1187947026.6205277	1757	3.385347277462089	8.463368193655223	66.76657130550231	134.00332973287436	1.1114772181363533	6333	True	20880000	True	0	45.0	155.0	12.75	0.0	2.0088	0.5859	6833401.92	165.0	False	0.0	8.424083449499479	15769.884217463023	315.3976843492605	0.06083067050924076	225	11.024999999999991	3910	1	44155675.80889647	7233500	340000	0.0	51729175.80889647	0.4426158432976517	False	0	25117054.65198148	0	0.0	True	420	38000000.0	0.0	13440000.0	3762	76557054.65198147	10.66325435493238	6.639237649464776	False	True
158	proceed	4.8	1.4277930428956507	1.15	2.4	2.4378	178.0	1.9	2.1	0.21253095671606004	0.8378355397388335	0.9997965316309894	False	11897264.664291436	False	1189250575.842572	0.0	1189250575.842572	1759	3.385347277462089	8.463368193655223	66.76657130550231	134.00332973287436	1.1114772181363533	6333	True	20880000	True	0	45.0	155.0	12.75	0.0	2.0088	0.5859	6833401.92	165.0	False	0.0	8.43025482704496	15781.437036228168	315.6287407245634	0.0608752342931002	225	11.024999999999991	3913	1	44188023.70143887	7239050	340000	0.0	51767073.70143887	0.4426158432976517	False	0	25117054.65198148	0	0.0	True	420	38000000.0	0.0	13440000.0	3762	76557054.65198147	10.626547835803002	6.639237649464776	False	True
159	proceed	4.8	1.4277930428956507	1.15	2.4	2.4469000000000003	178.0	1.9	2.1	0.21179935345793516	0.8387389932299958	0.9998075271697113	False	11910093.70386594	False	1190532966.6384394	0.0	1190532966.6384394	1761	3.385347277462089	8.463368193655223	66.76657130550231	134.00332973287436	1.1114772181363533	6333	True	20880000	True	0	45.0	155.0	12.75	0.0	2.0088	0.5859	6833401.92	165.0	False	0.0	8.436326034505571	15792.80233659443	315.8560467318886	0.060919074744449436	225	11.024999999999991	3916	1	44219846.542464405	7244600	340000	0.0	51804446.542464405	0.4426158432976517	False	0	25117054.65198148	0	0.0	True	420	38000000.0	0.0	13440000.0	3762	76557054.65198147	10.589967672896758	6.639237649464776	False	True
160	proceed	4.8	1.4277930428956507	1.15	2.4	2.4560000000000004	178.0	1.9	2.1	0.21107026862505796	0.8396277882053955	0.9998179285036812	False	11922714.592516616	False	1191794550.6679611	0.0	1191794550.6679611	1763	3.385347277462089	8.463368193655223	66.76657130550231	134.00332973287436	1.1114772181363533	6333	True	20880000	True	0	45.0	155.0	12.75	0.0	2.0088	0.5859	6833401.92	165.0	False	0.0	8.442298736740257	15803.98323517776	316.07966470355524	0.06096220388530682	225	11.024999999999991	3919	1	44251153.05849773	7250150	340000	0.0	51841303.05849773	0.4426158432976517	False	0	25117054.65198148	0	0.0	True	420	38000000.0	0.0	13440000.0	3762	76557054.65198147	10.553513431252897	6.639237649464776	False	True
161	proceed	4.8	1.4277930428956507	1.15	2.4	2.4651000000000005	178.0	1.9	2.1	0.21034369354815896	0.8405021672031129	0.9998277677440391	False	11935130.774284203	False	1193035672.1974487	0.0	1193035672.1974487	1765	3.385347277462089	8.463368193655223	66.76657130550231	134.00332973287436	1.1114772181363533	6333	True	20880000	True	0	45.0	155.0	12.75	0.0	2.0088	0.5859	6833401.92	165.0	False	0.0	8.448174563604917	15814.982783068408	316.29965566136815	0.061004633484932264	225	11.024999999999991	3922	1	44281951.79259154	7255700	340000	0.0	51877651.79259154	0.4426158432976517	False	0	25117054.65198148	0	0.0	True	420	38000000.0	0.0	13440000.0	3762	76557054.65198147	10.517184677407949	6.639237649464776	False	True
162	proceed	4.8	1.4277930428956507	1.15	2.4	2.4741999999999997	178.0	1.9	2.1	0.20961961958781136	0.8413623676764033	0.9998370752666227	False	11947345.621004926	False	1194256668.2756524	0.0	1194256668.2756524	1766	3.385347277462089	8.463368193655223	66.76657130550231	134.00332973287436	1.1114772181363533	6333	True	20880000	True	0	45.0	155.0	12.75	0.0	2.0088	0.5859	6833401.92	165.0	False	0.0	8.45395511078543	15825.803967390322	316.51607934780645	0.061046375065842366	225	11.024999999999991	3924	1	44312251.1086929	7259400	340000	0.0	51911651.1086929	0.4426158432976517	False	0	25117054.65198148	0	0.0	True	420	38000000.0	0.0	13440000.0	3762	76557054.65198147	10.480980979390567	6.639237649464776	False	True
163	proceed	4.8	1.4277930428956507	1.15	2.4	2.4833	178.0	1.9	2.1	0.20889803813432817	0.8422086221143573	0.9998458798057426	False	11959362.434023874	False	1195457868.9050264	0.0	1195457868.9050264	1768	3.385347277462089	8.463368193655223	66.76657130550231	134.00332973287436	1.1114772181363533	6333	True	20880000	True	0	45.0	155.0	12.75	0.0	2.0088	0.5859	6833401.92	165.0	False	0.0	8.45964194060848	15836.449712819076	316.72899425638155	0.061087439909665676	225	11.024999999999991	3927	1	44342059.195893414	7264950	340000	0.0	51947009.195893414	0.4426158432976517	False	0	25117054.65198148	0	0.0	True	420	38000000.0	0.0	13440000.0	3762	76557054.65198147	10.444901906716408	6.639237649464776	False	True
164	proceed	4.8	1.4277930428956507	1.15	2.4	2.4924	178.0	1.9	2.1	0.20817894060765987	0.8430411581593592	0.9998542085428925	False	11971184.4458629	False	1196639597.2084556	0.0	1196639597.2084556	1770	3.385347277462089	8.463368193655223	66.76657130550231	134.00332973287436	1.1114772181363533	6333	True	20880000	True	0	45.0	155.0	12.75	0.0	2.0088	0.5859	6833401.92	165.0	False	0.0	8.465236582830894	15846.922883059433	316.9384576611887	0.06112783906284226	225	11.024999999999991	3930	1	44371384.07256641	7270500	340000	0.0	51981884.07256641	0.4426158432976517	False	0	25117054.65198148	0	0.0	True	420	38000000.0	0.0	13440000.0	3762	76557054.65198147	10.408947030382993	6.639237649464776	False	True
165	proceed	4.8	1.4277930428956507	1.15	2.4	2.5015	178.0	1.9	2.1	0.20746231845729224	0.8438601987214327	0.9998620871906634	False	11982814.821844345	False	1197802169.5915608	0.0	1197802169.5915608	1772	3.385347277462089	8.463368193655223	66.76657130550231	134.00332973287436	1.1114772181363533	6333	True	20880000	True	0	45.0	155.0	12.75	0.0	2.0088	0.5859	6833401.92	165.0	False	0.0	8.470740535408027	15857.226282283827	317.14452564567654	0.061167583342172496	225	11.024999999999991	3932	1	44400233.59039472	7274200	340000	0.0	52014433.59039472	0.4426158432976517	False	0	25117054.65198148	0	0.0	True	420	38000000.0	0.0	13440000.0	3762	76557054.65198147	10.373115922864612	6.639237649464776	False	True
166	proceed	4.8	1.4277930428956507	1.15	2.4	2.5106	178.0	1.9	2.1	0.20674816316214492	0.8446659620895693	0.9998695400721246	False	11994256.661671884	False	1198945895.9007215	0.0	1198945895.9007215	1773	3.385347277462089	8.463368193655223	66.76657130550231	134.00332973287436	1.1114772181363533	6333	True	20880000	True	0	45.0	155.0	12.75	0.0	2.0088	0.5859	6833401.92	165.0	False	0.0	8.476155265241905	15867.362656532847	317.34725313065695	0.061206683340219274	225	11.024999999999991	3935	1	44428615.438291974	7279750	340000	0.0	52048365.438291974	0.4426158432976517	False	0	25117054.65198148	0	0.0	True	420	38000000.0	0.0	13440000.0	3762	76557054.65198147	10.337408158107246	6.639237649464776	False	True
167	proceed	4.8	1.4277930428956507	1.15	2.4	2.5197000000000003	178.0	1.9	2.1	0.20603646623047	0.8454586620401244	0.9998765901959134	False	12005513.000969768	False	1200071079.5769382	0.0	1200071079.5769382	1775	3.385347277462089	8.463368193655223	66.76657130550231	134.00332973287436	1.1114772181363533	6333	True	20880000	True	0	45.0	155.0	12.75	0.0	2.0088	0.5859	6833401.92	165.0	False	0.0	8.481482208909636	15877.33469507884	317.5466939015768	0.06124514943056792	225	11.024999999999991	3937	1	44456537.14622075	7283450	340000	0.0	52079987.14622075	0.4426158432976517	False	0	25117054.65198148	0	0.0	True	420	38000000.0	0.0	13440000.0	3762	76557054.65198147	10.301823311523501	6.639237649464776	False	True
168	proceed	4.8	1.4277930428956507	1.15	2.4	2.5288000000000004	178.0	1.9	2.1	0.20532721919975092	0.8462385079423642	0.9998832593272683	False	12016586.812781572	False	1201178017.805646	0.0	1201178017.805646	1777	3.385347277462089	8.463368193655223	66.76657130550231	134.00332973287436	1.1114772181363533	6333	True	20880000	True	0	45.0	155.0	12.75	0.0	2.0088	0.5859	6833401.92	165.0	False	0.0	8.486722773372687	15887.145031753671	317.74290063507345	0.061282991772948	225	11.024999999999991	3940	1	44484006.08891028	7289000	340000	0.0	52113006.08891028	0.4426158432976517	False	0	25117054.65198148	0	0.0	True	420	38000000.0	0.0	13440000.0	3762	76557054.65198147	10.266360959987546	6.639237649464776	False	True
169	proceed	4.8	1.4277930428956507	1.15	2.4	2.5379000000000005	178.0	1.9	2.1	0.20462041363660208	0.8470057048612517	0.9998895680552229	False	12027481.009029774	False	1202267001.6626163	0.0	1202267001.6626163	1778	3.385347277462089	8.463368193655223	66.76657130550231	134.00332973287436	1.1114772181363533	6333	True	20880000	True	0	45.0	155.0	12.75	0.0	2.0088	0.5859	6833401.92	165.0	False	0.0	8.491878336667611	15896.796246241769	317.9359249248354	0.06132022031822097	225	11.024999999999991	3942	1	44511029.48947696	7292700	340000	0.0	52143729.48947696	0.4426158432976517	False	0	25117054.65198148	0	0.0	True	420	38000000.0	0.0	13440000.0	3762	76557054.65198147	10.231020681830104	6.639237649464776	False	True
170	proceed	4.8	1.4277930428956507	1.15	2.4	2.5469999999999997	178.0	1.9	2.1	0.2039160411366683	0.8477604536575447	0.9998955358561683	False	12038198.441937136	False	1203338316.256036	0.0	1203338316.256036	1780	3.385347277462089	8.463368193655223	66.76657130550231	134.00332973287436	1.1114772181363533	6333	True	20880000	True	0	45.0	155.0	12.75	0.0	2.0088	0.5859	6833401.92	165.0	False	0.0	8.496950248578699	15906.290865339328	318.1258173067866	0.061356844813237554	225	11.024999999999991	3944	1	44537614.42295012	7296400	340000	0.0	52174014.42295012	0.4426158432976517	False	0	25117054.65198148	0	0.0	True	420	38000000.0	0.0	13440000.0	3762	76557054.65198147	10.195802056833415	6.639237649464776	False	True
171	proceed	4.8	1.4277930428956507	1.15	2.4	2.5561	178.0	1.9	2.1	0.20321409332452525	0.8485029510852875	0.9999011811539812	False	12048741.905411083	False	1204392240.864892	0.0	1204392240.864892	1781	3.385347277462089	8.463368193655223	66.76657130550231	134.00332973287436	1.1114772181363533	6333	True	20880000	True	0	45.0	155.0	12.75	0.0	2.0088	0.5859	6833401.92	165.0	False	0.0	8.50193983129313	15915.631364180743	318.31262728361486	0.06139287480556842	225	11.024999999999991	3947	1	44563767.81970608	7301950	340000	0.0	52205717.81970608	0.4426158432976517	False	0	25117054.65198148	0	0.0	True	420	38000000.0	0.0	13440000.0	3762	76557054.65198147	10.160704666226263	6.639237649464776	False	True
172	proceed	4.8	1.4277930428956507	1.15	2.4	2.5652000000000004	178.0	1.9	2.1	0.20251456185357938	0.8492333898867693	0.9999065213769021	False	12059114.136392124	False	1205429049.0737567	0.0	1205429049.0737567	1783	3.385347277462089	8.463368193655223	66.76657130550231	134.00332973287436	1.1114772181363533	6333	True	20880000	True	0	45.0	155.0	12.75	0.0	2.0088	0.5859	6833401.92	165.0	False	0.0	8.50684838003909	15924.820167433176	318.49640334866353	0.06142831964811229	225	11.024999999999991	3949	1	44589496.46881289	7305650	340000	0.0	52235146.46881289	0.4426158432976517	False	0	25117054.65198148	0	0.0	True	420	38000000.0	0.0	13440000.0	3762	76557054.65198147	10.125728092678969	6.639237649464776	False	True
173	proceed	4.8	1.4277930428956507	1.15	2.4	2.5743	178.0	1.9	2.1	0.2018174384059691	0.8499519588850226	0.9999115730113401	False	12069317.816167321	False	1206449008.9040856	0.0	1206449008.9040856	1784	3.385347277462089	8.463368193655223	66.76657130550231	134.00332973287436	1.1114772181363533	6333	True	20880000	True	0	45.0	155.0	12.75	0.0	2.0088	0.5859	6833401.92	165.0	False	0.0	8.51167716370735	15933.859650460163	318.6771930092033	0.061463188503584266	225	11.024999999999991	3951	1	44614807.021288455	7309350	340000	0.0	52264157.021288455	0.4426158432976517	False	0	25117054.65198148	0	0.0	True	420	38000000.0	0.0	13440000.0	3762	76557054.65198147	10.090871920298456	6.639237649464776	False	True
174	proceed	4.8	1.4277930428956507	1.15	2.4	2.5834	178.0	1.9	2.1	0.20112271469246557	0.8506588430739301	0.9999163516527703	False	12079355.571649808	False	1207452382.9421148	0.0	1207452382.9421148	1786	3.385347277462089	8.463368193655223	66.76657130550231	134.00332973287436	1.1114772181363533	6333	True	20880000	True	0	45.0	155.0	12.75	0.0	2.0088	0.5859	6833401.92	165.0	False	0.0	8.51642742545681	15942.75214045515	318.855042809103	0.06149749034888841	225	11.024999999999991	3953	1	44639705.99327442	7313050	340000	0.0	52292755.99327442	0.4426158432976517	False	0	25117054.65198148	0	0.0	True	420	38000000.0	0.0	13440000.0	3762	76557054.65198147	10.056135734623279	6.639237649464776	False	True
175	proceed	4.8	1.4277930428956507	1.15	2.4	2.5925000000000002	178.0	1.9	2.1	0.20043038245237452	0.8513542237060111	0.9999208720538796	False	12089229.976625357	False	1208439428.4634707	0.0	1208439428.4634707	1787	3.385347277462089	8.463368193655223	66.76657130550231	134.00332973287436	1.1114772181363533	6333	True	20880000	True	0	45.0	155.0	12.75	0.0	2.0088	0.5859	6833401.92	165.0	False	0.0	8.521100383304393	15951.499917545825	319.0299983509165	0.06153123397937759	225	11.024999999999991	3955	1	44664199.76912831	7316750	340000	0.0	52320949.76912831	0.4426158432976517	False	0	25117054.65198148	0	0.0	True	420	38000000.0	0.0	13440000.0	3762	76557054.65198147	10.021519122618725	6.639237649464776	False	True
176	proceed	4.8	1.4277930428956507	1.15	2.4	2.6016000000000004	178.0	1.9	2.1	0.19974043345343748	0.8520382783779499	0.9999251481701124	False	12098943.552966889	False	1209410397.5545702	0.0	1209410397.5545702	1789	3.385347277462089	8.463368193655223	66.76657130550231	134.00332973287436	1.1114772181363533	6333	True	20880000	True	0	45.0	155.0	12.75	0.0	2.0088	0.5859	6833401.92	165.0	False	0.0	8.525697230699823	15960.105215870068	319.20210431740134	0.061564428013003776	225	11.024999999999991	3958	1	44688294.60443619	7322300	340000	0.0	52350594.60443619	0.4426158432976517	False	0	25117054.65198148	0	0.0	True	420	38000000.0	0.0	13440000.0	3762	76557054.65198147	9.987021672671874	6.639237649464776	False	True
177	proceed	4.8	1.4277930428956507	1.15	2.4	2.6106999999999996	178.0	1.9	2.1	0.1990528594917344	0.8527111811139328	0.9999291932027528	False	12108498.771817846	False	1210365537.230912	0.0	1210365537.230912	1790	3.385347277462089	8.463368193655223	66.76657130550231	134.00332973287436	1.1114772181363533	6333	True	20880000	True	0	45.0	155.0	12.75	0.0	2.0088	0.5859	6833401.92	165.0	False	0.0	8.530219137085627	15968.570224624296	319.3714044924859	0.06159708089436204	225	11.024999999999991	3960	1	44711996.62894803	7326000	340000	0.0	52377996.62894803	0.4426158432976517	False	0	25117054.65198148	0	0.0	True	420	38000000.0	0.0	13440000.0	3762	76557054.65198147	9.95264297458672	6.639237649464776	False	True
178	proceed	4.8	1.4277930428956507	1.15	2.4	2.6198	178.0	1.9	2.1	0.1983676523915857	0.853373102446855	0.999933019639681	False	12117898.054745343	False	1211305089.5523446	0.0	1211305089.5523446	1792	3.385347277462089	8.463368193655223	66.76657130550231	134.00332973287436	1.1114772181363533	6333	True	20880000	True	0	45.0	155.0	12.75	0.0	2.0088	0.5859	6833401.92	165.0	False	0.0	8.534667248442865	15976.897089085041	319.53794178170085	0.06162920089863106	225	11.024999999999991	3962	1	44735311.849438116	7329700	340000	0.0	52405011.849438116	0.4426158432976517	False	0	25117054.65198148	0	0.0	True	420	38000000.0	0.0	13440000.0	3762	76557054.65198147	9.918382619579285	6.639237649464776	False	True
179	proceed	4.8	1.4277930428956507	1.15	2.4	2.6289000000000002	178.0	1.9	2.1	0.19768480400545552	0.8540242094974559	0.9999366392939254	False	12127143.774863875	False	1212229291.735393	0.0	1212229291.735393	1793	3.385347277462089	8.463368193655223	66.76657130550231	134.00332973287436	1.1114772181363533	6333	True	20880000	True	0	45.0	155.0	12.75	0.0	2.0088	0.5859	6833401.92	165.0	False	0.0	8.539042687822903	15985.087911604478	319.70175823208956	0.061660796135413316	225	11.024999999999991	3964	1	44758246.15249254	7333400	340000	0.0	52431646.15249254	0.4426158432976517	False	0	25117054.65198148	0	0.0	True	420	38000000.0	0.0	13440000.0	3762	76557054.65198147	9.884240200272776	6.639237649464776	False	True
180	proceed	4.8	1.4277930428956507	1.15	2.4	2.6380000000000003	178.0	1.9	2.1	0.19700430621385434	0.8546646660514428	0.9999400633401322	False	12136238.257930487	False	1213138376.2627316	0.0	1213138376.2627316	1794	3.385347277462089	8.463368193655223	66.76657130550231	134.00332973287436	1.1114772181363533	6333	True	20880000	True	0	45.0	155.0	12.75	0.0	2.0088	0.5859	6833401.92	165.0	False	0.0	8.543346555865694	15993.14475258058	319.8628950516116	0.061691874552477384	225	11.024999999999991	3966	1	44780805.30722562	7337100	340000	0.0	52457905.30722562	0.4426158432976517	False	0	25117054.65198148	0	0.0	True	420	38000000.0	0.0	13440000.0	3762	76557054.65198147	9.850215310692716	6.639237649464776	False	True
181	proceed	4.8	1.4277930428956507	1.15	2.4	2.6471	178.0	1.9	2.1	0.19632615092524272	0.8552946326346584	0.9999433023490634	False	12145183.78341215	False	1214032570.9898784	0.0	1214032570.9898784	1796	3.385347277462089	8.463368193655223	66.76657130550231	134.00332973287436	1.1114772181363533	6333	True	20880000	True	0	45.0	155.0	12.75	0.0	2.0088	0.5859	6833401.92	165.0	False	0.0	8.547579931304904	16001.069631402781	320.02139262805565	0.061722443939405756	240	11.759999999999993	3968	2	44802994.967927784	7340800	680000	0.0	52823794.967927784	0.4426158432976517	False	0	25117054.65198148	0	0.0	True	420	38000000.0	0.0	13440000.0	3762	76557054.65198147	9.816307546262136	6.639237649464776	False	True
182	proceed	4.8	1.4277930428956507	1.15	2.4	2.6562	178.0	1.9	2.1	0.19565033007593496	0.8559142665863482	0.9999463663202317	False	12153982.585526144	False	1214912099.2491934	0.0	1214912099.2491934	1797	3.385347277462089	8.463368193655223	66.76657130550231	134.00332973287436	1.1114772181363533	6333	True	20880000	True	0	45.0	155.0	12.75	0.0	2.0088	0.5859	6833401.92	165.0	False	0.0	8.551743871460259	16008.864527373607	320.1772905474722	0.06175251193114979	240	11.759999999999993	3970	2	44824820.6766461	7344500	680000	0.0	52849320.6766461	0.4426158432976517	False	0	25117054.65198148	0	0.0	True	420	38000000.0	0.0	13440000.0	3762	76557054.65198147	9.782516503796748	6.639237649464776	False	True
183	proceed	4.8	1.4277930428956507	1.15	2.4	2.6653000000000002	178.0	1.9	2.1	0.19497683563000356	0.8565237221305783	0.9999492647127709	False	12162636.85425421	False	1215777179.951251	0.0	1215777179.951251	1798	3.385347277462089	8.463368193655223	66.76657130550231	134.00332973287436	1.1114772181363533	6333	True	20880000	True	0	45.0	155.0	12.75	0.0	2.0088	0.5859	6833401.92	165.0	False	0.0	8.555839412717486	16016.531380607134	320.3306276121427	0.06178208601149561	240	11.759999999999993	3972	2	44846287.86569998	7348200	680000	0.0	52874487.86569998	0.4426158432976517	False	0	25117054.65198148	0	0.0	True	420	38000000.0	0.0	13440000.0	3762	76557054.65198147	9.748841781500179	6.639237649464776	False	True
184	proceed	4.8	1.4277930428956507	1.15	2.4	2.6744000000000003	178.0	1.9	2.1	0.194305659579183	0.8571231504458571	0.9999520064746379	False	12171148.73633117	False	1216628027.6836638	0.0	1216628027.6836638	1799	3.385347277462089	8.463368193655223	66.76657130550231	134.00332973287436	1.1114772181363533	6333	True	20880000	True	0	45.0	155.0	12.75	0.0	2.0088	0.5859	6833401.92	165.0	False	0.0	8.55986757099616	16024.07209290481	320.4814418580962	0.06181117351644234	240	11.759999999999993	3973	2	44867401.86013347	7350050	680000	0.0	52897451.86013347	0.4426158432976517	False	0	25117054.65198148	0	0.0	True	420	38000000.0	0.0	13440000.0	3762	76557054.65198147	9.71528297895915	6.639237649464776	False	True
185	proceed	4.8	1.4277930428956507	1.15	2.4	2.6835	178.0	1.9	2.1	0.19363679394277525	0.857712699733011	0.9999546000702375	False	12179520.336208757	False	1217464852.8074274	0.0	1217464852.8074274	1801	3.385347277462089	8.463368193655223	66.76657130550231	134.00332973287436	1.1114772181363533	6333	True	20880000	True	0	45.0	155.0	12.75	0.0	2.0088	0.5859	6833401.92	165.0	False	0.0	8.563829342205832	16031.48852860932	320.6297705721864	0.0618397816374959	240	11.759999999999993	3975	2	44888167.88010609	7353750	680000	0.0	52921917.88010609	0.4426158432976517	False	0	25117054.65198148	0	0.0	True	420	38000000.0	0.0	13440000.0	3762	76557054.65198147	9.681839697138763	6.639237649464776	False	True
186	proceed	4.8	1.4277930428956507	1.15	2.4	2.6926	178.0	1.9	2.1	0.19297023076755435	0.85829251528136	0.9999570535065535	False	12187753.716995312	False	1218287861.5508513	0.0	1218287861.5508513	1802	3.385347277462089	8.463368193655223	66.76657130550231	134.00332973287436	1.1114772181363533	6333	True	20880000	True	0	45.0	155.0	12.75	0.0	2.0088	0.5859	6833401.92	165.0	False	0.0	8.567725702690739	16038.782515437064	320.77565030874126	0.061867917424880195	240	11.759999999999993	3977	2	44908591.043223776	7357450	680000	0.0	52946041.043223776	0.4426158432976517	False	0	25117054.65198148	0	0.0	True	420	38000000.0	0.0	13440000.0	3762	76557054.65198147	9.648511538377717	6.639237649464776	False	True
187	proceed	4.8	1.4277930428956507	1.15	2.4	2.7017	178.0	1.9	2.1	0.1923059621276721	0.858862739533243	0.999959374357868	False	12195850.90137205	False	1219097256.1011503	0.0	1219097256.1011503	1803	3.385347277462089	8.463368193655223	66.76657130550231	134.00332973287436	1.1114772181363533	6333	True	20880000	True	0	45.0	155.0	12.75	0.0	2.0088	0.5859	6833401.92	165.0	False	0.0	8.571557609663392	16045.955845289873	320.91911690579747	0.0618955877906681	240	11.759999999999993	3979	2	44928676.36681164	7361150	680000	0.0	52969826.36681164	0.4426158432976517	False	0	25117054.65198148	0	0.0	True	420	38000000.0	0.0	13440000.0	3762	76557054.65198147	9.615298106383605	6.639237649464776	False	True
188	proceed	4.8	1.4277930428956507	1.15	2.4	2.7108000000000003	178.0	1.9	2.1	0.19164398012456366	0.8594235121469365	0.9999615697891447	False	12203813.872486498	False	1219893234.6937504	0.0	1219893234.6937504	1804	3.385347277462089	8.463368193655223	66.76657130550231	134.00332973287436	1.1114772181363533	6333	True	20880000	True	0	45.0	155.0	12.75	0.0	2.0088	0.5859	6833401.92	165.0	False	0.0	8.575326001627412	16053.010275046518	321.06020550093035	0.06192279951183482	240	11.759999999999993	3981	2	44948428.77013025	7364850	680000	0.0	52993278.77013025	0.4426158432976517	False	0	25117054.65198148	0	0.0	True	420	38000000.0	0.0	13440000.0	3762	76557054.65198147	9.582199006228183	6.639237649464776	False	True
189	proceed	4.8	1.4277930428956507	1.15	2.4	2.7199	178.0	1.9	2.1	0.19098427688685382	0.8599749700580112	0.9999636465781494	False	12211644.574823758	False	1220675991.6993828	0.0	1220675991.6993828	1805	3.385347277462089	8.463368193655223	66.76657130550231	134.00332973287436	1.1114772181363533	6333	True	20880000	True	0	45.0	155.0	12.75	0.0	2.0088	0.5859	6833401.92	165.0	False	0.0	8.579031798789835	16059.947527334572	321.19895054669144	0.06194955923323512	240	11.759999999999993	3982	2	44967853.076536804	7366700	680000	0.0	53014553.076536804	0.4426158432976517	False	0	25117054.65198148	0	0.0	True	420	38000000.0	0.0	13440000.0	3762	76557054.65198147	9.549213844342692	6.639237649464776	False	True
190	proceed	4.8	1.4277930428956507	1.15	2.4	2.729	178.0	1.9	2.1	0.19032684457026325	0.8605172475391702	0.9999656111363733	False	12219344.915056217	False	1221445717.7090194	0.0	1221445717.7090194	1807	3.385347277462089	8.463368193655223	66.76657130550231	134.00332973287436	1.1114772181363533	6333	True	20880000	True	0	45.0	155.0	12.75	0.0	2.0088	0.5859	6833401.92	165.0	False	0.0	8.582675903463223	16066.769291283155	321.33538582566314	0.06197587347050698	240	11.759999999999993	3984	2	44986954.015592836	7370400	680000	0.0	53037354.015592836	0.4426158432976517	False	0	25117054.65198148	0	0.0	True	420	38000000.0	0.0	13440000.0	3762	76557054.65198147	9.516342228513162	6.639237649464776	False	True
191	proceed	4.8	1.4277930428956507	1.15	2.4	2.7381	178.0	1.9	2.1	0.1896716753575153	0.8610504762586084	0.9999674695288273	False	12226916.76287224	False	1222202599.6167092	0.0	1222202599.6167092	1808	3.385347277462089	8.463368193655223	66.76657130550231	134.00332973287436	1.1114772181363533	6333	True	20880000	True	0	45.0	155.0	12.75	0.0	2.0088	0.5859	6833401.92	165.0	False	0.0	8.586259200457848	16073.477223257092	321.46954446514184	0.062001748612903584	240	11.759999999999993	3986	2	45005736.22511986	7374100	680000	0.0	53059836.22511986	0.4426158432976517	False	0	25117054.65198148	0	0.0	True	420	38000000.0	0.0	13440000.0	3762	76557054.65198147	9.483583767875766	6.639237649464776	False	True
192	proceed	4.8	1.4277930428956507	1.15	2.4	2.7472	178.0	1.9	2.1	0.18901876145824295	0.8615747853369359	0.9999692274927662	False	12234361.95178449	False	1222946820.7003775	0.0	1222946820.7003775	1809	3.385347277462089	8.463368193655223	66.76657130550231	134.00332973287436	1.1114772181363533	6333	True	20880000	True	0	45.0	155.0	12.75	0.0	2.0088	0.5859	6833401.92	165.0	False	0.0	8.589782557464208	16080.072947573	321.60145895146	0.06202719092605555	240	11.759999999999993	3987	2	45024204.2532044	7375950	680000	0.0	53080154.2532044	0.4426158432976517	False	0	25117054.65198148	0	0.0	True	420	38000000.0	0.0	13440000.0	3762	76557054.65198147	9.450938072912148	6.639237649464776	False	True
193	proceed	4.8	1.4277930428956507	1.15	2.4	2.7563	178.0	1.9	2.1	0.18836809510889638	0.8620903014027016	0.9999708904554002	False	12241682.279918363	False	1223678560.7006397	0.0	1223678560.7006397	1810	3.385347277462089	8.463368193655223	66.76657130550231	134.00332973287436	1.1114772181363533	6333	True	20880000	True	0	45.0	155.0	12.75	0.0	2.0088	0.5859	6833401.92	165.0	False	0.0	8.593246825426153	16086.558057197759	321.7311611439552	0.06205220655466512	240	11.759999999999993	3989	2	45042362.56015372	7379650	680000	0.0	53102012.56015372	0.4426158432976517	False	0	25117054.65198148	0	0.0	True	420	38000000.0	0.0	13440000.0	3762	76557054.65198147	9.418404755444818	6.639237649464776	False	True
194	proceed	4.8	1.4277930428956507	1.15	2.4	2.7654	178.0	1.9	2.1	0.18771966857265032	0.8625971486465585	0.9999724635506503	False	12248879.51078113	False	1224397995.8976817	0.0	1224397995.8976817	1811	3.385347277462089	8.463368193655223	66.76657130550231	134.00332973287436	1.1114772181363533	6333	True	20880000	True	0	45.0	155.0	12.75	0.0	2.0088	0.5859	6833401.92	165.0	False	0.0	8.596652838904872	16092.934114429921	321.85868228859846	0.06207680152513475	240	11.759999999999993	3991	2	45060215.52040378	7383350	680000	0.0	53123565.52040378	0.4426158432976517	False	0	25117054.65198148	0	0.0	True	420	38000000.0	0.0	13440000.0	3762	76557054.65198147	9.385983428632516	6.639237649464776	False	True
195	proceed	4.8	1.4277930428956507	1.15	2.4	2.7745000000000006	178.0	1.9	2.1	0.18707347413931252	0.8630954488741037	0.9999739516349976	False	12255955.374012273	False	1225105299.186267	0.0	1225105299.186267	1812	3.385347277462089	8.463368193655223	66.76657130550231	134.00332973287436	1.1114772181363533	6333	True	20880000	True	0	45.0	155.0	12.75	0.0	2.0088	0.5859	6833401.92	165.0	False	0.0	8.600001416433976	16099.202651564405	321.9840530312881	0.062100981748130946	240	11.759999999999993	3992	2	45077767.42438033	7385200	680000	0.0	53142967.42438033	0.4426158432976517	False	0	25117054.65198148	0	0.0	True	420	38000000.0	0.0	13440000.0	3762	76557054.65198147	9.353673706965626	6.639237649464776	False	True
196	proceed	4.8	1.4277930428956507	1.15	2.4	2.7836000000000007	178.0	1.9	2.1	0.18642950412523163	0.863585321557432	0.9999753593024764	False	12262911.566115534	False	1225800640.1489089	0.0	1225800640.1489089	1813	3.385347277462089	8.463368193655223	66.76657130550231	134.00332973287436	1.1114772181363533	6333	True	20880000	True	0	45.0	155.0	12.75	0.0	2.0088	0.5859	6833401.92	165.0	False	0.0	8.60329336086594	16105.365171541045	322.10730343082093	0.06212475302108618	240	11.759999999999993	3994	2	45095022.480314925	7388900	680000	0.0	53163922.480314925	0.4426158432976517	False	0	25117054.65198148	0	0.0	True	420	38000000.0	0.0	13440000.0	3762	76557054.65198147	9.321475206261582	6.639237649464776	False	True
197	proceed	4.8	1.4277930428956507	1.15	2.4	2.7927	178.0	1.9	2.1	0.18578775087320615	0.8640668838854357	0.9999766908988571	False	12269749.751173187	False	1226484185.127272	0.0	1226484185.127272	1814	3.385347277462089	8.463368193655223	66.76657130550231	134.00332973287436	1.1114772181363533	6333	True	20880000	True	0	45.0	155.0	12.75	0.0	2.0088	0.5859	6833401.92	165.0	False	0.0	8.606529459710128	16111.423148577358	322.2284629715472	0.06214812103063949	240	11.759999999999993	3995	2	45111984.8160166	7390750	680000	0.0	53182734.8160166	0.4426158432976517	False	0	25117054.65198148	0	0.0	True	420	38000000.0	0.0	13440000.0	3762	76557054.65198147	9.289387543660308	6.639237649464776	False	True
198	proceed	4.8	1.4277930428956507	1.15	2.4	2.8018	178.0	1.9	2.1	0.18514820675239307	0.8645402508128853	0.9999779505350621	False	12276471.561542971	False	1227156097.2918353	0.0	1227156097.2918353	1815	3.385347277462089	8.463368193655223	66.76657130550231	134.00332973287436	1.1114772181363533	6333	True	20880000	True	0	45.0	155.0	12.75	0.0	2.0088	0.5859	6833401.92	165.0	False	0.0	8.609710485462587	16117.378028785964	322.3475605757193	0.06217109135501832	240	11.759999999999993	3997	2	45128658.4806007	7394450	680000	0.0	53203108.4806007	0.4426158432976517	False	0	25117054.65198148	0	0.0	True	420	38000000.0	0.0	13440000.0	3762	76557054.65198147	9.257410337619653	6.639237649464776	False	True
199	proceed	4.8	1.4277930428956507	1.15	2.4	2.8109	178.0	1.9	2.1	0.1845108641582175	0.8650055351083236	0.9999791420998577	False	12283078.598538194	False	1227816536.709878	0.0	1227816536.709878	1816	3.385347277462089	8.463368193655223	66.76657130550231	134.00332973287436	1.1114772181363533	6333	True	20880000	True	0	45.0	155.0	12.75	0.0	2.0088	0.5859	6833401.92	165.0	False	0.0	8.612837195927934	16123.231230777092	322.4646246155418	0.062193669466362476	240	11.759999999999993	3998	2	45145047.44617586	7396300	680000	0.0	53221347.44617586	0.4426158432976517	False	0	25117054.65198148	0	0.0	True	420	38000000.0	0.0	13440000.0	3762	76557054.65198147	9.225543207910874	6.639237649464776	False	True
200	proceed	4.8	1.4277930428956507	1.15	2.4	2.82	178.0	1.9	2.1	0.18387571551228196	0.8654628474008047	0.9999802692718589	False	12289572.433091426	False	1228465660.411819	0.0	1228465660.411819	1817	3.385347277462089	8.463368193655223	66.76657130550231	134.00332973287436	1.1114772181363533	6333	True	20880000	True	0	45.0	155.0	12.75	0.0	2.0088	0.5859	6833401.92	165.0	False	0.0	8.615910334533407	16128.984146246537	322.57968292493075	0.062215860732992186	240	11.759999999999993	3999	2	45161155.609490305	7398150	680000	0.0	53239305.609490305	0.4426158432976517	False	0	25117054.65198148	0	0.0	True	420	38000000.0	0.0	13440000.0	3762	76557054.65198147	9.193785775614097	6.639237649464776	False	True
201	proceed	4.8	1.4277930428956507	1.15	2.4	2.8291000000000004	178.0	1.9	2.1	0.18324275326227638	0.8659122962255092	0.9999813355308865	False	12295954.606402231	False	1229103622.4559672	0.0	1229103622.4559672	1818	3.385347277462089	8.463368193655223	66.76657130550231	134.00332973287436	1.1114772181363533	6333	True	20880000	True	0	45.0	155.0	12.75	0.0	2.0088	0.5859	6833401.92	165.0	False	0.0	8.618930630635422	16134.638140549512	322.69276281099025	0.06223767042162163	240	11.759999999999993	4001	2	45176986.79353864	7401850	680000	0.0	53258836.79353864	0.4426158432976517	False	0	25117054.65198148	0	0.0	True	420	38000000.0	0.0	13440000.0	3762	76557054.65198147	9.16213766311382	6.639237649464776	False	True
202	proceed	4.8	1.4277930428956507	1.15	2.4	2.8382000000000005	178.0	1.9	2.1	0.18261196988188835	0.8663539880682649	0.9999823441687099	False	12302226.630569361	False	1229730573.9917135	0.0	1229730573.9917135	1819	3.385347277462089	8.463368193655223	66.76657130550231	134.00332973287436	1.1114772181363533	6333	True	20880000	True	0	45.0	155.0	12.75	0.0	2.0088	0.5859	6833401.92	165.0	False	0.0	8.621898799818739	16140.194553260682	322.80389106521363	0.062259103699519286	240	11.759999999999993	4002	2	45192544.749129914	7403700	680000	0.0	53276244.749129914	0.4426158432976517	False	0	25117054.65198148	0	0.0	True	420	38000000.0	0.0	13440000.0	3762	76557054.65198147	9.130598494094418	6.639237649464776	False	True
203	proceed	4.8	1.4277930428956507	1.15	2.4	2.8472999999999997	178.0	1.9	2.1	0.18198335787071354	0.8667880274090023	0.9999832982992097	False	12308389.989207832	False	1230346663.321215	0.0	1230346663.321215	1820	3.385347277462089	8.463368193655223	66.76657130550231	134.00332973287436	1.1114772181363533	6333	True	20880000	True	0	45.0	155.0	12.75	0.0	2.0088	0.5859	6833401.92	165.0	False	0.0	8.624815544188495	16145.654698720864	322.9130939744173	0.06228016563661663	240	11.759999999999993	4004	2	45207833.15641842	7407400	680000	0.0	53295233.15641842	0.4426158432976517	False	0	25117054.65198148	0	0.0	True	420	38000000.0	0.0	13440000.0	3762	76557054.65198147	9.099167893535677	6.639237649464776	False	True
204	proceed	4.8	1.4277930428956507	1.15	2.4	2.8564000000000007	178.0	1.9	2.1	0.18135690975416646	0.8672145167641727	0.9999842008679907	False	12314446.138051253	False	1230952035.9596033	0.0	1230952035.9596033	1821	3.385347277462089	8.463368193655223	66.76657130550231	134.00332973287436	1.1114772181363533	6333	True	20880000	True	0	45.0	155.0	12.75	0.0	2.0088	0.5859	6833401.92	165.0	False	0.0	8.62768155265524	16151.019866570608	323.0203973314122	0.06230086120756657	240	11.759999999999993	4005	2	45222855.62639771	7409250	680000	0.0	53312105.62639771	0.4426158432976517	False	0	25117054.65198148	0	0.0	True	420	38000000.0	0.0	13440000.0	3762	76557054.65198147	9.067845487708324	6.639237649464776	False	True
205	proceed	4.8	1.4277930428956507	1.15	2.4	2.8655	178.0	1.9	2.1	0.1807326180833918	0.8676335567281581	0.9999850546614752	False	12320396.505539846	False	1231546834.693763	0.0	1231546834.693763	1822	3.385347277462089	8.463368193655223	66.76657130550231	134.00332973287436	1.1114772181363533	6333	True	20880000	True	0	45.0	155.0	12.75	0.0	2.0088	0.5859	6833401.92	165.0	False	0.0	8.630497501213222	16156.291322271152	323.12582644542306	0.06232119529375273	240	11.759999999999993	4006	2	45237615.70235923	7411100	680000	0.0	53328715.70235923	0.4426158432976517	False	0	25117054.65198148	0	0.0	True	420	38000000.0	0.0	13440000.0	3762	76557054.65198147	9.03663090416959	6.639237649464776	False	True
206	proceed	4.8	1.4277930428956507	1.15	2.4	2.8746	178.0	1.9	2.1	0.18011047543517555	0.8680452460136969	0.9999858623155065	False	12326242.493394496	False	1232131199.6397138	0.0	1232131199.6397138	1822	3.385347277462089	8.463368193655223	66.76657130550231	134.00332973287436	1.1114772181363533	6333	True	20880000	True	0	45.0	155.0	12.75	0.0	2.0088	0.5859	6833401.92	165.0	False	0.0	8.633264053212043	16161.470307612943	323.22940615225883	0.06234117268525125	240	11.759999999999993	4008	2	45252116.86131624	7414800	680000	0.0	53346916.86131624	0.4426158432976517	False	0	25117054.65198148	0	0.0	True	420	38000000.0	0.0	13440000.0	3762	76557054.65198147	9.005523771758778	6.639237649464776	False	True
207	proceed	4.8	1.4277930428956507	1.15	2.4	2.8837	178.0	1.9	2.1	0.1794904744118572	0.8684496814913525	0.9999866263234849	False	12331985.477177205	False	1232705268.2986336	0.0	1232705268.2986336	1823	3.385347277462089	8.463368193655223	66.76657130550231	134.00332973287436	1.1114772181363533	6333	True	20880000	True	0	45.0	155.0	12.75	0.0	2.0088	0.5859	6833401.92	165.0	False	0.0	8.635981859621888	16166.558041212174	323.3311608242435	0.062360798082746	240	11.759999999999993	4009	2	45266362.51539409	7416650	680000	0.0	53363012.51539409	0.4426158432976517	False	0	25117054.65198148	0	0.0	True	420	38000000.0	0.0	13440000.0	3762	76557054.65198147	8.97452372059286	6.639237649464776	False	True
208	proceed	4.8	1.4277930428956507	1.15	2.4	2.8928000000000003	178.0	1.9	2.1	0.1788726076412411	0.8688469582280502	0.9999873490440665	False	12337626.806838313	False	1233269175.611558	0.0	1233269175.611558	1824	3.385347277462089	8.463368193655223	66.76657130550231	134.00332973287436	1.1114772181363533	6333	True	20880000	True	0	45.0	155.0	12.75	0.0	2.0088	0.5859	6833401.92	165.0	False	0.0	8.638651559292496	16171.555718995554	323.4311143799111	0.06238007609939849	240	11.759999999999993	4010	2	45280356.01318755	7418500	680000	0.0	53378856.01318755	0.4426158432976517	False	0	25117054.65198148	0	0.0	True	420	38000000.0	0.0	13440000.0	3762	76557054.65198147	8.943630382062056	6.639237649464776	False	True
209	proceed	4.8	1.4277930428956507	1.15	2.4	2.9019000000000004	178.0	1.9	2.1	0.1782568677765095	0.8692371695247072	0.9999880327084439	False	12343167.807250842	False	1233823054.0127943	0.0	1233823054.0127943	1825	3.385347277462089	8.463368193655223	66.76657130550231	134.00332973287436	1.1114772181363533	6333	True	20880000	True	0	45.0	155.0	12.75	0.0	2.0088	0.5859	6833401.92	165.0	False	0.0	8.641273779206031	16176.464514673693	323.5292902934739	0.06239901126267403	240	11.759999999999993	4011	2	45294100.64108634	7420350	680000	0.0	53394450.64108634	0.4426158432976517	False	0	25117054.65198148	0	0.0	True	420	38000000.0	0.0	13440000.0	3762	76557054.65198147	8.912843388825475	6.639237649464776	False	True
210	proceed	4.8	1.4277930428956507	1.15	2.4	2.9110000000000005	178.0	1.9	2.1	0.1776432474961347	0.869620406952976	0.9999886794272353	False	12348609.77873226	False	1234367033.482077	0.0	1234367033.482077	1826	3.385347277462089	8.463368193655223	66.76657130550231	134.00332973287436	1.1114772181363533	6333	True	20880000	True	0	45.0	155.0	12.75	0.0	2.0088	0.5859	6833401.92	165.0	False	0.0	8.643849134723999	16181.285580203325	323.6257116040665	0.062417608016124615	240	11.759999999999993	4012	2	45307599.62456931	7422200	680000	0.0	53409799.62456931	0.4426158432976517	False	0	25117054.65198148	0	0.0	True	420	38000000.0	0.0	13440000.0	3762	76557054.65198147	8.882162374806734	6.639237649464776	False	True
211	proceed	4.8	1.4277930428956507	1.15	2.4	2.9200999999999997	178.0	1.9	2.1	0.17703173950379225	0.869996760391131	0.9999892911969999	False	12353953.99755406	False	1234901241.5955038	0.0	1234901241.5955038	1826	3.385347277462089	8.463368193655223	66.76657130550231	134.00332973287436	1.1114772181363533	6333	True	20880000	True	0	45.0	155.0	12.75	0.0	2.0088	0.5859	6833401.92	165.0	False	0.0	8.6463782298284	16186.020046238766	323.72040092477533	0.06243587072113042	240	11.759999999999993	4014	2	45320856.129468545	7425900	680000	0.0	53426756.129468545	0.4426158432976517	False	0	25117054.65198148	0	0.0	True	420	38000000.0	0.0	13440000.0	3762	76557054.65198147	8.851586975189612	6.639237649464776	False	True
212	proceed	4.8	1.4277930428956507	1.15	2.4	2.9292	178.0	1.9	2.1	0.17642233652827408	0.8703663180591121	0.9999898699064014	False	12359201.716439392	False	1235425803.5752816	0.0	1235425803.5752816	1827	3.385347277462089	8.463368193655223	66.76657130550231	134.00332973287436	1.1114772181363533	6333	True	20880000	True	0	45.0	155.0	12.75	0.0	2.0088	0.5859	6833401.92	165.0	False	0.0	8.648861657357232	16190.669022572738	323.81338045145475	0.06245380365860017	240	11.759999999999993	4015	2	45333873.263203666	7427750	680000	0.0	53441623.263203666	0.4426158432976517	False	0	25117054.65198148	0	0.0	True	420	38000000.0	0.0	13440000.0	3762	76557054.65198147	8.821116826413704	6.639237649464776	False	True
213	proceed	4.8	1.4277930428956507	1.15	2.4	2.9383	178.0	1.9	2.1	0.1758150313234021	0.8707291665527548	0.9999904173420394	False	12364354.165049117	False	1235940842.3383098	0.0	1235940842.3383098	1828	3.385347277462089	8.463368193655223	66.76657130550231	134.00332973287436	1.1114772181363533	6333	True	20880000	True	0	45.0	155.0	12.75	0.0	2.0088	0.5859	6833401.92	165.0	False	0.0	8.651299999234512	16195.233598567007	323.9046719713401	0.062471411030632376	240	11.759999999999993	4016	2	45346654.07598762	7429600	680000	0.0	53456254.07598762	0.4426158432976517	False	0	25117054.65198148	0	0.0	True	420	38000000.0	0.0	13440000.0	3762	76557054.65198147	8.790751566170105	6.639237649464776	False	True
214	proceed	4.8	1.4277930428956507	1.15	2.4	2.9474	178.0	1.9	2.1	0.17520981666794191	0.871085390877222	0.999990935193965	False	12369412.550456554	False	1236446478.5436373	0.0	1236446478.5436373	1829	3.385347277462089	8.463368193655223	66.76657130550231	134.00332973287436	1.1114772181363533	6333	True	20880000	True	0	45.0	155.0	12.75	0.0	2.0088	0.5859	6833401.92	165.0	False	0.0	8.653693826694932	16199.714843572912	323.99429687145823	0.06248869696213741	240	11.759999999999993	4017	2	45359201.56200416	7431450	680000	0.0	53470651.56200416	0.4426158432976517	False	0	25117054.65198148	0	0.0	True	420	38000000.0	0.0	13440000.0	3762	76557054.65198147	8.760490833397096	6.639237649464776	False	True
215	proceed	4.8	1.4277930428956507	1.15	2.4	2.9565	178.0	1.9	2.1	0.17460668536551718	0.8714350744796632	0.9999914250608973	False	12374378.057611218	False	1236942830.6388173	0.0	1236942830.6388173	1830	3.385347277462089	8.463368193655223	66.76657130550231	134.00332973287436	1.1114772181363533	6333	True	20880000	True	0	45.0	155.0	12.75	0.0	2.0088	0.5859	6833401.92	165.0	False	0.0	8.656043700503336	16204.113807342246	324.08227614684495	0.06250566550242247	240	11.759999999999993	4018	2	45371518.66055829	7433300	680000	0.0	53484818.66055829	0.4426158432976517	False	0	25117054.65198148	0	0.0	True	420	38000000.0	0.0	13440000.0	3762	76557054.65198147	8.73033426827586	6.639237649464776	False	True
216	proceed	4.8	1.4277930428956507	1.15	2.4	2.9656000000000002	178.0	1.9	2.1	0.17400563024452384	0.8717782992811154	0.9999918884551605	False	12379251.849791838	False	1237430014.9051921	0.0	1237430014.9051921	1830	3.385347277462089	8.463368193655223	66.76657130550231	134.00332973287436	1.1114772181363533	6333	True	20880000	True	0	45.0	155.0	12.75	0.0	2.0088	0.5859	6833401.92	165.0	False	0.0	8.658350171169095	16208.431520428545	324.1686304085709	0.06252232062673943	240	11.759999999999993	4019	2	45383608.25719993	7435150	680000	0.0	53498758.25719993	0.4426158432976517	False	0	25117054.65198148	0	0.0	True	420	38000000.0	0.0	13440000.0	3762	76557054.65198147	8.700281512226193	6.639237649464776	False	True
217	proceed	4.8	1.4277930428956507	1.15	2.4	2.9747000000000003	178.0	1.9	2.1	0.17340664415804494	0.8721151457076708	0.9999923268073516	False	12384035.069048924	False	1237908145.5021305	0.0	1237908145.5021305	1831	3.385347277462089	8.463368193655223	66.76657130550231	134.00332973287436	1.1114772181363533	6333	True	20880000	True	0	45.0	155.0	12.75	0.0	2.0088	0.5859	6833401.92	165.0	False	0.0	8.660613779155547	16212.668994579184	324.2533798915837	0.06253866623779747	240	11.759999999999993	4020	2	45395473.18482172	7437000	680000	0.0	53512473.18482172	0.4426158432976517	False	0	25117054.65198148	0	0.0	True	420	38000000.0	0.0	13440000.0	3762	76557054.65198147	8.670332207902247	6.639237649464776	False	True
218	proceed	4.8	1.4277930428956507	1.15	2.4	2.9838	178.0	1.9	2.1	0.17280971998376565	0.8724456927209256	0.9999927414707576	False	12388728.836637145	False	1238377334.5102491	0.0	1238377334.5102491	1832	3.385347277462089	8.463368193655223	66.76657130550231	134.00332973287436	1.1114772181363533	6333	True	20880000	True	0	45.0	155.0	12.75	0.0	2.0088	0.5859	6833401.92	165.0	False	0.0	8.662835055084619	16216.82722311841	324.3365444623682	0.06255470616724043	240	11.759999999999993	4021	2	45407116.22473154	7438850	680000	0.0	53525966.22473154	0.4426158432976517	False	0	25117054.65198148	0	0.0	True	420	38000000.0	0.0	13440000.0	3762	76557054.65198147	8.640485999188282	6.639237649464776	False	True
219	proceed	4.8	1.4277930428956507	1.15	2.4	2.9929000000000006	178.0	1.9	2.1	0.17221485062388844	0.8727700178477309	0.9999931337255328	False	12393334.253437778	False	1238837691.9736404	0.0	1238837691.9736404	1832	3.385347277462089	8.463368193655223	66.76657130550231	134.00332973287436	1.1114772181363533	6333	True	20880000	True	0	45.0	155.0	12.75	0.0	2.0088	0.5859	6833401.92	165.0	False	0.0	8.66501451993675	16220.907181321596	324.4181436264319	0.06257044417709053	240	11.759999999999993	4022	2	45418540.10770047	7440700	680000	0.0	53539240.10770047	0.4426158432976517	False	0	25117054.65198148	0	0.0	True	420	38000000.0	0.0	13440000.0	3762	76557054.65198147	8.610742531194422	6.639237649464776	False	True
220	proceed	4.8	1.4277930428956507	1.15	2.4	3.0020000000000002	178.0	1.9	2.1	0.17162202900504883	0.8730881972092616	0.9999935047826516	False	12397852.400371514	False	1239289325.9411366	0.0	1239289325.9411366	1833	3.385347277462089	8.463368193655223	66.76657130550231	134.00332973287436	1.1114772181363533	6333	True	20880000	True	0	45.0	155.0	12.75	0.0	2.0088	0.5859	6833401.92	165.0	False	0.0	8.667152685246236	16224.909826780957	324.4981965356191	0.06258588396115908	240	11.759999999999993	4023	2	45429747.51498668	7442550	680000	0.0	53552297.51498668	0.4426158432976517	False	0	25117054.65198148	0	0.0	True	420	38000000.0	0.0	13440000.0	3762	76557054.65198147	8.581101450252442	6.639237649464776	False	True
221	proceed	4.8	1.4277930428956507	1.15	2.4	3.0111	178.0	1.9	2.1	0.1710312480782315	0.8734003055494242	0.9999938557876467	False	12402284.338801824	False	1239732342.5066304	0.0	1239732342.5066304	1834	3.385347277462089	8.463368193655223	66.76657130550231	134.00332973287436	1.1114772181363533	6333	True	20880000	True	0	45.0	155.0	12.75	0.0	2.0088	0.5859	6833401.92	165.0	False	0.0	8.66925005329213	16228.83609976287	324.5767219952574	0.06260102914642479	240	11.759999999999993	4024	2	45440741.07933603	7444400	680000	0.0	53565141.07933603	0.4426158432976517	False	0	25117054.65198148	0	0.0	True	420	38000000.0	0.0	13440000.0	3762	76557054.65198147	8.551562403911575	6.639237649464776	False	True
222	proceed	4.8	1.4277930428956507	1.15	2.4	3.0202	178.0	1.9	2.1	0.17044250081868587	0.8737064162626135	0.9999941878241454	False	12406631.110929111	False	1240166845.848474	0.0	1240166845.848474	1834	3.385347277462089	8.463368193655223	66.76657130550231	134.00332973287436	1.1114772181363533	6333	True	20880000	True	0	45.0	155.0	12.75	0.0	2.0088	0.5859	6833401.92	165.0	False	0.0	8.671307117284762	16232.686923557076	324.65373847114154	0.06261588329438075	240	11.759999999999993	4025	2	45451523.38595981	7446250	680000	0.0	53577773.38595981	0.4426158432976517	False	0	25117054.65198148	0	0.0	True	420	38000000.0	0.0	13440000.0	3762	76557054.65198147	8.522125040934293	6.639237649464776	False	True
223	proceed	4.8	1.4277930428956507	1.15	2.4	3.0293	178.0	1.9	2.1	0.16985578022584302	0.8740066014208433	0.9999945019172154	False	12410893.740175975	False	1240592938.2679906	0.0	1240592938.2679906	1835	3.385347277462089	8.463368193655223	66.76657130550231	134.00332973287436	1.1114772181363533	6333	True	20880000	True	0	45.0	155.0	12.75	0.0	2.0088	0.5859	6833401.92	165.0	False	0.0	8.673324361548065	16236.463204817981	324.7292640963596	0.062630449902351	240	11.759999999999993	4026	2	45462096.97349035	7448100	680000	0.0	53590196.97349035	0.4426158432976517	False	0	25117054.65198148	0	0.0	True	420	38000000.0	0.0	13440000.0	3762	76557054.65198147	8.492789011292151	6.639237649464776	False	True
224	proceed	4.8	1.4277930428956507	1.15	2.4	3.0384000000000007	178.0	1.9	2.1	0.16927107932323238	0.8743009318002594	0.9999947990365291	False	12415073.231563684	False	1241010720.2271059	0.0	1241010720.2271059	1836	3.385347277462089	8.463368193655223	66.76657130550231	134.00332973287436	1.1114772181363533	6333	True	20880000	True	0	45.0	155.0	12.75	0.0	2.0088	0.5859	6833401.92	165.0	False	0.0	8.675302261697741	16240.165833898174	324.8033166779635	0.06264473240477711	240	11.759999999999993	4027	2	45472464.334914885	7449950	680000	0.0	53602414.334914885	0.4426158432976517	False	0	25117054.65198148	0	0.0	True	420	38000000.0	0.0	13440000.0	3762	76557054.65198147	8.46355396616162	6.639237649464776	False	True
225	proceed	4.8	1.4277930428956507	1.15	2.4	3.0475000000000003	178.0	1.9	2.1	0.16868839115839887	0.874589476907055	0.9999950800993572	False	12419170.572080182	False	1241420290.3851352	0.0	1241420290.3851352	1836	3.385347277462089	8.463368193655223	66.76657130550231	134.00332973287436	1.1114772181363533	6333	True	20880000	True	0	45.0	155.0	12.75	0.0	2.0088	0.5859	6833401.92	165.0	False	0.0	8.677241284815409	16243.795685174447	324.87591370348895	0.06265873417447558	240	11.759999999999993	4028	2	45482627.91848845	7451800	680000	0.0	53614427.91848845	0.4426158432976517	False	0	25117054.65198148	0	0.0	True	420	38000000.0	0.0	13440000.0	3762	76557054.65198147	8.434419557919943	6.639237649464776	False	True
226	proceed	4.8	1.4277930428956507	1.15	2.4	3.0566	178.0	1.9	2.1	0.16810770880281992	0.8748723050028019	0.9999953459734009	False	12423186.731039787	False	1241821745.6347373	0.0	1241821745.6347373	1837	3.385347277462089	8.463368193655223	66.76657130550231	134.00332973287436	1.1114772181363533	6333	True	20880000	True	0	45.0	155.0	12.75	0.0	2.0088	0.5859	6833401.92	165.0	False	0.0	8.679141889618828	16247.353617366445	324.9470723473289	0.06267245852386719	240	11.759999999999993	4029	2	45492590.12862605	7453650	680000	0.0	53626240.12862605	0.4426158432976517	False	0	25117054.65198148	0	0.0	True	420	38000000.0	0.0	13440000.0	3762	76557054.65198147	8.405385440140996	6.639237649464776	False	True
227	proceed	4.8	1.4277930428956507	1.15	2.4	3.0657000000000005	178.0	1.9	2.1	0.16752902535182337	0.8751494831292114	0.99999559747947	False	12427122.660434801	False	1242215181.1370628	0.0	1242215181.1370628	1837	3.385347277462089	8.463368193655223	66.76657130550231	134.00332973287436	1.1114772181363533	6333	True	20880000	True	0	45.0	155.0	12.75	0.0	2.0088	0.5859	6833401.92	165.0	False	0.0	8.6810045266283	16250.840473848179	325.0168094769636	0.06268590870617852	240	11.759999999999993	4030	2	45502353.3267749	7455500	680000	0.0	53637853.3267749	0.4426158432976517	False	0	25117054.65198148	0	0.0	True	420	38000000.0	0.0	13440000.0	3762	76557054.65198147	8.376451267591168	6.639237649464776	False	True
228	proceed	4.8	1.4277930428956507	1.15	2.4	3.0748	178.0	1.9	2.1	0.16695233392450518	0.875421077132341	0.9999958353940176	False	12430979.295279242	False	1242600690.3561132	0.0	1242600690.3561132	1838	3.385347277462089	8.463368193655223	66.76657130550231	134.00332973287436	1.1114772181363533	6333	True	20880000	True	0	45.0	155.0	12.75	0.0	2.0088	0.5859	6833401.92	165.0	False	0.0	8.68282963832933	16254.257082952508	325.0851416590502	0.06269908791661649	240	11.759999999999993	4031	2	45511919.83226702	7457350	680000	0.0	53649269.83226702	0.4426158432976517	False	0	25117054.65198148	0	0.0	True	420	38000000.0	0.0	13440000.0	3762	76557054.65198147	8.34761669622526	6.639237649464776	False	True
229	proceed	4.8	1.4277930428956507	1.15	2.4	3.0839	178.0	1.9	2.1	0.16637762766364783	0.8756871516862597	0.9999960604515367	False	12434757.553944888	False	1242978365.0923312	0.0	1242978365.0923312	1838	3.385347277462089	8.463368193655223	66.76657130550231	134.00332973287436	1.1114772181363533	6333	True	20880000	True	0	45.0	155.0	12.75	0.0	2.0088	0.5859	6833401.92	165.0	False	0.0	8.684617659331664	16257.604258268875	325.1520851653775	0.06271199929351684	240	11.759999999999993	4031	2	45521291.92315285	7457350	680000	0.0	53658641.92315285	0.4426158432976517	False	0	25117054.65198148	0	0.0	True	420	38000000.0	0.0	13440000.0	3762	76557054.65198147	8.318881383182392	6.639237649464776	False	True
230	proceed	4.8	1.4277930428956507	1.15	2.4	3.0930000000000004	178.0	1.9	2.1	0.16580489973563858	0.8759477703161846	0.999996273346828	False	12438458.338489821	False	1243348295.5154426	0.0	1243348295.5154426	1839	3.385347277462089	8.463368193655223	66.76657130550231	134.00332973287436	1.1114772181363533	6333	True	20880000	True	0	45.0	155.0	12.75	0.0	2.0088	0.5859	6833401.92	165.0	False	0.0	8.68636901652476	16260.882798934352	325.21765597868705	0.06272464591946682	240	11.759999999999993	4032	2	45530471.83701619	7459200	680000	0.0	53669671.83701619	0.4426158432976517	False	0	25117054.65198148	0	0.0	True	420	38000000.0	0.0	13440000.0	3762	76557054.65198147	8.290244986781929	6.639237649464776	False	True
231	proceed	4.8	1.4277930428956507	1.15	2.4	3.1021	178.0	1.9	2.1	0.1652341433303883	0.8762029954211041	0.9999964747371446	False	12442082.534979679	False	1243710570.196569	0.0	1243710570.196569	1840	3.385347277462089	8.463368193655223	66.76657130550231	134.00332973287436	1.1114772181363533	6333	True	20880000	True	0	45.0	155.0	12.75	0.0	2.0088	0.5859	6833401.92	165.0	False	0.0	8.688084129229818	16264.093489918223	325.2818697983645	0.06273703082240292	240	11.759999999999993	4033	2	45539461.77177102	7461050	680000	0.0	53680511.77177102	0.4426158432976517	False	0	25117054.65198148	0	0.0	True	420	38000000.0	0.0	13440000.0	3762	76557054.65198147	8.261707166519415	6.639237649464776	False	True
232	proceed	4.8	1.4277930428956507	1.15	2.4	3.1111999999999997	178.0	1.9	2.1	0.16466535166125046	0.8764528882958974	0.9999966652442215	False	12445631.013801742	False	1244065276.1396222	0.0	1244065276.1396222	1840	3.385347277462089	8.463368193655223	66.76657130550231	134.00332973287436	1.1114772181363533	6333	True	20880000	True	0	45.0	155.0	12.75	0.0	2.0088	0.5859	6833401.92	165.0	False	0.0	8.68976340934843	16267.23710230026	325.3447420460052	0.06274915697668429	240	11.759999999999993	4034	2	45548263.886440724	7462900	680000	0.0	53691163.886440724	0.4426158432976517	False	0	25117054.65198148	0	0.0	True	420	38000000.0	0.0	13440000.0	3762	76557054.65198147	8.233267583062522	6.639237649464776	False	True
233	proceed	4.8	1.4277930428956507	1.15	2.4	3.1203000000000003	178.0	1.9	2.1	0.16409851796494052	0.876697509152966	0.9999968454561948	False	12449104.629972117	False	1244412498.812013	0.0	1244412498.812013	1841	3.385347277462089	8.463368193655223	66.76657130550231	134.00332973287436	1.1114772181363533	6333	True	20880000	True	0	45.0	155.0	12.75	0.0	2.0088	0.5859	6833401.92	165.0	False	0.0	8.69140726150793	16270.314393542845	325.4062878708569	0.06276102730414246	240	11.759999999999993	4035	2	45556880.30191997	7464750	680000	0.0	53701630.30191997	0.4426158432976517	False	0	25117054.65198148	0	0.0	True	420	38000000.0	0.0	13440000.0	3762	76557054.65198147	8.204925898247026	6.639237649464776	False	True
234	proceed	4.8	1.4277930428956507	1.15	2.4	3.1294000000000004	178.0	1.9	2.1	0.16353363550145542	0.8769369171433866	0.9999970159294174	False	12452504.22343609	False	1244752322.1746716	0.0	1244752322.1746716	1841	3.385347277462089	8.463368193655223	66.76657130550231	134.00332973287436	1.1114772181363533	6333	True	20880000	True	0	45.0	155.0	12.75	0.0	2.0088	0.5859	6833401.92	165.0	False	0.0	8.693016083203558	16273.32610775706	325.4665221551412	0.0627726446751077	240	11.759999999999993	4035	2	45565313.10171977	7464750	680000	0.0	53710063.10171977	0.4426158432976517	False	0	25117054.65198148	0	0.0	True	420	38000000.0	0.0	13440000.0	3762	76557054.65198147	8.17668177507277	6.639237649464776	False	True
235	proceed	4.8	1.4277930428956507	1.15	2.4	3.1385000000000005	178.0	1.9	2.1	0.1629706975539934	0.8771711703775986	0.9999971771901766	False	12455830.6193619	False	1245084828.7114158	0.0	1245084828.7114158	1842	3.385347277462089	8.463368193655223	66.76657130550231	134.00332973287436	1.1114772181363533	6333	True	20880000	True	0	45.0	155.0	12.75	0.0	2.0088	0.5859	6833401.92	165.0	False	0.0	8.694590264937462	16276.272975962931	325.5254595192586	0.06278401190941287	240	11.759999999999993	4036	2	45573564.33269621	7466600	680000	0.0	53720164.33269621	0.4426158432976517	False	0	25117054.65198148	0	0.0	True	420	38000000.0	0.0	13440000.0	3762	76557054.65198147	8.14853487769967	6.639237649464776	False	True
236	proceed	4.8	1.4277930428956507	1.15	2.4	3.1476	178.0	1.9	2.1	0.16240969742887434	0.8774003259456373	0.9999973297363186	False	12459084.62842805	False	1245410099.4576678	0.0	1245410099.4576678	1842	3.385347277462089	8.463368193655223	66.76657130550231	134.00332973287436	1.1114772181363533	6333	True	20880000	True	0	45.0	155.0	12.75	0.0	2.0088	0.5859	6833401.92	165.0	False	0.0	8.696130190354683	16279.155716343967	325.58311432687935	0.0627951317773754	240	11.759999999999993	4037	2	45581636.005763106	7468450	680000	0.0	53730086.005763106	0.4426158432976517	False	0	25117054.65198148	0	0.0	True	420	38000000.0	0.0	13440000.0	3762	76557054.65198147	8.120484871443717	6.639237649464776	False	True
237	proceed	4.8	1.4277930428956507	1.15	2.4	3.1567000000000003	178.0	1.9	2.1	0.16185062845545986	0.8776244399369237	0.999997474038786	False	12462267.047104318	False	1245728214.0285478	0.0	1245728214.0285478	1843	3.385347277462089	8.463368193655223	66.76657130550231	134.00332973287436	1.1114772181363533	6333	True	20880000	True	0	45.0	155.0	12.75	0.0	2.0088	0.5859	6833401.92	165.0	False	0.0	8.697636236376127	16281.97503449611	325.6395006899222	0.06280600700075743	240	11.759999999999993	4037	2	45589530.09658911	7468450	680000	0.0	53737980.09658911	0.4426158432976517	False	0	25117054.65198148	0	0.0	True	420	38000000.0	0.0	13440000.0	3762	76557054.65198147	8.092531422772993	6.639237649464776	False	True
238	proceed	4.8	1.4277930428956507	1.15	2.4	3.1658000000000004	178.0	1.9	2.1	0.16129348398607427	0.8778435674596218	0.9999976105430716	False	12465378.657926628	False	1246039250.6463459	0.0	1246039250.6463459	1843	3.385347277462089	8.463368193655223	66.76657130550231	134.00332973287436	1.1114772181363533	6333	True	20880000	True	0	45.0	155.0	12.75	0.0	2.0088	0.5859	6833401.92	165.0	False	0.0	8.699108773328657	16284.731623671249	325.694632473425	0.06281664025370526	240	11.759999999999993	4038	2	45597248.5462795	7470300	680000	0.0	53747548.5462795	0.4426158432976517	False	0	25117054.65198148	0	0.0	True	420	38000000.0	0.0	13440000.0	3762	76557054.65198147	8.064674199303713	6.639237649464776	False	True
239	proceed	4.8	1.4277930428956507	1.15	2.4	3.1749	178.0	1.9	2.1	0.16073825739592545	0.8780577626595742	0.999997739670593	False	12468420.229765953	False	1246343286.1674047	0.0	1246343286.1674047	1843	3.385347277462089	8.463368193655223	66.76657130550231	134.00332973287436	1.1114772181363533	6333	True	20880000	True	0	45.0	155.0	12.75	0.0	2.0088	0.5859	6833401.92	165.0	False	0.0	8.700548165072338	16287.426165015417	325.74852330030836	0.06282703416366808	240	11.759999999999993	4039	2	45604793.26204316	7472150	680000	0.0	53756943.26204316	0.4426158432976517	False	0	25117054.65198148	0	0.0	True	420	38000000.0	0.0	13440000.0	3762	76557054.65198147	8.036912869796273	6.639237649464776	False	True
240	proceed	4.8	1.4277930428956507	1.15	2.4	3.184	178.0	1.9	2.1	0.160184942083026	0.8782670787388264	0.9999978618199946	False	12471392.518091334	False	1246640396.10841	0.0	1246640396.10841	1844	3.385347277462089	8.463368193655223	66.76657130550231	134.00332973287436	1.1114772181363533	6333	True	20880000	True	0	45.0	155.0	12.75	0.0	2.0088	0.5859	6833401.92	165.0	False	0.0	8.701954769124912	16290.059327801837	325.8011865560367	0.06283719131229702	240	11.759999999999993	4039	2	45612166.11784514	7472150	680000	0.0	53764316.11784514	0.4426158432976517	False	0	25117054.65198148	0	0.0	True	420	38000000.0	0.0	13440000.0	3762	76557054.65198147	8.0092471041513	6.639237649464776	False	True
241	proceed	4.8	1.4277930428956507	1.15	2.4	3.1931000000000003	178.0	1.9	2.1	0.15963353146811468	0.878471567973748	0.9999979773683777	False	12474296.265227223	False	1246930654.6721132	0.0	1246930654.6721132	1844	3.385347277462089	8.463368193655223	66.76657130550231	134.00332973287436	1.1114772181363533	6333	True	20880000	True	0	45.0	155.0	12.75	0.0	2.0088	0.5859	6833401.92	165.0	False	0.0	8.703328936783585	16292.631769658874	325.8526353931775	0.06284711423632434	240	11.759999999999993	4040	2	45619368.95504485	7474000	680000	0.0	53773368.95504485	0.4426158432976517	False	0	25117054.65198148	0	0.0	True	420	38000000.0	0.0	13440000.0	3762	76557054.65198147	7.981676573405734	6.639237649464776	False	True
242	proceed	4.8	1.4277930428956507	1.15	2.4	3.2022000000000004	178.0	1.9	2.1	0.15908401899457847	0.8786712817327643	0.9999980866724647	False	12477132.200605253	False	1247214134.7725012	0.0	1247214134.7725012	1845	3.385347277462089	8.463368193655223	66.76657130550231	134.00332973287436	1.1114772181363533	6333	True	20880000	True	0	45.0	155.0	12.75	0.0	2.0088	0.5859	6833401.92	165.0	False	0.0	8.704671013244175	16295.144136793097	325.90288273586197	0.06285680542842396	240	11.759999999999993	4041	2	45626403.58302067	7475850	680000	0.0	53782253.58302067	0.4426158432976517	False	0	25117054.65198148	0	0.0	True	420	38000000.0	0.0	13440000.0	3762	76557054.65198147	7.954200949728924	6.639237649464776	False	True
243	proceed	4.8	1.4277930428956507	1.15	2.4	3.2113000000000005	178.0	1.9	2.1	0.1585363981283744	0.8788662704937036	0.9999981900697009	False	12479901.04101059	False	1247490908.0594187	0.0	1247490908.0594187	1845	3.385347277462089	8.463368193655223	66.76657130550231	134.00332973287436	1.1114772181363533	6333	True	20880000	True	0	45.0	155.0	12.75	0.0	2.0088	0.5859	6833401.92	165.0	False	0.0	8.705981337717688	16297.59706420751	325.9519412841502	0.06286626733805321	240	11.759999999999993	4041	2	45633271.77978103	7475850	680000	0.0	53789121.77978103	0.4426158432976517	False	0	25117054.65198148	0	0.0	True	420	38000000.0	0.0	13440000.0	3762	76557054.65198147	7.926819906418719	6.639237649464776	False	True
244	proceed	4.8	1.4277930428956507	1.15	2.4	3.2204	178.0	1.9	2.1	0.15799066235795173	0.8790565838607712	0.9999982878792956	False	12482603.490822952	False	1247761044.9426622	0.0	1247761044.9426622	1846	3.385347277462089	8.463368193655223	66.76657130550231	134.00332973287436	1.1114772181363533	6333	True	20880000	True	0	45.0	155.0	12.75	0.0	2.0088	0.5859	6833401.92	165.0	False	0.0	8.70726024354438	16299.991175915084	325.9998235183017	0.06287550237227651	240	11.759999999999993	4042	2	45639975.29256223	7477700	680000	0.0	53797675.29256223	0.4426158432976517	False	0	25117054.65198148	0	0.0	True	420	38000000.0	0.0	13440000.0	3762	76557054.65198147	7.899533117897587	6.639237649464776	False	True
245	proceed	4.8	1.4277930428956507	1.15	2.4	3.2295000000000003	178.0	1.9	2.1	0.15744680519417484	0.8792422705811611	0.9999983804032077	False	12485240.242252488	False	1248024614.6155586	0.0	1248024614.6155586	1846	3.385347277462089	8.463368193655223	66.76657130550231	134.00332973287436	1.1114772181363533	6333	True	20880000	True	0	45.0	155.0	12.75	0.0	2.0088	0.5859	6833401.92	165.0	False	0.0	8.708508058305402	16302.327085147714	326.0465417029543	0.06288451289657145	240	11.759999999999993	4042	2	45646515.838413596	7477700	680000	0.0	53804215.838413596	0.4426158432976517	False	0	25117054.65198148	0	0.0	True	420	38000000.0	0.0	13440000.0	3762	76557054.65198147	7.872340259708742	6.639237649464776	False	True
246	proceed	4.8	1.4277930428956507	1.15	2.4	3.2386000000000004	178.0	1.9	2.1	0.1569048201702458	0.8794233785613091	0.9999984679270785	False	12487811.97557059	False	1248281685.0780363	0.0	1248281685.0780363	1846	3.385347277462089	8.463368193655223	66.76657130550231	134.00332973287436	1.1114772181363533	6333	True	20880000	True	0	45.0	155.0	12.75	0.0	2.0088	0.5859	6833401.92	165.0	False	0.0	8.709725103931996	16304.605394560698	326.09210789121397	0.06289330123561744	240	11.759999999999993	4043	2	45652895.10476995	7479550	680000	0.0	53812445.10476995	0.4426158432976517	False	0	25117054.65198148	0	0.0	True	420	38000000.0	0.0	13440000.0	3762	76557054.65198147	7.84524100851229	6.639237649464776	False	True
247	proceed	4.8	1.4277930428956507	1.15	2.4	3.2477	178.0	1.9	2.1	0.15636470084162765	0.8795999548828025	0.9999985507211129	False	12490319.359335795	False	1248532323.1592062	0.0	1248532323.1592062	1847	3.385347277462089	8.463368193655223	66.76657130550231	134.00332973287436	1.1114772181363533	6333	True	20880000	True	0	45.0	155.0	12.75	0.0	2.0088	0.5859	6833401.92	165.0	False	0.0	8.710911696812431	16306.826696432874	326.1365339286575	0.06290186967406788	240	11.759999999999993	4044	2	45659114.75001205	7481400	680000	0.0	53820514.75001205	0.4426158432976517	False	0	25117054.65198148	0	0.0	True	420	38000000.0	0.0	13440000.0	3762	76557054.65198147	7.818235042081382	6.639237649464776	False	True
248	proceed	4.8	1.4277930428956507	1.15	2.4	3.2568	178.0	1.9	2.1	0.15582644078596766	0.8797720458179469	0.9999986290409136	False	12492763.050614845	False	1248776594.53946	0.0	1248776594.53946	1847	3.385347277462089	8.463368193655223	66.76657130550231	134.00332973287436	1.1114772181363533	6333	True	20880000	True	0	45.0	155.0	12.75	0.0	2.0088	0.5859	6833401.92	165.0	False	0.0	8.712068147896602	16308.99157286244	326.1798314572488	0.06291022045730536	240	11.759999999999993	4044	2	45665176.40401483	7481400	680000	0.0	53826576.40401483	0.4426158432976517	False	0	25117054.65198148	0	0.0	True	420	38000000.0	0.0	13440000.0	3762	76557054.65198147	7.791322039298383	6.639237649464776	False	True
249	proceed	4.8	1.4277930428956507	1.15	2.4	3.2659000000000002	178.0	1.9	2.1	0.15529003360302102	0.8799396968450062	0.9999987031282708	False	12495143.695199087	False	1249014563.7721007	0.0	1249014563.7721007	1847	3.385347277462089	8.463368193655223	66.76657130550231	134.00332973287436	1.1114772181363533	6333	True	20880000	True	0	45.0	155.0	12.75	0.0	2.0088	0.5859	6833401.92	165.0	False	0.0	8.713194762798441	16311.100595958682	326.22201191917367	0.0629183557921813	240	11.759999999999993	4045	2	45671081.66868431	7483250	680000	0.0	53834331.66868431	0.4426158432976517	False	0	25117054.65198148	0	0.0	True	420	38000000.0	0.0	13440000.0	3762	76557054.65198147	7.76450168015105	6.639237649464776	False	True
250	proceed	4.8	1.4277930428956507	1.15	2.4	3.275	178.0	1.9	2.1	0.15475547291457467	0.8801029526631171	0.9999987732119078	False	12497461.927816262	False	1249246294.3045135	0.0	1249246294.3045135	1848	3.385347277462089	8.463368193655223	66.76657130550231	134.00332973287436	1.1114772181363533	6333	True	20880000	True	0	45.0	155.0	12.75	0.0	2.0088	0.5859	6833401.92	165.0	False	0.0	8.714291841896147	16313.154328029588	326.2630865605918	0.06292627784773966	240	11.759999999999993	4045	2	45676832.11848285	7483250	680000	0.0	53840082.11848285	0.4426158432976517	False	0	25117054.65198148	0	0.0	True	420	38000000.0	0.0	13440000.0	3762	76557054.65198147	7.737773645728733	6.639237649464776	False	True
251	proceed	4.8	1.4277930428956507	1.15	2.4	3.2841	178.0	1.9	2.1	0.1542227523643716	0.8802618572068895	0.9999988395081878	False	12499718.372337831	False	1249471848.4988897	0.0	1249471848.4988897	1848	3.385347277462089	8.463368193655223	66.76657130550231	134.00332973287436	1.1114772181363533	6333	True	20880000	True	0	45.0	155.0	12.75	0.0	2.0088	0.5859	6833401.92	165.0	False	0.0	8.715359680430296	16315.153321765518	326.30306643531037	0.06293398875592537	240	11.759999999999993	4046	2	45682429.30094345	7485100	680000	0.0	53847529.30094345	0.4426158432976517	False	0	25117054.65198148	0	0.0	True	420	38000000.0	0.0	13440000.0	3762	76557054.65198147	7.71113761821858	6.639237649464776	False	True
252	proceed	4.8	1.4277930428956507	1.15	2.4	3.2932000000000006	178.0	1.9	2.1	0.15369186561803516	0.8804164536606995	0.9999989022217817	False	12501913.641981933	False	1249691287.652514	0.0	1249691287.652514	1848	3.385347277462089	8.463368193655223	66.76657130550231	134.00332973287436	1.1114772181363533	6333	True	20880000	True	0	45.0	155.0	12.75	0.0	2.0088	0.5859	6833401.92	165.0	False	0.0	8.7163985685999	16317.098120419012	326.34196240838025	0.06294149061227805	240	11.759999999999993	4046	2	45687874.73717324	7485100	680000	0.0	53852974.73717324	0.4426158432976517	False	0	25117054.65198148	0	0.0	True	420	38000000.0	0.0	13440000.0	3762	76557054.65198147	7.684593280901757	6.639237649464776	False	True
253	proceed	4.8	1.4277930428956507	1.15	2.4	3.3023000000000002	178.0	1.9	2.1	0.1531628063629937	0.8805667844726804	0.9999989615462996	False	12504048.339512063	False	1249904672.0176258	0.0	1249904672.0176258	1849	3.385347277462089	8.463368193655223	66.76657130550231	134.00332973287436	1.1114772181363533	6333	True	20880000	True	0	45.0	155.0	12.75	0.0	2.0088	0.5859	6833401.92	165.0	False	0.0	8.717408791656412	16318.989257980802	326.37978515961606	0.06294878547661074	240	11.759999999999993	4047	2	45693169.92234625	7486950	680000	0.0	53860119.92234625	0.4426158432976517	False	0	25117054.65198148	0	0.0	True	420	38000000.0	0.0	13440000.0	3762	76557054.65198147	7.658140318149685	6.639237649464776	False	True
254	proceed	4.8	1.4277930428956507	1.15	2.4	3.3114000000000003	178.0	1.9	2.1	0.15263556830840563	0.8807128913684226	0.9999990176648891	False	12506123.057431601	False	1250112060.8208628	0.0	1250112060.8208628	1849	3.385347277462089	8.463368193655223	66.76657130550231	134.00332973287436	1.1114772181363533	6333	True	20880000	True	0	45.0	155.0	12.75	0.0	2.0088	0.5859	6833401.92	165.0	False	0.0	8.718390629995799	16320.827259352138	326.41654518704274	0.06295587537367488	240	11.759999999999993	4047	2	45698316.32618599	7486950	680000	0.0	53865266.32618599	0.4426158432976517	False	0	25117054.65198148	0	0.0	True	420	38000000.0	0.0	13440000.0	3762	76557054.65198147	7.631778415420282	6.639237649464776	False	True
255	proceed	4.8	1.4277930428956507	1.15	2.4	3.3205000000000005	178.0	1.9	2.1	0.15211014518508453	0.8808548153643844	0.9999990707508002	False	12508138.378174258	False	1250313512.282299	0.0	1250313512.282299	1849	3.385347277462089	8.463368193655223	66.76657130550231	134.00332973287436	1.1114772181363533	6333	True	20880000	True	0	45.0	155.0	12.75	0.0	2.0088	0.5859	6833401.92	165.0	False	0.0	8.719344359248662	16322.612640513496	326.45225281026995	0.06296276229381093	240	11.759999999999993	4048	2	45703315.39343779	7488800	680000	0.0	53872115.39343779	0.4426158432976517	False	0	25117054.65198148	0	0.0	True	420	38000000.0	0.0	13440000.0	3762	76557054.65198147	7.605507259254227	6.639237649464776	False	True
256	proceed	4.8	1.4277930428956507	1.15	2.4	3.3296	178.0	1.9	2.1	0.15158653074542466	0.8809925967810253	0.9999991209679204	False	12510094.87429056	False	1250509083.6340845	0.0	1250509083.6340845	1850	3.385347277462089	8.463368193655223	66.76657130550231	134.00332973287436	1.1114772181363533	6333	True	20880000	True	0	45.0	155.0	12.75	0.0	2.0088	0.5859	6833401.92	165.0	False	0.0	8.72027025036849	16324.345908689815	326.4869181737963	0.0629694481935857	240	11.759999999999993	4048	2	45708168.54433148	7488800	680000	0.0	53876968.54433148	0.4426158432976517	False	0	25117054.65198148	0	0.0	True	420	38000000.0	0.0	13440000.0	3762	76557054.65198147	7.579326537271233	6.639237649464776	False	True
257	proceed	4.8	1.4277930428956507	1.15	2.4	3.3387000000000002	178.0	1.9	2.1	0.15106471876332658	0.8811262752556647	0.9999991684712809	False	12511993.108630437	False	1250698831.1386986	0.0	1250698831.1386986	1850	3.385347277462089	8.463368193655223	66.76657130550231	134.00332973287436	1.1114772181363533	6333	True	20880000	True	0	45.0	155.0	12.75	0.0	2.0088	0.5859	6833401.92	165.0	False	0.0	8.721168569718065	16326.02756251222	326.5205512502444	0.06297593499641636	240	11.759999999999993	4048	2	45712877.17503422	7488800	680000	0.0	53881677.17503422	0.4426158432976517	False	0	25117054.65198148	0	0.0	True	420	38000000.0	0.0	13440000.0	3762	76557054.65198147	7.553235938166329	6.639237649464776	False	True
258	proceed	4.8	1.4277930428956507	1.15	2.4	3.3478000000000003	178.0	1.9	2.1	0.15054470303412332	0.8812558897550742	0.9999992134075345	False	12513833.634522054	False	1250882810.1068246	0.0	1250882810.1068246	1850	3.385347277462089	8.463368193655223	66.76657130550231	134.00332973287436	1.1114772181363533	6333	True	20880000	True	0	45.0	155.0	12.75	0.0	2.0088	0.5859	6833401.92	165.0	False	0.0	8.722039579154098	16327.658092176469	326.5531618435294	0.06298222459318155	240	11.759999999999993	4049	2	45717442.658094116	7490650	680000	0.0	53888092.658094116	0.4426158432976517	False	0	25117054.65198148	0	0.0	True	420	38000000.0	0.0	13440000.0	3762	76557054.65198147	7.527235151706166	6.639237649464776	False	True
259	proceed	4.8	1.4277930428956507	1.15	2.4	3.3569	178.0	1.9	2.1	0.1500264773745064	0.8813814785878092	0.9999992559154091	False	12515616.995946892	False	1251061074.9148514	0.0	1251061074.9148514	1850	3.385347277462089	8.463368193655223	66.76657130550231	134.00332973287436	1.1114772181363533	6333	True	20880000	True	0	45.0	155.0	12.75	0.0	2.0088	0.5859	6833401.92	165.0	False	0.0	8.722883536110077	16329.237979598065	326.5847595919613	0.06298831884281965	240	11.759999999999993	4049	2	45721866.34287458	7490650	680000	0.0	53892516.34287458	0.4426158432976517	False	0	25117054.65198148	0	0.0	True	420	38000000.0	0.0	13440000.0	3762	76557054.65198147	7.501323868725319	6.639237649464776	False	True
260	proceed	4.8	1.4277930428956507	1.15	2.4	3.366	178.0	1.9	2.1	0.1495100356224522	0.8815030794162853	0.9999992961261356	False	12517343.727711251	False	1251233679.0220168	0.0	1251233679.0220168	1851	3.385347277462089	8.463368193655223	66.76657130550231	134.00332973287436	1.1114772181363533	6333	True	20880000	True	0	45.0	155.0	12.75	0.0	2.0088	0.5859	6833401.92	165.0	False	0.0	8.723700693677436	16330.76769856416	326.6153539712832	0.06299421957291472	240	11.759999999999993	4050	2	45726149.55597965	7492500	680000	0.0	53898649.55597965	0.4426158432976517	False	0	25117054.65198148	0	0.0	True	420	38000000.0	0.0	13440000.0	3762	76557054.65198147	7.47550178112261	6.639237649464776	False	True
261	proceed	4.8	1.4277930428956507	1.15	2.4	3.3751	178.0	1.9	2.1	0.14899537163714915	0.8816207292686074	0.999999334163853	False	12519014.355614224	False	1251400674.9871979	0.0	1251400674.9871979	1851	3.385347277462089	8.463368193655223	66.76657130550231	134.00332973287436	1.1114772181363533	6333	True	20880000	True	0	45.0	155.0	12.75	0.0	2.0088	0.5859	6833401.92	165.0	False	0.0	8.72449130068504	16332.247714882398	326.644954297648	0.0629999285802709	240	11.759999999999993	4050	2	45730293.60167071	7492500	680000	0.0	53902793.60167071	0.4426158432976517	False	0	25117054.65198148	0	0.0	True	420	38000000.0	0.0	13440000.0	3762	76557054.65198147	7.449768581857458	6.639237649464776	False	True
262	proceed	4.8	1.4277930428956507	1.15	2.4	3.3842000000000003	178.0	1.9	2.1	0.1484824792989243	0.8817344645501541	0.999999370145992	False	12520629.39661219	False	1251562114.4853544	0.0	1251562114.4853544	1851	3.385347277462089	8.463368193655223	66.76657130550231	134.00332973287436	1.1114772181363533	6333	True	20880000	True	0	45.0	155.0	12.75	0.0	2.0088	0.5859	6833401.92	165.0	False	0.0	8.725255601777034	16333.67848652661	326.6735697305322	0.06300544763147398	240	11.759999999999993	4050	2	45734299.76227451	7492500	680000	0.0	53906799.76227451	0.4426158432976517	False	0	25117054.65198148	0	0.0	True	420	38000000.0	0.0	13440000.0	3762	76557054.65198147	7.424123964946215	6.639237649464776	False	True
263	proceed	4.8	1.4277930428956507	1.15	2.4	3.3933000000000004	178.0	1.9	2.1	0.14797135250917062	0.8818443210549264	0.9999994041836371	False	12522189.358979955	False	1251718048.3236363	0.0	1251718048.3236363	1851	3.385347277462089	8.463368193655223	66.76657130550231	134.00332973287436	1.1114772181363533	6333	True	20880000	True	0	45.0	155.0	12.75	0.0	2.0088	0.5859	6833401.92	165.0	False	0.0	8.725993837489105	16335.060463779606	326.70120927559213	0.06301077846344261	240	11.759999999999993	4051	2	45738169.2985829	7494350	680000	0.0	53912519.2985829	0.4426158432976517	False	0	25117054.65198148	0	0.0	True	420	38000000.0	0.0	13440000.0	3762	76557054.65198147	7.398567625458531	6.639237649464776	False	True
264	proceed	4.8	1.4277930428956507	1.15	2.4	3.4024	178.0	1.9	2.1	0.14746198519027465	0.8819503339766629	0.9999994363818698	False	12523694.742468612	False	1251868526.4571626	0.0	1251868526.4571626	1852	3.385347277462089	8.463368193655223	66.76657130550231	134.00332973287436	1.1114772181363533	6333	True	20880000	True	0	45.0	155.0	12.75	0.0	2.0088	0.5859	6833401.92	165.0	False	0.0	8.726706244323173	16336.394089372981	326.72788178745964	0.06301592278396739	240	11.759999999999993	4051	2	45741903.450244345	7494350	680000	0.0	53916253.450244345	0.4426158432976517	False	0	25117054.65198148	0	0.0	True	420	38000000.0	0.0	13440000.0	3762	76557054.65198147	7.373099259513733	6.639237649464776	False	True
265	proceed	4.8	1.4277930428956507	1.15	2.4	3.4115	178.0	1.9	2.1	0.14695437128554406	0.8820525379197302	0.9999994668400929	False	12525146.038460169	False	1252013598.0044785	0.0	1252013598.0044785	1852	3.385347277462089	8.463368193655223	66.76657130550231	134.00332973287436	1.1114772181363533	6333	True	20880000	True	0	45.0	155.0	12.75	0.0	2.0088	0.5859	6833401.92	165.0	False	0.0	8.727393054820585	16337.679798624136	326.75359597248274	0.06302088227223943	240	11.759999999999993	4051	2	45745503.43614758	7494350	680000	0.0	53919853.43614758	0.4426158432976517	False	0	25117054.65198148	0	0.0	True	420	38000000.0	0.0	13440000.0	3762	76557054.65198147	7.347718564277203	6.639237649464776	False	True
266	proceed	4.8	1.4277930428956507	1.15	2.4	3.4206000000000003	178.0	1.9	2.1	0.1464485047591357	0.8821509669097899	0.9999994956523375	False	12526543.730119016	False	1252153311.262697	0.0	1252153311.262697	1852	3.385347277462089	8.463368193655223	66.76657130550231	134.00332973287436	1.1114772181363533	6333	True	20880000	True	0	45.0	155.0	12.75	0.0	2.0088	0.5859	6833401.92	165.0	False	0.0	8.728054497633787	16338.91801957045	326.778360391409	0.06302565857936789	240	11.759999999999993	4052	2	45748970.45479726	7496200	680000	0.0	53925170.45479726	0.4426158432976517	False	0	25117054.65198148	0	0.0	True	420	38000000.0	0.0	13440000.0	3762	76557054.65198147	7.322425237956785	6.639237649464776	False	True
267	proceed	4.8	1.4277930428956507	1.15	2.4	3.4297	178.0	1.9	2.1	0.14594437959598386	0.8822456544042515	0.999999522907553	False	12527888.292540371	False	1252287713.7223356	0.0	1252287713.7223356	1852	3.385347277462089	8.463368193655223	66.76657130550231	134.00332973287436	1.1114772181363533	6333	True	20880000	True	0	45.0	155.0	12.75	0.0	2.0088	0.5859	6833401.92	165.0	False	0.0	8.72869079759657	16340.109173100782	326.80218346201565	0.0630302533288873	240	11.759999999999993	4052	2	45752305.68468219	7496200	680000	0.0	53928505.68468219	0.4426158432976517	False	0	25117054.65198148	0	0.0	True	420	38000000.0	0.0	13440000.0	3762	76557054.65198147	7.297218979799193	6.639237649464776	False	True
268	proceed	4.8	1.4277930428956507	1.15	2.4	3.4388	178.0	1.9	2.1	0.14544198980172868	0.8823366333025119	0.9999995486898822	False	12529180.19289567	False	1252416852.0818512	0.0	1252416852.0818512	1852	3.385347277462089	8.463368193655223	66.76657130550231	134.00332973287436	1.1114772181363533	6333	True	20880000	True	0	45.0	155.0	12.75	0.0	2.0088	0.5859	6833401.92	165.0	False	0.0	8.729302175792878	16341.253673084271	326.8250734616854	0.06303466811725437	240	11.759999999999993	4052	2	45755510.28463596	7496200	680000	0.0	53931710.28463596	0.4426158432976517	False	0	25117054.65198148	0	0.0	True	420	38000000.0	0.0	13440000.0	3762	76557054.65198147	7.2720994900864335	6.639237649464776	False	True
269	proceed	4.8	1.4277930428956507	1.15	2.4	3.4479	178.0	1.9	2.1	0.14494132940264493	0.8824239359559898	0.9999995730789206	False	12530419.890575055	False	1252540772.2618825	0.0	1252540772.2618825	1853	3.385347277462089	8.463368193655223	66.76657130550231	134.00332973287436	1.1114772181363533	6333	True	20880000	True	0	45.0	155.0	12.75	0.0	2.0088	0.5859	6833401.92	165.0	False	0.0	8.72988884962425	16342.351926496598	326.847038529932	0.06303890451433503	240	11.759999999999993	4052	2	45758585.394190475	7496200	680000	0.0	53934785.394190475	0.4426158432976517	False	0	25117054.65198148	0	0.0	True	420	38000000.0	0.0	13440000.0	3762	76557054.65198147	7.247066470132246	6.639237649464776	False	True
270	proceed	4.8	1.4277930428956507	1.15	2.4	3.457	178.0	1.9	2.1	0.144442392445571	0.8825075941779574	0.9999995961499625	False	12531607.837326996	False	1252659519.4192066	0.0	1252659519.4192066	1853	3.385347277462089	8.463368193655223	66.76657130550231	134.00332973287436	1.1114772181363533	6333	True	20880000	True	0	45.0	155.0	12.75	0.0	2.0088	0.5859	6833401.92	165.0	False	0.0	8.730451032875873	16343.404333543636	326.86808667087274	0.06304296406388131	240	11.759999999999993	4053	2	45761532.13392218	7498050	680000	0.0	53939582.13392218	0.4426158432976517	False	0	25117054.65198148	0	0.0	True	420	38000000.0	0.0	13440000.0	3762	76557054.65198147	7.22211962227855	6.639237649464776	False	True
271	proceed	4.8	1.4277930428956507	1.15	2.4	3.4661000000000004	178.0	1.9	2.1	0.14394517299783793	0.8825876392531754	0.999999617974233	False	12532744.477395091	False	1252773137.9604135	0.0	1252773137.9604135	1853	3.385347277462089	8.463368193655223	66.76657130550231	134.00332973287436	1.1114772181363533	6333	True	20880000	True	0	45.0	155.0	12.75	0.0	2.0088	0.5859	6833401.92	165.0	False	0.0	8.730988935781339	16344.411287782665	326.8882257556533	0.06304684828399908	240	11.759999999999993	4053	2	45764351.605791464	7498050	680000	0.0	53942401.605791464	0.4426158432976517	False	0	25117054.65198148	0	0.0	True	420	38000000.0	0.0	13440000.0	3762	76557054.65198147	7.197258649891897	6.639237649464776	False	True
272	proceed	4.8	1.4277930428956507	1.15	2.4	3.4752	178.0	1.9	2.1	0.1434496651471992	0.8826641019473345	0.9999996386191083	False	12533830.247652149	False	1252881671.5553088	0.0	1252881671.5553088	1853	3.385347277462089	8.463368193655223	66.76657130550231	134.00332973287436	1.1114772181363533	6333	True	20880000	True	0	45.0	155.0	12.75	0.0	2.0088	0.5859	6833401.92	165.0	False	0.0	8.731502765086088	16345.373176241157	326.90746352482313	0.0630505586676061	240	11.759999999999993	4053	2	45767044.89347524	7498050	680000	0.0	53945094.89347524	0.4426158432976517	False	0	25117054.65198148	0	0.0	True	420	38000000.0	0.0	13440000.0	3762	76557054.65198147	7.172483257359961	6.639237649464776	False	True
273	proceed	4.8	1.4277930428956507	1.15	2.4	3.4843000000000006	178.0	1.9	2.1	0.1429558630017601	0.8827370125163088	0.9999996581483237	False	12534865.577731585	False	1252985163.1500492	0.0	1252985163.1500492	1853	3.385347277462089	8.463368193655223	66.76657130550231	134.00332973287436	1.1114772181363533	6333	True	20880000	True	0	45.0	155.0	12.75	0.0	2.0088	0.5859	6833401.92	165.0	False	0.0	8.731992724109594	16346.29037953316	326.9258075906632	0.06305409668288108	240	11.759999999999993	4053	2	45769613.06269285	7498050	680000	0.0	53947663.06269285	0.4426158432976517	False	0	25117054.65198148	0	0.0	True	420	38000000.0	0.0	13440000.0	3762	76557054.65198147	7.147793150088006	6.639237649464776	False	True
274	proceed	4.8	1.4277930428956507	1.15	2.4	3.4934000000000003	178.0	1.9	2.1	0.14246376068990785	0.8828064007152252	0.9999996766221698	False	12535850.890156198	False	1253083654.9800136	0.0	1253083654.9800136	1853	3.385347277462089	8.463368193655223	66.76657130550231	134.00332973287436	1.1114772181363533	6333	True	20880000	True	0	45.0	155.0	12.75	0.0	2.0088	0.5859	6833401.92	165.0	False	0.0	8.732459012806313	16347.163271973417	326.94326543946835	0.06305746377370373	240	11.759999999999993	4054	2	45772057.16152557	7499900	680000	0.0	53951957.16152557	0.4426158432976517	False	0	25117054.65198148	0	0.0	True	420	38000000.0	0.0	13440000.0	3762	76557054.65198147	7.123188034495392	6.639237649464776	False	True
275	proceed	4.8	1.4277930428956507	1.15	2.4	3.5025	178.0	1.9	2.1	0.14197335236024178	0.8828722958073524	0.9999996940976795	False	12536786.600464404	False	1253177188.5824218	0.0	1253177188.5824218	1854	3.385347277462089	8.463368193655223	66.76657130550231	134.00332973287436	1.1114772181363533	6333	True	20880000	True	0	45.0	155.0	12.75	0.0	2.0088	0.5859	6833401.92	165.0	False	0.0	8.732901827825408	16347.992221689165	326.9598444337833	0.06306066136008624	240	11.759999999999993	4054	2	45774378.220729664	7499900	680000	0.0	53954278.220729664	0.4426158432976517	False	0	25117054.65198148	0	0.0	True	420	38000000.0	0.0	13440000.0	3762	76557054.65198147	7.0986676180120885	6.639237649464776	False	True
276	proceed	4.8	1.4277930428956507	1.15	2.4	3.5116000000000005	178.0	1.9	2.1	0.14148463218150362	0.8829347265728135	0.9999997106288033	False	12537673.11733395	False	1253265804.8087018	0.0	1253265804.8087018	1854	3.385347277462089	8.463368193655223	66.76657130550231	134.00332973287436	1.1114772181363533	6333	True	20880000	True	0	45.0	155.0	12.75	0.0	2.0088	0.5859	6833401.92	165.0	False	0.0	8.733321362569306	16348.777590729742	326.97555181459484	0.06306369083859584	240	11.759999999999993	4054	2	45776577.25404327	7499900	680000	0.0	53956477.25404327	0.4426158432976517	False	0	25117054.65198148	0	0.0	True	420	38000000.0	0.0	13440000.0	3762	76557054.65198147	7.074231609075181	6.639237649464776	False	True
277	proceed	4.8	1.4277930428956507	1.15	2.4	3.5207	178.0	1.9	2.1	0.14099759434250833	0.8829937213171273	0.9999997262665765	False	12538510.842703206	False	1253349543.8366127	0.0	1253349543.8366127	1854	3.385347277462089	8.463368193655223	66.76657130550231	134.00332973287436	1.1114772181363533	6333	True	20880000	True	0	45.0	155.0	12.75	0.0	2.0088	0.5859	6833401.92	165.0	False	0.0	8.733717807251095	16349.519735174048	326.99039470348094	0.06306655358276943	240	11.759999999999993	4054	2	45778655.25848734	7499900	680000	0.0	53958555.25848734	0.4426158432976517	False	0	25117054.65198148	0	0.0	True	420	38000000.0	0.0	13440000.0	3762	76557054.65198147	7.049879717125417	6.639237649464776	False	True
278	proceed	4.8	1.4277930428956507	1.15	2.4	3.5298	178.0	1.9	2.1	0.14051223305207494	0.8830493078795805	0.9999997410592761	False	12539300.171890043	False	1253428445.1821287	0.0	1253428445.1821287	1854	3.385347277462089	8.463368193655223	66.76657130550231	134.00332973287436	1.1114772181363533	6333	True	20880000	True	0	45.0	155.0	12.75	0.0	2.0088	0.5859	6833401.92	165.0	False	0.0	8.734091348950779	16350.219005235858	327.0043801047172	0.06306925094351987	240	11.759999999999993	4054	2	45780613.214660406	7499900	680000	0.0	53960513.214660406	0.4426158432976517	False	0	25117054.65198148	0	0.0	True	420	38000000.0	0.0	13440000.0	3762	76557054.65198147	7.025611652603747	6.639237649464776	False	True
279	proceed	4.8	1.4277930428956507	1.15	2.4	3.5389000000000004	178.0	1.9	2.1	0.14002854253895763	0.8831015136414361	0.9999997550525703	False	12540041.493708393	False	1253502547.711091	0.0	1253502547.711091	1854	3.385347277462089	8.463368193655223	66.76657130550231	134.00332973287436	1.1114772181363533	6333	True	20880000	True	0	45.0	155.0	12.75	0.0	2.0088	0.5859	6833401.92	165.0	False	0.0	8.73444217167045	16350.875745367084	327.0175149073417	0.06307178424953415	240	11.759999999999993	4055	2	45782452.08702783	7501750	680000	0.0	53964202.08702783	0.4426158432976517	False	0	25117054.65198148	0	0.0	True	420	38000000.0	0.0	13440000.0	3762	76557054.65198147	7.001427126947881	6.639237649464776	False	True
280	proceed	4.8	1.4277930428956507	1.15	2.4	3.5480000000000005	178.0	1.9	2.1	0.1395465170517772	0.8831503655339803	0.9999997682896595	False	12540735.19058252	False	1253571889.6506288	0.0	1253571889.6506288	1854	3.385347277462089	8.463368193655223	66.76657130550231	134.00332973287436	1.1114772181363533	6333	True	20880000	True	0	45.0	155.0	12.75	0.0	2.0088	0.5859	6833401.92	165.0	False	0.0	8.734770456388347	16351.490294358984	327.0298058871797	0.06307415480766397	240	11.759999999999993	4055	2	45784172.82420515	7501750	680000	0.0	53965922.82420515	0.4426158432976517	False	0	25117054.65198148	0	0.0	True	420	38000000.0	0.0	13440000.0	3762	76557054.65198147	6.9773258525888595	6.639237649464776	False	True
281	proceed	4.8	1.4277930428956507	1.15	2.4	3.5571000000000006	178.0	1.9	2.1	0.1390661508589526	0.8831958900464125	0.9999997808114094	False	12541381.638659058	False	1253636508.6003597	0.0	1253636508.6003597	1854	3.385347277462089	8.463368193655223	66.76657130550231	134.00332973287436	1.1114772181363533	6333	True	20880000	True	0	45.0	155.0	12.75	0.0	2.0088	0.5859	6833401.92	165.0	False	0.0	8.735076381111892	16352.062985441462	327.0412597088293	0.06307636390330865	240	11.759999999999993	4055	2	45785776.35923609	7501750	680000	0.0	53967526.35923609	0.4426158432976517	False	0	25117054.65198148	0	0.0	True	420	38000000.0	0.0	13440000.0	3762	76557054.65198147	6.9533075429476305	6.639237649464776	False	True
282	proceed	4.8	1.4277930428956507	1.15	2.4	3.5662000000000003	178.0	1.9	2.1	0.13858743824863284	0.8832381132335813	0.9999997926564772	False	12541981.207916854	False	1253696441.5433688	0.0	1253696441.5433688	1854	3.385347277462089	8.463368193655223	66.76657130550231	134.00332973287436	1.1114772181363533	6333	True	20880000	True	0	45.0	155.0	12.75	0.0	2.0088	0.5859	6833401.92	165.0	False	0.0	8.735360120929666	16352.594146380336	327.0518829276067	0.06307841280079034	240	11.759999999999993	4055	2	45787263.60986494	7501750	680000	0.0	53969013.60986494	0.4426158432976517	False	0	25117054.65198148	0	0.0	True	420	38000000.0	0.0	13440000.0	3762	76557054.65198147	6.929371912431643	6.639237649464776	False	True
283	proceed	4.8	1.4277930428956507	1.15	2.4	3.5753000000000004	178.0	1.9	2.1	0.13811037352862907	0.8832770607235697	0.9999998038614313	False	12542534.26227469	False	1253751724.8569782	0.0	1253751724.8569782	1854	3.385347277462089	8.463368193655223	66.76657130550231	134.00332973287436	1.1114772181363533	6333	True	20880000	True	0	45.0	155.0	12.75	0.0	2.0088	0.5859	6833401.92	165.0	False	0.0	8.735621848062387	16353.08409957279	327.0616819914558	0.06308030274372235	240	11.759999999999993	4055	2	45788635.47880381	7501750	680000	0.0	53970385.47880381	0.4426158432976517	False	0	25117054.65198148	0	0.0	True	420	38000000.0	0.0	13440000.0	3762	76557054.65198147	6.905518676431454	6.639237649464776	False	True
284	proceed	4.8	1.4277930428956507	1.15	2.4	3.5844000000000005	178.0	1.9	2.1	0.13763495102634685	0.8833127577251343	0.9999998144608637	False	12543041.159696907	False	1253802394.323303	0.0	1253802394.323303	1854	3.385347277462089	8.463368193655223	66.76657130550231	134.00332973287436	1.1114772181363533	6333	True	20880000	True	0	45.0	155.0	12.75	0.0	2.0088	0.5859	6833401.92	165.0	False	0.0	8.735861731912902	16353.533162140953	327.0706632428191	0.0630820349553699	240	11.759999999999993	4055	2	45789892.85399467	7501750	680000	0.0	53971642.85399467	0.4426158432976517	False	0	25117054.65198148	0	0.0	True	420	38000000.0	0.0	13440000.0	3762	76557054.65198147	6.881747551317343	6.639237649464776	False	True
285	proceed	4.8	1.4277930428956507	1.15	2.4	3.5935	178.0	1.9	2.1	0.13716116508871865	0.8833452290349989	0.9999998244874972	False	12543502.252296984	False	1253848485.1396065	0.0	1253848485.1396065	1855	3.385347277462089	8.463368193655223	66.76657130550231	134.00332973287436	1.1114772181363533	6333	True	20880000	True	0	45.0	155.0	12.75	0.0	2.0088	0.5859	6833401.92	165.0	False	0.0	8.736079939115193	16353.94164602364	327.07883292047285	0.0630836106390042	240	11.759999999999993	4055	2	45791036.60886619	7501750	680000	0.0	53972786.60886619	0.4426158432976517	False	0	25117054.65198148	0	0.0	True	420	38000000.0	0.0	13440000.0	3762	76557054.65198147	6.858058254435932	6.639237649464776	False	True
286	proceed	4.8	1.4277930428956507	1.15	2.4	3.6	178.0	1.9	2.1	0.1366890100821368	0.8833744990450095	0.9999998339722861	False	12543917.886439135	False	1253890031.928456	0.0	1253890031.928456	1855	3.385347277462089	8.463368193655223	66.76657130550231	134.00332973287436	1.1114772181363533	6333	True	20880000	True	0	45.0	155.0	12.75	0.0	2.0088	0.5859	6833401.92	165.0	False	0.0	8.736276633582463	16354.309858066372	327.08619716132745	0.06308503097824955	240	11.759999999999993	4055	2	45792067.602585845	7501750	680000	0.0	53973817.602585845	0.4426158432976517	False	0	25117054.65198148	0	0.0	True	420	38000000.0	0.0	13440000.0	3762	76557054.65198147	6.83445050410684	6.639237649464776	False	True
287	proceed	4.8	1.4277930428956507	1.15	2.4	3.6	178.0	1.9	2.1	0.1362184803923865	0.8834005917491495	0.9999998429445119	False	12544288.402837923	False	1253927068.7476788	0.0	1253927068.7476788	1855	3.385347277462089	8.463368193655223	66.76657130550231	134.00332973287436	1.1114772181363533	6333	True	20880000	True	0	45.0	155.0	12.75	0.0	2.0088	0.5859	6833401.92	165.0	False	0.0	8.736451976554283	16354.638100109622	327.09276200219244	0.06308629713742388	240	11.759999999999993	4055	2	45792986.68030694	7501750	680000	0.0	53974736.68030694	0.4426158432976517	False	0	25117054.65198148	0	0.0	True	420	38000000.0	0.0	13440000.0	3762	76557054.65198147	6.810924019619324	6.639237649464776	False	True
288	proceed	4.8	1.4277930428956507	1.15	2.4	3.6	178.0	1.9	2.1	0.13574957042457864	0.8834235307504216	0.9999998514318739	False	12544614.136655986	False	1253959629.1001325	0.0	1253959629.1001325	1855	3.385347277462089	8.463368193655223	66.76657130550231	134.00332973287436	1.1114772181363533	6333	True	20880000	True	0	45.0	155.0	12.75	0.0	2.0088	0.5859	6833401.92	165.0	False	0.0	8.736606126642833	16354.926669075383	327.09853338150765	0.06308741026187256	240	11.759999999999993	4056	2	45793794.67341107	7503600	680000	0.0	53977394.67341107	0.4426158432976517	False	0	25117054.65198148	0	0.0	True	420	38000000.0	0.0	13440000.0	3762	76557054.65198147	6.787478521228931	6.639237649464776	False	True
289	proceed	4.8	1.4277930428956507	1.15	2.4	3.6	178.0	1.9	2.1	0.13528227460308395	0.8834433392675977	0.9999998594605743	False	12544895.417599887	False	1253987745.9432847	0.0	1253987745.9432847	1855	3.385347277462089	8.463368193655223	66.76657130550231	134.00332973287436	1.1114772181363533	6333	True	20880000	True	0	45.0	155.0	12.75	0.0	2.0088	0.5859	6833401.92	165.0	False	0.0	8.736739239878256	16355.175857052096	327.10351714104195	0.06308837147829606	240	11.759999999999993	4056	2	45794492.39974587	7503600	680000	0.0	53978092.39974587	0.4426158432976517	False	0	25117054.65198148	0	0.0	True	420	38000000.0	0.0	13440000.0	3762	76557054.65198147	6.764113730154198	6.639237649464776	False	True
290	proceed	4.8	1.4277930428956507	1.15	2.4	3.6	178.0	1.9	2.1	0.1348165873714663	0.88346004014184	0.9999998670553996	False	12545132.570014128	False	1254011451.6986122	0.0	1254011451.6986122	1855	3.385347277462089	8.463368193655223	66.76657130550231	134.00332973287436	1.1114772181363533	6333	True	20880000	True	0	45.0	155.0	12.75	0.0	2.0088	0.5859	6833401.92	165.0	False	0.0	8.736851469753164	16355.385951377926	327.1077190275585	0.06308918189507111	240	11.759999999999993	4056	2	45795080.66385819	7503600	680000	0.0	53978680.66385819	0.4426158432976517	False	0	25117054.65198148	0	0.0	True	420	38000000.0	0.0	13440000.0	3762	76557054.65198147	6.740829368573315	6.639237649464776	False	True
291	proceed	4.8	1.4277930428956507	1.15	2.4	3.6	178.0	1.9	2.1	0.1343525031924165	0.8834736558431955	0.9999998742397963	False	12545325.912973376	False	1254030778.2608187	0.0	1254030778.2608187	1855	3.385347277462089	8.463368193655223	66.76657130550231	134.00332973287436	1.1114772181363533	6333	True	20880000	True	0	45.0	155.0	12.75	0.0	2.0088	0.5859	6833401.92	165.0	False	0.0	8.736942967266273	16355.557234722464	327.1111446944493	0.06308984260256595	240	11.759999999999993	4056	2	45795560.2572229	7503600	680000	0.0	53979160.2572229	0.4426158432976517	False	0	25117054.65198148	0	0.0	True	420	38000000.0	0.0	13440000.0	3762	76557054.65198147	6.717625159620825	6.639237649464776	False	True
292	proceed	4.8	1.4277930428956507	1.15	2.4	3.6	178.0	1.9	2.1	0.13389001654768676	0.8834842084769676	0.9999998810359445	False	12545475.76037294	False	1254045757.006879	0.0	1254045757.006879	1855	3.385347277462089	8.463368193655223	66.76657130550231	134.00332973287436	1.1114772181363533	6333	True	20880000	True	0	45.0	155.0	12.75	0.0	2.0088	0.5859	6833401.92	165.0	False	0.0	8.737013880965222	16355.689985166897	327.1137997033379	0.06309035467344953	240	11.759999999999993	4056	2	45795931.95846731	7503600	680000	0.0	53979531.95846731	0.4426158432976517	False	0	25117054.65198148	0	0.0	True	420	38000000.0	0.0	13440000.0	3762	76557054.65198147	6.694500827384338	6.639237649464776	False	True
293	proceed	4.8	1.4277930428956507	1.15	2.4	3.6	178.0	1.9	2.1	0.13342912193802503	0.8834917197899681	0.9999998874648253	False	12545582.421017546	False	1254056418.804914	0.0	1254056418.804914	1855	3.385347277462089	8.463368193655223	66.76657130550231	134.00332973287436	1.1114772181363533	6333	True	20880000	True	0	45.0	155.0	12.75	0.0	2.0088	0.5859	6833401.92	165.0	False	0.0	8.737064356988585	16355.784476282632	327.1156895256526	0.06309071916299479	240	11.759999999999993	4056	2	45796196.53359137	7503600	680000	0.0	53979796.53359137	0.4426158432976517	False	0	25117054.65198148	0	0.0	True	420	38000000.0	0.0	13440000.0	3762	76557054.65198147	6.6714560969012515	6.639237649464776	False	True
294	proceed	4.8	1.4277930428956507	1.15	2.4	3.6	178.0	1.9	2.1	0.13296981388310944	0.8834962111766484	0.9999998935462859	False	12545646.198708408	False	1254062794.0228925	0.0	1254062794.0228925	1855	3.385347277462089	8.463368193655223	66.76657130550231	134.00332973287436	1.1114772181363533	6333	True	20880000	True	0	45.0	155.0	12.75	0.0	2.0088	0.5859	6833401.92	165.0	False	0.0	8.737094539107078	16355.840977208449	327.116819544169	0.0630909371093763	240	11.759999999999993	4056	2	45796354.73618366	7503600	680000	0.0	53979954.73618366	0.4426158432976517	False	0	25117054.65198148	0	0.0	True	420	38000000.0	0.0	13440000.0	3762	76557054.65198147	6.6484906941554724	6.639237649464776	False	True
295	proceed	4.8	1.4277930428956507	1.15	2.4	3.6	178.0	1.9	2.1	0.13251208692148328	0.8834977036851183	0.9999998992991012	False	12545667.39232868	False	1254064912.537175	0.0	1254064912.537175	1855	3.385347277462089	8.463368193655223	66.76657130550231	134.00332973287436	1.1114772181363533	6333	True	20880000	True	0	45.0	155.0	12.75	0.0	2.0088	0.5859	6833401.92	165.0	False	0.0	8.737104568763995	16355.859752726199	327.11719505452396	0.06309100953396218	240	11.759999999999993	4056	2	45796407.307633355	7503600	680000	0.0	53980007.307633355	0.4426158432976517	False	0	25117054.65198148	0	0.0	True	420	38000000.0	0.0	13440000.0	3762	76557054.65198147	6.625604346074164	6.639237649464776	False	True
296	proceed	4.8	1.4277930428956507	1.15	2.4	3.6	178.0	1.9	2.1	0.13205593561049003	0.8834962180230491	0.9999999047410312	False	12545646.295927297	False	1254062803.740893	0.0	1254062803.740893	1855	3.385347277462089	8.463368193655223	66.76657130550231	134.00332973287436	1.1114772181363533	6333	True	20880000	True	0	45.0	155.0	12.75	0.0	2.0088	0.5859	6833401.92	165.0	False	0.0	8.737094585114889	16355.841063335074	327.1168212667015	0.0630909374416007	240	11.759999999999993	4056	2	45796354.97733821	7503600	680000	0.0	53979954.97733821	0.4426158432976517	False	0	25117054.65198148	0	0.0	True	420	38000000.0	0.0	13440000.0	3762	76557054.65198147	6.602796780524502	6.639237649464776	False	True
297	proceed	4.8	1.4277930428956507	1.15	2.4	3.6	178.0	1.9	2.1	0.13160135452620852	0.8834917745634685	0.9999999098888764	False	12545583.198801253	False	1254056496.5521734	0.0	1254056496.5521734	1855	3.385347277462089	8.463368193655223	66.76657130550231	134.00332973287436	1.1114772181363533	6333	True	20880000	True	0	45.0	155.0	12.75	0.0	2.0088	0.5859	6833401.92	165.0	False	0.0	8.737064725066508	16355.785165324503	327.11570330649005	0.06309072182090138	240	11.759999999999993	4056	2	45796198.46290861	7503600	680000	0.0	53979798.46290861	0.4426158432976517	False	0	25117054.65198148	0	0.0	True	420	38000000.0	0.0	13440000.0	3762	76557054.65198147	6.580067726310427	6.639237649464776	False	True
298	proceed	4.8	1.4277930428956507	1.15	2.4	3.6	178.0	1.9	2.1	0.13114833826338876	0.8834843933504455	0.9999999147585295	False	12545478.385576326	False	1254046019.4222097	0.0	1254046019.4222097	1855	3.385347277462089	8.463368193655223	66.76657130550231	134.00332973287436	1.1114772181363533	6333	True	20880000	True	0	45.0	155.0	12.75	0.0	2.0088	0.5859	6833401.92	165.0	False	0.0	8.737015123314993	16355.69231084567	327.11384621691343	0.06309036364451091	240	11.759999999999993	4056	2	45795938.47036788	7503600	680000	0.0	53979538.47036788	0.4426158432976517	False	0	25117054.65198148	0	0.0	True	420	38000000.0	0.0	13440000.0	3762	76557054.65198147	6.557416913169438	6.639237649464776	False	True
299	proceed	4.8	1.4277930428956507	1.15	2.4	3.6	178.0	1.9	2.1	0.13069688143538724	0.8834740941046695	0.9999999193650237	False	12545332.136286307	False	1254031400.3431792	0.0	1254031400.3431792	1855	3.385347277462089	8.463368193655223	66.76657130550231	134.00332973287436	1.1114772181363533	6333	True	20880000	True	0	45.0	155.0	12.75	0.0	2.0088	0.5859	6833401.92	165.0	False	0.0	8.736945912383378	16355.562747981685	327.1112549596337	0.06308986386938378	240	11.759999999999993	4056	2	45795575.694348715	7503600	680000	0.0	53979175.694348715	0.4426158432976517	False	0	25117054.65198148	0	0.0	True	420	38000000.0	0.0	13440000.0	3762	76557054.65198147	6.534844071769362	6.639237649464776	False	True
300	proceed	4.8	1.4277930428956507	1.15	2.4	3.6	178.0	1.9	2.1	0.1302469786741032	0.8834608962289267	0.9999999237225807	False	12545144.726450758	False	1254012666.8560178	0.0	1254012666.8560178	1855	3.385347277462089	8.463368193655223	66.76657130550231	134.00332973287436	1.1114772181363533	6333	True	20880000	True	0	45.0	155.0	12.75	0.0	2.0088	0.5859	6833401.92	165.0	False	0.0	8.736857222658386	16355.396720816501	327.10793441633	0.06308922343704823	240	11.759999999999993	4056	2	45795110.8182862	7503600	680000	0.0	53978710.8182862	0.4426158432976517	False	0	25117054.65198148	0	0.0	True	420	38000000.0	0.0	13440000.0	3762	76557054.65198147	6.5123489337051605	6.639237649464776	False	True
301	proceed	4.8	1.4277930428956507	1.15	2.4	3.6	178.0	1.9	2.1	0.1297986246299147	0.883444818813474	0.999999927844653	False	12544916.427151332	False	1253989846.0580473	0.0	1253989846.0580473	1855	3.385347277462089	8.463368193655223	66.76657130550231	134.00332973287436	1.1114772181363533	6333	True	20880000	True	0	45.0	155.0	12.75	0.0	2.0088	0.5859	6833401.92	165.0	False	0.0	8.736749182426545	16355.194469502492	327.10388939004986	0.06308844327386677	240	11.759999999999993	4056	2	45794544.514606975	7503600	680000	0.0	53978144.514606975	0.4426158432976517	False	0	25117054.65198148	0	0.0	True	420	38000000.0	0.0	13440000.0	3762	76557054.65198147	6.489931231495736	6.639237649464776	False	True
302	proceed	4.8	1.4277930428956507	1.15	2.4	3.6	178.0	1.9	2.1	0.129351813971615	0.8834258806413146	0.9999999317439663	False	12544647.505106667	False	1253962964.6104627	0.0	1253962964.6104627	1855	3.385347277462089	8.463368193655223	66.76657130550231	134.00332973287436	1.1114772181363533	6333	True	20880000	True	0	45.0	155.0	12.75	0.0	2.0088	0.5859	6833401.92	165.0	False	0.0	8.736621917909634	16354.956230326834	327.0991246065367	0.06308752429129232	240	11.759999999999993	4056	2	45793877.44491514	7503600	680000	0.0	53977477.44491514	0.4426158432976517	False	0	25117054.65198148	0	0.0	True	420	38000000.0	0.0	13440000.0	3762	76557054.65198147	6.467590698580749	6.639237649464776	False	True
303	proceed	4.8	1.4277930428956507	1.15	2.4	3.6	178.0	1.9	2.1	0.12890654138634905	0.8834041001933748	0.9999999354325586	False	12544338.222745921	False	1253932048.7456825	0.0	1253932048.7456825	1855	3.385347277462089	8.463368193655223	66.76657130550231	134.00332973287436	1.1114772181363533	6333	True	20880000	True	0	45.0	155.0	12.75	0.0	2.0088	0.5859	6833401.92	165.0	False	0.0	8.736475553299478	16354.682235776623	327.0936447155325	0.06308646738611945	240	11.759999999999993	4055	2	45793110.26017454	7501750	680000	0.0	53974860.26017454	0.4426158432976517	False	0	25117054.65198148	0	0.0	True	420	38000000.0	0.0	13440000.0	3762	76557054.65198147	6.445327069317453	6.639237649464776	False	True
304	proceed	4.8	1.4277930428956507	1.15	2.4	3.6	178.0	1.9	2.1	0.12846280157955067	0.8833794956535874	0.9999999389218174	False	12543988.838280942	False	1253897124.274563	0.0	1253897124.274563	1855	3.385347277462089	8.463368193655223	66.76657130550231	134.00332973287436	1.1114772181363533	6333	True	20880000	True	0	45.0	155.0	12.75	0.0	2.0088	0.5859	6833401.92	165.0	False	0.0	8.736310210792107	16354.372714602823	327.08745429205646	0.06308527344073091	240	11.759999999999993	4055	2	45792243.6008879	7501750	680000	0.0	53973993.6008879	0.4426158432976517	False	0	25117054.65198148	0	0.0	True	420	38000000.0	0.0	13440000.0	3762	76557054.65198147	6.423140078977533	6.639237649464776	False	True
305	proceed	4.8	1.4277930428956507	1.15	2.4	3.6	178.0	1.9	2.1	0.12802058927487914	0.8833520849138805	0.9999999422225148	False	12543599.605777103	False	1253858216.5934792	0.0	1253858216.5934792	1855	3.385347277462089	8.463368193655223	66.76657130550231	134.00332973287436	1.1114772181363533	6333	True	20880000	True	0	45.0	155.0	12.75	0.0	2.0088	0.5859	6833401.92	165.0	False	0.0	8.736126010621275	16354.02789188303	327.0805578376606	0.0630839433233399	240	11.759999999999993	4055	2	45791278.097272485	7501750	680000	0.0	53973028.097272485	0.4426158432976517	False	0	25117054.65198148	0	0.0	True	420	38000000.0	0.0	13440000.0	3762	76557054.65198147	6.401029463743957	6.639237649464776	False	True
306	proceed	4.8	1.4277930428956507	1.15	2.4	3.6	178.0	1.9	2.1	0.12757989921415683	0.883321885579076	0.9999999453448408	False	12543170.775222879	False	1253815350.6912792	0.0	1253815350.6912792	1854	3.385347277462089	8.463368193655223	66.76657130550231	134.00332973287436	1.1114772181363533	6333	True	20880000	True	0	45.0	155.0	12.75	0.0	2.0088	0.5859	6833401.92	165.0	False	0.0	8.735923071091388	16353.647989083081	327.0729597816616	0.06308247788822759	240	11.759999999999993	4055	2	45790214.36943263	7501750	680000	0.0	53971964.36943263	0.4426158432976517	False	0	25117054.65198148	0	0.0	True	420	38000000.0	0.0	13440000.0	3762	76557054.65198147	6.378994960707842	6.639237649464776	False	True
307	proceed	4.8	1.4277930428956507	1.15	2.4	3.6	178.0	1.9	2.1	0.12714072615730648	0.8832889149716981	0.9999999482984346	False	12542702.592598114	False	1253768551.1561074	0.0	1253768551.1561074	1854	3.385347277462089	8.463368193655223	66.76657130550231	134.00332973287436	1.1114772181363533	6333	True	20880000	True	0	45.0	155.0	12.75	0.0	2.0088	0.5859	6833401.92	165.0	False	0.0	8.73570150860981	16353.233224117566	327.06466448235136	0.06308087797597663	240	11.759999999999993	4055	2	45789053.02752919	7501750	680000	0.0	53970803.02752919	0.4426158432976517	False	0	25117054.65198148	0	0.0	True	420	38000000.0	0.0	13440000.0	3762	76557054.65198147	6.357036307865324	6.639237649464776	False	True
308	proceed	4.8	1.4277930428956507	1.15	2.4	3.6	178.0	1.9	2.1	0.12670306488228897	0.8832531901366949	0.9999999510924147	False	12542195.299941067	False	1253717842.182109	0.0	1253717842.182109	1854	3.385347277462089	8.463368193655223	66.76657130550231	134.00332973287436	1.1114772181363533	6333	True	20880000	True	0	45.0	155.0	12.75	0.0	2.0088	0.5859	6833401.92	165.0	False	0.0	8.73546143771859	16352.783811409197	327.0556762281839	0.06307914441370002	240	11.759999999999993	4055	2	45787794.67194575	7501750	680000	0.0	53969544.67194575	0.4426158432976517	False	0	25117054.65198148	0	0.0	True	420	38000000.0	0.0	13440000.0	3762	76557054.65198147	6.335153244114448	6.639237649464776	False	True
309	proceed	4.8	1.4277930428956507	1.15	2.4	3.6	178.0	1.9	2.1	0.1262669101850411	0.8832147278460739	0.9999999537354065	False	12541649.13541425	False	1253663247.5760086	0.0	1253663247.5760086	1854	3.385347277462089	8.463368193655223	66.76657130550231	134.00332973287436	1.1114772181363533	6333	True	20880000	True	0	45.0	155.0	12.75	0.0	2.0088	0.5859	6833401.92	165.0	False	0.0	8.735202971125617	16352.299961947154	327.04599923894307	0.06307727801526643	240	11.759999999999993	4055	2	45786439.89345203	7501750	680000	0.0	53968189.89345203	0.4426158432976517	False	0	25117054.65198148	0	0.0	True	420	38000000.0	0.0	13440000.0	3762	76557054.65198147	6.313345509252055	6.639237649464776	False	True
310	proceed	4.8	1.4277930428956507	1.15	2.4	3.6	178.0	1.9	2.1	0.12583225687941393	0.8831735446034543	0.9999999562355698	False	12541064.333369052	False	1253604790.7635703	0.0	1253604790.7635703	1854	3.385347277462089	8.463368193655223	66.76657130550231	134.00332973287436	1.1114772181363533	6333	True	20880000	True	0	45.0	155.0	12.75	0.0	2.0088	0.5859	6833401.92	165.0	False	0.0	8.734926219735211	16351.78188334432	327.03563766688643	0.06307527958152069	240	11.759999999999993	4055	2	45784989.2733641	7501750	680000	0.0	53966739.2733641	0.4426158432976517	False	0	25117054.65198148	0	0.0	True	420	38000000.0	0.0	13440000.0	3762	76557054.65198147	6.291612843970697	6.639237649464776	False	True
311	proceed	4.8	1.4277930428956507	1.15	2.4	3.6	178.0	1.9	2.1	0.12539909979711095	0.8831296566485367	0.9999999586006229	False	12540441.124409221	False	1253542494.795946	0.0	1253542494.795946	1854	3.385347277462089	8.463368193655223	66.76657130550231	134.00332973287436	1.1114772181363533	6333	True	20880000	True	0	45.0	155.0	12.75	0.0	2.0088	0.5859	6833401.92	165.0	False	0.0	8.734631292678166	16351.229779893527	327.02459559787053	0.06307314990050088	240	11.759999999999993	4055	2	45783443.383701876	7501750	680000	0.0	53965193.383701876	0.4426158432976517	False	0	25117054.65198148	0	0.0	True	420	38000000.0	0.0	13440000.0	3762	76557054.65198147	6.269954989855547	6.639237649464776	False	True
312	proceed	4.8	1.4277930428956507	1.15	2.4	3.6	178.0	1.9	2.1	0.1249674337876267	0.8830830799614919	0.9999999608378671	False	12539779.735453185	False	1253476382.3559003	0.0	1253476382.3559003	1854	3.385347277462089	8.463368193655223	66.76657130550231	134.00332973287436	1.1114772181363533	6333	True	20880000	True	0	45.0	155.0	12.75	0.0	2.0088	0.5859	6833401.92	165.0	False	0.0	8.734318297341225	16350.643852622776	327.0128770524555	0.06307088974765145	240	11.759999999999993	4054	2	45781802.78734377	7499900	680000	0.0	53961702.78734377	0.4426158432976517	False	0	25117054.65198148	0	0.0	True	420	38000000.0	0.0	13440000.0	3762	76557054.65198147	6.248371689381335	6.639237649464776	False	True
313	proceed	4.8	1.4277930428956507	1.15	2.4	3.6	178.0	1.9	2.1	0.12453725371818539	0.8830338302672727	0.9999999629542096	False	12539080.389795272	False	1253406475.7639356	0.0	1253406475.7639356	1854	3.385347277462089	8.463368193655223	66.76657130550231	134.00332973287436	1.1114772181363533	6333	True	20880000	True	0	45.0	155.0	12.75	0.0	2.0088	0.5859	6833401.92	165.0	False	0.0	8.733987339396071	16350.024299349447	327.00048598698896	0.06306849988603211	240	11.759999999999993	4054	2	45780068.03817845	7499900	680000	0.0	53959968.03817845	0.4426158432976517	False	0	25117054.65198148	0	0.0	True	420	38000000.0	0.0	13440000.0	3762	76557054.65198147	6.2268626859092695	6.639237649464776	False	True
314	proceed	4.8	1.4277930428956507	1.15	2.4	3.6	178.0	1.9	2.1	0.1241085544736802	0.8829819230398467	0.9999999649561838	False	12538343.307165822	False	1253332796.9842956	0.0	1253332796.9842956	1854	3.385347277462089	8.463368193655223	66.76657130550231	134.00332973287436	1.1114772181363533	6333	True	20880000	True	0	45.0	155.0	12.75	0.0	2.0088	0.5859	6833401.92	165.0	False	0.0	8.73363852282777	16349.371314733584	326.9874262946717	0.0630659810665235	240	11.759999999999993	4054	2	45778239.68125404	7499900	680000	0.0	53958139.68125404	0.4426158432976517	False	0	25117054.65198148	0	0.0	True	420	38000000.0	0.0	13440000.0	3762	76557054.65198147	6.20542772368401	6.639237649464776	False	True
315	proceed	4.8	1.4277930428956507	1.15	2.4	3.6	178.0	1.9	2.1	0.12368133095661193	0.8829273735063542	0.9999999668499703	False	12537568.703790229	False	1253255367.6308713	0.0	1253255367.6308713	1854	3.385347277462089	8.463368193655223	66.76657130550231	134.00332973287436	1.1114772181363533	6333	True	20880000	True	0	45.0	155.0	12.75	0.0	2.0088	0.5859	6833401.92	165.0	False	0.0	8.733271949962699	16348.685090330173	326.97370180660346	0.06306333402802888	240	11.759999999999993	4054	2	45776318.25292449	7499900	680000	0.0	53956218.25292449	0.4426158432976517	False	0	25117054.65198148	0	0.0	True	420	38000000.0	0.0	13440000.0	3762	76557054.65198147	6.1840665478305965	6.639237649464776	False	True
316	proceed	4.8	1.4277930428956507	1.15	2.4	3.6	178.0	1.9	2.1	0.12325557808702894	0.8828701966511933	0.9999999686414155	False	12536756.792446945	False	1253174208.9729967	0.0	1253174208.9729967	1854	3.385347277462089	8.463368193655223	66.76657130550231	134.00332973287436	1.1114772181363533	6333	True	20880000	True	0	45.0	155.0	12.75	0.0	2.0088	0.5859	6833401.92	165.0	False	0.0	8.732887721496017	16347.965814640545	326.9593162928109	0.06306055949767231	240	11.759999999999993	4054	2	45774304.28099353	7499900	680000	0.0	53954204.28099353	0.4426158432976517	False	0	25117054.65198148	0	0.0	True	420	38000000.0	0.0	13440000.0	3762	76557054.65198147	6.162778904351447	6.639237649464776	False	True
317	proceed	4.8	1.4277930428956507	1.15	2.4	3.6	178.0	1.9	2.1	0.12283129080246641	0.8828104072200305	0.99999997033605	False	12535907.782524433	False	1253089341.9411423	0.0	1253089341.9411423	1853	3.385347277462089	8.463368193655223	66.76657130550231	134.00332973287436	1.1114772181363533	6333	True	20880000	True	0	45.0	155.0	12.75	0.0	2.0088	0.5859	6833401.92	165.0	False	0.0	8.732485936518604	16347.213673162827	326.94427346325654	0.06305765819099331	240	11.759999999999993	4054	2	45772198.28485592	7499900	680000	0.0	53952098.28485592	0.4426158432976517	False	0	25117054.65198148	0	0.0	True	420	38000000.0	0.0	13440000.0	3762	76557054.65198147	6.14156454012332	6.639237649464776	False	True
318	proceed	4.8	1.4277930428956507	1.15	2.4	3.6	178.0	1.9	2.1	0.1224084640578862	0.882748019723742	0.9999999719391056	False	12535021.880077135	False	1253000787.1325104	0.0	1253000787.1325104	1853	3.385347277462089	8.463368193655223	66.76657130550231	134.00332973287436	1.1114772181363533	6333	True	20880000	True	0	45.0	155.0	12.75	0.0	2.0088	0.5859	6833401.92	165.0	False	0.0	8.732066692543546	16346.428848441517	326.9285769688303	0.06305463081213805	240	11.759999999999993	4053	2	45770000.77563625	7498050	680000	0.0	53948050.77563625	0.4426158432976517	False	0	25117054.65198148	0	0.0	True	420	38000000.0	0.0	13440000.0	3762	76557054.65198147	6.12042320289431	6.639237649464776	False	True
319	proceed	4.8	1.4277930428956507	1.15	2.4	3.6	178.0	1.9	2.1	0.1219870928256169	0.8826830484422846	0.9999999734555313	False	12534099.287880441	False	1252908564.816529	0.0	1252908564.816529	1853	3.385347277462089	8.463368193655223	66.76657130550231	134.00332973287436	1.1114772181363533	6333	True	20880000	True	0	45.0	155.0	12.75	0.0	2.0088	0.5859	6833401.92	165.0	False	0.0	8.731630085532153	16345.61152011619	326.9122304023238	0.06305147805404737	240	11.759999999999993	4053	2	45767712.256325334	7498050	680000	0.0	53945762.256325334	0.4426158432976517	False	0	25117054.65198148	0	0.0	True	420	38000000.0	0.0	13440000.0	3762	76557054.65198147	6.099354641280845	6.639237649464776	False	True
320	proceed	4.8	1.4277930428956507	1.15	2.4	3.6	178.0	1.9	2.1	0.12156717209529418	0.8826155074284997	0.9999999748900085	False	12533140.205484696	False	1252812694.9402504	0.0	1252812694.9402504	1853	3.385347277462089	8.463368193655223	66.76657130550231	134.00332973287436	1.1114772181363533	6333	True	20880000	True	0	45.0	155.0	12.75	0.0	2.0088	0.5859	6833401.92	165.0	False	0.0	8.731176209919518	16344.761864969338	326.89523729938674	0.06304820059864111	240	11.759999999999993	4053	2	45765333.22191414	7498050	680000	0.0	53943383.22191414	0.4426158432976517	False	0	25117054.65198148	0	0.0	True	420	38000000.0	0.0	13440000.0	3762	76557054.65198147	6.078358604764709	6.639237649464776	False	True
321	proceed	4.8	1.4277930428956507	1.15	2.4	3.6	178.0	1.9	2.1	0.12114869687380081	0.8825454105118476	0.9999999762469657	False	12532144.829268236	False	1252713197.133653	0.0	1252713197.133653	1853	3.385347277462089	8.463368193655223	66.76657130550231	134.00332973287436	1.1114772181363533	6333	True	20880000	True	0	45.0	155.0	12.75	0.0	2.0088	0.5859	6833401.92	165.0	False	0.0	8.730705158639616	16343.88005697336	326.8776011394672	0.06304479911699952	240	11.759999999999993	4053	2	45762864.15952541	7498050	680000	0.0	53940914.15952541	0.4426158432976517	False	0	25117054.65198148	0	0.0	True	420	38000000.0	0.0	13440000.0	3762	76557054.65198147	6.05743484369004	6.639237649464776	False	True
322	proceed	4.8	1.4277930428956507	1.15	2.4	3.6	178.0	1.9	2.1	0.12073166218520778	0.8824727713020811	0.9999999775305923	False	12531113.352489552	False	1252610090.7148557	0.0	1252610090.7148557	1853	3.385347277462089	8.463368193655223	66.76657130550231	134.00332973287436	1.1114772181363533	6333	True	20880000	True	0	45.0	155.0	12.75	0.0	2.0088	0.5859	6833401.92	165.0	False	0.0	8.730217023149985	16342.966267336773	326.8593253467355	0.06304127426954145	240	11.759999999999993	4053	2	45760305.54854296	7498050	680000	0.0	53938355.54854296	0.4426158432976517	False	0	25117054.65198148	0	0.0	True	420	38000000.0	0.0	13440000.0	3762	76557054.65198147	6.036583109260389	6.639237649464776	False	True
323	proceed	4.8	1.4277930428956507	1.15	2.4	3.6	178.0	1.9	2.1	0.12031606307071482	0.8823976031928507	0.999999978744851	False	12530045.96533848	False	1252503394.6952345	0.0	1252503394.6952345	1853	3.385347277462089	8.463368193655223	66.76657130550231	134.00332973287436	1.1114772181363533	6333	True	20880000	True	0	45.0	155.0	12.75	0.0	2.0088	0.5859	6833401.92	165.0	False	0.0	8.729711893455956	16342.02066454955	326.84041329099097	0.06303762670619925	240	11.759999999999993	4052	2	45757657.86073874	7496200	680000	0.0	53933857.86073874	0.4426158432976517	False	0	25117054.65198148	0	0.0	True	420	38000000.0	0.0	13440000.0	3762	76557054.65198147	6.0158031535357415	6.639237649464776	False	True
324	proceed	4.8	1.4277930428956507	1.15	2.4	3.6	178.0	1.9	2.1	0.1199018945885916	0.8823199193652498	0.9999999798934905	False	12528942.854986547	False	1252393127.7844553	0.0	1252393127.7844553	1852	3.385347277462089	8.463368193655223	66.76657130550231	134.00332973287436	1.1114772181363533	6333	True	20880000	True	0	45.0	155.0	12.75	0.0	2.0088	0.5859	6833401.92	165.0	False	0.0	8.729189858134477	16341.043414427744	326.8208682885549	0.06303385706659095	240	11.759999999999993	4052	2	45754921.560397685	7496200	680000	0.0	53931121.560397685	0.4426158432976517	False	0	25117054.65198148	0	0.0	True	420	38000000.0	0.0	13440000.0	3762	76557054.65198147	5.99509472942958	6.639237649464776	False	True
325	proceed	4.8	1.4277930428956507	1.15	2.4	3.6	178.0	1.9	2.1	0.11948915181411868	0.8822397327912965	0.999999980980057	False	12527804.20563641	False	1252279308.3954158	0.0	1252279308.3954158	1852	3.385347277462089	8.463368193655223	66.76657130550231	134.00332973287436	1.1114772181363533	6333	True	20880000	True	0	45.0	155.0	12.75	0.0	2.0088	0.5859	6833401.92	165.0	False	0.0	8.728651004357513	16340.034680157265	326.8006936031453	0.063029965980189	240	11.759999999999993	4052	2	45752097.10444034	7496200	680000	0.0	53928297.10444034	0.4426158432976517	False	0	25117054.65198148	0	0.0	True	420	38000000.0	0.0	13440000.0	3762	76557054.65198147	5.974457590705934	6.639237649464776	False	True
326	proceed	4.8	1.4277930428956507	1.15	2.4	3.6	178.0	1.9	2.1	0.11907782983952947	0.8821570562373579	0.9999999820079049	False	12526630.19857048	False	1252161954.6491055	0.0	1252161954.6491055	1852	3.385347277462089	8.463368193655223	66.76657130550231	134.00332973287436	1.1114772181363533	6333	True	20880000	True	0	45.0	155.0	12.75	0.0	2.0088	0.5859	6833401.92	165.0	False	0.0	8.728095417915045	16338.994622336962	326.77989244673927	0.06302595406648659	240	11.759999999999993	4052	2	45749184.94254349	7496200	680000	0.0	53925384.94254349	0.4426158432976517	False	0	25117054.65198148	0	0.0	True	420	38000000.0	0.0	13440000.0	3762	76557054.65198147	5.953891491976473	6.639237649464776	False	True
327	proceed	4.8	1.4277930428956507	1.15	2.4	3.6	178.0	1.9	2.1	0.11866792377395129	0.8820719022675113	0.9999999829802072	False	12525421.01219866	False	1252041084.3793783	0.0	1252041084.3793783	1852	3.385347277462089	8.463368193655223	66.76657130550231	134.00332973287436	1.1114772181363533	6333	True	20880000	True	0	45.0	155.0	12.75	0.0	2.0088	0.5859	6833401.92	165.0	False	0.0	8.727523183237675	16337.923399020929	326.7584679804186	0.06302182193516077	240	11.759999999999993	4051	2	45746185.5172586	7494350	680000	0.0	53920535.5172586	0.4426158432976517	False	0	25117054.65198148	0	0.0	True	420	38000000.0	0.0	13440000.0	3762	76557054.65198147	5.933396188697564	6.639237649464776	False	True
328	proceed	4.8	1.4277930428956507	1.15	2.4	3.6	178.0	1.9	2.1	0.11825942874334772	0.8819842832468523	0.9999999838999658	False	12524176.822105303	False	1251916715.1376462	0.0	1251916715.1376462	1852	3.385347277462089	8.463368193655223	66.76657130550231	134.00332973287436	1.1114772181363533	6333	True	20880000	True	0	45.0	155.0	12.75	0.0	2.0088	0.5859	6833401.92	165.0	False	0.0	8.726934383418847	16336.821165760082	326.73642331520165	0.06301757018623286	240	11.759999999999993	4051	2	45743099.26412823	7494350	680000	0.0	53917449.26412823	0.4426158432976517	False	0	25117054.65198148	0	0.0	True	420	38000000.0	0.0	13440000.0	3762	76557054.65198147	5.912971437167386	6.639237649464776	False	True
329	proceed	4.8	1.4277930428956507	1.15	2.4	3.6	178.0	1.9	2.1	0.11785233989046022	0.8818942113447421	0.9999999847700203	False	12522897.801095339	False	1251788864.1974902	0.0	1251788864.1974902	1851	3.385347277462089	8.463368193655223	66.76657130550231	134.00332973287436	1.1114772181363533	6333	True	20880000	True	0	45.0	155.0	12.75	0.0	2.0088	0.5859	6833401.92	165.0	False	0.0	8.726329100236665	16335.688075643038	326.7137615128608	0.0630131994102261	240	11.759999999999993	4051	2	45739926.61180051	7494350	680000	0.0	53914276.61180051	0.4426158432976517	False	0	25117054.65198148	0	0.0	True	420	38000000.0	0.0	13440000.0	3762	76557054.65198147	5.892616994523011	6.639237649464776	False	True
330	proceed	4.8	1.4277930428956507	1.15	2.4	3.6	178.0	1.9	2.1	0.11744665237475074	0.8818016985380015	0.9999999855930565	False	12521584.11923962	False	1251657548.5591927	0.0	1251657548.5591927	1851	3.385347277462089	8.463368193655223	66.76657130550231	134.00332973287436	1.1114772181363533	6333	True	20880000	True	0	45.0	155.0	12.75	0.0	2.0088	0.5859	6833401.92	165.0	False	0.0	8.72570741417537	16334.524279336294	326.6904855867259	0.06300871018832065	240	11.759999999999993	4050	2	45736667.98214162	7492500	680000	0.0	53909167.98214162	0.4426158432976517	False	0	25117054.65198148	0	0.0	True	420	38000000.0	0.0	13440000.0	3762	76557054.65198147	5.872332618737537	6.639237649464776	False	True
331	proceed	4.8	1.4277930428956507	1.15	2.4	3.6	178.0	1.9	2.1	0.11704236137234382	0.8817067566140502	0.9999999863716154	False	12520235.943919513	False	1251522784.9541945	0.0	1251522784.9541945	1851	3.385347277462089	8.463368193655223	66.76657130550231	134.00332973287436	1.1114772181363533	6333	True	20880000	True	0	45.0	155.0	12.75	0.0	2.0088	0.5859	6833401.92	165.0	False	0.0	8.725069404446417	16333.329925123693	326.66659850247385	0.06300410309250586	240	11.759999999999993	4050	2	45733323.79034634	7492500	680000	0.0	53905823.79034634	0.4426158432976517	False	0	25117054.65198148	0	0.0	True	420	38000000.0	0.0	13440000.0	3762	76557054.65198147	5.852118068617191	6.639237649464776	False	True
332	proceed	4.8	1.4277930428956507	1.15	2.4	3.6	178.0	1.9	2.1	0.11663946207596969	0.8816093971739921	0.9999999871081005	False	12518853.439870687	False	1251384589.849474	0.0	1251384589.849474	1851	3.385347277462089	8.463368193655223	66.76657130550231	134.00332973287436	1.1114772181363533	6333	True	20880000	True	0	45.0	155.0	12.75	0.0	2.0088	0.5859	6833401.92	165.0	False	0.0	8.724415149009227	16332.10515894527	326.6421031789054	0.06299937868573006	240	11.759999999999993	4050	2	45729894.44504676	7492500	680000	0.0	53902394.44504676	0.4426158432976517	False	0	25117054.65198148	0	0.0	True	420	38000000.0	0.0	13440000.0	3762	76557054.65198147	5.831973103798484	6.639237649464776	False	True
333	proceed	4.8	1.4277930428956507	1.15	2.4	3.6	178.0	1.9	2.1	0.11623794969490643	0.8815096316356485	0.9999999878047856	False	12517436.76922621	False	1251242979.451852	0.0	1251242979.451852	1851	3.385347277462089	8.463368193655223	66.76657130550231	134.00332973287436	1.1114772181363533	6333	True	20880000	True	0	45.0	155.0	12.75	0.0	2.0088	0.5859	6833401.92	165.0	False	0.0	8.723744724591558	16330.850124435397	326.61700248870795	0.06299453752204774	240	11.759999999999993	4050	2	45726380.348419115	7492500	680000	0.0	53898880.348419115	0.4426158432976517	False	0	25117054.65198148	0	0.0	True	420	38000000.0	0.0	13440000.0	3762	76557054.65198147	5.811897484745321	6.639237649464776	False	True
334	proceed	4.8	1.4277930428956507	1.15	2.4	3.6	178.0	1.9	2.1	0.1158378194549237	0.881407471236541	0.9999999884638214	False	12515986.091558881	False	1251097969.7122257	0.0	1251097969.7122257	1850	3.385347277462089	8.463368193655223	66.76657130550231	134.00332973287436	1.1114772181363533	6333	True	20880000	True	0	45.0	155.0	12.75	0.0	2.0088	0.5859	6833401.92	165.0	False	0.0	8.723058206709554	16329.564962960287	326.59129925920575	0.06298958014676424	240	11.759999999999993	4049	2	45722781.896288805	7490650	680000	0.0	53893431.896288805	0.4426158432976517	False	0	25117054.65198148	0	0.0	True	420	38000000.0	0.0	13440000.0	3762	76557054.65198147	5.791890972746185	6.639237649464776	False	True
335	proceed	4.8	1.4277930428956507	1.15	2.4	3.6	178.0	1.9	2.1	0.11543906659822563	0.8813029270368222	0.9999999890872426	False	12514501.563922876	False	1250949576.3297307	0.0	1250949576.3297307	1850	3.385347277462089	8.463368193655223	66.76657130550231	134.00332973287436	1.1114772181363533	6333	True	20880000	True	0	45.0	155.0	12.75	0.0	2.0088	0.5859	6833401.92	165.0	False	0.0	8.722355669687445	16328.249813654898	326.56499627309796	0.06298450709657798	240	11.759999999999993	4049	2	45719099.47823372	7490650	680000	0.0	53889749.47823372	0.4426158432976517	False	0	25117054.65198148	0	0.0	True	420	38000000.0	0.0	13440000.0	3762	76557054.65198147	5.771953329911281	6.639237649464776	False	True
336	proceed	4.8	1.4277930428956507	1.15	2.4	3.6	178.0	1.9	2.1	0.11504168638339418	0.8811960099221589	0.9999999896769739	False	12512983.340894656	False	1250797814.7558298	0.0	1250797814.7558298	1850	3.385347277462089	8.463368193655223	66.76657130550231	134.00332973287436	1.1114772181363533	6333	True	20880000	True	0	45.0	155.0	12.75	0.0	2.0088	0.5859	6833401.92	165.0	False	0.0	8.721637186676906	16326.90481345917	326.5380962691834	0.06297931889972042	240	11.759999999999993	4049	2	45715333.477685675	7490650	680000	0.0	53885983.477685675	0.4426158432976517	False	0	25117054.65198148	0	0.0	True	420	38000000.0	0.0	13440000.0	3762	76557054.65198147	5.752084319169709	6.639237649464776	False	True
337	proceed	4.8	1.4277930428956507	1.15	2.4	3.6	178.0	1.9	2.1	0.11464567408533301	0.8810867306065662	0.9999999902348357	False	12511431.57461324	False	1250642700.1983395	0.0	1250642700.1983395	1850	3.385347277462089	8.463368193655223	66.76657130550231	134.00332973287436	1.1114772181363533	6333	True	20880000	True	0	45.0	155.0	12.75	0.0	2.0088	0.5859	6833401.92	165.0	False	0.0	8.720902829676124	16325.530097153704	326.51060194307405	0.06297401607609353	240	11.759999999999993	4048	2	45711484.27203037	7488800	680000	0.0	53880284.27203037	0.4426158432976517	False	0	25117054.65198148	0	0.0	True	420	38000000.0	0.0	13440000.0	3762	76557054.65198147	5.73228370426665	6.639237649464776	False	True
338	proceed	4.8	1.4277930428956507	1.15	2.4	3.6	178.0	1.9	2.1	0.11425102499521095	0.8809750996351942	0.9999999907625503	False	12509846.414819757	False	1250484247.625383	0.0	1250484247.625383	1850	3.385347277462089	8.463368193655223	66.76657130550231	134.00332973287436	1.1114772181363533	6333	True	20880000	True	0	45.0	155.0	12.75	0.0	2.0088	0.5859	6833401.92	165.0	False	0.0	8.720152669548504	16324.1257973948	326.482515947896	0.06296859913740507	240	11.759999999999993	4048	2	45707552.23270544	7488800	680000	0.0	53876352.23270544	0.4426158432976517	False	0	25117054.65198148	0	0.0	True	420	38000000.0	0.0	13440000.0	3762	76557054.65198147	5.712551249760548	6.639237649464776	False	True
339	proceed	4.8	1.4277930428956507	1.15	2.4	3.6	178.0	1.9	2.1	0.11385773442040652	0.8808611273870689	0.999999991261747	False	12508228.008896379	False	1250322471.769282	0.0	1250322471.769282	1849	3.385347277462089	8.463368193655223	66.76657130550231	134.00332973287436	1.1114772181363533	6333	True	20880000	True	0	45.0	155.0	12.75	0.0	2.0088	0.5859	6833401.92	165.0	False	0.0	8.719386776041102	16322.692044748943	326.45384089497884	0.06296306858730152	240	11.759999999999993	4048	2	45703537.72529704	7488800	680000	0.0	53872337.72529704	0.4426158432976517	False	0	25117054.65198148	0	0.0	True	420	38000000.0	0.0	13440000.0	3762	76557054.65198147	5.692886721020326	6.639237649464776	False	True
340	proceed	4.8	1.4277930428956507	1.15	2.4	3.6	178.0	1.9	2.1	0.11346579768445147	0.8807448240777865	0.9999999917339668	False	12506576.50190457	False	1250157387.1303809	0.0	1250157387.1303809	1849	3.385347277462089	8.463368193655223	66.76657130550231	134.00332973287436	1.1114772181363533	6333	True	20880000	True	0	45.0	155.0	12.75	0.0	2.0088	0.5859	6833401.92	165.0	False	0.0	8.718605217802725	16321.2289677267	326.424579354534	0.06295742492149888	240	11.759999999999993	4047	2	45699441.10963476	7486950	680000	0.0	53866391.10963476	0.4426158432976517	False	0	25117054.65198148	0	0.0	True	420	38000000.0	0.0	13440000.0	3762	76557054.65198147	5.673289884222574	6.639237649464776	False	True
341	proceed	4.8	1.4277930428956507	1.15	2.4	3.6	178.0	1.9	2.1	0.11307521012697584	0.8806261997621644	0.9999999921806677	False	12504892.036622735	False	1249989007.9808087	0.0	1249989007.9808087	1849	3.385347277462089	8.463368193655223	66.76657130550231	134.00332973287436	1.1114772181363533	6333	True	20880000	True	0	45.0	155.0	12.75	0.0	2.0088	0.5859	6833401.92	165.0	False	0.0	8.717808062401744	16319.736692816065	326.3947338563213	0.0629516686279113	240	11.759999999999993	4047	2	45695262.73988498	7486950	680000	0.0	53862212.73988498	0.4426158432976517	False	0	25117054.65198148	0	0.0	True	420	38000000.0	0.0	13440000.0	3762	76557054.65198147	5.653760506348792	6.639237649464776	False	True
342	proceed	4.8	1.4277930428956507	1.15	2.4	3.6	178.0	1.9	2.1	0.11268596710365208	0.8805052643368468	0.9999999926032286	False	12503174.753583224	False	1249817348.368179	0.0	1249817348.368179	1849	3.385347277462089	8.463368193655223	66.76657130550231	134.00332973287436	1.1114772181363533	6333	True	20880000	True	0	45.0	155.0	12.75	0.0	2.0088	0.5859	6833401.92	165.0	False	0.0	8.71699537634361	16318.21534451524	326.3643068903048	0.06294580018677748	240	11.759999999999993	4046	2	45691002.964642674	7485100	680000	0.0	53856102.964642674	0.4426158432976517	False	0	25117054.65198148	0	0.0	True	420	38000000.0	0.0	13440000.0	3762	76557054.65198147	5.6342983551826045	6.639237649464776	False	True
343	proceed	4.8	1.4277930428956507	1.15	2.4	3.6	178.0	1.9	2.1	0.11229806398614	0.8803820275428695	0.9999999930029541	False	12501424.791108748	False	1249642422.1192305	0.0	1249642422.1192305	1848	3.385347277462089	8.463368193655223	66.76657130550231	134.00332973287436	1.1114772181363533	6333	True	20880000	True	0	45.0	155.0	12.75	0.0	2.0088	0.5859	6833401.92	165.0	False	0.0	8.716167225088084	16316.665045364893	326.3333009072979	0.06293982007078519	240	11.759999999999993	4046	2	45686662.1270217	7485100	680000	0.0	53851762.1270217	0.4426158432976517	False	0	25117054.65198148	0	0.0	True	420	38000000.0	0.0	13440000.0	3762	76557054.65198147	5.614903199307	6.639237649464776	False	True
344	proceed	4.8	1.4277930428956507	1.15	2.4	3.6	178.0	1.9	2.1	0.11191149616203175	0.88025649896818	0.999999993381078	False	12499642.285348156	False	1249464242.843402	0.0	1249464242.843402	1848	3.385347277462089	8.463368193655223	66.76657130550231	134.00332973287436	1.1114772181363533	6333	True	20880000	True	0	45.0	155.0	12.75	0.0	2.0088	0.5859	6833401.92	165.0	False	0.0	8.715323673066168	16315.08591597987	326.3017183195974	0.0629337287451935	240	11.759999999999993	4046	2	45682240.56474363	7485100	680000	0.0	53847340.56474363	0.4426158432976517	False	0	25117054.65198148	0	0.0	True	420	38000000.0	0.0	13440000.0	3762	76557054.65198147	5.5955748081015875	6.639237649464776	False	True
345	proceed	4.8	1.4277930428956507	1.15	2.4	3.6	178.0	1.9	2.1	0.11152625903479686	0.8801286880501189	0.9999999937387681	False	12497827.370311689	False	1249282823.9363565	0.0	1249282823.9363565	1848	3.385347277462089	8.463368193655223	66.76657130550231	134.00332973287436	1.1114772181363533	6333	True	20880000	True	0	45.0	155.0	12.75	0.0	2.0088	0.5859	6833401.92	165.0	False	0.0	8.7144647836968	16313.478075080406	326.2695615016081	0.06292752666795323	240	11.759999999999993	4045	2	45677738.61022513	7483250	680000	0.0	53840988.61022513	0.4426158432976517	False	0	25117054.65198148	0	0.0	True	420	38000000.0	0.0	13440000.0	3762	76557054.65198147	5.576312951739843	6.639237649464776	False	True
346	proceed	4.8	1.4277930428956507	1.15	2.4	3.6	178.0	1.9	2.1	0.1111423480237278	0.8799986040778593	0.9999999940771285	False	12495980.177905602	False	1249098178.583444	0.0	1249098178.583444	1847	3.385347277462089	8.463368193655223	66.76657130550231	134.00332973287436	1.1114772181363533	6333	True	20880000	True	0	45.0	155.0	12.75	0.0	2.0088	0.5859	6833401.92	165.0	False	0.0	8.713590619403215	16311.841639522818	326.2368327904564	0.06292121428982538	240	11.759999999999993	4045	2	45673156.59066389	7483250	680000	0.0	53836406.59066389	0.4426158432976517	False	0	25117054.65198148	0	0.0	True	420	38000000.0	0.0	13440000.0	3762	76557054.65198147	5.55711740118639	6.639237649464776	False	True
347	proceed	4.8	1.4277930428956507	1.15	2.4	3.6	178.0	1.9	2.1	0.1107597585638853	0.8798662561948067	0.9999999943972036	False	12494100.837966256	False	1248910319.7631068	0.0	1248910319.7631068	1847	3.385347277462089	8.463368193655223	66.76657130550231	134.00332973287436	1.1114772181363533	6333	True	20880000	True	0	45.0	155.0	12.75	0.0	2.0088	0.5859	6833401.92	165.0	False	0.0	8.7127012416291	16310.176724329678	326.2035344865936	0.06291479205449739	240	11.759999999999993	4044	2	45668494.8281231	7481400	680000	0.0	53829894.8281231	0.4426158432976517	False	0	25117054.65198148	0	0.0	True	420	38000000.0	0.0	13440000.0	3762	76557054.65198147	5.537987928194265	6.639237649464776	False	True
348	proceed	4.8	1.4277930428956507	1.15	2.4	3.6	178.0	1.9	2.1	0.11037848610604416	0.8797316534009602	0.9999999946999817	False	12492189.478293635	False	1248719260.2502317	0.0	1248719260.2502317	1847	3.385347277462089	8.463368193655223	66.76657130550231	134.00332973287436	1.1114772181363533	6333	True	20880000	True	0	45.0	155.0	12.75	0.0	2.0088	0.5859	6833401.92	165.0	False	0.0	8.71179671085445	16308.483442719535	326.1696688543907	0.06290826039869792	240	11.759999999999993	4044	2	45663753.639614694	7481400	680000	0.0	53825153.639614694	0.4426158432976517	False	0	25117054.65198148	0	0.0	True	420	38000000.0	0.0	13440000.0	3762	76557054.65198147	5.518924305302208	6.639237649464776	False	True
349	proceed	4.8	1.4277930428956507	1.15	2.4	3.6	178.0	1.9	2.1	0.10999852611663913	0.8795948045552352	0.9999999949863975	False	12490246.224684339	False	1248525012.6194465	0.0	1248525012.6194465	1847	3.385347277462089	8.463368193655223	66.76657130550231	134.00332973287436	1.1114772181363533	6333	True	20880000	True	0	45.0	155.0	12.75	0.0	2.0088	0.5859	6833401.92	165.0	False	0.0	8.71087708661118	16306.76190613613	326.13523812272257	0.06290161975230947	240	11.759999999999993	4044	2	45658933.33718116	7481400	680000	0.0	53820333.33718116	0.4426158432976517	False	0	25117054.65198148	0	0.0	True	420	38000000.0	0.0	13440000.0	3762	76557054.65198147	5.4999263058319565	6.639237649464776	False	True
350	proceed	4.8	1.4277930428956507	1.15	2.4	3.6	178.0	1.9	2.1	0.10961987407771107	0.8794557183777493	0.9999999952573352	False	12488271.20096404	False	1248327589.2483654	0.0	1248327589.2483654	1846	3.385347277462089	8.463368193655223	66.76657130550231	134.00332973287436	1.1114772181363533	6333	True	20880000	True	0	45.0	155.0	12.75	0.0	2.0088	0.5859	6833401.92	165.0	False	0.0	8.709942427498474	16305.012224277143	326.1002444855429	0.06289487053847936	240	11.759999999999993	4043	2	45654034.227976	7479550	680000	0.0	53813584.227976	0.4426158432976517	False	0	25117054.65198148	0	0.0	True	420	38000000.0	0.0	13440000.0	3762	76557054.65198147	5.480993703885553	6.639237649464776	False	True
351	proceed	4.8	1.4277930428956507	1.15	2.4	3.6	178.0	1.9	2.1	0.10924252548685312	0.8793144034520709	0.9999999955136313	False	12486264.529019406	False	1248127002.32078	0.0	1248127002.32078	1846	3.385347277462089	8.463368193655223	66.76657130550231	134.00332973287436	1.1114772181363533	6333	True	20880000	True	0	45.0	155.0	12.75	0.0	2.0088	0.5859	6833401.92	165.0	False	0.0	8.708992791197916	16303.2345051225	326.06469010245	0.06288801317372873	240	11.759999999999993	4043	2	45649056.614343	7479550	680000	0.0	53808606.614343	0.4426158432976517	False	0	25117054.65198148	0	0.0	True	420	38000000.0	0.0	13440000.0	3762	76557054.65198147	5.462126274342656	6.639237649464776	False	True
352	proceed	4.8	1.4277930428956507	1.15	2.4	3.6	178.0	1.9	2.1	0.10886647585715728	0.8791708682274314	0.9999999957560771	False	12484226.328829525	False	1247923263.8297994	0.0	1247923263.8297994	1846	3.385347277462089	8.463368193655223	66.76657130550231	134.00332973287436	1.1114772181363533	6333	True	20880000	True	0	45.0	155.0	12.75	0.0	2.0088	0.5859	6833401.92	165.0	False	0.0	8.708028234488337	16301.428854962169	326.02857709924336	0.06288104806806002	240	11.759999999999993	4042	2	45644000.793894075	7477700	680000	0.0	53801700.793894075	0.4426158432976517	False	0	25117054.65198148	0	0.0	True	420	38000000.0	0.0	13440000.0	3762	76557054.65198147	5.443323792857864	6.639237649464776	False	True
353	proceed	4.8	1.4277930428956507	1.15	2.4	3.6	178.0	1.9	2.1	0.10849172071716101	0.879025121020903	0.9999999959854209	False	12482156.718496824	False	1247716385.5809426	0.0	1247716385.5809426	1845	3.385347277462089	8.463368193655223	66.76657130550231	134.00332973287436	1.1114772181363533	6333	True	20880000	True	0	45.0	155.0	12.75	0.0	2.0088	0.5859	6833401.92	165.0	False	0.0	8.707048813260467	16299.595378423595	325.9919075684719	0.06287397562506257	240	11.759999999999993	4042	2	45638867.05958607	7477700	680000	0.0	53796567.05958607	0.4426158432976517	False	0	25117054.65198148	0	0.0	True	420	38000000.0	0.0	13440000.0	3762	76557054.65198147	5.42458603585805	6.639237649464776	False	True
354	proceed	4.8	1.4277930428956507	1.15	2.4	3.6	178.0	1.9	2.1	0.10811825561079397	0.8788771700195412	0.9999999962023709	False	12480055.814277485	False	1247506379.1951776	0.0	1247506379.1951776	1845	3.385347277462089	8.463368193655223	66.76657130550231	134.00332973287436	1.1114772181363533	6333	True	20880000	True	0	45.0	155.0	12.75	0.0	2.0088	0.5859	6833401.92	165.0	False	0.0	8.706054582531316	16297.734178498624	325.9546835699725	0.06286679624201662	240	11.759999999999993	4041	2	45633655.69979615	7475850	680000	0.0	53789505.69979615	0.4426158432976517	False	0	25117054.65198148	0	0.0	True	420	38000000.0	0.0	13440000.0	3762	76557054.65198147	5.4059127805396985	6.639237649464776	False	True
355	proceed	4.8	1.4277930428956507	1.15	2.4	3.6	178.0	1.9	2.1	0.1077460760973252	0.878727023282493	0.9999999964075968	False	12477923.7306114	False	1247293256.1119156	0.0	1247293256.1119156	1845	3.385347277462089	8.463368193655223	66.76657130550231	134.00332973287436	1.1114772181363533	6333	True	20880000	True	0	45.0	155.0	12.75	0.0	2.0088	0.5859	6833401.92	165.0	False	0.0	8.705045596458351	16295.845356570033	325.91690713140065	0.06285951030999552	240	11.759999999999993	4041	2	45628366.99839609	7475850	680000	0.0	53784216.99839609	0.4426158432976517	False	0	25117054.65198148	0	0.0	True	420	38000000.0	0.0	13440000.0	3762	76557054.65198147	5.38730380486626	6.639237649464776	False	True
356	proceed	4.8	1.4277930428956507	1.15	2.4	3.6	178.0	1.9	2.1	0.1073751777513102	0.8785746887430721	0.9999999966017322	False	12475760.580151623	False	1247077027.5919561	0.0	1247077027.5919561	1845	3.385347277462089	8.463368193655223	66.76657130550231	134.00332973287436	1.1114772181363533	6333	True	20880000	True	0	45.0	155.0	12.75	0.0	2.0088	0.5859	6833401.92	165.0	False	0.0	8.704021908353445	16293.929012437648	325.87858024875294	0.06285211821396666	240	11.759999999999993	4040	2	45623001.23482541	7474000	680000	0.0	53777001.23482541	0.4426158432976517	False	0	25117054.65198148	0	0.0	True	420	38000000.0	0.0	13440000.0	3762	76557054.65198147	5.36875888756551	6.639237649464776	False	True
357	proceed	4.8	1.4277930428956507	1.15	2.4	3.6	178.0	1.9	2.1	0.1070055561625383	0.8784201742108017	0.9999999967853764	False	12473566.473793384	False	1246857704.7203867	0.0	1246857704.7203867	1844	3.385347277462089	8.463368193655223	66.76657130550231	134.00332973287436	1.1114772181363533	6333	True	20880000	True	0	45.0	155.0	12.75	0.0	2.0088	0.5859	6833401.92	165.0	False	0.0	8.702983570696587	16291.98524434401	325.8397048868802	0.0628446203328903	240	11.759999999999993	4040	2	45617558.68416323	7474000	680000	0.0	53771558.68416323	0.4426158432976517	False	0	25117054.65198148	0	0.0	True	420	38000000.0	0.0	13440000.0	3762	76557054.65198147	5.350277808126915	6.639237649464776	False	True
358	proceed	4.8	1.4277930428956507	1.15	2.4	3.6	178.0	1.9	2.1	0.10663720693598037	0.8782634873734242	0.9999999969590964	False	12471341.520702623	False	1246635298.4094343	0.0	1246635298.4094343	1844	3.385347277462089	8.463368193655223	66.76657130550231	134.00332973287436	1.1114772181363533	6333	True	20880000	True	0	45.0	155.0	12.75	0.0	2.0088	0.5859	6833401.92	165.0	False	0.0	8.70193063514941	16290.014148999697	325.80028297999394	0.06283701703981733	240	11.759999999999993	4039	2	45612039.61719915	7472150	680000	0.0	53764189.61719915	0.4426158432976517	False	0	25117054.65198148	0	0.0	True	420	38000000.0	0.0	13440000.0	3762	76557054.65198147	5.331860346799019	6.639237649464776	False	True
359	proceed	4.8	1.4277930428956507	1.15	2.4	3.6	178.0	1.9	2.1	0.10627012569173636	0.8781046357988802	0.9999999971234284	False	12469085.8283441	False	1246409819.401276	0.0	1246409819.401276	1844	3.385347277462089	8.463368193655223	66.76657130550231	134.00332973287436	1.1114772181363533	6333	True	20880000	True	0	45.0	155.0	12.75	0.0	2.0088	0.5859	6833401.92	165.0	False	0.0	8.700863152568473	16288.015821608185	325.76031643216373	0.06282930870198515	240	11.759999999999993	4039	2	45606444.30050292	7472150	680000	0.0	53758594.30050292	0.4426158432976517	False	0	25117054.65198148	0	0.0	True	420	38000000.0	0.0	13440000.0	3762	76557054.65198147	5.3135062845868175	6.639237649464776	False	True
360	proceed	4.8	1.4277930428956507	1.15	2.4	3.6	178.0	1.9	2.1	0.10590430806498334	0.8779436269372555	0.9999999972788799	False	12466799.502509028	False	1246181278.2708025	0.0	1246181278.2708025	1843	3.385347277462089	8.463368193655223	66.76657130550231	134.00332973287436	1.1114772181363533	6333	True	20880000	True	0	45.0	155.0	12.75	0.0	2.0088	0.5859	6833401.92	165.0	False	0.0	8.699781173018355	16285.990355890364	325.7198071178073	0.06282149568091223	240	11.759999999999993	4038	2	45600772.99649302	7470300	680000	0.0	53751072.99649302	0.4426158432976517	False	0	25117054.65198148	0	0.0	True	420	38000000.0	0.0	13440000.0	3762	76557054.65198147	5.295215403249167	6.639237649464776	False	True
361	proceed	4.8	1.4277930428956507	1.15	2.4	3.6	178.0	1.9	2.1	0.10553974970592359	0.8777804681226994	0.9999999974259306	False	12464482.647342332	False	1245949685.4283395	0.0	1245949685.4283395	1843	3.385347277462089	8.463368193655223	66.76657130550231	134.00332973287436	1.1114772181363533	6333	True	20880000	True	0	45.0	155.0	12.75	0.0	2.0088	0.5859	6833401.92	165.0	False	0.0	8.698684745784538	16283.93784410866	325.6787568821732	0.0628135783324912	240	11.759999999999993	4038	2	45595025.96350425	7470300	680000	0.0	53745325.96350425	0.4426158432976517	False	0	25117054.65198148	0	0.0	True	420	38000000.0	0.0	13440000.0	3762	76557054.65198147	5.276987485296179	6.639237649464776	False	True
362	proceed	4.8	1.4277930428956507	1.15	2.4	3.6	178.0	1.9	2.1	0.10517644627973288	0.8776151665753114	0.9999999975650347	False	12462135.36536942	False	1245715051.1223273	0.0	1245715051.1223273	1842	3.385347277462089	8.463368193655223	66.76657130550231	134.00332973287436	1.1114772181363533	6333	True	20880000	True	0	45.0	155.0	12.75	0.0	2.0088	0.5859	6833401.92	165.0	False	0.0	8.697573919386091	16281.858377090764	325.6371675418153	0.06280555700708029	240	11.759999999999993	4037	2	45589203.45585414	7468450	680000	0.0	53737653.45585414	0.4426158432976517	False	0	25117054.65198148	0	0.0	True	420	38000000.0	0.0	13440000.0	3762	76557054.65198147	5.258822313986644	6.639237649464776	False	True
363	proceed	4.8	1.4277930428956507	1.15	2.4	3.6	178.0	1.9	2.1	0.10481439346650881	0.8774477294029992	0.9999999976966215	False	12459757.757522589	False	1245477385.441958	0.0	1245477385.441958	1842	3.385347277462089	8.463368193655223	66.76657130550231	134.00332973287436	1.1114772181363533	6333	True	20880000	True	0	45.0	155.0	12.75	0.0	2.0088	0.5859	6833401.92	165.0	False	0.0	8.696448741588155	16279.752044253026	325.59504088506054	0.06279743204959372	240	11.759999999999993	4037	2	45583305.72390847	7468450	680000	0.0	53731755.72390847	0.4426158432976517	False	0	25117054.65198148	0	0.0	True	420	38000000.0	0.0	13440000.0	3762	76557054.65198147	5.24071967332544	6.639237649464776	False	True
364	proceed	4.8	1.4277930428956507	1.15	2.4	3.6	178.0	1.9	2.1	0.10445358696121965	0.8772781636033089	0.9999999978210973	False	12457349.923166987	False	1245236698.319772	0.0	1245236698.319772	1842	3.385347277462089	8.463368193655223	66.76657130550231	134.00332973287436	1.1114772181363533	6333	True	20880000	True	0	45.0	155.0	12.75	0.0	2.0088	0.5859	6833401.92	165.0	False	0.0	8.695309259414236	16277.618933623447	325.55237867246893	0.0627892037995902	240	11.759999999999993	4036	2	45577333.01414565	7466600	680000	0.0	53723933.01414565	0.4426158432976517	False	0	25117054.65198148	0	0.0	True	420	38000000.0	0.0	13440000.0	3762	76557054.65198147	5.222679348060982	6.639237649464776	False	True
365	proceed	4.8	1.4277930428956507	1.15	2.4	3.6	178.0	1.9	2.1	0.10409402247365303	0.8771064760652256	0.9999999979388464	False	12454911.960126204	False	1244992999.5342155	0.0	1244992999.5342155	1841	3.385347277462089	8.463368193655223	66.76657130550231	134.00332973287436	1.1114772181363533	6333	True	20880000	True	0	45.0	155.0	12.75	0.0	2.0088	0.5859	6833401.92	165.0	False	0.0	8.694155519158317	16275.459131864367	325.5091826372873	0.06278087259136063	240	11.759999999999993	4036	2	45571285.56922023	7466600	680000	0.0	53717885.56922023	0.4426158432976517	False	0	25117054.65198148	0	0.0	True	420	38000000.0	0.0	13440000.0	3762	76557054.65198147	5.204701123682652	6.639237649464776	False	True
366	proceed	4.8	1.4277930428956507	1.15	2.4	3.6	178.0	1.9	2.1	0.10373569572836482	0.8769326735709468	0.9999999980502322	False	12452443.964707445	False	1244746298.7121563	0.0	1244746298.7121563	1841	3.385347277462089	8.463368193655223	66.76657130550231	134.00332973287436	1.1114772181363533	6333	True	20880000	True	0	45.0	155.0	12.75	0.0	2.0088	0.5859	6833401.92	165.0	False	0.0	8.692987566396763	16273.272724294739	325.4654544858948	0.06277243875401389	240	11.759999999999993	4035	2	45565163.62802527	7464750	680000	0.0	53709913.62802527	0.4426158432976517	False	0	25117054.65198148	0	0.0	True	420	38000000.0	0.0	13440000.0	3762	76557054.65198147	5.186784786418241	6.639237649464776	False	True
367	proceed	4.8	1.4277930428956507	1.15	2.4	3.6	178.0	1.9	2.1	0.10337860246462859	0.8767567627976299	0.9999999981555987	False	12449946.031726345	False	1244496605.3313656	0.0	1244496605.3313656	1841	3.385347277462089	8.463368193655223	66.76657130550231	134.00332973287436	1.1114772181363533	6333	True	20880000	True	0	45.0	155.0	12.75	0.0	2.0088	0.5859	6833401.92	165.0	False	0.0	8.691805446000073	16271.059794912135	325.42119589824273	0.0627639026115618	240	11.759999999999993	4035	2	45558967.42575398	7464750	680000	0.0	53703717.42575398	0.4426158432976517	False	0	25117054.65198148	0	0.0	True	420	38000000.0	0.0	13440000.0	3762	76557054.65198147	5.168930123231429	6.639237649464776	False	True
368	proceed	4.8	1.4277930428956507	1.15	2.4	3.6	178.0	1.9	2.1	0.10302273843638461	0.8765787503191101	0.9999999982552711	False	12447418.254531365	False	1244243928.7229552	0.0	1244243928.7229552	1840	3.385347277462089	8.463368193655223	66.76657130550231	134.00332973287436	1.1114772181363533	6333	True	20880000	True	0	45.0	155.0	12.75	0.0	2.0088	0.5859	6833401.92	165.0	False	0.0	8.690609202144419	16268.820426414353	325.3764085282871	0.06275526448300238	240	11.759999999999993	4034	2	45552697.19396019	7462900	680000	0.0	53695597.19396019	0.4426158432976517	False	0	25117054.65198148	0	0.0	True	420	38000000.0	0.0	13440000.0	3762	76557054.65198147	5.151136921819231	6.639237649464776	False	True
369	proceed	4.8	1.4277930428956507	1.15	2.4	3.6	178.0	1.9	2.1	0.10266809941218966	0.8763986426075957	0.9999999983495572	False	12444860.72502786	False	1243988278.0737848	0.0	1243988278.0737848	1840	3.385347277462089	8.463368193655223	66.76657130550231	134.00332973287436	1.1114772181363533	6333	True	20880000	True	0	45.0	155.0	12.75	0.0	2.0088	0.5859	6833401.92	165.0	False	0.0	8.689398878323043	16266.554700220739	325.33109400441475	0.06274652468240224	240	11.759999999999993	4034	2	45546353.16061807	7462900	680000	0.0	53689253.16061807	0.4426158432976517	False	0	25117054.65198148	0	0.0	True	420	38000000.0	0.0	13440000.0	3762	76557054.65198147	5.133404970609483	6.639237649464776	False	True
370	proceed	4.8	1.4277930428956507	1.15	2.4	3.6	178.0	1.9	2.1	0.10231468117516643	0.876216446035334	0.999999998438748	False	12442273.533701742	False	1243729662.4288263	0.0	1243729662.4288263	1840	3.385347277462089	8.463368193655223	66.76657130550231	134.00332973287436	1.1114772181363533	6333	True	20880000	True	0	45.0	155.0	12.75	0.0	2.0088	0.5859	6833401.92	165.0	False	0.0	8.688174517357442	16264.262696493133	325.2852539298627	0.06273768351897725	240	11.759999999999993	4033	2	45539935.55018077	7461050	680000	0.0	53680985.55018077	0.4426158432976517	False	0	25117054.65198148	0	0.0	True	420	38000000.0	0.0	13440000.0	3762	76557054.65198147	5.1157340587583215	6.639237649464776	False	True
371	proceed	4.8	1.4277930428956507	1.15	2.4	3.6	178.0	1.9	2.1	0.10196247952295366	0.8760321668762557	0.9999999985231189	False	12439656.769642832	False	1243468090.6934977	0.0	1243468090.6934977	1839	3.385347277462089	8.463368193655223	66.76657130550231	134.00332973287436	1.1114772181363533	6333	True	20880000	True	0	45.0	155.0	12.75	0.0	2.0088	0.5859	6833401.92	165.0	False	0.0	8.686936161408438	16261.944494156596	325.23888988313195	0.06272874129717251	240	11.759999999999993	4032	2	45533444.58363847	7459200	680000	0.0	53672644.58363847	0.4426158432976517	False	0	25117054.65198148	0	0.0	True	420	38000000.0	0.0	13440000.0	3762	76557054.65198147	5.098123976147683	6.639237649464776	False	True
372	proceed	4.8	1.4277930428956507	1.15	2.4	3.6	178.0	1.9	2.1	0.10161149026765588	0.8758458113075915	0.9999999986029303	False	12437010.520567799	False	1243203571.6359572	0.0	1243203571.6359572	1839	3.385347277462089	8.463368193655223	66.76657130550231	134.00332973287436	1.1114772181363533	6333	True	20880000	True	0	45.0	155.0	12.75	0.0	2.0088	0.5859	6833401.92	165.0	False	0.0	8.685683851987015	16259.600170919692	325.1920034183938	0.06271969831674064	240	11.759999999999993	4032	2	45526880.47857514	7459200	680000	0.0	53666080.47857514	0.4426158432976517	False	0	25117054.65198148	0	0.0	True	420	38000000.0	0.0	13440000.0	3762	76557054.65198147	5.080574513382794	6.639237649464776	False	True
373	proceed	4.8	1.4277930428956507	1.15	2.4	3.6	178.0	1.9	2.1	0.101261709235794	0.8756573854114658	0.9999999986784287	False	12434334.872842813	False	1242936113.8893678	0.0	1242936113.8893678	1838	3.385347277462089	8.463368193655223	66.76657130550231	134.00332973287436	1.1114772181363533	6333	True	20880000	True	0	45.0	155.0	12.75	0.0	2.0088	0.5859	6833401.92	165.0	False	0.0	8.684417629965049	16257.229803294575	325.1445960658915	0.06271055487281925	240	11.759999999999993	4031	2	45520243.44922481	7457350	680000	0.0	53657593.44922481	0.4426158432976517	False	0	25117054.65198148	0	0.0	True	420	38000000.0	0.0	13440000.0	3762	76557054.65198147	5.0630854617897	6.639237649464776	False	True
374	proceed	4.8	1.4277930428956507	1.15	2.4	3.6	178.0	1.9	2.1	0.1009131322682552	0.8754668951764656	0.9999999987498471	False	12431629.91150581	False	1242665725.9541209	0.0	1242665725.9541209	1838	3.385347277462089	8.463368193655223	66.76657130550231	134.00332973287436	1.1114772181363533	6333	True	20880000	True	0	45.0	155.0	12.75	0.0	2.0088	0.5859	6833401.92	165.0	False	0.0	8.683137535585848	16254.833466616708	325.09666933233416	0.06270131125600695	240	11.759999999999993	4031	2	45513533.706526786	7457350	680000	0.0	53650883.706526786	0.4426158432976517	False	0	25117054.65198148	0	0.0	True	420	38000000.0	0.0	13440000.0	3762	76557054.65198147	5.04565661341276	6.639237649464776	False	True
375	proceed	4.8	1.4277930428956507	1.15	2.4	3.6	178.0	1.9	2.1	0.10056575522024389	0.8752743464991876	0.9999999988174061	False	12428895.720288463	False	1242392416.2000349	0.0	1242392416.2000349	1838	3.385347277462089	8.463368193655223	66.76657130550231	134.00332973287436	1.1114772181363533	6333	True	20880000	True	0	45.0	155.0	12.75	0.0	2.0088	0.5859	6833401.92	165.0	False	0.0	8.681843608474539	16252.411235064339	325.0482247012868	0.06269196775243854	240	11.759999999999993	4030	2	45506751.45818015	7455500	680000	0.0	53642251.45818015	0.4426158432976517	False	0	25117054.65198148	0	0.0	True	420	38000000.0	0.0	13440000.0	3762	76557054.65198147	5.028287761012194	6.639237649464776	False	True
376	proceed	4.8	1.4277930428956507	1.15	2.4	3.6	178.0	1.9	2.1	0.10021957396123221	0.8750797451857608	0.9999999988813141	False	12426132.381637804	False	1242116192.868515	0.0	1242116192.868515	1837	3.385347277462089	8.463368193655223	66.76657130550231	134.00332973287436	1.1114772181363533	6333	True	20880000	True	0	45.0	155.0	12.75	0.0	2.0088	0.5859	6833401.92	165.0	False	0.0	8.680535887648311	16249.96318167764	324.9992636335528	0.0626825246438588	240	11.759999999999993	4029	2	45499896.90869739	7453650	680000	0.0	53633546.90869739	0.4426158432976517	False	0	25117054.65198148	0	0.0	True	420	38000000.0	0.0	13440000.0	3762	76557054.65198147	5.010978698061611	6.639237649464776	False	True
377	proceed	4.8	1.4277930428956507	1.15	2.4	3.6	178.0	1.9	2.1	0.09987458437491101	0.8748830969533462	0	False	12423339.976737516	False	1241837064.0746822	0.0	1241837064.0746822	1837	3.385347277462089	8.463368193655223	66.76657130550231	134.00332973287436	1.1114772181363533	6333	True	20880000	True	0	45.0	155.0	12.75	0.0	2.0088	0.5859	6833401.92	165.0	False	0.0	8.679214411526486	16247.48937837758	324.9497875675516	0.06267298220769532	240	11.759999999999993	4029	2	45492970.25945722	7453650	680000	0.0	53626620.25945722	0.4426158432976517	False	0	25117054.65198148	0	0.0	True	420	38000000.0	0.0	13440000.0	3762	76557054.65198147	4.993729218745551	6.639237649464776	False	True
378	proceed	4.8	1.4277930428956507	1.15	2.4	3.6	178.0	1.9	2.1	0.09953078235914078	0.8746844074316155	0	False	12420518.58552894	False	1241555037.809473	0.0	1241555037.809473	1836	3.385347277462089	8.463368193655223	66.76657130550231	134.00332973287436	1.1114772181363533	6333	True	20880000	True	0	45.0	155.0	12.75	0.0	2.0088	0.5859	6833401.92	165.0	False	0.0	8.677879217940456	16244.989895984536	324.89979791969074	0.06266334071713026	240	11.759999999999993	4028	2	45485971.7087567	7451800	680000	0.0	53617771.7087567	0.4426158432976517	False	0	25117054.65198148	0	0.0	True	420	38000000.0	0.0	13440000.0	3762	76557054.65198147	4.9765391179570395	6.639237649464776	False	True
379	proceed	4.8	1.4277930428956507	1.15	2.4	3.6	178.0	1.9	2.1	0.09918816382590308	0.8744836821642071	0	False	12417668.28673174	False	1241270121.9417048	0.0	1241270121.9417048	1836	3.385347277462089	8.463368193655223	66.76657130550231	134.00332973287436	1.1114772181363533	6333	True	20880000	True	0	45.0	155.0	12.75	0.0	2.0088	0.5859	6833401.92	165.0	False	0.0	8.67653034414347	16242.46480423658	324.84929608473163	0.06265360044117088	240	11.759999999999993	4028	2	45478901.451862425	7451800	680000	0.0	53610701.451862425	0.4426158432976517	False	0	25117054.65198148	0	0.0	True	420	38000000.0	0.0	13440000.0	3762	76557054.65198147	4.959408191295154	6.639237649464776	False	True
380	proceed	4.8	1.4277930428956507	1.15	2.4	3.6	178.0	1.9	2.1	0.09884672470125169	0.8742809266101613	0	False	12414789.157864291	False	1240982324.2201147	0.0	1240982324.2201147	1835	3.385347277462089	8.463368193655223	66.76657130550231	134.00332973287436	1.1114772181363533	6333	True	20880000	True	0	45.0	155.0	12.75	0.0	2.0088	0.5859	6833401.92	165.0	False	0.0	8.675167826820283	16239.91417180757	324.7982834361514	0.06264376164471938	240	11.759999999999993	4027	2	45471759.68106119	7449950	680000	0.0	53601709.68106119	0.4426158432976517	False	0	25117054.65198148	0	0.0	True	420	38000000.0	0.0	13440000.0	3762	76557054.65198147	4.942336235062585	6.639237649464776	False	True
381	proceed	4.8	1.4277930428956507	1.15	2.4	3.6	178.0	1.9	2.1	0.09850646092526434	0.8740761461453335	0	False	12411881.275263736	False	1240691652.275363	0.0	1240691652.275363	1835	3.385347277462089	8.463368193655223	66.76657130550231	134.00332973287436	1.1114772181363533	6333	True	20880000	True	0	45.0	155.0	12.75	0.0	2.0088	0.5859	6833401.92	165.0	False	0.0	8.67379170209664	16237.33806632491	324.7467613264982	0.06263382458864138	240	11.759999999999993	4026	2	45464546.58570975	7448100	680000	0.0	53592646.58570975	0.4426158432976517	False	0	25117054.65198148	0	0.0	True	420	38000000.0	0.0	13440000.0	3762	76557054.65198147	4.925323046263217	6.639237649464776	False	True
382	proceed	4.8	1.4277930428956507	1.15	2.4	3.6	178.0	1.9	2.1	0.09816736845199438	0.8738693460637875	0	False	12408944.714105783	False	1240398113.622014	0.0	1240398113.622014	1835	3.385347277462089	8.463368193655223	66.76657130550231	134.00332973287436	1.1114772181363533	6333	True	20880000	True	0	45.0	155.0	12.75	0.0	2.0088	0.5859	6833401.92	165.0	False	0.0	8.672402005548651	16234.736554387078	324.69473108774156	0.06262378952983347	240	11.759999999999993	4026	2	45457262.35228382	7448100	680000	0.0	53585362.35228382	0.4426158432976517	False	0	25117054.65198148	0	0.0	True	420	38000000.0	0.0	13440000.0	3762	76557054.65198147	4.908368422599719	6.639237649464776	False	True
383	proceed	4.8	1.4277930428956507	1.15	2.4	3.6	178.0	1.9	2.1	0.0978294432494227	0.8736605315791686	0	False	12405979.548424194	False	1240101715.6604824	0.0	1240101715.6604824	1834	3.385347277462089	8.463368193655223	66.76657130550231	134.00332973287436	1.1114772181363533	6333	True	20880000	True	0	45.0	155.0	12.75	0.0	2.0088	0.5859	6833401.92	165.0	False	0.0	8.67099877221201	16232.109701580886	324.64219403161775	0.0626136567212899	240	11.759999999999993	4025	2	45449907.16442648	7446250	680000	0.0	53576157.16442648	0.4426158432976517	False	0	25117054.65198148	0	0.0	True	420	38000000.0	0.0	13440000.0	3762	76557054.65198147	4.8914721624711355	6.639237649464776	False	True
384	proceed	4.8	1.4277930428956507	1.15	2.4	3.6	178.0	1.9	2.1	0.09749268129940976	0.8734497078260557	0	False	12402985.85112999	False	1239802465.678954	0.0	1239802465.678954	1834	3.385347277462089	8.463368193655223	66.76657130550231	134.00332973287436	1.1114772181363533	6333	True	20880000	True	0	45.0	155.0	12.75	0.0	2.0088	0.5859	6833401.92	165.0	False	0.0	8.669582036591093	16229.457572498526	324.58915144997053	0.06260342641216828	240	11.759999999999993	4024	2	45442481.202995874	7444400	680000	0.0	53566881.202995874	0.4426158432976517	False	0	25117054.65198148	0	0.0	True	420	38000000.0	0.0	13440000.0	3762	76557054.65198147	4.874634064970488	6.639237649464776	False	True
385	proceed	4.8	1.4277930428956507	1.15	2.4	3.6	178.0	1.9	2.1	0.09715707859764772	0.8732368798612944	0	False	12399963.69403038	False	1239500370.8552768	0.0	1239500370.8552768	1833	3.385347277462089	8.463368193655223	66.76657130550231	134.00332973287436	1.1114772181363533	6333	True	20880000	True	0	45.0	155.0	12.75	0.0	2.0088	0.5859	6833401.92	165.0	False	0.0	8.668151832667897	16226.780230754306	324.53560461508613	0.06259309884785406	240	11.759999999999993	4024	2	45434984.646112055	7444400	680000	0.0	53559384.646112055	0.4426158432976517	False	0	25117054.65198148	0	0.0	True	420	38000000.0	0.0	13440000.0	3762	76557054.65198147	4.857853929882386	6.639237649464776	False	True
386	proceed	4.8	1.4277930428956507	1.15	2.4	3.6	178.0	1.9	2.1	0.09682263115361302	0.8730220526653119	0	False	12396913.147847429	False	1239195438.258829	0.0	1239195438.258829	1833	3.385347277462089	8.463368193655223	66.76657130550231	134.00332973287436	1.1114772181363533	6333	True	20880000	True	0	45.0	155.0	12.75	0.0	2.0088	0.5859	6833401.92	165.0	False	0.0	8.666708193910896	16224.077739001197	324.48155478002394	0.06258267427002455	240	11.759999999999993	4023	2	45427417.66920335	7442550	680000	0.0	53549967.66920335	0.4426158432976517	False	0	25117054.65198148	0	0.0	True	420	38000000.0	0.0	13440000.0	3762	76557054.65198147	4.841131557680651	6.639237649464776	False	True
387	proceed	4.8	1.4277930428956507	1.15	2.4	3.6	178.0	1.9	2.1	0.0964893349905188	0.8728052311434102	0	False	12393834.282236425	False	1238887674.852353	0.0	1238887674.852353	1832	3.385347277462089	8.463368193655223	66.76657130550231	134.00332973287436	1.1114772181363533	6333	True	20880000	True	0	45.0	155.0	12.75	0.0	2.0088	0.5859	6833401.92	165.0	False	0.0	8.665251153283716	16221.350158947116	324.42700317894236	0.06257215291671153	240	11.759999999999993	4022	2	45419780.44505192	7440700	680000	0.0	53540480.44505192	0.4426158432976517	False	0	25117054.65198148	0	0.0	True	420	38000000.0	0.0	13440000.0	3762	76557054.65198147	4.82446674952594	6.639237649464776	False	True
388	proceed	4.8	1.4277930428956507	1.15	2.4	3.6	178.0	1.9	2.1	0.09615718614526764	0.8725864201270445	0	False	12390727.165804032	False	1238577087.493771	0.0	1238577087.493771	1832	3.385347277462089	8.463368193655223	66.76657130550231	134.00332973287436	1.1114772181363533	6333	True	20880000	True	0	45.0	155.0	12.75	0.0	2.0088	0.5859	6833401.92	165.0	False	0.0	8.663780743253739	16218.597551371	324.37195102742	0.06256153502236336	240	11.759999999999993	4022	2	45412073.1438388	7440700	680000	0.0	53532773.1438388	0.4426158432976517	False	0	25117054.65198148	0	0.0	True	420	38000000.0	0.0	13440000.0	3762	76557054.65198147	4.8078593072633815	6.639237649464776	False	True
389	proceed	4.8	1.4277930428956507	1.15	2.4	3.6	178.0	1.9	2.1	0.09582618066840437	0.8723656243750786	0	False	12387591.866126116	False	1238263682.9379666	0.0	1238263682.9379666	1831	3.385347277462089	8.463368193655223	66.76657130550231	134.00332973287436	1.1114772181363533	6333	True	20880000	True	0	45.0	155.0	12.75	0.0	2.0088	0.5859	6833401.92	165.0	False	0.0	8.662296995800528	16215.81997613859	324.3163995227718	0.06255082081790585	240	11.759999999999993	4021	2	45404295.93318805	7438850	680000	0.0	53523145.93318805	0.4426158432976517	False	0	25117054.65198148	0	0.0	True	420	38000000.0	0.0	13440000.0	3762	76557054.65198147	4.791309033420219	6.639237649464776	False	True
390	proceed	4.8	1.4277930428956507	1.15	2.4	3.6	178.0	1.9	2.1	0.09549631462406932	0.8721428485750276	0	False	12384428.449765392	False	1237947467.8385487	0.0	1237947467.8385487	1831	3.385347277462089	8.463368193655223	66.76657130550231	134.00332973287436	1.1114772181363533	6333	True	20880000	True	0	45.0	155.0	12.75	0.0	2.0088	0.5859	6833401.92	165.0	False	0.0	8.660799942424184	16213.017492218072	324.26034984436143	0.06254001053080253	240	11.759999999999993	4020	2	45396448.978210606	7437000	680000	0.0	53513448.978210606	0.4426158432976517	False	0	25117054.65198148	0	0.0	True	420	38000000.0	0.0	13440000.0	3762	76557054.65198147	4.774815731203466	6.639237649464776	False	True
391	proceed	4.8	1.4277930428956507	1.15	2.4	3.6	178.0	1.9	2.1	0.09516758408995128	0.8719180973442784	0	False	12381236.982288754	False	1237628448.749584	0.0	1237628448.749584	1831	3.385347277462089	8.463368193655223	66.76657130550231	134.00332973287436	1.1114772181363533	6333	True	20880000	True	0	45.0	155.0	12.75	0.0	2.0088	0.5859	6833401.92	165.0	False	0.0	8.65928961415355	16210.190157695448	324.20380315390895	0.06252910438511412	240	11.759999999999993	4020	2	45388532.44154725	7437000	680000	0.0	53505532.44154725	0.4426158432976517	False	0	25117054.65198148	0	0.0	True	420	38000000.0	0.0	13440000.0	3762	76557054.65198147	4.758379204497564	6.639237649464776	False	True
392	proceed	4.8	1.4277930428956507	1.15	2.4	3.6	178.0	1.9	2.1	0.09483998515724097	0.8716913752312954	0	False	12378017.528284393	False	1237306632.127308	0.0	1237306632.127308	1830	3.385347277462089	8.463368193655223	66.76657130550231	134.00332973287436	1.1114772181363533	6333	True	20880000	True	0	45.0	155.0	12.75	0.0	2.0088	0.5859	6833401.92	165.0	False	0.0	8.657766041554304	16207.338029789657	324.1467605957931	0.06251810260155662	240	11.759999999999993	4019	2	45380546.48341104	7435150	680000	0.0	53495696.48341104	0.4426158432976517	False	0	25117054.65198148	0	0.0	True	420	38000000.0	0.0	13440000.0	3762	76557054.65198147	4.741999257862049	6.639237649464776	False	True
393	proceed	4.8	1.4277930428956507	1.15	2.4	3.6	178.0	1.9	2.1	0.09451351393058458	0.8714626867168084	0	False	12374770.151378678	False	1236982024.3318129	0.0	1236982024.3318129	1830	3.385347277462089	8.463368193655223	66.76657130550231	134.00332973287436	1.1114772181363533	6333	True	20880000	True	0	45.0	155.0	12.75	0.0	2.0088	0.5859	6833401.92	165.0	False	0.0	8.656229254736951	16204.461164867573	324.08922329735145	0.06250700539755932	240	11.759999999999993	4018	2	45372491.2616292	7433300	680000	0.0	53485791.2616292	0.4426158432976517	False	0	25117054.65198148	0	0.0	True	420	38000000.0	0.0	13440000.0	3762	76557054.65198147	4.725675696529229	6.639237649464776	False	True
394	proceed	4.8	1.4277930428956507	1.15	2.4	3.6	178.0	1.9	2.1	0.09418816652803733	0.8712320362149836	0	False	12371494.914252767	False	1236654631.6287067	0.0	1236654631.6287067	1829	3.385347277462089	8.463368193655223	66.76657130550231	134.00332973287436	1.1114772181363533	6333	True	20880000	True	0	45.0	155.0	12.75	0.0	2.0088	0.5859	6833401.92	165.0	False	0.0	8.654679283364688	16201.5596184587	324.031192369174	0.06249581298732147	240	11.759999999999993	4017	2	45364366.93168436	7431450	680000	0.0	53475816.93168436	0.4426158432976517	False	0	25117054.65198148	0	0.0	True	420	38000000.0	0.0	13440000.0	3762	76557054.65198147	4.709408326401866	6.639237649464776	False	True
395	proceed	4.8	1.4277930428956507	1.15	2.4	3.6	178.0	1.9	2.1	0.09386393908101753	0.8709994280745785	0	False	12368191.878659016	False	1236324460.1907554	0.0	1236324460.1907554	1829	3.385347277462089	8.463368193655223	66.76657130550231	134.00332973287436	1.1114772181363533	6333	True	20880000	True	0	45.0	155.0	12.75	0.0	2.0088	0.5859	6833401.92	165.0	False	0.0	8.653116156661167	16198.633445269705	323.9726689053941	0.06248452558186825	240	11.759999999999993	4017	2	45356173.646755174	7431450	680000	0.0	53467623.646755174	0.4426158432976517	False	0	25117054.65198148	0	0.0	True	420	38000000.0	0.0	13440000.0	3762	76557054.65198147	4.693196954050877	6.639237649464776	False	True
396	proceed	4.8	1.4277930428956507	1.15	2.4	3.6	178.0	1.9	2.1	0.09354082773426041	0.8707648665800803	0	False	12364861.10543714	False	1235991516.0994966	0.0	1235991516.0994966	1828	3.385347277462089	8.463368193655223	66.76657130550231	134.00332973287436	1.1114772181363533	6333	True	20880000	True	0	45.0	155.0	12.75	0.0	2.0088	0.5859	6833401.92	165.0	False	0.0	8.651539903418138	16195.682699198756	323.9136539839751	0.06247314338910621	240	11.759999999999993	4016	2	45347911.55775652	7429600	680000	0.0	53457511.55775652	0.4426158432976517	False	0	25117054.65198148	0	0.0	True	420	38000000.0	0.0	13440000.0	3762	76557054.65198147	4.677041386713021	6.639237649464776	False	True
397	proceed	4.8	1.4277930428956507	1.15	2.4	3.6	178.0	1.9	2.1	0.09321882864577229	0.8705283559528284	0	False	12361502.654530164	False	1235655805.3468354	0.0	1235655805.3468354	1828	3.385347277462089	8.463368193655223	66.76657130550231	134.00332973287436	1.1114772181363533	6333	True	20880000	True	0	45.0	155.0	12.75	0.0	2.0088	0.5859	6833401.92	165.0	False	0.0	8.649950552003006	16192.707433349628	323.85414866699256	0.06246166661387756	240	11.759999999999993	4015	2	45339580.81337896	7427750	680000	0.0	53447330.81337896	0.4426158432976517	False	0	25117054.65198148	0	0.0	True	420	38000000.0	0.0	13440000.0	3762	76557054.65198147	4.660941432288614	6.639237649464776	False	True
398	proceed	4.8	1.4277930428956507	1.15	2.4	3.6	178.0	1.9	2.1	0.09289793798678488	0.8702899003521212	0	False	12358116.58500012	False	1235317333.836612	0.0	1235317333.836612	1827	3.385347277462089	8.463368193655223	66.76657130550231	134.00332973287436	1.1114772181363533	6333	True	20880000	True	0	45.0	155.0	12.75	0.0	2.0088	0.5859	6833401.92	165.0	False	0.0	8.648348130366253	16189.707700045628	323.79415400091256	0.06245009545801396	240	11.759999999999993	4015	2	45331181.56012776	7427750	680000	0.0	53438931.56012776	0.4426158432976517	False	0	25117054.65198148	0	0.0	True	420	38000000.0	0.0	13440000.0	3762	76557054.65198147	4.644896899339244	6.639237649464776	False	True
399	proceed	4.8	1.4277930428956507	1.15	2.4	3.6	178.0	1.9	2.1	0.09257815194171001	0.8700495038763082	0	False	12354702.955043577	False	1234976107.386156	0.0	1234976107.386156	1827	3.385347277462089	8.463368193655223	66.76657130550231	134.00332973287436	1.1114772181363533	6333	True	20880000	True	0	45.0	155.0	12.75	0.0	2.0088	0.5859	6833401.92	165.0	False	0.0	8.646732666048791	16186.683550843338	323.73367101686677	0.06243843012038951	240	11.759999999999993	4014	2	45322713.94236135	7425900	680000	0.0	53428613.94236135	0.4426158432976517	False	0	25117054.65198148	0	0.0	True	420	38000000.0	0.0	13440000.0	3762	76557054.65198147	4.628907597085501	6.639237649464776	False	True
400	proceed	4.8	1.4277930428956507	1.15	2.4	3.6	178.0	1.9	2.1	0.09225946670809376	0.869807170563865	0	False	12351261.822006883	False	1234632131.7278082	0.0	1234632131.7278082	1826	3.385347277462089	8.463368193655223	66.76657130550231	134.00332973287436	1.1114772181363533	6333	True	20880000	True	0	45.0	155.0	12.75	0.0	2.0088	0.5859	6833401.92	165.0	False	0.0	8.645104186189172	16183.635036546131	323.67270073092266	0.062426670796972866	240	11.759999999999993	4013	2	45314178.102329165	7424050	680000	0.0	53418228.102329165	0.4426158432976517	False	0	25117054.65198148	0	0.0	True	420	38000000.0	0.0	13440000.0	3762	76557054.65198147	4.612973335404688	6.639237649464776	False	True
401	proceed	4.8	1.4277930428956507	1.15	2.4	3.6	178.0	1.9	2.1	0.09194187849657182	0.8695629043944568	0	False	12347793.242401287	False	1234285412.5104327	0.0	1234285412.5104327	1826	3.385347277462089	8.463368193655223	66.76657130550231	134.00332973287436	1.1114772181363533	6333	True	20880000	True	0	45.0	155.0	12.75	0.0	2.0088	0.5859	6833401.92	165.0	False	0.0	8.643462717530749	16180.562207217563	323.61124414435125	0.062414817680878934	240	11.759999999999993	4012	2	45305574.180209175	7422200	680000	0.0	53407774.180209175	0.4426158432976517	False	0	25117054.65198148	0	0.0	True	420	38000000.0	0.0	13440000.0	3762	76557054.65198147	4.597093924828591	6.639237649464776	False	True
402	proceed	4.8	1.4277930428956507	1.15	2.4	3.6	178.0	1.9	2.1	0.09162538353082392	0.8693167092899834	0	False	12344297.271917764	False	1233935955.3008997	0.0	1233935955.3008997	1825	3.385347277462089	8.463368193655223	66.76657130550231	134.00332973287436	1.1114772181363533	6333	True	20880000	True	0	45.0	155.0	12.75	0.0	2.0088	0.5859	6833401.92	165.0	False	0.0	8.641808286428688	16177.465112194506	323.5493022438901	0.06240287096241954	240	11.759999999999993	4012	2	45296902.31414462	7422200	680000	0.0	53399102.31414462	0.4426158432976517	False	0	25117054.65198148	0	0.0	True	420	38000000.0	0.0	13440000.0	3762	76557054.65198147	4.581269176541196	6.639237649464776	False	True
403	proceed	4.8	1.4277930428956507	1.15	2.4	3.6	178.0	1.9	2.1	0.09130997804752931	0.8690685891156127	0	False	12340773.9654417	False	1233583765.5855525	0.0	1233583765.5855525	1825	3.385347277462089	8.463368193655223	66.76657130550231	134.00332973287436	1.1114772181363533	6333	True	20880000	True	0	45.0	155.0	12.75	0.0	2.0088	0.5859	6833401.92	165.0	False	0.0	8.640140918856916	16174.343800100149	323.486876002003	0.062390830829153504	240	11.759999999999993	4011	2	45288162.64028042	7420350	680000	0.0	53388512.64028042	0.4426158432976517	False	0	25117054.65198148	0	0.0	True	420	38000000.0	0.0	13440000.0	3762	76557054.65198147	4.565498902376466	6.639237649464776	False	True
404	proceed	4.8	1.4277930428956507	1.15	2.4	3.6	178.0	1.9	2.1	0.09099565829632182	0.8688185476807985	0	False	12337223.377067339	False	1233228848.7716513	0.0	1233228848.7716513	1824	3.385347277462089	8.463368193655223	66.76657130550231	134.00332973287436	1.1114772181363533	6333	True	20880000	True	0	45.0	155.0	12.75	0.0	2.0088	0.5859	6833401.92	165.0	False	0.0	8.638460640414964	16171.198318856814	323.4239663771363	0.06237869746593613	240	11.759999999999993	4010	2	45279355.29279908	7418500	680000	0.0	53377855.29279908	0.4426158432976517	False	0	25117054.65198148	0	0.0	True	420	38000000.0	0.0	13440000.0	3762	76557054.65198147	4.549782914816091	6.639237649464776	False	True
405	proceed	4.8	1.4277930428956507	1.15	2.4	3.6	178.0	1.9	2.1	0.09068242053974526	0.8685665887402854	0	False	12333645.560112052	False	1232871210.1888008	0.0	1232871210.1888008	1823	3.385347277462089	8.463368193655223	66.76657130550231	134.00332973287436	1.1114772181363533	6333	True	20880000	True	0	45.0	155.0	12.75	0.0	2.0088	0.5859	6833401.92	165.0	False	0.0	8.636767476334716	16168.028715698589	323.36057431397177	0.06236647105496797	240	11.759999999999993	4009	2	45270480.40395605	7416650	680000	0.0	53367130.40395605	0.4426158432976517	False	0	25117054.65198148	0	0.0	True	420	38000000.0	0.0	13440000.0	3762	76557054.65198147	4.534121026987263	6.639237649464776	False	True
406	proceed	4.8	1.4277930428956507	1.15	2.4	3.6	178.0	1.9	2.1	0.09037026105320907	0.8683127159950987	0	False	12330040.567130402	False	1232510855.090355	0.0	1232510855.090355	1823	3.385347277462089	8.463368193655223	66.76657130550231	134.00332973287436	1.1114772181363533	6333	True	20880000	True	0	45.0	155.0	12.75	0.0	2.0088	0.5859	6833401.92	165.0	False	0.0	8.635061451487063	16164.835037183784	323.2967007436757	0.0623541517758428	240	11.759999999999993	4008	2	45261538.10411459	7414800	680000	0.0	53356338.10411459	0.4426158432976517	False	0	25117054.65198148	0	0.0	True	420	38000000.0	0.0	13440000.0	3762	76557054.65198147	4.518513052660453	6.639237649464776	False	True
407	proceed	4.8	1.4277930428956507	1.15	2.4	3.6	178.0	1.9	2.1	0.090059176124944	0.8680569330935232	0	False	12326408.449928029	False	1232147788.654806	0.0	1232147788.654806	1822	3.385347277462089	8.463368193655223	66.76657130550231	134.00332973287436	1.1114772181363533	6333	True	20880000	True	0	45.0	155.0	12.75	0.0	2.0088	0.5859	6833401.92	165.0	False	0.0	8.633342590388475	16161.617329207227	323.2323465841445	0.06234173980559509	240	11.759999999999993	4008	2	45252528.52178024	7414800	680000	0.0	53347328.52178024	0.4426158432976517	False	0	25117054.65198148	0	0.0	True	420	38000000.0	0.0	13440000.0	3762	76557054.65198147	4.5029588062472	6.639237649464776	False	True
408	proceed	4.8	1.4277930428956507	1.15	2.4	3.6	178.0	1.9	2.1	0.0897491620559579	0.867799243632065	0	False	12322749.259575322	False	1231782015.9871492	0.0	1231782015.9871492	1822	3.385347277462089	8.463368193655223	66.76657130550231	134.00332973287436	1.1114772181363533	6333	True	20880000	True	0	45.0	155.0	12.75	0.0	2.0088	0.5859	6833401.92	165.0	False	0.0	8.631610917207476	16158.375637012396	323.1675127402479	0.06232923531874681	240	11.759999999999993	4007	2	45243451.78363471	7412950	680000	0.0	53336401.78363471	0.4426158432976517	False	0	25117054.65198148	0	0.0	True	420	38000000.0	0.0	13440000.0	3762	76557054.65198147	4.487458102797895	6.639237649464776	False	True
409	proceed	4.8	1.4277930428956507	1.15	2.4	3.6	178.0	1.9	2.1	0.08944021515999187	0.8675396511564045	0	False	12319063.046420945	False	1231413542.1202378	0.0	1231413542.1202378	1821	3.385347277462089	8.463368193655223	66.76657130550231	134.00332973287436	1.1114772181363533	6333	True	20880000	True	0	45.0	155.0	12.75	0.0	2.0088	0.5859	6833401.92	165.0	False	0.0	8.629866455771037	16155.110005203385	323.1022001040677	0.06231663848735357	240	11.759999999999993	4006	2	45234308.014569476	7411100	680000	0.0	53325408.014569476	0.4426158432976517	False	0	25117054.65198148	0	0.0	True	420	38000000.0	0.0	13440000.0	3762	76557054.65198147	4.472010757999594	6.639237649464776	False	True
410	proceed	4.8	1.4277930428956507	1.15	2.4	3.6	178.0	1.9	2.1	0.08913233176347632	0.8672781591623335	0	False	12315349.860105136	False	1231042372.0161095	0.0	1231042372.0161095	1821	3.385347277462089	8.463368193655223	66.76657130550231	134.00332973287436	1.1114772181363533	6333	True	20880000	True	0	45.0	155.0	12.75	0.0	2.0088	0.5859	6833401.92	165.0	False	0.0	8.62810922957088	16151.82047775669	323.0364095551338	0.06230394948105004	240	11.759999999999993	4005	2	45225097.33771873	7409250	680000	0.0	53314347.33771873	0.4426158432976517	False	0	25117054.65198148	0	0.0	True	420	38000000.0	0.0	13440000.0	3762	76557054.65198147	4.456616588173816	6.639237649464776	False	True
411	proceed	4.8	1.4277930428956507	1.15	2.4	3.6	178.0	1.9	2.1	0.08882550820548732	0.8670147710966809	0	False	12311609.74957287	False	1230668510.5673041	0.0	1230668510.5673041	1820	3.385347277462089	8.463368193655223	66.76657130550231	134.00332973287436	1.1114772181363533	6333	True	20880000	True	0	45.0	155.0	12.75	0.0	2.0088	0.5859	6833401.92	165.0	False	0.0	8.626339261769694	16148.50709803287	322.9701419606574	0.06229116846709508	240	11.759999999999993	4004	2	45215819.874492034	7407400	680000	0.0	53303219.874492034	0.4426158432976517	False	0	25117054.65198148	0	0.0	True	420	38000000.0	0.0	13440000.0	3762	76557054.65198147	4.441275410274366	6.639237649464776	False	True
412	proceed	4.8	1.4277930428956507	1.15	2.4	3.6	178.0	1.9	2.1	0.08851974083770311	0.8667494903582266	0	False	12307842.763086818	False	1230291962.5981584	0.0	1230291962.5981584	1820	3.385347277462089	8.463368193655223	66.76657130550231	134.00332973287436	1.1114772181363533	6333	True	20880000	True	0	45.0	155.0	12.75	0.0	2.0088	0.5859	6833401.92	165.0	False	0.0	8.624556575207283	16145.169908788033	322.9033981757607	0.062278295610415854	240	11.759999999999993	4004	2	45206475.744606495	7407400	680000	0.0	53293875.744606495	0.4426158432976517	False	0	25117054.65198148	0	0.0	True	420	38000000.0	0.0	13440000.0	3762	76557054.65198147	4.425987041885156	6.639237649464776	False	True
413	proceed	4.8	1.4277930428956507	1.15	2.4	3.6	178.0	1.9	2.1	0.08821502602436058	0.8664823202986007	0	False	12304048.948240131	False	1229912732.8660836	0.0	1229912732.8660836	1819	3.385347277462089	8.463368193655223	66.76657130550231	134.00332973287436	1.1114772181363533	6333	True	20880000	True	0	45.0	155.0	12.75	0.0	2.0088	0.5859	6833401.92	165.0	False	0.0	8.622761192406596	16141.80895218515	322.836179043703	0.06226533107365156	240	11.759999999999993	4003	2	45197065.06611842	7405550	680000	0.0	53282615.06611842	0.4426158432976517	False	0	25117054.65198148	0	0.0	True	420	38000000.0	0.0	13440000.0	3762	76557054.65198147	4.4107513012180295	6.639237649464776	False	True
414	proceed	4.8	1.4277930428956507	1.15	2.4	3.6	178.0	1.9	2.1	0.08791136014221237	0.8662132642231752	0	False	12300228.351969087	False	1229530826.06283	0.0	1229530826.06283	1819	3.385347277462089	8.463368193655223	66.76657130550231	134.00332973287436	1.1114772181363533	6333	True	20880000	True	0	45.0	155.0	12.75	0.0	2.0088	0.5859	6833401.92	165.0	False	0.0	8.620953135579736	16138.424269805268	322.76848539610535	0.062252275017196726	240	11.759999999999993	4002	2	45187587.95545475	7403700	680000	0.0	53271287.95545475	0.4426158432976517	False	0	25117054.65198148	0	0.0	True	420	38000000.0	0.0	13440000.0	3762	76557054.65198147	4.395568007110619	6.639237649464776	False	True
415	proceed	4.8	1.4277930428956507	1.15	2.4	3.6	178.0	1.9	2.1	0.08760873958048326	0.8659423253919386	0	False	12296381.020565528	False	1229146246.8157303	0.0	1229146246.8157303	1818	3.385347277462089	8.463368193655223	66.76657130550231	134.00332973287436	1.1114772181363533	6333	True	20880000	True	0	45.0	155.0	12.75	0.0	2.0088	0.5859	6833401.92	165.0	False	0.0	8.619132426633826	16135.015902658524	322.7003180531705	0.06223912759924371	240	11.759999999999993	4001	2	45178044.52744387	7401850	680000	0.0	53259894.52744387	0.4426158432976517	False	0	25117054.65198148	0	0.0	True	420	38000000.0	0.0	13440000.0	3762	76557054.65198147	4.3804369790241635	6.639237649464776	False	True
416	proceed	4.8	1.4277930428956507	1.15	2.4	3.6	178.0	1.9	2.1	0.08730716074082778	0.8656695070203627	0	False	12292506.99968915	False	1228758999.6889277	0.0	1228758999.6889277	1817	3.385347277462089	8.463368193655223	66.76657130550231	134.00332973287436	1.1114772181363533	6333	True	20880000	True	0	45.0	155.0	12.75	0.0	2.0088	0.5859	6833401.92	165.0	False	0.0	8.617299087176837	16131.58389119504	322.6316778239008	0.062225888975824525	240	11.759999999999993	4000	2	45168434.89534611	7400000	680000	0.0	53248434.89534611	0.4426158432976517	False	0	25117054.65198148	0	0.0	True	420	38000000.0	0.0	13440000.0	3762	76557054.65198147	4.365358037041389	6.639237649464776	False	True
417	proceed	4.8	1.4277930428956507	1.15	2.4	3.6	178.0	1.9	2.1	0.0870066200372871	0.8653948122802567	0	False	12288606.334379645	False	1228369089.1845894	0.0	1228369089.1845894	1817	3.385347277462089	8.463368193655223	66.76657130550231	134.00332973287436	1.1114772181363533	6333	True	20880000	True	0	45.0	155.0	12.75	0.0	2.0088	0.5859	6833401.92	165.0	False	0.0	8.615453138523325	16128.128275315665	322.5625655063133	0.06221255930085253	240	11.759999999999993	3999	2	45158759.170883864	7398150	680000	0.0	53236909.170883864	0.4426158432976517	False	0	25117054.65198148	0	0.0	True	420	38000000.0	0.0	13440000.0	3762	76557054.65198147	4.350331001864355	6.639237649464776	False	True
418	proceed	4.8	1.4277930428956507	1.15	2.4	3.6	178.0	1.9	2.1	0.08670711389624638	0.8651182443006097	0	False	12284679.069068657	False	1227976519.744103	0.0	1227976519.744103	1816	3.385347277462089	8.463368193655223	66.76657130550231	134.00332973287436	1.1114772181363533	6333	True	20880000	True	0	45.0	155.0	12.75	0.0	2.0088	0.5859	6833401.92	165.0	False	0.0	8.613594601700097	16124.649094382581	322.49298188765164	0.06219913872616321	240	11.759999999999993	3998	2	45149017.464271225	7396300	680000	0.0	53225317.464271225	0.4426158432976517	False	0	25117054.65198148	0	0.0	True	420	38000000.0	0.0	13440000.0	3762	76557054.65198147	4.3353556948123195	6.639237649464776	False	True
419	proceed	4.8	1.4277930428956507	1.15	2.4	3.6	178.0	1.9	2.1	0.08640863875639253	0.8648398061684226	0	False	12280725.247591602	False	1227581295.7492566	0.0	1227581295.7492566	1816	3.385347277462089	8.463368193655223	66.76657130550231	134.00332973287436	1.1114772181363533	6333	True	20880000	True	0	45.0	155.0	12.75	0.0	2.0088	0.5859	6833401.92	165.0	False	0.0	8.611723497451798	16121.14638722977	322.4229277445954	0.06218562740155455	240	11.759999999999993	3998	2	45139209.884243354	7396300	680000	0.0	53215509.884243354	0.4426158432976517	False	0	25117054.65198148	0	0.0	True	420	38000000.0	0.0	13440000.0	3762	76557054.65198147	4.3204319378196265	6.639237649464776	False	True
420	proceed	4.8	1.4277930428956507	1.15	2.4	3.6	178.0	1.9	2.1	0.08611119106867159	0.8645595009295294	0	False	12276744.913199317	False	1227183421.523404	0.0	1227183421.523404	1815	3.385347277462089	8.463368193655223	66.76657130550231	134.00332973287436	1.1114772181363533	6333	True	20880000	True	0	45.0	155.0	12.75	0.0	2.0088	0.5859	6833401.92	165.0	False	0.0	8.609839846246436	16117.62019217333	322.3524038434666	0.062172025474826885	240	11.759999999999993	3997	2	45129336.53808533	7394450	680000	0.0	53203786.53808533	0.4426158432976517	False	0	25117054.65198148	0	0.0	True	420	38000000.0	0.0	13440000.0	3762	76557054.65198147	4.3055595534335795	6.639237649464776	False	True
421	proceed	4.8	1.4277930428956507	1.15	2.4	3.6	178.0	1.9	2.1	0.08581476729624665	0.8642773315894065	0	False	12272738.108569572	False	1226782901.3326144	0.0	1226782901.3326144	1814	3.385347277462089	8.463368193655223	66.76657130550231	134.00332973287436	1.1114772181363533	6333	True	20880000	True	0	45.0	155.0	12.75	0.0	2.0088	0.5859	6833401.92	165.0	False	0.0	8.60794366828081	16114.070547021678	322.28141094043355	0.06215833309182221	240	11.759999999999993	3996	2	45119397.5316607	7392600	680000	0.0	53191997.5316607	0.4426158432976517	False	0	25117054.65198148	0	0.0	True	420	38000000.0	0.0	13440000.0	3762	76557054.65198147	4.2907383648123325	6.639237649464776	False	True
422	proceed	4.8	1.4277930428956507	1.15	2.4	3.6	178.0	1.9	2.1	0.08551936391445583	0.8639933011139729	0	False	12268704.875818415	False	1226379739.3868089	0.0	1226379739.3868089	1814	3.385347277462089	8.463368193655223	66.76657130550231	134.00332973287436	1.1114772181363533	6333	True	20880000	True	0	45.0	155.0	12.75	0.0	2.0088	0.5859	6833401.92	165.0	False	0.0	8.606034983485896	16110.4974890856	322.209949781712	0.062144550396462946	240	11.759999999999993	3995	2	45109392.96943968	7390750	680000	0.0	53180142.96943968	0.4426158432976517	False	0	25117054.65198148	0	0.0	True	420	38000000.0	0.0	13440000.0	3762	76557054.65198147	4.2759681957227915	6.639237649464776	False	True
423	proceed	4.8	1.4277930428956507	1.15	2.4	3.6	178.0	1.9	2.1	0.08522497741077027	0.8637074124303794	0	False	12264645.256511388	False	1225973939.8408785	0.0	1225973939.8408785	1813	3.385347277462089	8.463368193655223	66.76657130550231	134.00332973287436	1.1114772181363533	6333	True	20880000	True	0	45.0	155.0	12.75	0.0	2.0088	0.5859	6833401.92	165.0	False	0.0	8.604113811532148	16106.901055188182	322.13802110376366	0.06213067753079032	240	11.759999999999993	3994	2	45099322.95452691	7388900	680000	0.0	53168222.95452691	0.4426158432976517	False	0	25117054.65198148	0	0.0	True	420	38000000.0	0.0	13440000.0	3762	76557054.65198147	4.261248870538513	6.639237649464776	False	True
424	proceed	4.8	1.4277930428956507	1.15	2.4	3.6	178.0	1.9	2.1	0.08493160428475253	0.8634196684277873	0	False	12260559.291674579	False	1225565506.795791	0.0	1225565506.795791	1813	3.385347277462089	8.463368193655223	66.76657130550231	134.00332973287436	1.1114772181363533	6333	True	20880000	True	0	45.0	155.0	12.75	0.0	2.0088	0.5859	6833401.92	165.0	False	0.0	8.60218017183473	16103.281281674614	322.0656256334923	0.06211671463500201	240	11.759999999999993	3993	2	45089187.58868892	7387050	680000	0.0	53156237.58868892	0.4426158432976517	False	0	25117054.65198148	0	0.0	True	420	38000000.0	0.0	13440000.0	3762	76557054.65198147	4.2465802142376265	6.639237649464776	False	True
425	proceed	4.8	1.4277930428956507	1.15	2.4	3.6	178.0	1.9	2.1	0.08463924104801465	0.8631300719581372	0	False	12256447.021805547	False	1225154444.2996826	0.0	1225154444.2996826	1812	3.385347277462089	8.463368193655223	66.76657130550231	134.00332973287436	1.1114772181363533	6333	True	20880000	True	0	45.0	155.0	12.75	0.0	2.0088	0.5859	6833401.92	165.0	False	0.0	8.60023408355868	16099.63820442185	321.992764088437	0.062102661847489644	240	11.759999999999993	3992	2	45078986.97238118	7385200	680000	0.0	53144186.97238118	0.4426158432976517	False	0	25117054.65198148	0	0.0	True	420	38000000.0	0.0	13440000.0	3762	76557054.65198147	4.231962052400733	6.639237649464776	False	True
426	proceed	4.8	1.4277930428956507	1.15	2.4	3.6	178.0	1.9	2.1	0.08434788422417715	0.8628386258369085	0	False	12252308.4868841	False	1224740756.3489347	0.0	1224740756.3489347	1811	3.385347277462089	8.463368193655223	66.76657130550231	134.00332973287436	1.1114772181363533	6333	True	20880000	True	0	45.0	155.0	12.75	0.0	2.0088	0.5859	6833401.92	165.0	False	0.0	8.598275565624023	16095.971858848174	321.91943717696347	0.062088519304875515	240	11.759999999999993	3991	2	45068721.20477489	7383350	680000	0.0	53132071.20477489	0.4426158432976517	False	0	25117054.65198148	0	0.0	True	420	38000000.0	0.0	13440000.0	3762	76557054.65198147	4.217394211208857	6.639237649464776	False	True
427	proceed	4.8	1.4277930428956507	1.15	2.4	3.6	178.0	1.9	2.1	0.08405753034882713	0.8625453328438678	0	False	12248143.726382922	False	1224324446.889237	0.0	1224324446.889237	1811	3.385347277462089	8.463368193655223	66.76657130550231	134.00332973287436	1.1114772181363533	6333	True	20880000	True	0	45.0	155.0	12.75	0.0	2.0088	0.5859	6833401.92	165.0	False	0.0	8.59630463671079	16092.2822799226	321.845645598452	0.062074287142048934	240	11.759999999999993	3990	2	45058390.38378328	7381500	680000	0.0	53119890.38378328	0.4426158432976517	False	0	25117054.65198148	0	0.0	True	420	38000000.0	0.0	13440000.0	3762	76557054.65198147	4.202876517441356	6.639237649464776	False	True
428	proceed	4.8	1.4277930428956507	1.15	2.4	3.6	178.0	1.9	2.1	0.08376817596947764	0.8622501957238092	0	False	12243952.77927809	False	1223905519.816638	0.0	1223905519.816638	1810	3.385347277462089	8.463368193655223	66.76657130550231	134.00332973287436	1.1114772181363533	6333	True	20880000	True	0	45.0	155.0	12.75	0.0	2.0088	0.5859	6833401.92	165.0	False	0.0	8.594321315263997	16088.569502174203	321.7713900434841	0.06205996549220214	240	11.759999999999993	3989	2	45047994.60608777	7379650	680000	0.0	53107644.60608777	0.4426158432976517	False	0	25117054.65198148	0	0.0	True	420	38000000.0	0.0	13440000.0	3762	76557054.65198147	4.188408798473882	6.639237649464776	False	True
429	proceed	4.8	1.4277930428956507	1.15	2.4	3.6	178.0	1.9	2.1	0.08347981764552614	0.8619532171872838	0	False	12239735.68405943	False	1223483978.9785807	0.0	1223483978.9785807	1810	3.385347277462089	8.463368193655223	66.76657130550231	134.00332973287436	1.1114772181363533	6333	True	20880000	True	0	45.0	155.0	12.75	0.0	2.0088	0.5859	6833401.92	165.0	False	0.0	8.592325619498547	16084.833559701281	321.6966711940256	0.06204555448686578	240	11.759999999999993	3989	2	45037533.967163585	7379650	680000	0.0	53097183.967163585	0.4426158432976517	False	0	25117054.65198148	0	0.0	True	420	38000000.0	0.0	13440000.0	3762	76557054.65198147	4.173990882276307	6.639237649464776	False	True
430	proceed	4.8	1.4277930428956507	1.15	2.4	3.6	178.0	1.9	2.1	0.08319245194821395	0.8616543999113209	0	False	12235492.478740755	False	1223059828.1749258	0.0	1223059828.1749258	1809	3.385347277462089	8.463368193655223	66.76657130550231	134.00332973287436	1.1114772181363533	6333	True	20880000	True	0	45.0	155.0	12.75	0.0	2.0088	0.5859	6833401.92	165.0	False	0.0	8.590317567404075	16081.074486180429	321.6214897236086	0.06203105425594374	240	11.759999999999993	3988	2	45027008.5613052	7377800	680000	0.0	53084808.5613052	0.4426158432976517	False	0	25117054.65198148	0	0.0	True	420	38000000.0	0.0	13440000.0	3762	76557054.65198147	4.1596225974106975	6.639237649464776	False	True
431	proceed	4.8	1.4277930428956507	1.15	2.4	3.6	178.0	1.9	2.1	0.08290607546058526	0.8613537465401391	0	False	12231223.200869976	False	1222633071.1589627	0.0	1222633071.1589627	1808	3.385347277462089	8.463368193655223	66.76657130550231	134.00332973287436	1.1114772181363533	6333	True	20880000	True	0	45.0	155.0	12.75	0.0	2.0088	0.5859	6833401.92	165.0	False	0.0	8.588297176749734	16077.292314875504	321.5458462975101	0.06201646492774787	240	11.759999999999993	3987	2	45016418.48165141	7375950	680000	0.0	53072368.48165141	0.4426158432976517	False	0	25117054.65198148	0	0.0	True	420	38000000.0	0.0	13440000.0	3762	76557054.65198147	4.145303773029263	6.639237649464776	False	True
432	proceed	4.8	1.4277930428956507	1.15	2.4	3.6	178.0	1.9	2.1	0.08262068477744658	0.8610512596858494	0	False	12226927.88753906	False	1222203711.6384046	0.0	1222203711.6384046	1808	3.385347277462089	8.463368193655223	66.76657130550231	134.00332973287436	1.1114772181363533	6333	True	20880000	True	0	45.0	155.0	12.75	0.0	2.0088	0.5859	6833401.92	165.0	False	0.0	8.586264465088908	16073.487078646436	321.46974157292874	0.062001786629031906	240	11.759999999999993	3986	2	45005763.820210025	7374100	680000	0.0	53059863.820210025	0.4426158432976517	False	0	25117054.65198148	0	0.0	True	420	38000000.0	0.0	13440000.0	3762	76557054.65198147	4.131034238872329	6.639237649464776	False	True
433	proceed	4.8	1.4277930428956507	1.15	2.4	3.6	178.0	1.9	2.1	0.0823362765053263	0.8607469419291484	0	False	12222606.575393906	False	1221771753.2763748	0.0	1221771753.2763748	1807	3.385347277462089	8.463368193655223	66.76657130550231	134.00332973287436	1.1114772181363533	6333	True	20880000	True	0	45.0	155.0	12.75	0.0	2.0088	0.5859	6833401.92	165.0	False	0.0	8.584219449763877	16069.658809957979	321.3931761991596	0.06198701948502519	240	11.759999999999993	3985	2	44995044.66788234	7372250	680000	0.0	53047294.66788234	0.4426158432976517	False	0	25117054.65198148	0	0.0	True	420	38000000.0	0.0	13440000.0	3762	76557054.65198147	4.1168138252663145	6.639237649464776	False	True
434	proceed	4.8	1.4277930428956507	1.15	2.4	3.6	178.0	1.9	2.1	0.08205284726243417	0.8604407958200029	0	False	12218259.30064404	False	1221337199.6923783	0.0	1221337199.6923783	1806	3.385347277462089	8.463368193655223	66.76657130550231	134.00332973287436	1.1114772181363533	6333	True	20880000	True	0	45.0	155.0	12.75	0.0	2.0088	0.5859	6833401.92	165.0	False	0.0	8.582162147910418	16065.807540888305	321.31615081776613	0.061972163619465934	240	11.759999999999993	3984	2	44984261.11448725	7370400	680000	0.0	53034661.11448725	0.4426158432976517	False	0	25117054.65198148	0	0.0	True	420	38000000.0	0.0	13440000.0	3762	76557054.65198147	4.102642363121708	6.639237649464776	False	True
435	proceed	4.8	1.4277930428956507	1.15	2.4	3.6	178.0	1.9	2.1	0.08177039367862134	0.8601328238783266	0	False	12213886.099072237	False	1220900054.463261	0.0	1220900054.463261	1806	3.385347277462089	8.463368193655223	66.76657130550231	134.00332973287436	1.1114772181363533	6333	True	20880000	True	0	45.0	155.0	12.75	0.0	2.0088	0.5859	6833401.92	165.0	False	0.0	8.580092576462354	16061.933303137528	321.23866606275055	0.061957219154633966	240	11.759999999999993	3983	2	44973413.24878508	7368550	680000	0.0	53021963.24878508	0.4426158432976517	False	0	25117054.65198148	0	0.0	True	420	38000000.0	0.0	13440000.0	3762	76557054.65198147	4.088519683931067	6.639237649464776	False	True
436	proceed	4.8	1.4277930428956507	1.15	2.4	3.6	178.0	1.9	2.1	0.08148891239534006	0.8598230285946479	0	False	12209487.006044	False	1220460321.1241584	0.0	1220460321.1241584	1805	3.385347277462089	8.463368193655223	66.76657130550231	134.00332973287436	1.1114772181363533	6333	True	20880000	True	0	45.0	155.0	12.75	0.0	2.0088	0.5859	6833401.92	165.0	False	0.0	8.578010752156032	16058.036128036096	321.1607225607219	0.06194218621138322	240	11.759999999999993	3982	2	44962501.158501066	7366700	680000	0.0	53009201.158501066	0.4426158432976517	False	0	25117054.65198148	0	0.0	True	420	38000000.0	0.0	13440000.0	3762	76557054.65198147	4.074445619767003	6.639237649464776	False	True
437	proceed	4.8	1.4277930428956507	1.15	2.4	3.6	178.0	1.9	2.1	0.08120840006560386	0.8595114124307679	0	False	12205062.056516904	False	1220018003.1694298	0.0	1220018003.1694298	1804	3.385347277462089	8.463368193655223	66.76657130550231	134.00332973287436	1.1114772181363533	6333	True	20880000	True	0	45.0	155.0	12.75	0.0	2.0088	0.5859	6833401.92	165.0	False	0.0	8.57591669153476	16054.11604655307	321.0823209310614	0.06192706490917358	240	11.759999999999993	3981	2	44951524.9303486	7364850	680000	0.0	52996374.9303486	0.4426158432976517	False	0	25117054.65198148	0	0.0	True	420	38000000.0	0.0	13440000.0	3762	76557054.65198147	4.060420003280193	6.639237649464776	False	True
438	proceed	4.8	1.4277930428956507	1.15	2.4	3.6	178.0	1.9	2.1	0.08092885335394773	0.859197977820413	0	False	12200611.285049863	False	1219573104.0535843	0.0	1219573104.0535843	1804	3.385347277462089	8.463368193655223	66.76657130550231	134.00332973287436	1.1114772181363533	6333	True	20880000	True	0	45.0	155.0	12.75	0.0	2.0088	0.5859	6833401.92	165.0	False	0.0	8.573810410953174	16050.17308930434	321.0034617860868	0.061911855366102615	240	11.759999999999993	3980	2	44940484.65005215	7363000	680000	0.0	52983484.65005215	0.4426158432976517	False	0	25117054.65198148	0	0.0	True	420	38000000.0	0.0	13440000.0	3762	76557054.65198147	4.046442667697386	6.639237649464776	False	True
439	proceed	4.8	1.4277930428956507	1.15	2.4	3.6	178.0	1.9	2.1	0.08065026893638846	0.8588827271698766	0	False	12196134.725812247	False	1219125627.1921923	0.0	1219125627.1921923	1803	3.385347277462089	8.463368193655223	66.76657130550231	134.00332973287436	1.1114772181363533	6333	True	20880000	True	0	45.0	155.0	12.75	0.0	2.0088	0.5859	6833401.92	165.0	False	0.0	8.57169192658157	16046.2072865607	320.924145731214	0.06189655769893676	240	11.759999999999993	3979	2	44929380.40236996	7361150	680000	0.0	52970530.40236996	0.4426158432976517	False	0	25117054.65198148	0	0.0	True	420	38000000.0	0.0	13440000.0	3762	76557054.65198147	4.032513446819423	6.639237649464776	False	True
440	proceed	4.8	1.4277930428956507	1.15	2.4	3.6	178.0	1.9	2.1	0.08037264350038509	0.8585656628586542	0	False	12191632.41259289	False	1218675575.9627852	0.0	1218675575.9627852	1802	3.385347277462089	8.463368193655223	66.76657130550231	134.00332973287436	1.1114772181363533	6333	True	20880000	True	0	45.0	155.0	12.75	0.0	2.0088	0.5859	6833401.92	165.0	False	0.0	8.569561254410155	16042.218668255811	320.8443733651162	0.06188117202314193	240	11.759999999999993	3978	2	44918212.27111627	7359300	680000	0.0	52957512.27111627	0.4426158432976517	False	0	25117054.65198148	0	0.0	True	420	38000000.0	0.0	13440000.0	3762	76557054.65198147	4.018632175019254	6.639237649464776	False	True
441	proceed	4.8	1.4277930428956507	1.15	2.4	3.6	178.0	1.9	2.1	0.08009597374479956	0.8582467872400703	0	False	12187104.378808998	False	1218222953.7057474	0.0	1218222953.7057474	1802	3.385347277462089	8.463368193655223	66.76657130550231	134.00332973287436	1.1114772181363533	6333	True	20880000	True	0	45.0	155.0	12.75	0.0	2.0088	0.5859	6833401.92	165.0	False	0.0	8.567418410253271	16038.207263994127	320.76414527988254	0.06186569845291421	240	11.759999999999993	3977	2	44906980.339183554	7357450	680000	0.0	52944430.339183554	0.4426158432976517	False	0	25117054.65198148	0	0.0	True	420	38000000.0	0.0	13440000.0	3762	76557054.65198147	4.004798687239978	6.639237649464776	False	True
442	proceed	4.8	1.4277930428956507	1.15	2.4	3.6	178.0	1.9	2.1	0.07982025637985742	0.8579261026418976	0	False	12182550.657514947	False	1217767763.7251942	0.0	1217767763.7251942	1801	3.385347277462089	8.463368193655223	66.76657130550231	134.00332973287436	1.1114772181363533	6333	True	20880000	True	0	45.0	155.0	12.75	0.0	2.0088	0.5859	6833401.92	165.0	False	0.0	8.56526340975355	16034.173103058647	320.683462061173	0.0618501371012097	240	11.759999999999993	3976	2	44895684.68856421	7355600	680000	0.0	52931284.68856421	0.4426158432976517	False	0	25117054.65198148	0	0.0	True	420	38000000.0	0.0	13440000.0	3762	76557054.65198147	3.991012818992871	6.639237649464776	False	True
443	proceed	4.8	1.4277930428956507	1.15	2.4	3.6	178.0	1.9	2.1	0.07954548812710878	0.8576036113669683	0	False	12177971.28141095	False	1217310009.2898386	0.0	1217310009.2898386	1800	3.385347277462089	8.463368193655223	66.76657130550231	134.00332973287436	1.1114772181363533	6333	True	20880000	True	0	45.0	155.0	12.75	0.0	2.0088	0.5859	6833401.92	165.0	False	0.0	8.563096268386026	16030.11621441864	320.6023242883728	0.06183448807977428	240	11.759999999999993	3975	2	44884325.40037219	7353750	680000	0.0	52918075.40037219	0.4426158432976517	False	0	25117054.65198148	0	0.0	True	420	38000000.0	0.0	13440000.0	3762	76557054.65198147	3.977274406355439	6.639237649464776	False	True
444	proceed	4.8	1.4277930428956507	1.15	2.4	3.6	178.0	1.9	2.1	0.07927166571938926	0.8572793156937778	0	False	12173366.282851644	False	1216849693.6338503	0.0	1216849693.6338503	1800	3.385347277462089	8.463368193655223	66.76657130550231	134.00332973287436	1.1114772181363533	6333	True	20880000	True	0	45.0	155.0	12.75	0.0	2.0088	0.5859	6833401.92	165.0	False	0.0	8.560917001462187	16026.036626737216	320.5207325347443	0.06181875149917292	240	11.759999999999993	3974	2	44872902.554864205	7351900	680000	0.0	52904802.554864205	0.4426158432976517	False	0	25117054.65198148	0	0.0	True	420	38000000.0	0.0	13440000.0	3762	76557054.65198147	3.963583285969463	6.639237649464776	False	True
445	proceed	4.8	1.4277930428956507	1.15	2.4	3.6	178.0	1.9	2.1	0.0789987859007811	0.8569532178770807	0	False	12168735.693854546	False	1216386819.9577005	0.0	1216386819.9577005	1799	3.385347277462089	8.463368193655223	66.76657130550231	134.00332973287436	1.1114772181363533	6333	True	20880000	True	0	45.0	155.0	12.75	0.0	2.0088	0.5859	6833401.92	165.0	False	0.0	8.55872562413398	16021.934368378814	320.4386873675763	0.06180292746881844	240	11.759999999999993	3973	2	44861416.231460676	7350050	680000	0.0	52891466.231460676	0.4426158432976517	False	0	25117054.65198148	0	0.0	True	420	38000000.0	0.0	13440000.0	3762	76557054.65198147	3.9499392950390555	6.639237649464776	False	True
446	proceed	4.8	1.4277930428956507	1.15	2.4	3.6	178.0	1.9	2.1	0.07872684542657465	0.8566253201484804	0	False	12164079.546108421	False	1215921391.4289978	0.0	1215921391.4289978	1798	3.385347277462089	8.463368193655223	66.76657130550231	134.00332973287436	1.1114772181363533	6333	True	20880000	True	0	45.0	155.0	12.75	0.0	2.0088	0.5859	6833401.92	165.0	False	0.0	8.556522151397786	16017.809467416657	320.35618934833315	0.061787016097000366	240	11.759999999999993	3972	2	44849866.508766636	7348200	680000	0.0	52878066.508766636	0.4426158432976517	False	0	25117054.65198148	0	0.0	True	420	38000000.0	0.0	13440000.0	3762	76557054.65198147	3.9363422713287326	6.639237649464776	False	True
447	proceed	4.8	1.4277930428956507	1.15	2.4	3.6	178.0	1.9	2.1	0.07845584106322946	0.8562956247170106	0	False	12159397.87098155	False	1215453411.1833158	0.0	1215453411.1833158	1798	3.385347277462089	8.463368193655223	66.76657130550231	134.00332973287436	1.1114772181363533	6333	True	20880000	True	0	45.0	155.0	12.75	0.0	2.0088	0.5859	6833401.92	165.0	False	0.0	8.55430659809831	16013.661951640039	320.2732390328008	0.061771017490912954	240	11.759999999999993	3971	2	44838253.46459211	7346350	680000	0.0	52864603.46459211	0.4426158432976517	False	0	25117054.65198148	0	0.0	True	420	38000000.0	0.0	13440000.0	3762	76557054.65198147	3.9227920531614733	6.639237649464776	False	True
448	proceed	4.8	1.4277930428956507	1.15	2.4	3.6	178.0	1.9	2.1	0.07818576958833617	0.8559641337697097	0	False	12154690.699529877	False	1214982882.3250065	0.0	1214982882.3250065	1797	3.385347277462089	8.463368193655223	66.76657130550231	134.00332973287436	1.1114772181363533	6333	True	20880000	True	0	45.0	155.0	12.75	0.0	2.0088	0.5859	6833401.92	165.0	False	0.0	8.55207897893245	16009.491848561547	320.18983697123093	0.06175493175668312	240	11.759999999999993	3970	2	44826577.175972335	7344500	680000	0.0	52851077.175972335	0.4426158432976517	False	0	25117054.65198148	0	0.0	True	420	38000000.0	0.0	13440000.0	3762	76557054.65198147	3.909288479416809	6.639237649464776	False	True
449	proceed	4.8	1.4277930428956507	1.15	2.4	3.6	178.0	1.9	2.1	0.07791662779057798	0.855630849472188	0	False	12149958.06250507	False	1214509807.928007	0.0	1214509807.928007	1796	3.385347277462089	8.463368193655223	66.76657130550231	134.00332973287436	1.1114772181363533	6333	True	20880000	True	0	45.0	155.0	12.75	0.0	2.0088	0.5859	6833401.92	165.0	False	0.0	8.549839308453102	16005.29918542421	320.1059837084842	0.06173875899939799	240	11.759999999999993	3969	2	44814837.71918779	7342650	680000	0.0	52837487.71918779	0.4426158432976517	False	0	25117054.65198148	0	0.0	True	420	38000000.0	0.0	13440000.0	3762	76557054.65198147	3.8958313895288987	6.639237649464776	False	True
450	proceed	4.8	1.4277930428956507	1.15	2.4	3.6	178.0	1.9	2.1	0.07764841246969252	0.8552957739691889	0	False	12145199.990362482	False	1214034191.036634	0.0	1214034191.036634	1796	3.385347277462089	8.463368193655223	66.76657130550231	134.00332973287436	1.1114772181363533	6333	True	20880000	True	0	45.0	155.0	12.75	0.0	2.0088	0.5859	6833401.92	165.0	False	0.0	8.54758760107295	16001.08398920856	320.0216797841712	0.06172249932313214	240	11.759999999999993	3968	2	44803035.16978397	7340800	680000	0.0	52823835.16978397	0.4426158432976517	False	0	25117054.65198148	0	0.0	True	420	38000000.0	0.0	13440000.0	3762	76557054.65198147	3.8824206234846264	6.639237649464776	False	True
451	proceed	4.8	1.4277930428956507	1.15	2.4	3.6	178.0	1.9	2.1	0.07738112043643383	0.8549589093851419	0	False	12140416.513269015	False	1213556034.6663709	0.0	1213556034.6663709	1795	3.385347277462089	8.463368193655223	66.76657130550231	134.00332973287436	1.1114772181363533	6333	True	20880000	True	0	45.0	155.0	12.75	0.0	2.0088	0.5859	6833401.92	165.0	False	0.0	8.545323871068152	15996.84628663958	319.9369257327916	0.06170615283097436	225	11.024999999999991	3967	1	44791169.60259082	7338950	340000	0.0	52470119.60259082	0.4426158432976517	False	0	25117054.65198148	0	0.0	True	420	38000000.0	0.0	13440000.0	3762	76557054.65198147	3.8690560218216916	6.639237649464776	False	True
452	proceed	4.8	1.4277930428956507	1.15	2.4	3.6	178.0	1.9	2.1	0.07711474851253437	0.8546202578247097	0	False	12135607.661110878	False	1213075341.8046434	0.0	1213075341.8046434	1794	3.385347277462089	8.463368193655223	66.76657130550231	134.00332973287436	1.1114772181363533	6333	True	20880000	True	0	45.0	155.0	12.75	0.0	2.0088	0.5859	6833401.92	165.0	False	0.0	8.543048132582049	15992.586104193595	319.8517220838719	0.061689719625054304	225	11.024999999999991	3966	1	44779241.09174207	7337100	340000	0.0	52456341.09174207	0.4426158432976517	False	0	25117054.65198148	0	0.0	True	420	38000000.0	0.0	13440000.0	3762	76557054.65198147	3.8557374256267187	6.639237649464776	False	True
453	proceed	4.8	1.4277930428956507	1.15	2.4	3.6	178.0	1.9	2.1	0.0768492935306673	0.8542798213733287	0	False	12130773.463501267	False	1212592115.4115868	0.0	1212592115.4115868	1793	3.385347277462089	8.463368193655223	66.76657130550231	134.00332973287436	1.1114772181363533	6333	True	20880000	True	0	45.0	155.0	12.75	0.0	2.0088	0.5859	6833401.92	165.0	False	0.0	8.540760399628768	15988.303468105056	319.7660693621011	0.061673199806568615	225	11.024999999999991	3965	1	44767249.71069416	7335250	340000	0.0	52442499.71069416	0.4426158432976517	False	0	25117054.65198148	0	0.0	True	420	38000000.0	0.0	13440000.0	3762	76557054.65198147	3.842464676533365	6.639237649464776	False	True
454	proceed	4.8	1.4277930428956507	1.15	2.4	3.6	178.0	1.9	2.1	0.0765847523344088	0.853937602097742	0	False	12125913.949787937	False	1212106358.4208024	0.0	1212106358.4208024	1793	3.385347277462089	8.463368193655223	66.76657130550231	134.00332973287436	1.1114772181363533	6333	True	20880000	True	0	45.0	155.0	12.75	0.0	2.0088	0.5859	6833401.92	165.0	False	0.0	8.538460686096826	15983.998404373258	319.67996808746517	0.06165659347580683	225	11.024999999999991	3964	1	44755195.53224512	7333400	340000	0.0	52428595.53224512	0.4426158432976517	False	0	25117054.65198148	0	0.0	True	420	38000000.0	0.0	13440000.0	3762	76557054.65198147	3.8292376167204396	6.639237649464776	False	True
455	proceed	4.8	1.4277930428956507	1.15	2.4	3.6	178.0	1.9	2.1	0.07632112177820048	0.8535936020465273	0	False	12121029.149060689	False	1211618073.7401066	0.0	1211618073.7401066	1792	3.385347277462089	8.463368193655223	66.76657130550231	134.00332973287436	1.1114772181363533	6333	True	20880000	True	0	45.0	155.0	12.75	0.0	2.0088	0.5859	6833401.92	165.0	False	0.0	8.536149005752662	15979.670938768986	319.59341877537975	0.06163990073217704	225	11.024999999999991	3962	1	44743078.62855316	7329700	340000	0.0	52412778.62855316	0.4426158432976517	False	0	25117054.65198148	0	0.0	True	420	38000000.0	0.0	13440000.0	3762	76557054.65198147	3.816056088910024	6.639237649464776	False	True
456	proceed	4.8	1.4277930428956507	1.15	2.4	3.6	178.0	1.9	2.1	0.07605839872731206	0.8532478232506164	0	False	12116119.090158753	False	1211127264.252269	0.0	1211127264.252269	1791	3.385347277462089	8.463368193655223	66.76657130550231	134.00332973287436	1.1114772181363533	6333	True	20880000	True	0	45.0	155.0	12.75	0.0	2.0088	0.5859	6833401.92	165.0	False	0.0	8.533825372244142	15975.321096841033	319.5064219368207	0.061623121674231035	225	11.024999999999991	3961	1	44730899.07115489	7327850	340000	0.0	52398749.07115489	0.4426158432976517	False	0	25117054.65198148	0	0.0	True	420	38000000.0	0.0	13440000.0	3762	76557054.65198147	3.802919936365603	6.639237649464776	False	True
457	proceed	4.8	1.4277930428956507	1.15	2.4	3.6	178.0	1.9	2.1	0.07579658005780404	0.852900267723811	0	False	12111183.801678116	False	1210633932.8157444	0.0	1210633932.8157444	1791	3.385347277462089	8.463368193655223	66.76657130550231	134.00332973287436	1.1114772181363533	6333	True	20880000	True	0	45.0	155.0	12.75	0.0	2.0088	0.5859	6833401.92	165.0	False	0.0	8.53148979910401	15970.948903922706	319.41897807845413	0.06160625639968939	225	11.024999999999991	3960	1	44718656.93098358	7326000	340000	0.0	52384656.93098358	0.4426158432976517	False	0	25117054.65198148	0	0.0	True	420	38000000.0	0.0	13440000.0	3762	76557054.65198147	3.7898290028902024	6.639237649464776	False	True
458	proceed	4.8	1.4277930428956507	1.15	2.4	3.6	178.0	1.9	2.1	0.07553566265649062	0.85255093746329	0	False	12106223.311978718	False	1210138082.2653928	0.0	1210138082.2653928	1790	3.385347277462089	8.463368193655223	66.76657130550231	134.00332973287436	1.1114772181363533	6333	True	20880000	True	0	45.0	155.0	12.75	0.0	2.0088	0.5859	6833401.92	165.0	False	0.0	8.529142299753309	15966.554385138194	319.33108770276385	0.061589305005466	225	11.024999999999991	3959	1	44706352.27838694	7324150	340000	0.0	52370502.27838694	0.4426158432976517	False	0	25117054.65198148	0	0.0	True	420	38000000.0	0.0	13440000.0	3762	76557054.65198147	3.7767831328245305	6.639237649464776	False	True
459	proceed	4.8	1.4277930428956507	1.15	2.4	3.6	178.0	1.9	2.1	0.07527564342090254	0.8521998344501113	0	False	12101237.64919158	False	1209639715.4131904	0.0	1209639715.4131904	1789	3.385347277462089	8.463368193655223	66.76657130550231	134.00332973287436	1.1114772181363533	6333	True	20880000	True	0	45.0	155.0	12.75	0.0	2.0088	0.5859	6833401.92	165.0	False	0.0	8.526782887504746	15962.137565408886	319.24275130817773	0.06157226758769251	225	11.024999999999991	3958	1	44693985.18314488	7322300	340000	0.0	52356285.18314488	0.4426158432976517	False	0	25117054.65198148	0	0.0	True	420	38000000.0	0.0	13440000.0	3762	76557054.65198147	3.763782171045127	6.639237649464776	False	True
460	proceed	4.8	1.4277930428956507	1.15	2.4	3.6	178.0	1.9	2.1	0.07501651925925039	0.8518469606497086	0	False	12096226.84122586	False	1209138835.048937	0.0	1209138835.048937	1788	3.385347277462089	8.463368193655223	66.76657130550231	134.00332973287436	1.1114772181363533	6333	True	20880000	True	0	45.0	155.0	12.75	0.0	2.0088	0.5859	6833401.92	165.0	False	0.0	8.52441157556604	15957.698469459627	319.1539693891925	0.06155514424174243	225	11.024999999999991	3957	1	44681555.71448696	7320450	340000	0.0	52342005.71448696	0.4426158432976517	False	0	25117054.65198148	0	0.0	True	420	38000000.0	0.0	13440000.0	3762	76557054.65198147	3.7508259629625194	6.639237649464776	False	True
461	proceed	4.8	1.4277930428956507	1.15	2.4	3.6	178.0	1.9	2.1	0.07475828709038766	0.8514923180123802	0	False	12091190.9157758	False	1208635443.940949	0.0	1208635443.940949	1788	3.385347277462089	8.463368193655223	66.76657130550231	134.00332973287436	1.1114772181363533	6333	True	20880000	True	0	45.0	155.0	12.75	0.0	2.0088	0.5859	6833401.92	165.0	False	0.0	8.522028377043194	15953.23712182486	319.0647424364972	0.0615379350622548	225	11.024999999999991	3956	1	44669063.94110961	7318600	340000	0.0	52327663.94110961	0.4426158432976517	False	0	25117054.65198148	0	0.0	True	420	38000000.0	0.0	13440000.0	3762	76557054.65198147	3.737914354519383	6.639237649464776	False	True
462	proceed	4.8	1.4277930428956507	1.15	2.4	3.6	178.0	1.9	2.1	0.07450094384377427	0.8511359084737742	0	False	12086129.900327593	False	1208129544.8367462	0.0	1208129544.8367462	1787	3.385347277462089	8.463368193655223	66.76657130550231	134.00332973287436	1.1114772181363533	6333	True	20880000	True	0	45.0	155.0	12.75	0.0	2.0088	0.5859	6833401.92	165.0	False	0.0	8.519633304943762	15948.753546854721	318.9750709370944	0.06152064014315767	225	11.024999999999991	3955	1	44656509.93119322	7316750	340000	0.0	52313259.93119322	0.4426158432976517	False	0	25117054.65198148	0	0.0	True	420	38000000.0	0.0	13440000.0	3762	76557054.65198147	3.7250471921887134	6.639237649464776	False	True
463	proceed	4.8	1.4277930428956507	1.15	2.4	3.6	178.0	1.9	2.1	0.07424448645943989	0.8507777339553655	0	False	12081043.82216619	False	1207621140.4637325	0.0	1207621140.4637325	1786	3.385347277462089	8.463368193655223	66.76657130550231	134.00332973287436	1.1114772181363533	6333	True	20880000	True	0	45.0	155.0	12.75	0.0	2.0088	0.5859	6833401.92	165.0	False	0.0	8.517226372180057	15944.247768721067	318.88495537442134	0.061503259577691476	225	11.024999999999991	3954	1	44643893.75241899	7314900	340000	0.0	52298793.75241899	0.4426158432976517	False	0	25117054.65198148	0	0.0	True	420	38000000.0	0.0	13440000.0	3762	76557054.65198147	3.7122243229719945	6.639237649464776	False	True
464	proceed	4.8	1.4277930428956507	1.15	2.4	3.6	178.0	1.9	2.1	0.07398891188794768	0.8504177963649292	0	False	12075932.708381996	False	1207110233.5298643	0.0	1207110233.5298643	1785	3.385347277462089	8.463368193655223	66.76657130550231	134.00332973287436	1.1114772181363533	6333	True	20880000	True	0	45.0	155.0	12.75	0.0	2.0088	0.5859	6833401.92	165.0	False	0.0	8.514807591572323	15939.719811423389	318.7943962284678	0.06148579345843171	225	11.024999999999991	3953	1	44631215.47198549	7313050	340000	0.0	52284265.47198549	0.4426158432976517	False	0	25117054.65198148	0	0.0	True	420	38000000.0	0.0	13440000.0	3762	76557054.65198147	3.6994455943973836	6.639237649464776	False	True
465	proceed	4.8	1.4277930428956507	1.15	2.4	3.6	178.0	1.9	2.1	0.073734217090358	0.8500560975970066	0	False	12070796.585877495	False	1206596826.7243145	0.0	1206596826.7243145	1785	3.385347277462089	8.463368193655223	66.76657130550231	134.00332973287436	1.1114772181363533	6333	True	20880000	True	0	45.0	155.0	12.75	0.0	2.0088	0.5859	6833401.92	165.0	False	0.0	8.512376975851883	15935.169698794727	318.7033939758945	0.06146824187731182	225	11.024999999999991	3951	1	44618475.15662523	7309350	340000	0.0	52267825.15662523	0.4426158432976517	False	0	25117054.65198148	0	0.0	True	420	38000000.0	0.0	13440000.0	3762	76557054.65198147	3.6867108545179	6.639237649464776	False	True
466	proceed	4.8	1.4277930428956507	1.15	2.4	3.6	178.0	1.9	2.1	0.07348039903819224	0.8496926395333666	0	False	12065635.481373806	False	1206080922.7181256	0.0	1206080922.7181256	1784	3.385347277462089	8.463368193655223	66.76657130550231	134.00332973287436	1.1114772181363533	6333	True	20880000	True	0	45.0	155.0	12.75	0.0	2.0088	0.5859	6833401.92	165.0	False	0.0	8.509934537664222	15930.597454507424	318.61194909014847	0.06145060492564538	225	11.024999999999991	3950	1	44605672.87262079	7307500	340000	0.0	52253172.87262079	0.4426158432976517	False	0	25117054.65198148	0	0.0	True	420	38000000.0	0.0	13440000.0	3762	76557054.65198147	3.674019951909612	6.639237649464776	False	True
467	proceed	4.8	1.4277930428956507	1.15	2.4	3.6	178.0	1.9	2.1	0.07322745471339688	0.8493274240434614	0	False	12060449.421417153	False	1205562524.1648588	0.0	1205562524.1648588	1783	3.385347277462089	8.463368193655223	66.76657130550231	134.00332973287436	1.1114772181363533	6333	True	20880000	True	0	45.0	155.0	12.75	0.0	2.0088	0.5859	6833401.92	165.0	False	0.0	8.50748028957206	15926.003102078897	318.52006204157794	0.06143288269414836	225	11.024999999999991	3949	1	44592808.685820915	7305650	340000	0.0	52238458.685820915	0.4426158432976517	False	0	25117054.65198148	0	0.0	True	420	38000000.0	0.0	13440000.0	3762	76557054.65198147	3.6613727356698442	6.639237649464776	False	True
468	proceed	4.8	1.4277930428956507	1.15	2.4	3.6	178.0	1.9	2.1	0.07297538110830748	0.848960452984876	0	False	12055238.43238524	False	1205041633.7012286	0.0	1205041633.7012286	1782	3.385347277462089	8.463368193655223	66.76657130550231	134.00332973287436	1.1114772181363533	6333	True	20880000	True	0	45.0	155.0	12.75	0.0	2.0088	0.5859	6833401.92	165.0	False	0.0	8.505014244058366	15921.386664877264	318.4277332975453	0.06141507527296082	225	11.024999999999991	3948	1	44579882.661656335	7303800	340000	0.0	52223682.661656335	0.4426158432976517	False	0	25117054.65198148	0	0.0	True	420	38000000.0	0.0	13440000.0	3762	76557054.65198147	3.648769055415374	6.639237649464776	False	True
469	proceed	4.8	1.4277930428956507	1.15	2.4	3.6	178.0	1.9	2.1	0.07272417522561309	0.848591728203774	0	False	12050002.54049359	False	1204518253.9477394	0.0	1204518253.9477394	1782	3.385347277462089	8.463368193655223	66.76657130550231	134.00332973287436	1.1114772181363533	6333	True	20880000	True	0	45.0	155.0	12.75	0.0	2.0088	0.5859	6833401.92	165.0	False	0.0	8.502536413529361	15916.748166126965	318.3349633225393	0.06139718275166859	225	11.024999999999991	3947	1	44566894.8651555	7301950	340000	0.0	52208844.8651555	0.4426158432976517	False	0	25117054.65198148	0	0.0	True	420	38000000.0	0.0	13440000.0	3762	76557054.65198147	3.636208761280654	6.639237649464776	False	True
470	proceed	4.8	1.4277930428956507	1.15	2.4	3.6	178.0	1.9	2.1	0.07247383407832042	0.8482212515353358	0	False	12044741.771801768	False	1203992387.509305	0.0	1203992387.509305	1781	3.385347277462089	8.463368193655223	66.76657130550231	134.00332973287436	1.1114772181363533	6333	True	20880000	True	0	45.0	155.0	12.75	0.0	2.0088	0.5859	6833401.92	165.0	False	0.0	8.500046810317457	15912.087628914278	318.24175257828557	0.06137920521932457	225	11.024999999999991	3946	1	44553845.36095998	7300100	340000	0.0	52193945.36095998	0.4426158432976517	False	0	25117054.65198148	0	0.0	True	420	38000000.0	0.0	13440000.0	3762	76557054.65198147	3.623691703916021	6.639237649464776	False	True
471	proceed	4.8	1.4277930428956507	1.15	2.4	3.6	178.0	1.9	2.1	0.07222435468971852	0.8478490248041931	0	False	12039456.152219541	False	1203464036.9758654	0.0	1203464036.9758654	1780	3.385347277462089	8.463368193655223	66.76657130550231	134.00332973287436	1.1114772181363533	6333	True	20880000	True	0	45.0	155.0	12.75	0.0	2.0088	0.5859	6833401.92	165.0	False	0.0	8.497545446684176	15907.405076192781	318.14810152385564	0.06136114276446975	225	11.024999999999991	3945	1	44540734.21333978	7298250	340000	0.0	52178984.21333978	0.4426158432976517	False	0	25117054.65198148	0	0.0	True	420	38000000.0	0.0	13440000.0	3762	76557054.65198147	3.611217734485926	6.639237649464776	False	True
472	proceed	4.8	1.4277930428956507	1.15	2.4	3.6	178.0	1.9	2.1	0.07197573409334318	0.8474750498248579	0	False	12034145.707512982	False	1202933204.9229977	0.0	1202933204.9229977	1779	3.385347277462089	8.463368193655223	66.76657130550231	134.00332973287436	1.1114772181363533	6333	True	20880000	True	0	45.0	155.0	12.75	0.0	2.0088	0.5859	6833401.92	165.0	False	0.0	8.495032334823044	15902.700530788741	318.0540106157748	0.06134299547515409	225	11.024999999999991	3943	1	44527561.486208476	7294550	340000	0.0	52162111.486208476	0.4426158432976517	False	0	25117054.65198148	0	0.0	True	420	38000000.0	0.0	13440000.0	3762	76557054.65198147	3.5987867046671593	6.639237649464776	False	True
473	proceed	4.8	1.4277930428956507	1.15	2.4	3.6	178.0	1.9	2.1	0.07172796933294187	0.8470993284021464	0	False	12028810.463310478	False	1202399893.9125154	0.0	1202399893.9125154	1778	3.385347277462089	8.463368193655223	66.76657130550231	134.00332973287436	1.1114772181363533	6333	True	20880000	True	0	45.0	155.0	12.75	0.0	2.0088	0.5859	6833401.92	165.0	False	0.0	8.492507486862424	15897.974015406457	317.9594803081291	0.06132476343895699	225	11.024999999999991	3942	1	44514327.243138075	7292700	340000	0.0	52147027.243138075	0.4426158432976517	False	0	25117054.65198148	0	0.0	True	420	38000000.0	0.0	13440000.0	3762	76557054.65198147	3.5863984666470934	6.639237649464776	False	True
474	proceed	4.8	1.4277930428956507	1.15	2.4	3.6	178.0	1.9	2.1	0.07148105746243835	0.846721862331597	0	False	12023450.445108676	False	1201864106.4930634	0.0	1201864106.4930634	1778	3.385347277462089	8.463368193655223	66.76657130550231	134.00332973287436	1.1114772181363533	6333	True	20880000	True	0	45.0	155.0	12.75	0.0	2.0088	0.5859	6833401.92	165.0	False	0.0	8.489970914868332	15893.225552633518	317.86451105267037	0.06130644674300776	225	11.024999999999991	3941	1	44501031.547373846	7290850	340000	0.0	52131881.547373846	0.4426158432976517	False	0	25117054.65198148	0	0.0	True	420	38000000.0	0.0	13440000.0	3762	76557054.65198147	3.5740528731219174	6.639237649464776	False	True
475	proceed	4.8	1.4277930428956507	1.15	2.4	3.6	178.0	1.9	2.1	0.0712349955458979	0.8463426533998848	0	False	12018065.678278364	False	1201325845.2007053	0.0	1201325845.2007053	1777	3.385347277462089	8.463368193655223	66.76657130550231	134.00332973287436	1.1114772181363533	6333	True	20880000	True	0	45.0	155.0	12.75	0.0	2.0088	0.5859	6833401.92	165.0	False	0.0	8.487422630847224	15888.455164946005	317.7691032989201	0.061288045474005466	225	11.024999999999991	3940	1	44487674.46184881	7289000	340000	0.0	52116674.46184881	0.4426158432976517	False	0	25117054.65198148	0	0.0	True	420	38000000.0	0.0	13440000.0	3762	76557054.65198147	3.561749777294895	6.639237649464776	False	True
476	proceed	4.8	1.4277930428956507	1.15	2.4	3.6	178.0	1.9	2.1	0.07098978065749216	0.8459617033852294	0	False	12012656.188070256	False	1200785112.5595028	0.0	1200785112.5595028	1776	3.385347277462089	8.463368193655223	66.76657130550231	134.00332973287436	1.1114772181363533	6333	True	20880000	True	0	45.0	155.0	12.75	0.0	2.0088	0.5859	6833401.92	165.0	False	0.0	8.484862646748741	15883.662874713642	317.67325749427283	0.061269559718239	225	11.024999999999991	3939	1	44474256.049198195	7287150	340000	0.0	52101406.049198195	0.4426158432976517	False	0	25117054.65198148	0	0.0	True	420	38000000.0	0.0	13440000.0	3762	76557054.65198147	3.549489032874608	6.639237649464776	False	True
477	proceed	4.8	1.4277930428956507	1.15	2.4	3.6	178.0	1.9	2.1	0.07074540988146455	0.8455790140577994	0	False	12007221.999620752	False	1200241911.0820904	0.0	1200241911.0820904	1775	3.385347277462089	8.463368193655223	66.76657130550231	134.00332973287436	1.1114772181363533	6333	True	20880000	True	0	45.0	155.0	12.75	0.0	2.0088	0.5859	6833401.92	165.0	False	0.0	8.48229097446841	15878.848704204867	317.57697408409734	0.061250989561606496	225	11.024999999999991	3937	1	44460776.37177363	7283450	340000	0.0	52084226.37177363	0.4426158432976517	False	0	25117054.65198148	0	0.0	True	420	38000000.0	0.0	13440000.0	3762	76557054.65198147	3.5372704940732276	6.639237649464776	False	True
478	proceed	4.8	1.4277930428956507	1.15	2.4	3.6	178.0	1.9	2.1	0.07050188031209549	0.8451945871801116	0	False	12001763.137957586	False	1199696243.2702403	0.0	1199696243.2702403	1774	3.385347277462089	8.463368193655223	66.76657130550231	134.00332973287436	1.1114772181363533	6333	True	20880000	True	0	45.0	155.0	12.75	0.0	2.0088	0.5859	6833401.92	165.0	False	0.0	8.479707625850349	15874.012675591855	317.48025351183713	0.06123233508963482	225	11.024999999999991	3936	1	44447235.4916572	7281600	340000	0.0	52068835.4916572	0.4426158432976517	False	0	25117054.65198148	0	0.0	True	420	38000000.0	0.0	13440000.0	3762	76557054.65198147	3.5250940156047745	6.639237649464776	False	True
479	proceed	4.8	1.4277930428956507	1.15	2.4	3.6	178.0	1.9	2.1	0.07025918905366779	0.8448084245074237	0	False	11996279.628005415	False	1199148111.6154213	0.0	1199148111.6154213	1774	3.385347277462089	8.463368193655223	66.76657130550231	134.00332973287436	1.1114772181363533	6333	True	20880000	True	0	45.0	155.0	12.75	0.0	2.0088	0.5859	6833401.92	165.0	False	0.0	8.477112612689886	15869.154810955468	317.38309621910935	0.06121359638749854	225	11.024999999999991	3935	1	44433633.47067531	7279750	340000	0.0	52053383.47067531	0.4426158432976517	False	0	25117054.65198148	0	0.0	True	420	38000000.0	0.0	13440000.0	3762	76557054.65198147	3.51295945268339	6.639237649464776	False	True
480	proceed	4.8	1.4277930428956507	1.15	2.4	3.6	178.0	1.9	2.1	0.07001733322043241	0.8444205277881257	0	False	11990771.494591385	False	1198597518.599355	0.0	1198597518.599355	1773	3.385347277462089	8.463368193655223	66.76657130550231	134.00332973287436	1.1114772181363533	6333	True	20880000	True	0	45.0	155.0	12.75	0.0	2.0088	0.5859	6833401.92	165.0	False	0.0	8.474505946736203	15864.275132290173	317.2855026458035	0.06119477354003903	225	11.024999999999991	3934	1	44419970.370412484	7277900	340000	0.0	52037870.370412484	0.4426158432976517	False	0	25117054.65198148	0	0.0	True	420	38000000.0	0.0	13440000.0	3762	76557054.65198147	3.500866661021621	6.639237649464776	False	True
481	proceed	4.8	1.4277930428956507	1.15	2.4	3.6	178.0	1.9	2.1	0.06977630993657397	0.8440308987641234	0	False	11985238.762450552	False	1198044466.6945572	0.0	1198044466.6945572	1772	3.385347277462089	8.463368193655223	66.76657130550231	134.00332973287436	1.1114772181363533	6333	True	20880000	True	0	45.0	155.0	12.75	0.0	2.0088	0.5859	6833401.92	165.0	False	0.0	8.47188763969491	15859.37366150887	317.1874732301774	0.06117586663178297	225	11.024999999999991	3933	1	44406246.25222483	7276050	340000	0.0	52022296.25222483	0.4426158432976517	False	0	25117054.65198148	0	0.0	True	420	38000000.0	0.0	13440000.0	3762	76557054.65198147	3.488815496828698	6.639237649464776	False	True
482	proceed	4.8	1.4277930428956507	1.15	2.4	3.6	178.0	1.9	2.1	0.0695361163361766	0.843639539171219	0	False	11979681.456231311	False	1197488958.364882	0.0	1197488958.364882	1771	3.385347277462089	8.463368193655223	66.76657130550231	134.00332973287436	1.1114772181363533	6333	True	20880000	True	0	45.0	155.0	12.75	0.0	2.0088	0.5859	6833401.92	165.0	False	0.0	8.469257703230591	15854.450420447669	317.08900840895336	0.061156875746960895	225	11.024999999999991	3931	1	44392461.17725347	7272350	340000	0.0	52004811.17725347	0.4426158432976517	False	0	25117054.65198148	0	0.0	True	420	38000000.0	0.0	13440000.0	3762	76557054.65198147	3.4768058168088296	6.639237649464776	False	True
483	proceed	4.8	1.4277930428956507	1.15	2.4	3.6	178.0	1.9	2.1	0.06929674956318987	0.8432464507394867	0	False	11974099.60050071	False	1196930996.066051	0.0	1196930996.066051	1770	3.385347277462089	8.463368193655223	66.76657130550231	134.00332973287436	1.1114772181363533	6333	True	20880000	True	0	45.0	155.0	12.75	0.0	2.0088	0.5859	6833401.92	165.0	False	0.0	8.466616148969349	15849.505430870624	316.9901086174125	0.06113780096952531	225	11.024999999999991	3930	1	44378615.206437744	7270500	340000	0.0	51989115.206437744	0.4426158432976517	False	0	25117054.65198148	0	0.0	True	420	38000000.0	0.0	13440000.0	3762	76557054.65198147	3.464837478159494	6.639237649464776	False	True
484	proceed	4.8	1.4277930428956507	1.15	2.4	3.6	178.0	1.9	2.1	0.06905820677139497	0.8428516351936441	0	False	11968493.219749747	False	1196370582.2461848	0.0	1196370582.2461848	1769	3.385347277462089	8.463368193655223	66.76657130550231	134.00332973287436	1.1114772181363533	6333	True	20880000	True	0	45.0	155.0	12.75	0.0	2.0088	0.5859	6833401.92	165.0	False	0.0	8.463962988501288	15844.53871447441	316.8907742894882	0.0611186423831689	225	11.024999999999991	3929	1	44364708.40052835	7268650	340000	0.0	51973358.40052835	0.4426158432976517	False	0	25117054.65198148	0	0.0	True	420	38000000.0	0.0	13440000.0	3762	76557054.65198147	3.4529103385697484	6.639237649464776	False	True
485	proceed	4.8	1.4277930428956507	1.15	2.4	3.6	178.0	1.9	2.1	0.06882048512437054	0.8424550942534184	0	False	11962862.33839854	False	1195807719.346318	0.0	1195807719.346318	1769	3.385347277462089	8.463368193655223	66.76657130550231	134.00332973287436	1.1114772181363533	6333	True	20880000	True	0	45.0	155.0	12.75	0.0	2.0088	0.5859	6833401.92	165.0	False	0.0	8.461298233382971	15839.550292892924	316.79100585785847	0.061099400071342125	225	11.024999999999991	3928	1	44350740.82010019	7266800	340000	0.0	51957540.82010019	0.4426158432976517	False	0	25117054.65198148	0	0.0	True	420	38000000.0	0.0	13440000.0	3762	76557054.65198147	3.4410242562185274	6.639237649464776	False	True
486	proceed	4.8	1.4277930428956507	1.15	2.4	3.6	178.0	1.9	2.1	0.06858358179545933	0.842056829633909	0	False	11957206.980801508	False	1195242409.8009188	0.0	1195242409.8009188	1768	3.385347277462089	8.463368193655223	66.76657130550231	134.00332973287436	1.1114772181363533	6333	True	20880000	True	0	45.0	155.0	12.75	0.0	2.0088	0.5859	6833401.92	165.0	False	0.0	8.458621895139869	15834.540187701836	316.6908037540367	0.06108007411727087	225	11.024999999999991	3926	1	44336712.52556514	7263100	340000	0.0	51939812.52556514	0.4426158432976517	False	0	25117054.65198148	0	0.0	True	420	38000000.0	0.0	13440000.0	3762	76557054.65198147	3.4291790897729664	6.639237649464776	False	True
487	proceed	4.8	1.4277930428956507	1.15	2.4	3.6	178.0	1.9	2.1	0.06834749396773422	0.8416568430459455	0	False	11951527.171252426	False	1194674656.0383925	0.0	1194674656.0383925	1767	3.385347277462089	8.463368193655223	66.76657130550231	134.00332973287436	1.1114772181363533	6333	True	20880000	True	0	45.0	155.0	12.75	0.0	2.0088	0.5859	6833401.92	165.0	False	0.0	8.455933985268752	15829.508420423104	316.5901684084621	0.06106066460397382	225	11.024999999999991	3925	1	44322623.57718469	7261250	340000	0.0	51923873.57718469	0.4426158432976517	False	0	25117054.65198148	0	0.0	True	420	38000000.0	0.0	13440000.0	3762	76557054.65198147	3.417374698386711	6.639237649464776	False	True
488	proceed	4.8	1.4277930428956507	1.15	2.4	3.6	178.0	1.9	2.1	0.06811221883396502	0.8412551361964407	0	False	11945822.933989458	False	1194104460.4815862	0.0	1194104460.4815862	1766	3.385347277462089	8.463368193655223	66.76657130550231	134.00332973287436	1.1114772181363533	6333	True	20880000	True	0	45.0	155.0	12.75	0.0	2.0088	0.5859	6833401.92	165.0	False	0.0	8.45323451524008	15824.45501252943	316.4891002505886	0.06104117161427968	225	11.024999999999991	3924	1	44308474.03508241	7259400	340000	0.0	51907874.03508241	0.4426158432976517	False	0	25117054.65198148	0	0.0	True	420	38000000.0	0.0	13440000.0	3762	76557054.65198147	3.405610941698251	6.639237649464776	False	True
489	proceed	4.8	1.4277930428956507	1.15	2.4	3.6	178.0	1.9	2.1	0.06787775359658495	0.8408517107887411	0	False	11940094.293200124	False	1193531825.5482845	0.0	1193531825.5482845	1765	3.385347277462089	8.463368193655223	66.76657130550231	134.00332973287436	1.1114772181363533	6333	True	20880000	True	0	45.0	155.0	12.75	0.0	2.0088	0.5859	6833401.92	165.0	False	0.0	8.45052349650034	15819.379985448637	316.38759970897274	0.06102159523084401	225	11.024999999999991	3923	1	44294263.95925619	7257550	340000	0.0	51891813.95925619	0.4426158432976517	False	0	25117054.65198148	0	0.0	True	420	38000000.0	0.0	13440000.0	3762	76557054.65198147	3.3938876798292474	6.639237649464776	False	True
490	proceed	4.8	1.4277930428956507	1.15	2.4	3.6	178.0	1.9	2.1	0.06764409546765739	0.8404465685229711	0	False	11934341.273026189	False	1192956753.6516979	0.0	1192956753.6516979	1764	3.385347277462089	8.463368193655223	66.76657130550231	134.00332973287436	1.1114772181363533	6333	True	20880000	True	0	45.0	155.0	12.75	0.0	2.0088	0.5859	6833401.92	165.0	False	0.0	8.447800940474364	15814.283360568012	316.28566721136025	0.06100193553616602	225	11.024999999999991	3921	1	44279993.40959043	7253850	340000	0.0	51873843.40959043	0.4426158432976517	False	0	25117054.65198148	0	0.0	True	420	38000000.0	0.0	13440000.0	3762	76557054.65198147	3.3822047733828695	6.639237649464776	False	True
491	proceed	4.8	1.4277930428956507	1.15	2.4	3.6	178.0	1.9	2.1	0.06741124166884273	0.8400397110963742	0	False	11928563.897568515	False	1192379247.2009487	0.0	1192379247.2009487	1764	3.385347277462089	8.463368193655223	66.76657130550231	134.00332973287436	1.1114772181363533	6333	True	20880000	True	0	45.0	155.0	12.75	0.0	2.0088	0.5859	6833401.92	165.0	False	0.0	8.445066858567634	15809.165159238612	316.1833031847722	0.060982192612605186	225	11.024999999999991	3920	1	44265662.44586811	7252000	340000	0.0	51857662.44586811	0.4426158432976517	False	0	25117054.65198148	0	0.0	True	420	38000000.0	0.0	13440000.0	3762	76557054.65198147	3.3705620834421364	6.639237649464776	False	True
492	proceed	4.8	1.4277930428956507	1.15	2.4	3.6	178.0	1.9	2.1	0.06717918943136535	0.8396311402036503	0	False	11922762.190891834	False	1191799308.6015477	0.0	1191799308.6015477	1763	3.385347277462089	8.463368193655223	66.76657130550231	134.00332973287436	1.1114772181363533	6333	True	20880000	True	0	45.0	155.0	12.75	0.0	2.0088	0.5859	6833401.92	165.0	False	0.0	8.44232126216853	15804.025402779487	316.08050805558975	0.060962366542397485	225	11.024999999999991	3919	1	44251271.12778256	7250150	340000	0.0	51841421.12778256	0.4426158432976517	False	0	25117054.65198148	0	0.0	True	420	38000000.0	0.0	13440000.0	3762	76557054.65198147	3.358959471568267	6.639237649464776	False	True
493	proceed	4.8	1.4277930428956507	1.15	2.4	3.6	178.0	1.9	2.1	0.06694793599598069	0.8392208575372878	0	False	11916936.177029487	False	1191216940.2558675	0.0	1191216940.2558675	1762	3.385347277462089	8.463368193655223	66.76657130550231	134.00332973287436	1.1114772181363533	6333	True	20880000	True	0	45.0	155.0	12.75	0.0	2.0088	0.5859	6833401.92	165.0	False	0.0	8.439564162650573	15798.864112481873	315.9772822496375	0.060942457407671624	225	11.024999999999991	3918	1	44236819.51494925	7248300	340000	0.0	51825119.51494925	0.4426158432976517	False	0	25117054.65198148	0	0.0	True	420	38000000.0	0.0	13440000.0	3762	76557054.65198147	3.3473967997990344	6.639237649464776	False	True
494	proceed	4.8	1.4277930428956507	1.15	2.4	3.6	178.0	1.9	2.1	0.06671747861294246	0.8388088647878934	0	False	11911085.879988085	False	1190632144.5636091	0.0	1190632144.5636091	1761	3.385347277462089	8.463368193655223	66.76657130550231	134.00332973287436	1.1114772181363533	6333	True	20880000	True	0	45.0	155.0	12.75	0.0	2.0088	0.5859	6833401.92	165.0	False	0.0	8.436795571374642	15793.68130961333	315.8736261922666	0.06092246529046498	225	11.024999999999991	3916	1	44222307.666917324	7244600	340000	0.0	51806907.666917324	0.4426158432976517	False	0	25117054.65198148	0	0.0	True	420	38000000.0	0.0	13440000.0	3762	76557054.65198147	3.335873930647123	6.639237649464776	False	True
495	proceed	4.8	1.4277930428956507	1.15	2.4	3.6	178.0	1.9	2.1	0.06648781454196989	0.8383951636445159	0	False	11905211.323752126	False	1190044923.9222627	0.0	1190044923.9222627	1760	3.385347277462089	8.463368193655223	66.76657130550231	134.00332973287436	1.1114772181363533	6333	True	20880000	True	0	45.0	155.0	12.75	0.0	2.0088	0.5859	6833401.92	165.0	False	0.0	8.434015499691146	15788.477015421824	315.7695403084365	0.06090239027273936	225	11.024999999999991	3915	1	44207735.64318111	7242750	340000	0.0	51790485.64318111	0.4426158432976517	False	0	25117054.65198148	0	0.0	True	420	38000000.0	0.0	13440000.0	3762	76557054.65198147	3.3243907270984945	6.639237649464776	False	True
496	proceed	4.8	1.4277930428956507	1.15	2.4	3.6	178.0	1.9	2.1	0.06625894105221519	0.8379797557949678	0	False	11899312.532288542	False	1189455280.727563	0.0	1189455280.727563	1759	3.385347277462089	8.463368193655223	66.76657130550231	134.00332973287436	1.1114772181363533	6333	True	20880000	True	0	45.0	155.0	12.75	0.0	2.0088	0.5859	6833401.92	165.0	False	0.0	8.431223958942182	15783.251251139765	315.6650250227953	0.060882232436396524	225	11.024999999999991	3914	1	44193103.503191344	7240900	340000	0.0	51774003.503191344	0.4426158432976517	False	0	25117054.65198148	0	0.0	True	420	38000000.0	0.0	13440000.0	3762	76557054.65198147	3.3129470526107596	6.639237649464776	False	True
497	proceed	4.8	1.4277930428956507	1.15	2.4	3.6	178.0	1.9	2.1	0.0660308554222311	0.8375626429261416	0	False	11893389.52955121	False	1188863217.373939	0.0	1188863217.373939	1758	3.385347277462089	8.463368193655223	66.76657130550231	134.00332973287436	1.1114772181363533	6333	True	20880000	True	0	45.0	155.0	12.75	0.0	2.0088	0.5859	6833401.92	165.0	False	0.0	8.42842096046367	15778.004037987992	315.56008075975984	0.06086199186329366	225	11.024999999999991	3912	1	44178411.30636638	7237200	340000	0.0	51755611.30636638	0.4426158432976517	False	0	25117054.65198148	0	0.0	True	420	38000000.0	0.0	13440000.0	3762	76557054.65198147	3.301542771111555	6.639237649464776	False	True
498	proceed	4.8	1.4277930428956507	1.15	2.4	3.6	178.0	1.9	2.1	0.06580355493993845	0.8371438267243234	0	False	11887442.339485392	False	1188268736.2549598	0.0	1188268736.2549598	1758	3.385347277462089	8.463368193655223	66.76657130550231	134.00332973287436	1.1114772181363533	6333	True	20880000	True	0	45.0	155.0	12.75	0.0	2.0088	0.5859	6833401.92	165.0	False	0.0	8.425606515587454	15772.735397179713	315.45470794359426	0.06084166863525848	225	11.024999999999991	3911	1	44163659.112103194	7235350	340000	0.0	51739009.112103194	0.4426158432976517	False	0	25117054.65198148	0	0.0	True	420	38000000.0	0.0	13440000.0	3762	76557054.65198147	3.2901777469969224	6.639237649464776	False	True
499	proceed	4.8	1.4277930428956507	1.15	2.4	3.6	178.0	1.9	2.1	0.065577036902594	0.8367233088755028	0	False	11881470.98603214	False	1187671839.7637727	0.0	1187671839.7637727	1757	3.385347277462089	8.463368193655223	66.76657130550231	134.00332973287436	1.1114772181363533	6333	True	20880000	True	0	45.0	155.0	12.75	0.0	2.0088	0.5859	6833401.92	165.0	False	0.0	8.422780635643377	15767.445349924403	315.3489069984881	0.060821262834104294	225	11.024999999999991	3910	1	44148846.979788326	7233500	340000	0.0	51722346.979788326	0.4426158432976517	False	0	25117054.65198148	0	0.0	True	420	38000000.0	0.0	13440000.0	3762	76557054.65198147	3.2788518451297004	6.639237649464776	False	True
