year,mine_active,tailings_failed,cumulative_waste_Mt,sulfate_mg_l,hg_ng_l,methyl_hg_ng_l,canada_sulfate_mg_l,manoomin_acres_lost,lake_trout_hg_ppm,loon_mortality_frac,forest_acres_lost,amphibian_collapse,wells_contaminated,forced_migrants,treaty_harvesters_displaced,mine_jobs,tourism_jobs_lost,lumber_jobs_lost,net_jobs,lake_superior_hg_loading,reservoir_km3_lost,port_jobs_at_risk,users_losing_safe_water,total_breach_days,ijc_referral_triggered,trail_smelter_liability,liability_npv_usd
0,False,False,0.0,0.0,0.0,0.0,0.0,0,0.0,0.0,0.0,False,0,0,0,0,0,0,0,0.0,0.0,0,0,0,False,False,0.0
1,False,False,0.0,0.0,0.0,0.0,0.0,0,0.0,0.0,0.0,False,0,0,0,0,0,0,0,0.0,0.0,0,0,0,False,False,0.0
2,False,False,0.0,0.0,0.0,0.0,0.0,0,0.0,0.0,0.0,False,0,0,0,0,0,0,0,0.0,0.0,0,0,0,False,False,0.0
3,False,False,0.0,0.0,0.0,0.0,0.0,0,0.0,0.0,0.0,False,0,0,0,0,0,0,0,0.0,0.0,0,0,0,False,False,0.0
4,False,False,0.0,0.0,0.0,0.0,0.0,0,0.0,0.0,0.0,False,0,0,0,0,0,0,0,0.0,0.0,0,0,0,False,False,0.0
5,True,False,20.44,0.0,0.0,0.0,0.0,0,0.0,0.0,0.0,False,0,0,0,700,0,0,700,0.0,0.0,0,0,0,False,False,0.0
6,True,False,40.88,0.21065381930229665,22.46974072557831,6.965619624929276,0.13060536796742392,0,18.80717298730905,1.0,246.46496858368707,False,0,0,0,700,238,2,460,2.6963688870693967,0.026121073593484923,78,1432,0,False,False,0.0
7,True,False,61.32,0.5471571687017379,58.36343132818538,18.092663711737465,0.3392374445950775,0,48.85019202169115,1.0,640.1738873810334,False,0,0,0,700,620,5,75,7.003611759382245,0.06784748891901571,156,3720,0,False,False,0.0
8,True,False,81.76,0.9550526200877744,80.0,24.8,0.59213262445442,0,66.96,1.0,1117.411565502696,False,248,207,0,700,1082,10,-392,9.6,0.11842652489088357,234,6494,0,False,False,0.0
9,True,False,102.2,1.4000488274090606,80.0,24.8,0.8680302729936176,0,66.96,1.0,1638.0571280686008,False,364,303,0,700,1586,14,-900,9.6,0.17360605459872366,312,9520,0,False,False,0.0
10,True,False,122.64,1.8611185820119556,80.0,24.8,1.1538935208474124,0,66.96,1.0,2177.508740953988,False,484,403,0,700,2109,19,-1428,9.6,0.2307787041694825,390,12655,0,False,False,0.0
11,True,False,143.08,2.3258490498014903,80.0,24.8,1.442026410876924,0,66.96,1.0,2721.2433882677437,False,605,504,0,700,2635,24,-1959,9.6,0.2884052821753844,468,15815,0,False,False,0.0
12,True,True,367.92,6.271497984763299,80.0,24.8,3.888328750553245,519.9013982143265,66.96,1.0,7337.652642173059,False,1633,1466,245,700,7107,65,-6472,9.6,0.7776657501106489,546,42646,0,False,False,0.0
13,True,True,592.76,10.446783287341397,80.0,24.8,6.477005638151666,2227.1291663795937,66.96,1.0,12222.736446189434,False,2720,2717,1053,700,11839,109,-11248,9.6,1.2954011276303334,624,71038,0,False,False,0.0
14,True,True,817.6,14.755186627752886,80.0,24.8,9.14821570920679,3988.7874211256244,66.96,1.0,17263.568354470877,False,3842,4008,1886,700,16722,154,-16176,9.6,1.8296431418413572,702,100335,0,False,False,0.0
15,True,True,1042.44,19.13545695194141,80.0,24.8,11.863983310203675,5779.8312870160435,66.96,1.0,22388.484633771448,False,4982,5320,2732,700,17000,200,-16500,9.6,2.372796662040735,780,130121,365,True,False,0.0
16,True,True,1267.28,23.54963234211065,80.0,24.8,14.600772052108605,7584.738557663022,66.96,1.0,27553.06984026946,False,6132,6643,3586,700,17000,247,-16547,9.6,2.9201544104217207,858,160137,730,True,False,2800000000.0
17,True,True,1492.12,27.97495106022397,80.0,24.8,17.34446965733886,9394.202211291578,66.96,1.0,32730.692740462044,False,7284,7969,4441,700,17000,293,-16593,9.6,3.4688939314677714,936,190229,1095,True,True,5600000000.0
18,True,True,1716.96,32.39842697005114,80.0,24.8,20.087024721431707,11202.912361087576,66.96,1.0,37906.159554959835,True,8436,8060,5297,700,17000,340,-16640,9.6,4.0174049442863415,1014,220309,1460,True,True,8400000000.0
19,True,True,1941.8,36.81324183155792,80.0,24.8,22.824209935565907,13008.081104459237,66.96,1.0,43071.49294292276,True,9586,8060,6150,700,17000,386,-16686,9.6,4.564841987113182,1092,250330,1825,True,True,11200000000.0
20,True,True,2166.64,41.21636996063191,80.0,24.8,25.554149375591784,14808.471272791714,66.96,1.0,48223.15285393933,True,10416,8060,7001,700,17000,432,-16732,9.6,5.110829875118358,1170,280271,2190,True,True,14000000000.0
21,True,True,2391.48,45.607033622604035,80.0,24.8,28.2763608460145,16603.764859020317,66.96,1.0,53360.22933844673,True,10416,8060,7850,700,17000,478,-16778,9.6,5.6552721692029,1248,310127,2555,True,True,16800000000.0
22,True,True,2616.32,49.98571434379646,80.0,24.8,30.991142893153803,18394.158753907886,66.96,1.0,58483.28578224186,True,10416,8060,8697,700,17000,524,-16824,9.6,6.198228578630761,1326,339902,2920,True,True,19600000000.0
23,True,True,2841.16,54.35353299994517,80.0,24.8,33.699190459966005,18400.0,66.96,1.0,63593.63360993585,True,10416,8060,8700,700,17000,570,-16870,9.6,6.739838091993202,1404,369604,3285,True,True,22400000000.0
24,True,True,3066.0,58.711871948996276,80.0,24.8,36.40136060837769,18400.0,66.96,1.0,68692.89018032564,True,10416,8060,8700,700,17000,616,-16916,9.6,7.280272121675538,1482,399240,3650,True,True,25200000000.0
25,False,True,3066.0,58.753559570271854,80.0,24.8,36.42720693356855,18400.0,66.96,1.0,68741.66469721806,True,10416,8060,8700,0,17000,616,-17616,9.6,7.2854413867137096,1560,399524,4015,True,True,28000000000.0
26,False,True,3066.0,58.581704321889774,80.0,24.8,36.32065667957166,18400.0,66.96,1.0,68540.59405661104,True,10416,8060,8700,0,17000,615,-17615,9.6,7.264131335914332,1638,398355,4380,True,True,30800000000.0
27,False,True,3066.0,58.40220674796669,80.0,24.8,36.20936818373934,18400.0,66.96,1.0,68330.58189512102,True,10416,8060,8700,0,17000,613,-17613,9.6,7.2418736367478695,1716,397135,4745,True,True,33600000000.0
28,False,True,3066.0,58.21732374536663,80.0,24.8,36.094740722127305,18400.0,66.96,1.0,68114.26878207894,True,10416,8060,8700,0,17000,611,-17611,9.6,7.218948144425461,1794,395877,5110,True,True,36400000000.0
29,False,True,3066.0,58.028700168952085,80.0,24.8,35.977794104750295,18400.0,66.96,1.0,67893.57919767394,True,10416,8060,8700,0,17000,609,-17609,9.6,7.195558820950059,1872,394595,5475,True,True,39200000000.0
30,False,True,3066.0,57.837534637710434,80.0,24.8,35.85927147538047,18400.0,66.96,1.0,67669.9155261212,True,10416,8060,8700,0,17000,607,-17607,9.6,7.171854295076094,1950,393295,5840,True,True,42000000000.0
31,False,True,3066.0,57.64470042352255,80.0,24.8,35.73971426258398,18400.0,66.96,1.0,67444.2994955214,True,10416,8060,8700,0,17000,605,-17605,9.6,7.147942852516797,2028,391983,6205,True,True,44800000000.0
32,False,True,3066.0,57.45083359081317,80.0,24.8,35.619516826304164,18400.0,66.96,1.0,67217.4753012514,True,10416,8060,8700,0,17000,603,-17603,9.6,7.123903365260833,2106,390665,6570,True,True,47600000000.0
33,False,True,3066.0,57.256397258912145,80.0,24.8,35.49896630052553,18400.0,66.96,1.0,66989.98479292721,True,10416,8060,8700,0,17000,601,-17601,9.6,7.0997932601051055,2184,389343,6935,True,True,50400000000.0
34,False,True,3066.0,57.06172845555216,80.0,24.8,35.37827164244234,18400.0,66.96,1.0,66762.22229299603,True,10416,8060,8700,0,17000,599,-17599,9.6,7.0756543284884685,2262,388019,7300,True,True,53200000000.0
35,False,True,3066.0,56.86707227761338,80.0,24.8,35.2575848121203,18400.0,66.96,1.0,66534.47456480766,True,10416,8060,8700,0,17000,597,-17597,9.6,7.05151696242406,2340,386696,7665,True,True,56000000000.0
36,False,True,3066.0,56.67260679761787,80.0,24.8,35.13701621452308,18400.0,66.96,1.0,66306.9499532129,True,10416,8060,8700,0,17000,595,-17595,9.6,7.027403242904615,2340,385373,8030,True,True,58800000000.0
37,False,True,3066.0,56.47846122297653,80.0,24.8,35.01664595824545,18400.0,66.96,1.0,66079.79963088254,True,10416,8060,8700,0,17000,593,-17593,9.6,7.003329191649089,2340,384053,8395,True,True,61600000000.0
38,False,True,3066.0,56.28472913583708,80.0,24.8,34.89653206421899,18400.0,66.96,1.0,65853.13308892939,True,10416,8060,8700,0,17000,590,-17590,9.6,6.9793064128437985,2340,382736,8760,True,True,64400000000.0
39,False,True,3066.0,56.091478146212225,80.0,24.8,34.77671645065158,18400.0,66.96,1.0,65627.02943106831,True,10416,8060,8700,0,17000,588,-17588,9.6,6.955343290130316,2340,381422,9125,True,True,67200000000.0
40,False,True,3066.0,55.8987569300406,80.0,24.8,34.65722929662517,18400.0,66.96,1.0,65401.5456081475,True,10416,8060,8700,0,17000,586,-17586,9.6,6.931445859325033,2340,380111,9490,True,True,70000000000.0
41,False,True,3066.0,55.706600360609684,80.0,24.8,34.538092223578005,18400.0,66.96,1.0,65176.72242191333,True,10416,8060,8700,0,17000,584,-17584,9.6,6.907618444715601,2340,378804,9855,True,True,72800000000.0
42,False,True,3066.0,55.51503324985439,80.0,24.8,34.41932061490972,18400.0,66.96,1.0,64952.58890232964,True,10416,8060,8700,0,17000,582,-17582,9.6,6.8838641229819455,2340,377502,10220,True,True,75600000000.0
43,False,True,3066.0,55.32407307611988,80.0,24.8,34.300925307194326,18400.0,66.96,1.0,64729.16549906026,True,10416,8060,8700,0,17000,580,-17580,9.6,6.860185061438866,2340,376203,10585,True,True,78400000000.0
44,False,True,3066.0,55.13373197295842,80.0,24.8,34.18291382323422,18400.0,66.96,1.0,64506.46640836135,True,10416,8060,8700,0,17000,578,-17578,9.6,6.8365827646468444,2340,374909,10950,True,True,81200000000.0
45,False,True,3066.0,54.94401817914836,80.0,24.8,34.065291271071985,18400.0,66.96,1.0,64284.50126960358,True,10416,8060,8700,0,17000,576,-17576,9.6,6.813058254214397,2340,373619,11315,True,True,84000000000.0
46,False,True,3066.0,54.75493709589144,80.0,24.8,33.94806099945269,18400.0,66.96,1.0,64063.27640219299,True,10416,8060,8700,0,17000,574,-17574,9.6,6.789612199890539,2340,372333,11680,True,True,86800000000.0
47,False,True,3066.0,54.56649205760542,80.0,24.8,33.83122507571536,18400.0,66.96,1.0,63842.79570739834,True,10416,8060,8700,0,17000,572,-17572,9.6,6.766245015143072,2340,371052,12045,True,True,89600000000.0
48,False,True,3066.0,54.37868489389936,80.0,24.8,33.7147846342176,18400.0,66.96,1.0,63623.061325862254,True,10416,8060,8700,0,17000,570,-17570,9.6,6.742956926843521,2340,369775,12410,True,True,92400000000.0
49,False,True,3066.0,54.19151633930117,80.0,24.8,33.59874013036672,18400.0,66.96,1.0,63404.07411698237,True,10416,8060,8700,0,17000,569,-17569,9.6,6.719748026073345,2340,368502,12775,True,True,95200000000.0
50,False,True,3066.0,54.00498633198163,80.0,24.8,33.483091525828605,18400.0,66.96,1.0,63185.83400841851,True,10416,8060,8700,0,17000,567,-17567,9.6,6.696618305165722,2340,367233,13140,True,True,98000000000.0
51,False,True,3066.0,53.81909423154626,80.0,24.8,33.36783842355868,18400.0,66.96,1.0,62968.340250909125,True,10416,8060,8700,0,17000,565,-17565,9.6,6.6735676847117364,2340,365969,13505,True,True,100800000000.0
52,False,True,3066.0,53.633838977819444,80.0,24.8,33.25298016624806,18400.0,66.96,1.0,62751.59160404876,True,10416,8060,8700,0,17000,563,-17563,9.6,6.650596033249612,2340,364710,13870,True,True,103600000000.0
53,False,True,3066.0,53.44921920660664,80.0,24.8,33.13851590809612,18400.0,66.96,1.0,62535.58647172977,True,10416,8060,8700,0,17000,561,-17561,9.6,6.627703181619224,2340,363454,14235,True,True,106400000000.0
54,False,True,3066.0,53.26523333408909,80.0,24.8,33.024444667135235,18400.0,66.96,1.0,62320.32300088424,True,10416,8060,8700,0,17000,559,-17559,9.6,6.6048889334270475,2340,362203,14600,True,True,109200000000.0
55,False,True,3066.0,53.08187961834888,80.0,24.8,32.910765363376306,18400.0,66.96,1.0,62105.79915346819,True,10416,8060,8700,0,17000,557,-17557,9.6,6.582153072675261,2340,360956,14965,True,True,112000000000.0
56,False,True,3066.0,52.89915620421962,80.0,24.8,32.79747684661616,18400.0,66.96,1.0,61892.01275893696,True,10416,8060,8700,0,17000,555,-17555,9.6,6.559495369323233,2340,359714,15330,True,True,114800000000.0
57,False,True,3066.0,52.71706115598008,80.0,24.8,32.68457791670765,18400.0,66.96,1.0,61678.961552496694,True,10416,8060,8700,0,17000,553,-17553,9.6,6.53691558334153,2340,358476,15695,True,True,117600000000.0
58,False,True,3066.0,52.53559248118395,80.0,24.8,32.572067338334044,18400.0,66.96,1.0,61466.643202985215,True,10416,8060,8700,0,17000,551,-17551,9.6,6.5144134676668095,2340,357242,16060,True,True,120400000000.0
59,False,True,3066.0,52.35474814802728,80.0,24.8,32.45994385177691,18400.0,66.96,1.0,61255.055333191915,True,10416,8060,8700,0,17000,549,-17549,9.6,6.491988770355382,2340,356012,16425,True,True,123200000000.0
60,False,True,3066.0,52.17452609800414,80.0,24.8,32.34820618076257,18400.0,66.96,1.0,61044.19553466484,True,10416,8060,8700,0,17000,547,-17547,9.6,6.469641236152513,2340,354786,16790,True,True,126000000000.0
61,False,True,3066.0,51.99492425512679,80.0,24.8,32.23685303817861,18400.0,66.96,1.0,60834.06137849835,True,10416,8060,8700,0,17000,545,-17545,9.6,6.4473706076357225,2340,353565,17155,True,True,128800000000.0
62,False,True,3066.0,51.81594053264149,80.0,24.8,32.125883130237725,18400.0,66.96,1.0,60624.65042319054,True,10416,8060,8700,0,17000,544,-17544,9.6,6.425176626047545,2340,352348,17520,True,True,131600000000.0
63,False,True,3066.0,51.637572837917965,80.0,24.8,32.01529515950914,18400.0,66.96,1.0,60415.960220364024,True,10416,8060,8700,0,17000,542,-17542,9.6,6.403059031901828,2340,351135,17885,True,True,134400000000.0
64,False,True,3066.0,51.45981907600762,80.0,24.8,31.905087827124724,18400.0,66.96,1.0,60207.98831892891,True,10416,8060,8700,0,17000,540,-17540,9.6,6.381017565424945,2340,349926,18250,True,True,137200000000.0
65,False,True,3066.0,51.282677152230995,80.0,24.8,31.795259834383216,18400.0,66.96,1.0,60000.73226811026,True,10416,8060,8700,0,17000,538,-17538,9.6,6.359051966876644,2340,348722,18615,True,True,140000000000.0
66,False,True,3066.0,51.10614497405759,80.0,24.8,31.685809883915706,18400.0,66.96,1.0,59794.189619647375,True,10416,8060,8700,0,17000,536,-17536,9.6,6.3371619767831415,2340,347521,18980,True,True,142800000000.0
67,False,True,3066.0,50.9302204524696,80.0,24.8,31.576736680531152,18400.0,66.96,1.0,59588.35792938943,True,10416,8060,8700,0,17000,534,-17534,9.6,6.315347336106231,2340,346325,19345,True,True,145600000000.0
68,False,True,3066.0,50.75490150294969,80.0,24.8,31.468038931828808,18400.0,66.96,1.0,59383.23475845114,True,10416,8060,8700,0,17000,532,-17532,9.6,6.293607786365762,2340,345133,19710,True,True,148400000000.0
69,False,True,3066.0,50.580186046194335,80.0,24.8,31.35971534864049,18400.0,66.96,1.0,59178.817674047365,True,10416,8060,8700,0,17000,531,-17531,9.6,6.271943069728097,2340,343945,20075,True,True,151200000000.0
70,False,True,3066.0,50.40607200862734,80.0,24.8,31.251764645348953,18400.0,66.96,1.0,58975.104250093995,True,10416,8060,8700,0,17000,529,-17529,9.6,6.250352929069791,2340,342761,20440,True,True,154000000000.0
71,False,True,3066.0,50.23255732276764,80.0,24.8,31.144185540115938,18400.0,66.96,1.0,58772.092067638136,True,10416,8060,8700,0,17000,527,-17527,9.6,6.228837108023187,2340,341581,20805,True,True,156800000000.0
72,False,True,3066.0,50.059639927490764,80.0,24.8,31.03697675504427,18400.0,66.96,1.0,58569.77871516419,True,10416,8060,8700,0,17000,525,-17525,9.6,6.207395351008855,2340,340405,21170,True,True,159600000000.0
73,False,True,3066.0,49.887317768212995,80.0,24.8,30.930137016292058,18353.925487447093,66.96,1.0,58368.16178880921,True,10416,8060,8678,0,17000,523,-17523,9.6,6.186027403258413,2340,339233,21535,True,True,162400000000.0
74,False,True,3066.0,49.715588797019,80.0,24.8,30.823665054151782,18283.707419225546,66.96,1.0,58167.23889251223,True,10416,8060,8645,0,17000,522,-17522,9.6,6.164733010830357,2340,338066,21900,True,True,165200000000.0
75,False,True,3066.0,49.54445097274838,80.0,24.8,30.717559603103993,18213.73106441267,66.96,1.0,57967.0076381156,True,10416,8060,8611,0,17000,520,-17520,9.6,6.143511920620799,2340,336902,22265,True,True,168000000000.0
76,False,True,3066.0,49.373902261052216,80.0,24.8,30.611819401852372,18143.995591185794,66.96,1.0,57767.46564543109,True,10416,8060,8578,0,17000,518,-17518,9.6,6.122363880370475,2340,335742,22630,True,True,170800000000.0
77,False,True,3066.0,49.20394063442788,80.0,24.8,30.506443193345284,18074.50017052162,66.96,1.0,57568.61054228062,True,10416,8060,8546,0,17000,516,-17516,9.6,6.1012886386690575,2340,334586,22995,True,True,173600000000.0
78,False,True,3066.0,49.034564072237885,80.0,24.8,30.401429724787487,18005.243976203936,66.96,1.0,57370.43996451832,True,10416,8060,8513,0,17000,514,-17514,9.6,6.080285944957498,2340,333435,23360,True,True,176400000000.0
79,False,True,3066.0,48.865770560717145,80.0,24.8,30.29677774764463,17936.226184826566,66.96,1.0,57172.951556039065,True,10416,8060,8480,0,17000,513,-17513,9.6,6.059355549528926,2340,332287,23725,True,True,179200000000.0
80,False,True,3066.0,48.69755809297196,80.0,24.8,30.192486017642615,17867.44597579298,66.96,1.0,56976.142968777196,True,10416,8060,8448,0,17000,511,-17511,9.6,6.038497203528523,2340,331143,24090,True,True,182000000000.0
81,False,True,3066.0,48.52992466897276,80.0,24.8,30.088553294763113,17798.902531313306,66.96,1.0,56780.011862698135,True,10416,8060,8415,0,17000,509,-17509,9.6,6.017710658952623,2340,330003,24455,True,True,184800000000.0
82,False,True,3066.0,48.36286829554246,80.0,24.8,29.984978343236325,17730.595036399583,66.96,1.0,56584.55590578468,True,10416,8060,8383,0,17000,507,-17507,9.6,5.996995668647266,2340,328867,24820,True,True,187600000000.0
83,False,True,3066.0,48.19638698634166,80.0,24.8,29.88175993153183,17662.5226788597,66.96,1.0,56389.77277401974,True,10416,8060,8351,0,17000,506,-17506,9.6,5.976351986306366,2340,327735,25185,True,True,190400000000.0
84,False,True,3066.0,48.030478761851434,80.0,24.8,29.77889683234789,17594.684649290364,66.96,1.0,56195.66015136618,True,10416,8060,8319,0,17000,504,-17504,9.6,5.955779366469578,2340,326607,25550,True,True,193200000000.0
85,False,True,3066.0,47.865141649354506,80.0,24.8,29.676387822599793,17527.0801410694,66.96,1.0,56002.21572974477,True,10416,8060,8287,0,17000,502,-17502,9.6,5.935277564519959,2340,325482,25915,True,True,196000000000.0
86,False,True,3066.0,47.70037368291526,80.0,24.8,29.57423168340746,17459.708350347573,66.96,1.0,55809.43720901086,True,10416,8060,8255,0,17000,500,-17500,9.6,5.914846336681493,2340,324362,26280,True,True,198800000000.0
87,False,True,3066.0,47.536172903358874,80.0,24.8,29.472427200082503,17392.568476040073,66.96,1.0,55617.32229692989,True,10416,8060,8223,0,17000,499,-17499,9.6,5.894485440016501,2340,323245,26645,True,True,201600000000.0
88,False,True,3066.0,47.37253735824973,80.0,24.8,29.370973162114833,17325.659719817668,66.96,1.0,55425.86870915218,True,10416,8060,8192,0,17000,497,-17497,9.6,5.8741946324229675,2340,322133,27010,True,True,204400000000.0
89,False,True,3066.0,47.20946510186971,80.0,24.8,29.26986836315922,17258.981286097838,66.96,1.0,55235.07416918757,True,10416,8060,8160,0,17000,495,-17495,9.6,5.853973672631845,2340,321024,27375,True,True,207200000000.0
90,False,True,3066.0,47.04695419519588,80.0,24.8,29.169111601021445,17192.53238203565,66.96,1.0,55044.93640837918,True,10416,8060,8129,0,17000,493,-17493,9.6,5.833822320204289,2340,319919,27740,True,True,210000000000.0
91,False,True,3066.0,46.88500270587823,80.0,24.8,29.0687016776445,17126.312217514653,66.96,1.0,54855.45316587753,True,10416,8060,8097,0,17000,492,-17492,9.6,5.813740335528901,2340,318818,28105,True,True,212800000000.0
92,False,True,3066.0,46.72360870821714,80.0,24.8,28.96863739909463,17060.320005137677,66.96,1.0,54666.622188614056,True,10416,8060,8066,0,17000,490,-17490,9.6,5.793727479818926,2340,317720,28470,True,True,215600000000.0
93,False,True,3066.0,46.562770283140964,80.0,24.8,28.868917575547396,16994.55496021764,66.96,1.0,54478.44123127493,True,10416,8060,8035,0,17000,488,-17488,9.6,5.773783515109479,2340,316626,28835,True,True,218400000000.0
94,False,True,3066.0,46.40248551818335,80.0,24.8,28.769541021273675,16929.0163007683,66.96,1.0,54290.908056274515,True,10416,8060,8004,0,17000,487,-17487,9.6,5.753908204254735,2340,315536,29200,True,True,221200000000.0
95,False,True,3066.0,46.24275250746082,80.0,24.8,28.67050655462571,16863.70324749509,66.96,1.0,54104.02043372916,True,10416,8060,7973,0,17000,485,-17485,9.6,5.7341013109251415,2340,314450,29565,True,True,224000000000.0
96,False,True,3066.0,46.083569351650176,80.0,24.8,28.57181299802311,16798.61502378585,66.96,1.0,53917.77614143071,True,10416,8060,7942,0,17000,483,-17483,9.6,5.714362599604622,2340,313368,29930,True,True,226800000000.0
97,False,True,3066.0,45.92493415796607,80.0,24.8,28.473459177938963,16733.750855701684,66.96,1.0,53732.1729648203,True,10416,8060,7912,0,17000,482,-17482,9.6,5.6946918355877925,2340,312289,30295,True,True,229600000000.0
98,False,True,3066.0,45.76684504013852,80.0,24.8,28.375443924885882,16669.10997196775,66.96,1.0,53547.20869696207,True,10416,8060,7881,0,17000,480,-17480,9.6,5.675088784977177,2340,311214,30660,True,True,232400000000.0
99,False,True,3066.0,45.60930011839061,80.0,24.8,28.277766073402177,16604.69160396416,66.96,1.0,53362.88113851701,True,10416,8060,7851,0,17000,478,-17478,9.6,5.6555532146804355,2340,310143,31025,True,True,235200000000.0
100,False,True,3066.0,45.45229751941611,80.0,24.8,28.18042446203799,16540.49498571681,66.96,1.0,53179.188097716855,True,10416,8060,7820,0,17000,477,-17477,9.6,5.636084892407597,2340,309075,31390,True,True,238000000000.0
101,False,True,3066.0,45.29583537635729,80.0,24.8,28.08341793334152,16476.519353888314,66.96,1.0,52996.12739033803,True,10416,8060,7790,0,17000,475,-17475,9.6,5.616683586668303,2340,308011,31755,True,True,240800000000.0
102,False,True,3066.0,45.139911828782694,80.0,24.8,27.98674533384527,16412.763947768923,66.96,1.0,52813.69683967575,True,10416,8060,7760,0,17000,473,-17473,9.6,5.597349066769055,2340,306951,32120,True,True,243600000000.0
103,False,True,3066.0,44.98452502266507,80.0,24.8,27.890405514052343,16349.228009267494,66.96,1.0,52631.89427651813,True,10416,8060,7730,0,17000,472,-17472,9.6,5.578081102810469,2340,305894,32485,True,True,246400000000.0
104,False,True,3066.0,44.829673110359316,80.0,24.8,27.794397328422775,16285.910782902476,66.96,1.0,52450.7175391204,True,10416,8060,7700,0,17000,470,-17470,9.6,5.558879465684555,2340,304841,32850,True,True,249200000000.0
105,False,True,3066.0,44.675354250580526,80.0,24.8,27.698719635359925,16222.811515792926,66.96,1.0,52270.16447317921,True,10416,8060,7670,0,17000,469,-17469,9.6,5.539743927071985,2340,303792,33215,True,True,252000000000.0
106,False,True,3066.0,44.52156660838208,80.0,24.8,27.60337129719689,16159.929457649561,66.96,1.0,52090.23293180703,True,10416,8060,7640,0,17000,467,-17467,9.6,5.520674259439378,2340,302746,33580,True,True,254800000000.0
107,False,True,3066.0,44.36830835513391,80.0,24.8,27.508351180183027,16097.263860765866,66.96,1.0,51910.920775506675,True,10416,8060,7611,0,17000,465,-17465,9.6,5.501670236036605,2340,301704,33945,True,True,257600000000.0
108,False,True,3066.0,44.21557766850063,80.0,24.8,27.41365815447039,16034.813980009147,66.96,1.0,51732.22587214573,True,10416,8060,7581,0,17000,464,-17464,9.6,5.482731630894078,2340,300665,34310,True,True,260400000000.0
109,False,True,3066.0,44.06337273242,80.0,24.8,27.3192910941004,15972.579072811732,66.96,1.0,51554.1460969314,True,10416,8060,7552,0,17000,462,-17462,9.6,5.46385821882008,2340,299630,34675,True,True,263200000000.0
110,False,True,3066.0,43.91169173708125,80.0,24.8,27.225248876990374,15910.55839916211,66.96,1.0,51376.67933238506,True,10416,8060,7522,0,17000,461,-17461,9.6,5.445049775398075,2340,298599,35040,True,True,266000000000.0
111,False,True,3066.0,43.76053287890357,80.0,24.8,27.13153038492021,15848.751221596125,66.96,1.0,51199.823468317176,True,10416,8060,7493,0,17000,459,-17459,9.6,5.4263060769840425,2340,297571,35405,True,True,268800000000.0
112,False,True,3066.0,43.609894360514694,80.0,24.8,27.03813450351911,15787.156805188231,66.96,1.0,51023.576401802195,True,10416,8060,7464,0,17000,457,-17457,9.6,5.407626900703823,2340,296547,35770,True,True,271600000000.0
113,False,True,3066.0,43.45977439072953,80.0,24.8,26.945060122252308,15725.774417542742,66.96,1.0,50847.936037153544,True,10416,8060,7435,0,17000,456,-17456,9.6,5.3890120244504605,2340,295526,36135,True,True,274400000000.0
114,False,True,3066.0,43.310171184528826,80.0,24.8,26.852306134407872,15664.603328785119,66.96,1.0,50672.90028589873,True,10416,8060,7406,0,17000,454,-17454,9.6,5.370461226881575,2340,294509,36500,True,True,277200000000.0
115,False,True,3066.0,43.161082963037984,80.0,24.8,26.75987143708355,15603.642811553309,66.96,1.0,50498.46706675444,True,10416,8060,7377,0,17000,453,-17453,9.6,5.351974287416709,2340,293495,36865,True,True,280000000000.0
116,False,True,3066.0,43.01250795350589,80.0,24.8,26.66775493117365,15542.892140989075,66.96,1.0,50324.63430560189,True,10416,8060,7349,0,17000,451,-17451,9.6,5.33355098623473,2340,292485,37230,True,True,282800000000.0
117,False,True,3066.0,42.86444438928382,80.0,24.8,26.57595552135597,15482.350594729383,66.96,1.0,50151.39993546207,True,10416,8060,7320,0,17000,450,-17450,9.6,5.315191104271194,2340,291478,37595,True,True,285600000000.0
118,False,True,3066.0,42.71689050980447,80.0,24.8,26.484472116078773,15422.017452897828,66.96,1.0,49978.76189647123,True,10416,8060,7291,0,17000,448,-17448,9.6,5.296894423215755,2340,290474,37960,True,True,288400000000.0
119,False,True,3066.0,42.56984456056101,80.0,24.8,26.393303627547827,15361.891998096058,66.96,1.0,49806.71813585638,True,10416,8060,7263,0,17000,446,-17446,9.6,5.278660725509566,2340,289474,38325,True,True,291200000000.0
120,False,True,3066.0,42.423304793086174,80.0,24.8,26.302448971713428,15301.973515395237,66.96,1.0,49635.266607910824,True,10416,8060,7235,0,17000,445,-17445,9.6,5.2604897943426865,2340,288478,38690,True,True,294000000000.0
121,False,True,3066.0,42.27726946493154,80.0,24.8,26.211907068257556,15242.261292327565,66.96,1.0,49464.405273969904,True,10416,8060,7206,0,17000,443,-17443,9.6,5.242381413651511,2340,287485,39055,True,True,296800000000.0
122,False,True,3066.0,42.13173683964679,80.0,24.8,26.12167684058101,15182.754618877798,66.96,1.0,49294.13210238675,True,10416,8060,7178,0,17000,442,-17442,9.6,5.224335368116202,2340,286495,39420,True,True,299600000000.0
123,False,True,3066.0,41.98670518675904,80.0,24.8,26.031757215790606,15123.452787474807,66.96,1.0,49124.445068508074,True,10416,8060,7150,0,17000,440,-17440,9.6,5.2063514431581215,2340,285509,39785,True,True,302400000000.0
124,False,True,3066.0,41.84217278175227,80.0,24.8,25.942147124686407,15064.355092983149,66.96,1.0,48955.342154650156,True,10416,8060,7122,0,17000,439,-17439,9.6,5.188429424937281,2340,284526,40150,True,True,305200000000.0
125,False,True,3066.0,41.69813790604684,80.0,24.8,25.85284550174904,15005.460832694707,66.96,1.0,48786.8213500748,True,10416,8060,7094,0,17000,437,-17437,9.6,5.170569100349808,2340,283547,40515,True,True,308000000000.0
126,False,True,3066.0,41.55459884697903,80.0,24.8,25.763851285127,14946.769306320317,66.96,1.0,48618.88065096547,True,10416,8060,7067,0,17000,436,-17436,9.6,5.1527702570253995,2340,282571,40880,True,True,310800000000.0
127,False,True,3066.0,41.41155389778069,80.0,24.8,25.675163416624027,14888.27981598144,66.96,1.0,48451.51806040341,True,10416,8060,7039,0,17000,434,-17434,9.6,5.135032683324805,2340,281598,41245,True,True,313600000000.0
128,False,True,3066.0,41.269001357558956,80.0,24.8,25.586780841686554,14829.991666201884,66.96,1.0,48284.73158834397,True,10416,8060,7012,0,17000,433,-17433,9.6,5.11735616833731,2340,280629,41610,True,True,316400000000.0
129,False,True,3066.0,41.12693953127599,80.0,24.8,25.498702509391112,14771.904163899515,66.96,1.0,48118.5192515929,True,10416,8060,6984,0,17000,431,-17431,9.6,5.099740501878222,2340,279663,41975,True,True,319200000000.0
130,False,True,3066.0,40.98536672972884,80.0,24.8,25.41092737243188,14714.016618378013,66.96,1.0,47952.879073782744,True,10416,8060,6957,0,17000,430,-17430,9.6,5.0821854744863755,2340,278700,42340,True,True,322000000000.0
131,False,True,3066.0,40.844281269529404,80.0,24.8,25.32345438710823,14656.32834131869,66.96,1.0,47787.8090853494,True,10416,8060,6929,0,17000,428,-17428,9.6,5.064690877421646,2340,277741,42705,True,True,324800000000.0
132,False,True,3066.0,40.70368147308432,80.0,24.8,25.23628251331228,14598.838646772256,66.96,1.0,47623.30732350866,True,10416,8060,6902,0,17000,427,-17427,9.6,5.047256502662456,2340,276785,43070,True,True,327600000000.0
133,False,True,3066.0,40.563565668575094,80.0,24.8,25.14941071451656,14541.546851150704,66.96,1.0,47459.371832232864,True,10416,8060,6875,0,17000,425,-17425,9.6,5.029882142903312,2340,275832,43435,True,True,330400000000.0
134,False,True,3066.0,40.423932189938185,80.0,24.8,25.062837957761676,14484.452273219169,66.96,1.0,47296.00066222768,True,10416,8060,6848,0,17000,424,-17424,9.6,5.012567591552335,2340,274882,43800,True,True,333200000000.0
135,False,True,3066.0,40.28477937684523,80.0,24.8,24.97656321364404,14427.554234087827,66.96,1.0,47133.19187090892,True,10416,8060,6821,0,17000,422,-17422,9.6,4.995312642728808,2340,273936,44165,True,True,336000000000.0
136,False,True,3066.0,40.14610557468323,80.0,24.8,24.890585456303604,14370.85205720381,66.96,1.0,46970.943522379384,True,10416,8060,6794,0,17000,421,-17421,9.6,4.978117091260721,2340,272993,44530,True,True,338800000000.0
137,False,True,3066.0,40.00790913453497,80.0,24.8,24.804903663411682,14314.345068343187,66.96,1.0,46809.253687405915,True,10416,8060,6768,0,17000,420,-17420,9.6,4.960980732682336,2340,272053,44895,True,True,341600000000.0
138,False,True,3066.0,39.870188413159326,80.0,24.8,24.719516816158784,14258.032595602925,66.96,1.0,46648.12044339641,True,10382,8060,6741,0,17000,418,-17418,9.6,4.943903363231756,2340,271117,45260,True,True,344400000000.0
139,False,True,3066.0,39.7329417729718,80.0,24.8,24.634423899242517,14201.913969392914,66.96,1.0,46487.541874377006,True,10346,8060,6715,0,17000,417,-17417,9.6,4.926884779848503,2340,270184,45625,True,True,347200000000.0
140,False,True,3066.0,39.596167582024975,80.0,24.8,24.549623900855483,14145.98852242799,66.96,1.0,46327.51607096922,True,10310,8060,6688,0,17000,415,-17415,9.6,4.909924780171098,2340,269253,45990,True,True,350000000000.0
141,False,True,3066.0,39.459864213989185,80.0,24.8,24.465115812673293,14090.255589720022,66.96,1.0,46168.041130367346,True,10275,8060,6662,0,17000,414,-17414,9.6,4.89302316253466,2340,268327,46355,True,True,352800000000.0
142,False,True,3066.0,39.32403004813311,80.0,24.8,24.380898629842527,14034.714508569983,66.96,1.0,46009.11515631574,True,10239,8060,6635,0,17000,412,-17412,9.6,4.876179725968507,2340,267403,46720,True,True,355600000000.0
143,False,True,3066.0,39.18866346930454,80.0,24.8,24.296971350968814,13979.364618560077,66.96,1.0,45850.736259086305,True,10204,8060,6609,0,17000,411,-17411,9.6,4.859394270193763,2340,266482,47085,True,True,358400000000.0
144,False,True,3066.0,39.05376286791118,80.0,24.8,24.213332978104933,13924.205261545905,66.96,1.0,45692.90255545608,True,10169,8060,6583,0,17000,410,-17410,9.6,4.842666595620987,2340,265565,47450,True,True,361200000000.0
145,False,True,3066.0,38.91932663990148,80.0,24.8,24.129982516738917,13869.235781648606,66.96,1.0,45535.612168684725,True,10134,8060,6557,0,17000,408,-17408,9.6,4.825996503347783,2340,264651,47815,True,True,364000000000.0
146,False,True,3066.0,38.785353186745574,80.0,24.8,24.046918975782255,13814.45552524708,66.96,1.0,45378.86322849232,True,10099,8060,6531,0,17000,407,-17407,9.6,4.809383795156451,2340,263740,48180,True,True,366800000000.0
147,False,True,3066.0,38.65184091541628,80.0,24.8,23.964141367558092,13759.863840970213,66.96,1.0,45222.653871037044,True,10064,8060,6506,0,17000,405,-17405,9.6,4.792828273511619,2340,262832,48545,True,True,369600000000.0
148,False,True,3066.0,38.51878823837017,80.0,24.8,23.881648707789505,13705.460079689135,66.96,1.0,45066.9822388931,True,10030,8060,6480,0,17000,404,-17404,9.6,4.776329741557902,2340,261927,48910,True,True,372400000000.0
149,False,True,3066.0,38.38619357352865,80.0,24.8,23.799440015587763,13651.243594509493,66.96,1.0,44911.84648102852,True,9995,8060,6454,0,17000,403,-17403,9.6,4.759888003117553,2340,261026,49275,True,True,375200000000.0
150,False,True,3066.0,38.25405534425918,80.0,24.8,23.71751431344069,13597.213740763753,66.96,1.0,44757.24475278324,True,9961,8060,6429,0,17000,401,-17401,9.6,4.743502862688139,2340,260127,49640,True,True,378000000000.0
151,False,True,3066.0,38.12237197935653,80.0,24.8,23.635870627201047,13543.369876003559,66.96,1.0,44603.175215847135,True,9927,8060,6403,0,17000,400,-17400,9.6,4.72717412544021,2340,259232,50005,True,True,380800000000.0
152,False,True,3066.0,37.99114191302409,80.0,24.8,23.554507986074935,13489.71135999207,66.96,1.0,44449.636038238175,True,9892,8060,6378,0,17000,398,-17398,9.6,4.710901597214987,2340,258339,50370,True,True,383600000000.0
153,False,True,3066.0,37.86036358485523,80.0,24.8,23.47342542261024,13436.23755469636,66.96,1.0,44296.625394280614,True,9858,8060,6353,0,17000,397,-17397,9.6,4.694685084522049,2340,257450,50735,True,True,386400000000.0
154,False,True,3066.0,37.73003543981479,80.0,24.8,23.39262197268517,13382.947824279825,66.96,1.0,44144.14146458331,True,9824,8060,6327,0,17000,396,-17396,9.6,4.6785243945370345,2340,256564,51100,True,True,389200000000.0
155,False,True,3066.0,37.60015592822057,80.0,24.8,23.312096675496754,13329.841535094636,66.96,1.0,43992.18243601807,True,9791,8060,6302,0,17000,394,-17394,9.6,4.662419335099351,2340,255681,51465,True,True,392000000000.0
156,False,True,3066.0,37.47072350572486,80.0,24.8,23.231848573549414,13276.918055674167,66.96,1.0,43840.746501698086,True,9757,8060,6277,0,17000,393,-17393,9.6,4.646369714709884,2340,254800,51830,True,True,394800000000.0
157,False,True,3066.0,37.34173663329615,80.0,24.8,23.151876712643613,13224.176756725537,66.96,1.0,43689.831860956496,True,9723,8060,6252,0,17000,392,-17392,9.6,4.630375342528723,2340,253923,52195,True,True,397600000000.0
158,False,True,3066.0,37.21319377720079,80.0,24.8,23.072180141864493,13171.617011122102,66.96,1.0,43539.43671932493,True,9690,8060,6227,0,17000,390,-17390,9.6,4.614436028372898,2340,253049,52560,True,True,400400000000.0
159,False,True,3066.0,37.08509340898477,80.0,24.8,22.992757913570557,13119.238193895995,66.96,1.0,43389.55928851218,True,9656,8060,6203,0,17000,389,-17389,9.6,4.598551582714111,2340,252178,52925,True,True,403200000000.0
160,False,True,3066.0,36.95743400545548,80.0,24.8,22.9136090833824,13067.039682230687,66.96,1.0,43240.19778638291,True,9623,8060,6178,0,17000,388,-17388,9.6,4.58272181667648,2340,251310,53290,True,True,406000000000.0
161,False,True,3066.0,36.830214048663734,80.0,24.8,22.834732710171515,13015.020855453617,66.96,1.0,43091.35043693657,True,9590,8060,6153,0,17000,386,-17386,9.6,4.566946542034303,2340,250445,53655,True,True,408800000000.0
162,False,True,3066.0,36.70343202588558,80.0,24.8,22.756127856049062,12963.181095028773,66.96,1.0,42943.01547028613,True,9557,8060,6129,0,17000,385,-17385,9.6,4.551225571209812,2340,249583,54020,True,True,411600000000.0
163,False,True,3066.0,36.57708642960438,80.0,24.8,22.677793586354714,12911.519784549346,66.96,1.0,42795.19112263712,True,9524,8060,6104,0,17000,384,-17384,9.6,4.535558717270943,2340,248724,54385,True,True,414400000000.0
164,False,True,3066.0,36.451175757492905,80.0,24.8,22.5997289696456,12860.036309730433,66.96,1.0,42647.8756362667,True,9491,8060,6080,0,17000,382,-17382,9.6,4.5199457939291205,2340,247867,54750,True,True,417200000000.0
165,False,True,3066.0,36.32569851239542,80.0,24.8,22.52193307768516,12808.730058401683,66.96,1.0,42501.06725950264,True,9459,8060,6056,0,17000,381,-17381,9.6,4.504386615537032,2340,247014,55115,True,True,420000000000.0
166,False,True,3066.0,36.2006532023099,80.0,24.8,22.44440498543214,12757.60042050005,66.96,1.0,42354.76424670259,True,9426,8060,6032,0,17000,380,-17380,9.6,4.488880997086428,2340,246164,55480,True,True,422800000000.0
167,False,True,3066.0,36.07603834037032,80.0,24.8,22.367143771029596,12706.64678806253,66.96,1.0,42208.964858233274,True,9394,8060,6008,0,17000,378,-17378,9.6,4.47342875420592,2340,245317,55845,True,True,425600000000.0
168,False,True,3066.0,35.95185244482893,80.0,24.8,22.290148515793938,12655.86855521894,66.96,1.0,42063.66736044985,True,9361,8060,5984,0,17000,377,-17377,9.6,4.458029703158787,2340,244472,56210,True,True,428400000000.0
169,False,True,3066.0,35.82809403903865,80.0,24.8,22.213418304203966,12605.265118184694,66.96,1.0,41918.87002567523,True,9329,8060,5960,0,17000,376,-17376,9.6,4.442683660840794,2340,243631,56575,True,True,431200000000.0
170,False,True,3066.0,35.70476165143554,80.0,24.8,22.136952223890034,12554.835875253642,66.96,1.0,41774.57113217958,True,9297,8060,5936,0,17000,374,-17374,9.6,4.427390444778008,2340,242792,56940,True,True,434000000000.0
171,False,True,3066.0,35.58185381552125,80.0,24.8,22.060749365623174,12504.58022679091,66.96,1.0,41630.76896415986,True,9265,8060,5912,0,17000,373,-17373,9.6,4.412149873124635,2340,241956,57305,True,True,436800000000.0
172,False,True,3066.0,35.45936906984565,80.0,24.8,21.984808823304302,12454.497575225776,66.96,1.0,41487.46181171941,True,9233,8060,5888,0,17000,372,-17372,9.6,4.39696176466086,2340,241123,57670,True,True,439600000000.0
173,False,True,3066.0,35.337305957989386,80.0,24.8,21.90912969395342,12404.58732504455,66.96,1.0,41344.64797084758,True,9201,8060,5865,0,17000,371,-17371,9.6,4.3818259387906835,2340,240293,58035,True,True,442400000000.0
174,False,True,3066.0,35.215663028546594,80.0,24.8,21.833711077698887,12354.848882783495,66.96,1.0,41202.32574339952,True,9170,8060,5841,0,17000,369,-17369,9.6,4.366742215539778,2340,239466,58400,True,True,445200000000.0
175,False,True,3066.0,35.09443883510764,80.0,24.8,21.758552077766737,12305.28165702179,66.96,1.0,41060.49343707594,True,9138,8060,5818,0,17000,368,-17368,9.6,4.351710415553347,2340,238642,58765,True,True,448000000000.0
176,False,True,3066.0,34.97363193624193,80.0,24.8,21.683651800469995,12255.885058374479,66.96,1.0,40919.14936540306,True,9107,8060,5794,0,17000,367,-17367,9.6,4.336730360093998,2340,237820,59130,True,True,450800000000.0
177,False,True,3066.0,34.85324089548075,80.0,24.8,21.609009355198065,12206.658499485464,66.96,1.0,40778.291847712484,True,9075,8060,5771,0,17000,365,-17365,9.6,4.3218018710396136,2340,237002,59495,True,True,453600000000.0
178,False,True,3066.0,34.7332642813002,80.0,24.8,21.534623854406124,12157.601395020527,66.96,1.0,40637.91920912124,True,9044,8060,5748,0,17000,364,-17364,9.6,4.306924770881225,2340,236186,59860,True,True,456400000000.0
179,False,True,3066.0,34.613700667104176,80.0,24.8,21.46049441360459,12108.713161660375,66.96,1.0,40498.02978051188,True,9013,8060,5725,0,17000,363,-17363,9.6,4.292098882720918,2340,235373,60225,True,True,459200000000.0
180,False,True,3066.0,34.49454863120738,80.0,24.8,21.386620151348577,12059.993218093685,66.96,1.0,40358.62189851263,True,8982,8060,5702,0,17000,362,-17362,9.6,4.277324030269715,2340,234562,60590,True,True,462000000000.0
181,False,True,3066.0,34.37580675681845,80.0,24.8,21.313000189227438,12011.440985010211,66.96,1.0,40219.69390547759,True,8951,8060,5679,0,17000,360,-17360,9.6,4.262600037845488,2340,233755,60955,True,True,464800000000.0
182,False,True,3066.0,34.25747363202308,80.0,24.8,21.23963365185431,11963.055885093881,66.96,1.0,40081.244149467,True,8920,8060,5656,0,17000,359,-17359,9.6,4.247926730370861,2340,232950,61320,True,True,467600000000.0
183,False,True,3066.0,34.139547849767276,80.0,24.8,21.16651966685571,11914.837343015952,66.96,1.0,39943.27098422771,True,8889,8060,5633,0,17000,358,-17358,9.6,4.2333039333711415,2340,232148,61685,True,True,470400000000.0
184,False,True,3066.0,34.02202800784058,80.0,24.8,21.093657364861162,11866.78478542815,66.96,1.0,39805.77276917348,True,8859,8060,5610,0,17000,357,-17357,9.6,4.218731472972232,2340,231349,62050,True,True,473200000000.0
185,False,True,3066.0,33.90491270885942,80.0,24.8,21.021045879492842,11818.89764095585,66.96,1.0,39668.74786936552,True,8828,8060,5588,0,17000,356,-17356,9.6,4.204209175898569,2340,230553,62415,True,True,476000000000.0
186,False,True,3066.0,33.7882005602505,80.0,24.8,20.94868434735531,11771.175340191317,66.96,1.0,39532.19465549309,True,8798,8060,5565,0,17000,354,-17354,9.6,4.189736869471062,2340,229759,62780,True,True,478800000000.0
187,False,True,3066.0,33.67189017423421,80.0,24.8,20.87657190802521,11723.617315686875,66.96,1.0,39396.11150385402,True,8768,8060,5543,0,17000,353,-17353,9.6,4.175314381605042,2340,228968,63145,True,True,481600000000.0
188,False,True,3066.0,33.55598016780816,80.0,24.8,20.804707704041057,11676.223001948225,66.96,1.0,39260.496796335545,True,8737,8060,5520,0,17000,352,-17352,9.6,4.160941540808213,2340,228180,63510,True,True,484400000000.0
189,False,True,3066.0,33.440469162730714,80.0,24.8,20.733090880893045,11628.99183542767,66.96,1.0,39125.348920394936,True,8707,8060,5498,0,17000,351,-17351,9.6,4.146618176178609,2340,227395,63875,True,True,487200000000.0
190,False,True,3066.0,33.32535578550462,80.0,24.8,20.661720587012866,11581.923254517444,66.96,1.0,38990.666269040405,True,8677,8060,5476,0,17000,349,-17349,9.6,4.132344117402573,2340,226612,64240,True,True,490000000000.0
191,False,True,3066.0,33.210638667360655,80.0,24.8,20.590595973763605,11535.016699543023,66.96,1.0,38856.44724081196,True,8648,8060,5454,0,17000,348,-17348,9.6,4.118119194752721,2340,225832,64605,True,True,492800000000.0
192,False,True,3066.0,33.09631644424136,80.0,24.8,20.519716195429645,11488.271612756467,66.96,1.0,38722.69023976239,True,8618,8060,5431,0,17000,347,-17347,9.6,4.103943239085929,2340,225054,64970,True,True,495600000000.0
193,False,True,3066.0,32.982387756784846,80.0,24.8,20.449080409206605,11441.687438329802,66.96,1.0,38589.393675438274,True,8588,8060,5409,0,17000,346,-17346,9.6,4.089816081841321,2340,224280,65335,True,True,498400000000.0
194,False,True,3066.0,32.868851250308566,80.0,24.8,20.37868777519131,11395.263622348391,66.96,1.0,38456.55596286102,True,8559,8060,5387,0,17000,345,-17345,9.6,4.075737555038262,2340,223508,65700,True,True,501200000000.0
195,False,True,3066.0,32.75570557479328,80.0,24.8,20.308537456371834,11348.999612804364,66.96,1.0,38324.175522508136,True,8529,8060,5366,0,17000,343,-17343,9.6,4.061707491274367,2340,222738,66065,True,True,504000000000.0
196,False,True,3066.0,32.64294938486697,80.0,24.8,20.23862861861752,11302.894859590047,66.96,1.0,38192.25078029435,True,8500,8060,5344,0,17000,342,-17342,9.6,4.047725723723503,2340,221972,66430,True,True,506800000000.0
197,False,True,3066.0,32.53058133978881,80.0,24.8,20.168960430669063,11256.948814491425,66.96,1.0,38060.78016755291,True,8470,8060,5322,0,17000,341,-17341,9.6,4.033792086133813,2340,221207,66795,True,True,509600000000.0
198,False,True,3066.0,32.418600103433285,80.0,24.8,20.099532064128635,11211.16093118161,66.96,1.0,37929.762121016945,True,8441,8060,5300,0,17000,340,-17340,9.6,4.019906412825728,2340,220446,67160,True,True,512400000000.0
199,False,True,3066.0,32.30700434427427,80.0,24.8,20.030342693450045,11165.530665214366,66.96,1.0,37799.1950828009,True,8412,8060,5279,0,17000,339,-17339,9.6,4.00606853869001,2340,219687,67525,True,True,515200000000.0
200,False,True,3066.0,32.19579273536921,80.0,24.8,19.96139149592891,11120.057474017633,66.96,1.0,37669.07750038198,True,8383,8060,5257,0,17000,338,-17338,9.6,3.992278299185782,2340,218931,67890,True,True,518000000000.0
201,False,True,3066.0,32.0849639543433,80.0,24.8,19.892677651692846,11074.740816887039,66.96,1.0,37539.407826581664,True,8354,8060,5236,0,17000,336,-17336,9.6,3.97853553033857,2340,218177,68255,True,True,520800000000.0
202,False,True,3066.0,31.974516683373846,80.0,24.8,19.824200343691786,11029.580154979527,66.96,1.0,37410.184519547394,True,8326,8060,5215,0,17000,335,-17335,9.6,3.964840068738357,2340,217426,68620,True,True,523600000000.0
203,False,True,3066.0,31.8644496091745,80.0,24.8,19.75595875768819,10984.574951306906,66.96,1.0,37281.40604273417,True,8297,8060,5193,0,17000,334,-17334,9.6,3.9511917515376376,2340,216678,68985,True,True,526400000000.0
204,False,True,3066.0,31.754761422979705,80.0,24.8,19.687952082247417,10939.724670729478,66.96,1.0,37153.07086488626,True,8268,8060,5172,0,17000,333,-17333,9.6,3.9375904164494835,2340,215932,69350,True,True,529200000000.0
205,False,True,3066.0,31.645450820529124,80.0,24.8,19.620179508728057,10895.028779949685,66.96,1.0,37025.17746001908,True,8240,8060,5151,0,17000,332,-17332,9.6,3.924035901745611,2340,215189,69715,True,True,532000000000.0
206,False,True,3066.0,31.53651650205212,80.0,24.8,19.552640231272314,10850.486747505756,66.96,1.0,36897.72430740098,True,8212,8060,5130,0,17000,331,-17331,9.6,3.9105280462544623,2340,214448,70080,True,True,534800000000.0
207,False,True,3066.0,31.4279571722523,80.0,24.8,19.485333446796425,10806.098043765385,66.96,1.0,36770.70989153519,True,8183,8060,5109,0,17000,329,-17329,9.6,3.897066689359285,2340,213710,70445,True,True,537600000000.0
208,False,True,3066.0,31.319771540292113,80.0,24.8,19.41825835498111,10761.862140919442,66.96,1.0,36644.132702141775,True,8155,8060,5088,0,17000,328,-17328,9.6,3.883651670996221,2340,212974,70810,True,True,540400000000.0
209,False,True,3066.0,31.211958319777526,80.0,24.8,19.351414158262067,10717.7785129757,66.96,1.0,36517.99123413971,True,8127,8060,5067,0,17000,327,-17327,9.6,3.8702828316524127,2340,212241,71175,True,True,543200000000.0
210,False,True,3066.0,31.104516228742693,80.0,24.8,19.28480006182047,10673.846635752567,66.96,1.0,36392.28398762895,True,8099,8060,5046,0,17000,326,-17326,9.6,3.856960012364093,2340,211510,71540,True,True,546000000000.0
211,False,True,3066.0,30.997443989634725,80.0,24.8,19.21841527357353,10630.065986872865,66.96,1.0,36267.00946787263,True,8071,8060,5026,0,17000,325,-17325,9.6,3.843683054714707,2340,210782,71905,True,True,548800000000.0
212,False,True,3066.0,30.890740329298517,80.0,24.8,19.15225900416508,10586.436045757615,66.96,1.0,36142.16618527926,True,8043,8060,5005,0,17000,324,-17324,9.6,3.830451800833016,2340,210057,72270,True,True,551600000000.0
213,False,True,3066.0,30.784403978961574,80.0,24.8,19.086330466956177,10542.956293619844,66.96,1.0,36017.75265538504,True,8016,8060,4984,0,17000,323,-17323,9.6,3.8172660933912352,2340,209333,72635,True,True,554400000000.0
214,False,True,3066.0,30.678433674218955,80.0,24.8,19.020628878015753,10499.626213458416,66.96,1.0,35893.76739883617,True,7988,8060,4964,0,17000,322,-17322,9.6,3.80412577560315,2340,208613,73000,True,True,557200000000.0
215,False,True,3066.0,30.572828155018225,80.0,24.8,18.9551534561113,10456.445290051895,66.96,1.0,35770.208941371326,True,7961,8060,4944,0,17000,321,-17321,9.6,3.7910306912222604,2340,207895,73365,True,True,560000000000.0
216,False,True,3066.0,30.46758616564448,80.0,24.8,18.88990342269958,10413.41300995241,66.96,1.0,35647.07581380404,True,7933,8060,4923,0,17000,319,-17319,9.6,3.7779806845399153,2340,207179,73730,True,True,562800000000.0
217,False,True,3066.0,30.3627064547054,80.0,24.8,18.824878001917348,10370.52886147954,66.96,1.0,35524.36655200532,True,7906,8060,4903,0,17000,318,-17318,9.6,3.76497560038347,2340,206466,74095,True,True,565600000000.0
218,False,True,3066.0,30.25818777511639,80.0,24.8,18.76007642057216,10327.792334714257,66.96,1.0,35402.079696886176,True,7879,8060,4883,0,17000,317,-17317,9.6,3.7520152841144334,2340,205755,74460,True,True,568400000000.0
219,False,True,3066.0,30.15402888408573,80.0,24.8,18.695497908133152,10285.202921492832,66.96,1.0,35280.2137943803,True,7852,8060,4863,0,17000,316,-17316,9.6,3.7390995816266317,2340,205047,74825,True,True,571200000000.0
220,False,True,3066.0,30.050228543099813,80.0,24.8,18.631141696721883,10242.760115400813,66.96,1.0,35158.76739542678,True,7825,8060,4843,0,17000,315,-17315,9.6,3.7262283393443765,2340,204341,75190,True,True,574000000000.0
221,False,True,3066.0,29.946785517908427,80.0,24.8,18.567007021103226,10200.463411767001,66.96,1.0,35037.73905595286,False,7798,8060,4823,0,17000,314,-17314,9.6,3.7134014042206447,2340,203638,75555,True,True,576800000000.0
222,False,True,3066.0,29.843698578510047,80.0,24.8,18.50309311867623,10158.312307657441,66.96,1.0,34917.127336856756,False,7771,8060,4803,0,17000,313,-17313,9.6,3.700618623735246,2340,202937,75920,True,True,579600000000.0
223,False,True,3066.0,29.740966499137226,80.0,24.8,18.43939922946508,10116.306301869443,66.96,1.0,34796.93080399056,False,7744,8060,4783,0,17000,312,-17312,9.6,3.6878798458930158,2340,202238,76285,True,True,582400000000.0
224,False,True,3066.0,29.638588058242046,80.0,24.8,18.375924596110067,10074.444894925637,66.96,1.0,34677.148028143194,False,7717,8060,4763,0,17000,311,-17311,9.6,3.6751849192220134,2340,201542,76650,True,True,585200000000.0
225,False,True,3066.0,29.536562038481538,80.0,24.8,18.312668463858554,10032.727589068007,66.96,1.0,34557.7775850234,False,7691,8060,4743,0,17000,310,-17310,9.6,3.662533692771711,2340,200848,77015,True,True,588000000000.0
226,False,True,3066.0,29.43488722670327,80.0,24.8,18.249630080556027,9991.153888252004,66.96,1.0,34438.818055242824,False,7664,8060,4724,0,17000,309,-17309,9.6,3.649926016111205,2340,200157,77380,True,True,590800000000.0
227,False,True,3066.0,29.333562413930867,80.0,24.8,18.186808696637137,9949.72329814062,66.96,1.0,34320.26802429912,False,7638,8060,4704,0,17000,308,-17308,9.6,3.637361739327428,2340,199468,77745,True,True,593600000000.0
228,False,True,3066.0,29.232586395349664,80.0,24.8,18.12420356511679,9908.43532609853,66.96,1.0,34202.12608255911,False,7612,8060,4684,0,17000,306,-17306,9.6,3.624840713023359,2340,198781,78110,True,True,596400000000.0
229,False,True,3066.0,29.13195797029238,80.0,24.8,18.061813941581274,9867.289481186219,66.96,1.0,34084.39082524208,False,7585,8060,4665,0,17000,305,-17305,9.6,3.612362788316255,2340,198097,78475,True,True,599200000000.0
230,False,True,3066.0,29.03167594222483,80.0,24.8,17.999639084179393,9826.285274154154,66.96,1.0,33967.06085240305,False,7559,8060,4646,0,17000,304,-17304,9.6,3.599927816835878,2340,197415,78840,True,True,602000000000.0
231,False,True,3066.0,28.931739118731706,80.0,24.8,17.937678253613658,9785.422217436964,66.96,1.0,33850.13476891609,False,7533,8060,4626,0,17000,303,-17303,9.6,3.587535650722731,2340,196735,79205,True,True,604800000000.0
232,False,True,3066.0,28.832146311502395,80.0,24.8,17.875930713131485,9744.699825147647,66.96,1.0,33733.6111844578,False,7507,8060,4607,0,17000,302,-17302,9.6,3.575186142626297,2340,196058,79570,True,True,607600000000.0
233,False,True,3066.0,28.73289633631685,80.0,24.8,17.814395728516445,9704.117613071778,66.96,1.0,33617.48871349071,False,7482,8060,4588,0,17000,301,-17301,9.6,3.5628791457032896,2340,195383,79935,True,True,610400000000.0
234,False,True,3066.0,28.633988013031516,80.0,24.8,17.75307256807954,9663.675098661775,66.96,1.0,33501.76597524687,False,7456,8060,4569,0,17000,300,-17300,9.6,3.5506145136159084,2340,194711,80300,True,True,613200000000.0
235,False,True,3066.0,28.535420165565274,80.0,24.8,17.69196050265047,9623.371801031135,66.96,1.0,33386.441593711366,False,7430,8060,4550,0,17000,299,-17299,9.6,3.538392100530094,2340,194040,80665,True,True,616000000000.0
236,False,True,3066.0,28.43719162188549,80.0,24.8,17.631058805569005,9583.207240948732,66.96,1.0,33271.51419760602,False,7405,8060,4531,0,17000,298,-17298,9.6,3.5262117611138013,2340,193372,81030,True,True,618800000000.0
237,False,True,3066.0,28.339301213994045,80.0,24.8,17.570366752676307,9543.18094083312,66.96,1.0,33156.98242037303,False,7379,8060,4512,0,17000,297,-17297,9.6,3.514073350535261,2340,192707,81395,True,True,621600000000.0
238,False,True,3066.0,28.24174777791348,80.0,24.8,17.509883622306358,9503.292424746847,66.96,1.0,33042.84490015878,False,7354,8049,4493,0,17000,296,-17296,9.6,3.5019767244612723,2340,192043,81760,True,True,624400000000.0
239,False,True,3066.0,28.14453015367314,80.0,24.8,17.449608695277348,9463.541218390794,66.96,1.0,32929.100279797574,False,7328,8020,4474,0,17000,295,-17295,9.6,3.4899217390554695,2340,191382,82125,True,True,627200000000.0
240,False,True,3066.0,28.04764718529536,80.0,24.8,17.389541254883124,9423.926849098547,66.96,1.0,32815.74720679557,False,7303,7991,4455,0,17000,294,-17294,9.6,3.477908250976624,2340,190724,82490,True,True,630000000000.0
241,False,True,3066.0,27.951097720781753,80.0,24.8,17.329680586884688,9384.44884583076,66.96,1.0,32702.784333314652,False,7278,7962,4437,0,17000,293,-17293,9.6,3.4659361173769367,2340,190067,82855,True,True,632800000000.0
242,False,True,3066.0,27.854880612099507,80.0,24.8,17.270025979501693,9345.106739169576,66.96,1.0,32590.210316156426,False,7253,7933,4418,0,17000,292,-17292,9.6,3.454005195900339,2340,189413,83220,True,True,635600000000.0
243,False,True,3066.0,27.758994715167713,80.0,24.8,17.21057672340398,9305.90006131302,66.96,1.0,32478.023816746223,False,7228,7905,4400,0,17000,291,-17291,9.6,3.442115344680797,2340,188761,83585,True,True,638400000000.0
244,False,True,3066.0,27.663438889843782,80.0,24.8,17.151332111703145,9266.828346069457,66.96,1.0,32366.223501117227,False,7203,7876,4381,0,17000,290,-17290,9.6,3.430266422340629,2340,188111,83950,True,True,641200000000.0
245,False,True,3066.0,27.56821199990987,80.0,24.8,17.09229143994412,9227.891128852036,66.96,1.0,32254.808039894546,False,7178,7847,4363,0,17000,289,-17289,9.6,3.4184582879888232,2340,187463,84315,True,True,644000000000.0
246,False,True,3066.0,27.4733129130594,80.0,24.8,17.03345400609683,9189.087946673177,66.96,1.0,32143.776108279497,False,7154,7819,4344,0,17000,288,-17288,9.6,3.4066908012193657,2340,186818,84680,True,True,646800000000.0
247,False,True,3066.0,27.378740500883545,80.0,24.8,16.9748191105478,9150.418338139049,66.96,1.0,32033.12638603375,False,7129,7791,4326,0,17000,287,-17287,9.6,3.39496382210956,2340,186175,85045,True,True,649600000000.0
248,False,True,3066.0,27.284493638857878,80.0,24.8,16.916386056091884,9111.881843444111,66.96,1.0,31922.857557463714,False,7104,7762,4308,0,17000,286,-17286,9.6,3.3832772112183767,2340,185534,85410,True,True,652400000000.0
249,False,True,3066.0,27.190571206328933,80.0,24.8,16.858154147923937,9073.478004365608,66.96,1.0,31812.968311404853,False,7080,7734,4290,0,17000,285,-17285,9.6,3.371630829584787,2340,184895,85775,True,True,655200000000.0
250,False,True,3066.0,27.096972086500926,80.0,24.8,16.800122693630573,9035.206364258156,66.96,1.0,31703.45734120608,False,7056,7706,4272,0,17000,284,-17284,9.6,3.360024538726115,2340,184259,86140,True,True,658000000000.0
251,False,True,3066.0,27.003695166422464,80.0,24.8,16.74229100318193,8997.066468048295,66.96,1.0,31594.323344714285,False,7031,7678,4254,0,17000,283,-17283,9.6,3.3484582006363866,2340,183625,86505,True,True,660800000000.0
252,False,True,3066.0,26.910739336973297,80.0,24.8,16.684658388923445,8959.057862229081,66.96,1.0,31485.56502425876,False,7007,7650,4236,0,17000,282,-17282,9.6,3.336931677784689,2340,182993,86870,True,True,663600000000.0
253,False,True,3066.0,26.81810349285115,80.0,24.8,16.627224165567714,8921.180094854692,66.96,1.0,31377.18108663585,False,6983,7623,4218,0,17000,281,-17281,9.6,3.325444833113543,2340,182363,87235,True,True,666400000000.0
254,False,True,3066.0,26.725786532558573,80.0,24.8,16.569987650186317,8883.43271553506,66.96,1.0,31269.17024309353,False,6959,7595,4200,0,17000,280,-17280,9.6,3.313997530037263,2340,181735,87600,True,True,669200000000.0
255,False,True,3066.0,26.63378735838983,80.0,24.8,16.512948162201695,8845.815275430508,66.96,1.0,31161.531209316105,False,6935,7567,4182,0,17000,279,-17279,9.6,3.30258963244034,2340,181109,87965,True,True,672000000000.0
256,False,True,3066.0,26.542104876417874,80.0,24.8,16.45610502337908,8808.32732724642,66.96,1.0,31054.26270540891,False,6911,7540,4164,0,17000,278,-17278,9.6,3.2912210046758164,2340,180486,88330,True,True,674800000000.0
257,False,True,3066.0,26.4507379964813,80.0,24.8,16.39945755781841,8770.96842522791,66.96,1.0,30947.36345588312,False,6887,7513,4147,0,17000,277,-17277,9.6,3.2798915115636813,2340,179865,88695,True,True,677600000000.0
258,False,True,3066.0,26.35968563217145,80.0,24.8,16.3430050919463,8733.738125154548,66.96,1.0,30840.832189640594,False,6864,7485,4129,0,17000,276,-17276,9.6,3.2686010183892598,2340,179245,89060,True,True,680400000000.0
259,False,True,3066.0,26.2689467008194,80.0,24.8,16.286746954508025,8696.635984335042,66.96,1.0,30734.667639958698,False,6840,7458,4111,0,17000,275,-17275,9.6,3.2573493909016067,2340,178628,89425,True,True,683200000000.0
260,False,True,3066.0,26.178520123483164,80.0,24.8,16.23068247655956,8659.661561602004,66.96,1.0,30628.8685444753,False,6816,7431,4094,0,17000,274,-17274,9.6,3.2461364953119123,2340,178013,89790,True,True,686000000000.0
261,False,True,3066.0,26.08840482493484,80.0,24.8,16.1748109914596,8622.81441730669,66.96,1.0,30523.433645173765,False,6793,7404,4077,0,17000,273,-17273,9.6,3.2349621982919206,2340,177401,90155,True,True,688800000000.0
262,False,True,3066.0,25.998599733647822,80.0,24.8,16.11913183486165,8586.094113313775,66.96,1.0,30418.36168836795,False,6770,7377,4059,0,17000,272,-17272,9.6,3.2238263669723297,2340,176790,90520,True,True,691600000000.0
263,False,True,3066.0,25.909103781784047,80.0,24.8,16.06364434470611,8549.500212996143,66.96,1.0,30313.651424687338,False,6746,7350,4042,0,17000,272,-17272,9.6,3.2127288689412223,2340,176181,90885,True,True,694400000000.0
264,False,True,3066.0,25.819915905181336,80.0,24.8,16.008347861212428,8513.032281229702,66.96,1.0,30209.30160906216,False,6723,7324,4025,0,17000,271,-17271,9.6,3.2016695722424857,2340,175575,91250,True,True,697200000000.0
265,False,True,3066.0,25.73103504334069,80.0,24.8,15.953241726871227,8476.689884388192,66.96,1.0,30105.311000708607,False,6700,7297,4008,0,17000,270,-17270,9.6,3.1906483453742456,2340,174971,91615,True,True,700000000000.0
266,False,True,3066.0,25.642460139413707,80.0,24.8,15.898325286436497,8440.47259033805,66.96,1.0,30001.67836311404,False,6677,7270,3990,0,17000,269,-17269,9.6,3.1796650572873006,2340,174368,91980,True,True,702800000000.0
267,False,True,3066.0,25.554190140190038,80.0,24.8,15.843597886917824,8404.379968433259,66.96,1.0,29898.402464022343,False,6654,7244,3973,0,17000,268,-17268,9.6,3.168719577383565,2340,173768,92345,True,True,705600000000.0
268,False,True,3066.0,25.466223996084814,80.0,24.8,15.789058877572584,8368.411589510235,66.96,1.0,29795.482075419233,False,6631,7218,3956,0,17000,267,-17267,9.6,3.157811775514517,2340,173170,92710,True,True,708400000000.0
269,False,True,3066.0,25.3785606611262,80.0,24.8,15.734707609898244,8332.567025882712,66.96,1.0,29692.915973517658,False,6608,7191,3939,0,17000,266,-17266,9.6,3.1469415219796493,2340,172574,93075,True,True,711200000000.0
270,False,True,3066.0,25.291199092942957,80.0,24.8,15.680543437624634,8296.845851336675,66.96,1.0,29590.70293874326,False,6585,7165,3922,0,17000,265,-17265,9.6,3.136108687524926,2340,171980,93440,True,True,714000000000.0
271,False,True,3066.0,25.204138252752028,80.0,24.8,15.626565716706256,8261.247641125274,66.96,1.0,29488.841755719874,False,6563,7139,3906,0,17000,264,-17264,9.6,3.1253131433412515,2340,171388,93805,True,True,716800000000.0
272,False,True,3066.0,25.1173771053462,80.0,24.8,15.572773805314645,8225.77197196378,66.96,1.0,29387.331213255053,False,6540,7113,3889,0,17000,263,-17263,9.6,3.1145547610629296,2340,170798,94170,True,True,719600000000.0
273,False,True,3066.0,25.0309146190818,80.0,24.8,15.519167063830714,8190.418422024558,66.96,1.0,29286.17010432571,False,6518,7087,3872,0,17000,262,-17262,9.6,3.1038334127661433,2340,170210,94535,True,True,722400000000.0
274,False,True,3066.0,24.944749765866405,80.0,24.8,15.46574485483717,8155.186570932041,66.96,1.0,29185.357226063694,False,6495,7061,3855,0,17000,261,-17261,9.6,3.0931489709674342,2340,169624,94900,True,True,725200000000.0
275,False,True,3066.0,24.858881521146653,80.0,24.8,15.412506543110926,8120.0759997577425,66.96,1.0,29084.891379741584,False,6473,7036,3839,0,17000,261,-17261,9.6,3.0825013086221857,2340,169040,95265,True,True,728000000000.0
276,False,True,3066.0,24.773308863896027,80.0,24.8,15.359451495615536,8085.086291015265,66.96,1.0,28984.77137075835,False,6450,7010,3822,0,17000,260,-17260,9.6,3.0718902991231074,2340,168458,95630,True,True,730800000000.0
277,False,True,3066.0,24.688030776602726,80.0,24.8,15.306579081493691,8050.217028655337,66.96,1.0,28884.99600862519,False,6428,6984,3806,0,17000,259,-17259,9.6,3.061315816298739,2340,167878,95995,True,True,733600000000.0
278,False,True,3066.0,24.603046245257577,80.0,24.8,15.253888672059697,8015.467798060876,66.96,1.0,28785.564106951362,False,6406,6959,3789,0,17000,258,-17258,9.6,3.0507777344119393,2340,167300,96360,True,True,736400000000.0
279,False,True,3066.0,24.51835425934197,80.0,24.8,15.20137964079202,7980.838186042049,66.96,1.0,28686.474483430102,False,6384,6934,3773,0,17000,257,-17257,9.6,3.040275928158404,2340,166724,96725,True,True,739200000000.0
280,False,True,3066.0,24.433953811815822,80.0,24.8,15.14905136332581,7946.327780831359,66.96,1.0,28587.72595982451,False,6362,6908,3757,0,17000,256,-17256,9.6,3.029810272665162,2340,166150,97090,True,True,742000000000.0
281,False,True,3066.0,24.34984389910565,80.0,24.8,15.096903217445503,7911.936172078756,66.96,1.0,28489.31736195361,False,6340,6883,3740,0,17000,255,-17255,9.6,3.0193806434891006,2340,165578,97455,True,True,744800000000.0
282,False,True,3066.0,24.266023521092585,80.0,24.8,15.044934583077403,7877.662950846746,66.96,1.0,28391.247519678323,False,6318,6858,3724,0,17000,254,-17254,9.6,3.0089869166154806,2340,165008,97820,True,True,747600000000.0
283,False,True,3066.0,24.18249168110052,80.0,24.8,14.993144842282321,7843.507709605546,66.96,1.0,28293.515266887607,False,6297,6833,3708,0,17000,253,-17253,9.6,2.998628968456464,2340,164440,98185,True,True,750400000000.0
284,False,True,3066.0,24.099247385884237,80.0,24.8,14.941533379248227,7809.470042228221,66.96,1.0,28196.119441484556,False,6275,6808,3692,0,17000,253,-17253,9.6,2.9883066758496453,2340,163874,98550,True,True,753200000000.0
285,False,True,3066.0,24.0162896456176,80.0,24.8,14.890099580282913,7775.549543985863,66.96,1.0,28099.058885372593,False,6253,6783,3676,0,17000,252,-17252,9.6,2.978019916056582,2340,163310,98915,True,True,756000000000.0
286,False,True,3066.0,23.933617473881796,80.0,24.8,14.838842833806714,7741.745811542779,66.96,1.0,28002.3324444417,False,6232,6758,3660,0,17000,251,-17251,9.6,2.9677685667613427,2340,162748,99280,True,True,758800000000.0
287,False,True,3066.0,23.851229887653595,80.0,24.8,14.787762530345228,7708.058442951692,66.96,1.0,27905.938968554703,False,6210,6734,3644,0,17000,250,-17250,9.6,2.9575525060690455,2340,162188,99645,True,True,761600000000.0
288,False,True,3066.0,23.76912590729366,80.0,24.8,14.736858062522069,7674.4870376489625,66.96,1.0,27809.877311533583,False,6189,6709,3628,0,17000,249,-17249,9.6,2.947371612504413,2340,161630,100010,True,True,764400000000.0
289,False,True,3066.0,23.68730455653491,80.0,24.8,14.686128825051645,7641.0311964498305,66.96,1.0,27714.146331145846,False,6168,6684,3612,0,17000,248,-17248,9.6,2.9372257650103295,2340,161073,100375,True,True,767200000000.0
290,False,True,3066.0,23.605764862470906,80.0,24.8,14.635574214731962,7607.69052154366,66.96,1.0,27618.74488909096,False,6146,6660,3597,0,17000,247,-17247,9.6,2.927114842946392,2340,160519,100740,True,True,770000000000.0
291,False,True,3066.0,23.52450585554428,80.0,24.8,14.585193630437454,7574.4646164892165,66.96,1.0,27523.671850986808,False,6125,6636,3581,0,17000,247,-17247,9.6,2.9170387260874917,2340,159966,101105,True,True,772800000000.0
292,False,True,3066.0,23.443526569535198,80.0,24.8,14.534986473111823,7541.353086209948,66.96,1.0,27428.92608635618,False,6104,6611,3565,0,17000,246,-17246,9.6,2.906997294622365,2340,159415,101470,True,True,775600000000.0
293,False,True,3066.0,23.362826041549887,80.0,24.8,14.48495214576093,7508.3555369892865,66.96,1.0,27334.506468613366,False,6083,6587,3550,0,17000,245,-17245,9.6,2.8969904291521864,2340,158867,101835,True,True,778400000000.0
294,False,True,3066.0,23.28240331200918,80.0,24.8,14.435090053445691,7475.471576465976,66.96,1.0,27240.41187505074,False,6062,6563,3534,0,17000,244,-17244,9.6,2.8870180106891383,2340,158320,102200,True,True,781200000000.0
295,False,True,3066.0,23.20225742463711,80.0,24.8,14.385399603275008,7442.700813629396,66.96,1.0,27146.641186825418,False,6041,6539,3519,0,17000,243,-17243,9.6,2.8770799206550013,2340,157775,102565,True,True,784000000000.0
296,False,True,3066.0,23.122387426449528,80.0,24.8,14.335880204398707,7410.042858814918,66.96,1.0,27053.19328894595,False,6021,6515,3503,0,17000,242,-17242,9.6,2.867176040879742,2340,157232,102930,True,True,786800000000.0
297,False,True,3066.0,23.042792367742774,80.0,24.8,14.28653126800052,7377.497323699267,66.96,1.0,26960.067070259043,False,6000,6491,3488,0,17000,241,-17241,9.6,2.8573062536001035,2340,156690,103295,True,True,789600000000.0
298,False,True,3066.0,22.963471302082407,80.0,24.8,14.237352207291092,7345.0638212959175,66.96,1.0,26867.26142343642,False,5979,6468,3472,0,17000,241,-17241,9.6,2.8474704414582184,2340,156151,103660,True,True,792400000000.0
299,False,True,3066.0,22.88442328629191,80.0,24.8,14.188342437500983,7312.74196595047,66.96,1.0,26774.775244961536,False,5959,6444,3457,0,17000,240,-17240,9.6,2.837668487500197,2340,155614,104025,True,True,795200000000.0
300,False,True,3066.0,22.805647380441506,80.0,24.8,14.139501375873733,7280.531373336083,66.96,1.0,26682.607435116563,False,5938,6420,3442,0,17000,239,-17239,9.6,2.827900275174747,2340,155078,104390,True,True,798000000000.0
301,False,True,3066.0,22.72714264783698,80.0,24.8,14.090828441658928,7248.431660448899,66.96,1.0,26590.75689796927,False,5918,6397,3427,0,17000,238,-17238,9.6,2.8181656883317863,2340,154544,104755,True,True,800800000000.0
302,False,True,3066.0,22.648908155008527,80.0,24.8,14.042323056105287,7216.442445603487,66.96,1.0,26499.222541359977,False,5897,6373,3412,0,17000,237,-17237,9.6,2.8084646112210576,2340,154012,105120,True,True,803600000000.0
303,False,True,3066.0,22.570942971699665,80.0,24.8,13.993984642453793,7184.563348428308,66.96,1.0,26408.00327688861,False,5877,6350,3397,0,17000,236,-17236,9.6,2.798796928490758,2340,153482,105485,True,True,806400000000.0
304,False,True,3066.0,22.493246170856164,80.0,24.8,13.945812625930822,7152.793989861187,66.96,1.0,26317.09801990171,False,5857,6327,3382,0,17000,236,-17236,9.6,2.789162525186164,2340,152954,105850,True,True,809200000000.0
305,False,True,3066.0,22.41581682861503,80.0,24.8,13.897806433741318,7121.1339921448125,66.96,1.0,26226.505689479585,False,5837,6303,3367,0,17000,235,-17235,9.6,2.779561286748264,2340,152427,106215,True,True,812000000000.0
306,False,True,3066.0,22.338654024293515,80.0,24.8,13.84996549506198,7089.582978822237,66.96,1.0,26136.22520842341,False,5816,6280,3352,0,17000,234,-17234,9.6,2.769993099012396,2340,151902,106580,True,True,814800000000.0
307,False,True,3066.0,22.261756840378176,80.0,24.8,13.802289241034469,7058.140574732411,66.96,1.0,26046.255503242468,False,5796,6257,3337,0,17000,233,-17233,9.6,2.760457848206894,2340,151379,106945,True,True,817600000000.0
308,False,True,3066.0,22.185124362513957,80.0,24.8,13.754777104758652,7026.806406005707,66.96,1.0,25956.59550414133,False,5777,6234,3322,0,17000,232,-17232,9.6,2.75095542095173,2340,150858,107310,True,True,820400000000.0
309,False,True,3066.0,22.108755679493324,80.0,24.8,13.70742852128586,6995.580100059492,66.96,1.0,25867.24414500719,False,5757,6211,3307,0,17000,232,-17232,9.6,2.741485704257173,2340,150339,107675,True,True,823200000000.0
310,False,True,3066.0,22.032649883245423,80.0,24.8,13.660242927612162,6964.461285593684,66.96,1.0,25778.200363397144,False,5737,6189,3292,0,17000,231,-17231,9.6,2.732048585522433,2340,149822,108040,True,True,826000000000.0
311,False,True,3066.0,21.956806068825284,80.0,24.8,13.613219762671676,6933.449592586338,66.96,1.0,25689.46310052558,False,5717,6166,3278,0,17000,230,-17230,9.6,2.7226439525343356,2340,149306,108405,True,True,828800000000.0
312,False,True,3066.0,21.881223334403067,80.0,24.8,13.566358467329902,6902.544652289254,66.96,1.0,25601.031301251587,False,5697,6143,3263,0,17000,229,-17229,9.6,2.7132716934659804,2340,148792,108770,True,True,831600000000.0
313,False,True,3066.0,21.805900781253342,80.0,24.8,13.519658484377072,6871.746097223589,66.96,1.0,25512.90391406641,False,5678,6121,3249,0,17000,228,-17228,9.6,2.703931696875414,2340,148280,109135,True,True,834400000000.0
314,False,True,3066.0,21.730837513744383,80.0,24.8,13.473119258521518,6841.053561175481,66.96,1.0,25425.079891080928,False,5658,6098,3234,0,17000,228,-17228,9.6,2.6946238517043035,2340,147769,109500,True,True,837200000000.0
315,False,True,3066.0,21.65603263932753,80.0,24.8,13.426740236383068,6810.466679191701,66.96,1.0,25337.55818801321,False,5639,6076,3220,0,17000,227,-17227,9.6,2.6853480472766136,2340,147261,109865,True,True,840000000000.0
316,False,True,3066.0,21.581485268526592,80.0,24.8,13.380520866486487,6779.985087575317,66.96,1.0,25250.337764176114,False,5619,6053,3205,0,17000,226,-17226,9.6,2.6761041732972974,2340,146754,110230,True,True,842800000000.0
317,False,True,3066.0,21.50719451492723,80.0,24.8,13.334460599254884,6749.608423881357,66.96,1.0,25163.41758246486,False,5600,6031,3191,0,17000,225,-17225,9.6,2.6668921198509765,2340,146248,110595,True,True,845600000000.0
318,False,True,3066.0,21.433159495166475,80.0,24.8,13.288558887003214,6719.336326912514,66.96,1.0,25076.796609344776,False,5581,6009,3177,0,17000,225,-17225,9.6,2.657711777400643,2340,145745,110960,True,True,848400000000.0
319,False,True,3066.0,21.359379328922156,80.0,24.8,13.242815183931736,6689.168436714836,66.96,1.0,24990.473814838922,False,5561,5987,3162,0,17000,224,-17224,9.6,2.6485630367863475,2340,145243,111325,True,True,851200000000.0
320,False,True,3066.0,21.285853138902503,80.0,24.8,13.197228946119552,6659.104394573468,66.96,1.0,24904.448172515928,False,5542,5965,3148,0,17000,223,-17223,9.6,2.63944578922391,2340,144743,111690,True,True,854000000000.0
321,False,True,3066.0,21.212580050835644,80.0,24.8,13.151799631518099,6629.143843008353,66.96,1.0,24818.718659477705,False,5523,5943,3134,0,17000,222,-17222,9.6,2.6303599263036195,2340,144245,112055,True,True,856800000000.0
322,False,True,3066.0,21.139559193459277,80.0,24.8,13.106526699944752,6599.286425770016,66.96,1.0,24733.284256347357,False,5504,5921,3120,0,17000,221,-17221,9.6,2.6213053399889508,2340,143749,112420,True,True,859600000000.0
323,False,True,3066.0,21.06678969851026,80.0,24.8,13.06140961307636,6569.531787835306,66.96,1.0,24648.143947257005,False,5485,5899,3106,0,17000,221,-17221,9.6,2.612281922615272,2340,143254,112785,True,True,862400000000.0
324,False,True,3066.0,20.994270700714317,80.0,24.8,13.016447834442877,6539.879575403188,66.96,1.0,24563.29671983575,False,5466,5877,3092,0,17000,220,-17220,9.6,2.603289566888575,2340,142761,113150,True,True,865200000000.0
325,False,True,3066.0,20.922001337775725,80.0,24.8,12.97164082942095,6510.329435890519,66.96,1.0,24478.741565197597,False,5448,5856,3078,0,17000,219,-17219,9.6,2.594328165884191,2340,142269,113515,True,True,868000000000.0
326,False,True,3066.0,20.849980750367095,80.0,24.8,12.926988065227599,6480.881017927879,66.96,1.0,24394.4774779295,False,5429,5834,3064,0,17000,218,-17218,9.6,2.5853976130455196,2340,141779,113880,True,True,870800000000.0
327,False,True,3066.0,20.778208082119097,80.0,24.8,12.88248901091384,6451.533971355365,66.96,1.0,24310.503456079343,False,5410,5813,3050,0,17000,218,-17218,9.6,2.5764978021827685,2340,141291,114245,True,True,873600000000.0
328,False,True,3066.0,20.706682479610357,80.0,24.8,12.838143137358422,6422.287947218458,66.96,1.0,24226.81850114412,False,5392,5791,3036,0,17000,217,-17217,9.6,2.567628627471685,2340,140805,114610,True,True,876400000000.0
329,False,True,3066.0,20.635403092357233,80.0,24.8,12.793949917261484,6393.142597763846,66.96,1.0,24143.42161805796,False,5373,5770,3022,0,17000,216,-17216,9.6,2.5587899834522965,2340,140320,114975,True,True,879200000000.0
330,False,True,3066.0,20.564369072803753,80.0,24.8,12.749908825138327,6364.0975764353125,66.96,1.0,24060.31181518039,False,5354,5749,3009,0,17000,215,-17215,9.6,2.549981765027666,2340,139837,115340,True,True,882000000000.0
331,False,True,3066.0,20.4935795763115,80.0,24.8,12.70601933731313,6335.1525378695915,66.96,1.0,23977.488104284454,False,5336,5727,2995,0,17000,215,-17215,9.6,2.5412038674626265,2340,139356,115705,True,True,884800000000.0
332,False,True,3066.0,20.423033761149615,80.0,24.8,12.662280931912761,6306.307137892287,66.96,1.0,23894.949500545048,False,5318,5706,2981,0,17000,214,-17214,9.6,2.532456186382552,2340,138876,116070,True,True,887600000000.0
333,False,True,3066.0,20.352730788484727,80.0,24.8,12.618693088860532,6277.561033513755,66.96,1.0,23812.695022527132,False,5299,5685,2968,0,17000,213,-17213,9.6,2.5237386177721066,2340,138398,116435,True,True,890400000000.0
334,False,True,3066.0,20.282669822371034,80.0,24.8,12.575255289870041,6248.913882925045,66.96,1.0,23730.72369217411,False,5281,5664,2954,0,17000,212,-17212,9.6,2.5150510579740084,2340,137922,116800,True,True,893200000000.0
335,False,True,3066.0,20.212850029740345,80.0,24.8,12.531967018439014,6220.36534549383,66.96,1.0,23649.034534796203,False,5263,5643,2941,0,17000,212,-17212,9.6,2.5063934036878033,2340,137447,117165,True,True,896000000000.0
336,False,True,3066.0,20.143270580392148,80.0,24.8,12.488827759843131,6191.915081760345,66.96,1.0,23567.62657905881,False,5245,5622,2927,0,17000,211,-17211,9.6,2.497765551968626,2340,136974,117530,True,True,898800000000.0
337,False,True,3066.0,20.073930646983793,80.0,24.8,12.445837001129952,6163.5627534333735,66.96,1.0,23486.498856971037,False,5227,5602,2914,0,17000,210,-17210,9.6,2.4891674002259907,2340,136502,117895,True,True,901600000000.0
338,False,True,3066.0,20.004829405020594,80.0,24.8,12.402994231112768,6135.308023386198,66.96,1.0,23405.650403874093,False,5209,5581,2900,0,17000,210,-17210,9.6,2.480598846222554,2340,136032,118260,True,True,904400000000.0
339,False,True,3066.0,19.935966032846075,80.0,24.8,12.360298940364567,6107.150555652617,66.96,1.0,23325.08025842991,False,5191,5560,2887,0,17000,209,-17209,9.6,2.4720597880729134,2340,135564,118625,True,True,907200000000.0
340,False,True,3066.0,19.86733971163215,80.0,24.8,12.317750621211934,6079.090015422924,66.96,1.0,23244.787462609616,False,5173,5540,2874,0,17000,208,-17208,9.6,2.4635501242423863,2340,135097,118990,True,True,910000000000.0
341,False,True,3066.0,19.79894962536946,80.0,24.8,12.275348767729065,6051.126069039957,66.96,1.0,23164.77106168227,False,5155,5519,2861,0,17000,207,-17207,9.6,2.4550697535458124,2340,134632,119355,True,True,912800000000.0
342,False,True,3066.0,19.730794960857587,80.0,24.8,12.233092875731703,6023.258383995102,66.96,1.0,23085.030104203375,False,5137,5499,2847,0,17000,207,-17207,9.6,2.446618575146341,2340,134169,119720,True,True,915600000000.0
343,False,True,3066.0,19.662874907695436,80.0,24.8,12.19098244277117,5995.4866289243555,66.96,1.0,23005.56364200366,False,5120,5478,2834,0,17000,206,-17206,9.6,2.4381964885542344,2340,133707,120085,True,True,918400000000.0
344,False,True,3066.0,19.59518865827159,80.0,24.8,12.149016968128384,5967.810473604383,66.96,1.0,22926.37073017776,False,5102,5458,2821,0,17000,205,-17205,9.6,2.429803393625677,2340,133247,120450,True,True,921200000000.0
345,False,True,3066.0,19.527735407754697,80.0,24.8,12.107195952807912,5940.229588948588,66.96,1.0,22847.450427072996,False,5085,5438,2808,0,17000,205,-17205,9.6,2.421439190561583,2340,132788,120815,True,True,924000000000.0
346,False,True,3066.0,19.460514354083905,80.0,24.8,12.065518899532021,5912.743647003197,66.96,1.0,22768.80179427817,False,5067,5418,2795,0,17000,204,-17204,9.6,2.413103779906404,2340,132331,121180,True,True,926800000000.0
347,False,True,3066.0,19.393524697959343,80.0,24.8,12.023985312734792,5885.352320943376,66.96,1.0,22690.423896612432,False,5050,5398,2782,0,17000,203,-17203,9.6,2.4047970625469586,2340,131875,121545,True,True,929600000000.0
348,False,True,3066.0,19.326765642832573,80.0,24.8,11.982594698556195,5858.055285069318,66.96,1.0,22612.31580211411,False,5032,5378,2769,0,17000,202,-17202,9.6,2.39651893971124,2340,131422,121910,True,True,932400000000.0
349,False,True,3066.0,19.260236394897163,80.0,24.8,11.941346564836241,5830.852214802395,66.96,1.0,22534.47658202968,False,5015,5358,2756,0,17000,202,-17202,9.6,2.3882693129672474,2340,130969,122275,True,True,935200000000.0
350,False,True,3066.0,19.19393616307923,80.0,24.8,11.900240421109123,5803.742786681285,66.96,1.0,22456.905310802696,False,4998,5338,2744,0,17000,201,-17201,9.6,2.3800480842218246,2340,130518,122640,True,True,938000000000.0
351,False,True,3066.0,19.12786415902802,80.0,24.8,11.859275778597373,5776.726678358124,66.96,1.0,22379.601066062784,False,4980,5318,2731,0,17000,200,-17200,9.6,2.3718551557194743,2340,130069,123005,True,True,940800000000.0
352,False,True,3066.0,19.062019597106573,80.0,24.8,11.818452150206076,5749.803568594688,66.96,1.0,22302.56292861469,False,4963,5298,2718,0,17000,200,-17200,9.6,2.363690430041215,2340,129621,123370,True,True,943600000000.0
353,False,True,3066.0,18.996401694382335,80.0,24.8,11.777769050517048,5722.973137258555,66.96,1.0,22225.789982427334,False,4946,5279,2705,0,17000,199,-17199,9.6,2.3555538101034097,2340,129175,123735,True,True,946400000000.0
354,False,True,3066.0,18.931009670617883,80.0,24.8,11.737225995783087,5696.235065319312,66.96,1.0,22149.281314622924,False,4929,5259,2693,0,17000,198,-17198,9.6,2.3474451991566174,2340,128730,124100,True,True,949200000000.0
355,False,True,3066.0,18.865842748261617,80.0,24.8,11.696822503922203,5669.589034844749,66.96,1.0,22073.036015466092,False,4912,5240,2680,0,17000,198,-17198,9.6,2.339364500784441,2340,128287,124465,True,True,952000000000.0
356,False,True,3066.0,18.800900152438555,80.0,24.8,11.656558094511904,5643.034728997098,66.96,1.0,21997.053178353108,False,4895,5220,2668,0,17000,197,-17197,9.6,2.3313116189023817,2340,127846,124830,True,True,954800000000.0
357,False,True,3066.0,18.73618111094108,80.0,24.8,11.616432288783468,5616.571832029241,66.96,1.0,21921.33189980106,False,4878,5201,2655,0,17000,196,-17196,9.6,2.3232864577566934,2340,127406,125195,True,True,957600000000.0
358,False,True,3066.0,18.671684854219777,80.0,24.8,11.576444609616262,5590.200029280976,66.96,1.0,21845.87127943714,False,4862,5181,2643,0,17000,196,-17196,9.6,2.3152889219232518,2340,126967,125560,True,True,960400000000.0
359,False,True,3066.0,18.607410615374288,80.0,24.8,11.536594581532059,5563.919007175265,66.96,1.0,21770.670419987917,False,4845,5162,2630,0,17000,195,-17195,9.6,2.3073189163064116,2340,126530,125925,True,True,963200000000.0
360,False,True,3066.0,18.543357630144175,80.0,24.8,11.496881730689388,5537.728453214507,66.96,1.0,21695.728427268685,False,4828,5143,2618,0,17000,194,-17194,9.6,2.2993763461378776,2340,126094,126290,True,True,966000000000.0
361,False,True,3066.0,18.479525136899845,80.0,24.8,11.457305584877904,5511.628055976826,66.96,1.0,21621.044410172817,False,4812,5124,2606,0,17000,194,-17194,9.6,2.2914611169755807,2340,125660,126655,True,True,968800000000.0
362,False,True,3066.0,18.4159123766335,80.0,24.8,11.41786567351277,5485.617505112365,66.96,1.0,21546.617480661196,False,4795,5105,2593,0,17000,193,-17193,9.6,2.2835731347025545,2340,125228,127020,True,True,971600000000.0
363,False,True,3066.0,18.35251859295008,80.0,24.8,11.37856152762905,5459.696491339588,66.96,1.0,21472.446753751592,False,4778,5086,2581,0,17000,192,-17192,9.6,2.2757123055258104,2340,124797,127385,True,True,974400000000.0
364,False,True,3066.0,18.28934303205832,80.0,24.8,11.339392679876157,5433.864706441624,66.96,1.0,21398.531347508233,False,4762,5067,2569,0,17000,192,-17192,9.6,2.267878535975231,2340,124367,127750,True,True,977200000000.0
365,False,True,3066.0,18.22638494276174,80.0,24.8,11.300358664512279,5408.121843262578,66.96,1.0,21324.870383031233,False,4746,5048,2557,0,17000,191,-17191,9.6,2.260071732902456,2340,123939,128115,True,True,980000000000.0
366,False,True,3066.0,18.163643576449736,80.0,24.8,11.261459017398836,5382.467595703893,66.96,1.0,21251.462984446192,False,4729,5029,2544,0,17000,190,-17190,9.6,2.2522918034797677,2340,123512,128480,True,True,982800000000.0
367,False,True,3066.0,18.101118187088677,80.0,24.8,11.22269327599498,5356.901658720703,66.96,1.0,21178.308278893754,False,4713,5010,2532,0,17000,190,-17190,9.6,2.2445386551989968,2340,123087,128845,True,True,985600000000.0
368,False,True,3066.0,18.03880803121303,80.0,24.8,11.184060979352079,5331.4237283182165,66.96,1.0,21105.405396519243,False,4697,4992,2520,0,17000,189,-17189,9.6,2.2368121958704155,2340,122663,129210,True,True,988400000000.0
369,False,True,3066.0,17.976712367916527,80.0,24.8,11.145561668108247,5306.033501548091,66.96,1.0,21032.753470462336,False,4681,4973,2508,0,17000,188,-17188,9.6,2.229112333621649,2340,122241,129575,True,True,991200000000.0
370,False,True,3066.0,17.914830458843333,80.0,24.8,11.107194884482867,5280.73067650483,66.96,1.0,20960.3516368467,False,4665,4955,2496,0,17000,188,-17188,9.6,2.2214389768965734,2340,121820,129940,True,True,994000000000.0
371,False,True,3066.0,17.8531615681793,80.0,24.8,11.068960172271165,5255.514952322203,66.96,1.0,20888.19903476978,False,4648,4936,2484,0,17000,187,-17187,9.6,2.213792034454233,2340,121401,130305,True,True,996800000000.0
372,False,True,3066.0,17.791704962643195,80.0,24.8,11.03085707683878,5230.386029169662,66.96,1.0,20816.29480629254,False,4632,4918,2473,0,17000,186,-17186,9.6,2.2061714153677565,2340,120983,130670,True,True,999600000000.0
373,False,True,3066.0,17.730459911477986,80.0,24.8,10.992885145116352,5205.343608248777,66.96,1.0,20744.638096429244,False,4617,4899,2461,0,17000,186,-17186,9.6,2.198577029023271,2340,120567,131035,True,True,1002400000000.0
374,False,True,3066.0,17.669425686442143,80.0,24.8,10.95504392559413,5180.387391789676,66.96,1.0,20673.228053137307,False,4601,4881,2449,0,17000,185,-17185,9.6,2.1910087851188256,2340,120152,131400,True,True,1005200000000.0
375,False,True,3066.0,17.608601561801013,80.0,24.8,10.917332968316629,5155.517083047525,66.96,1.0,20602.063827307185,False,4585,4863,2437,0,17000,184,-17184,9.6,2.183466593663326,2340,119738,131765,True,True,1008000000000.0
376,False,True,3066.0,17.547986814318143,80.0,24.8,10.879751824877248,5130.732386298974,66.96,1.0,20531.144572752226,False,4569,4845,2425,0,17000,184,-17184,9.6,2.1759503649754492,2340,119326,132130,True,True,1010800000000.0
377,False,True,3066.0,17.487580723246715,80.0,24.8,10.842300048412964,5106.0330068386575,66.96,1.0,20460.46944619866,False,4553,4827,2414,0,17000,183,-17183,9.6,2.1684600096825934,2340,118915,132495,True,True,1013600000000.0
378,False,True,3066.0,17.427382570320965,80.0,24.8,10.804977193598999,5081.418650975684,66.96,1.0,20390.037607275528,False,4538,4809,2402,0,17000,182,-17182,9.6,2.1609954387198003,2340,118506,132860,True,True,1016400000000.0
379,False,True,3066.0,17.36739163974764,80.0,24.8,10.767782816643537,5056.889026030147,66.96,1.0,20319.848218504743,False,4522,4791,2391,0,17000,182,-17182,9.6,2.1535565633287077,2340,118098,133225,True,True,1019200000000.0
380,False,True,3066.0,17.30760721819749,80.0,24.8,10.730716475282444,5032.44384032964,66.96,1.0,20249.900445291063,False,4506,4773,2379,0,17000,181,-17181,9.6,2.146143295056488,2340,117691,133590,True,True,1022000000000.0
381,False,True,3066.0,17.248028594796775,80.0,24.8,10.693777728774,5008.0828032057925,66.96,1.0,20180.193455912227,False,4491,4755,2367,0,17000,181,-17181,9.6,2.1387555457547998,2340,117286,133955,True,True,1024800000000.0
382,False,True,3066.0,17.18865506111884,80.0,24.8,10.656966137893681,4983.805624990815,66.96,1.0,20110.726421509044,False,4475,4737,2356,0,17000,180,-17180,9.6,2.1313932275787364,2340,116882,134320,True,True,1027600000000.0
383,False,True,3066.0,17.129485911175664,80.0,24.8,10.620281264928911,4959.612017014049,66.96,1.0,20041.498516075524,False,4460,4719,2345,0,17000,179,-17179,9.6,2.124056252985783,2340,116480,134685,True,True,1030400000000.0
384,False,True,3066.0,17.070520441409474,80.0,24.8,10.583722673673874,4935.501691598541,66.96,1.0,19972.508916449086,False,4445,4702,2333,0,17000,179,-17179,9.6,2.116744534734775,2340,116079,135050,True,True,1033200000000.0
385,False,True,3066.0,17.01175795068438,80.0,24.8,10.547289929424316,4911.474362057614,66.96,1.0,19903.756802300726,False,4429,4684,2322,0,17000,178,-17178,9.6,2.1094579858848634,2340,115679,135415,True,True,1036000000000.0
386,False,True,3066.0,16.953197740278043,80.0,24.8,10.510982598972387,4887.529742691467,66.96,1.0,19835.24135612531,False,4414,4666,2310,0,17000,178,-17178,9.6,2.1021965197944765,2340,115281,135780,True,True,1038800000000.0
387,False,True,3066.0,16.894839113873356,80.0,24.8,10.474800250601481,4863.667548783772,66.96,1.0,19766.961763231826,False,4399,4649,2299,0,17000,177,-17177,9.6,2.0949600501202954,2340,114884,136145,True,True,1041600000000.0
388,False,True,3066.0,16.83668137755018,80.0,24.8,10.43874245408111,4839.887496598296,66.96,1.0,19698.917211733708,False,4384,4632,2288,0,17000,176,-17176,9.6,2.0877484908162223,2340,114489,136510,True,True,1044400000000.0
389,False,True,3066.0,16.778723839777065,80.0,24.8,10.40280878066178,4816.1893033755105,66.96,1.0,19631.106892539166,False,4369,4614,2277,0,17000,176,-17176,9.6,2.080561756132356,2340,114095,136875,True,True,1047200000000.0
390,False,True,3066.0,16.720965811403072,80.0,24.8,10.366998803069905,4792.572687329256,66.96,1.0,19563.529999341594,False,4354,4597,2266,0,17000,175,-17175,9.6,2.073399760613982,2340,113702,137240,True,True,1050000000000.0
391,False,True,3066.0,16.663406605649527,80.0,24.8,10.331312095502707,4769.037367643363,66.96,1.0,19496.185728609948,False,4339,4580,2254,0,17000,174,-17174,9.6,2.0662624191005423,2340,113311,137605,True,True,1052800000000.0
392,False,True,3066.0,16.606045538101892,80.0,24.8,10.295748233623172,4745.583064468328,66.96,1.0,19429.073279579214,False,4324,4562,2243,0,17000,174,-17174,9.6,2.059149646724634,2340,112921,137970,True,True,1055600000000.0
393,False,True,3066.0,16.54888192670162,80.0,24.8,10.260306794555003,4722.209498917996,66.96,1.0,19362.191854240897,False,4309,4545,2232,0,17000,173,-17173,9.6,2.052061358911001,2340,112532,138335,True,True,1058400000000.0
394,False,True,3066.0,16.491915091738022,80.0,24.8,10.224987356877573,4698.9163930662135,66.96,1.0,19295.540657333484,False,4294,4528,2221,0,17000,173,-17173,9.6,2.0449974713755146,2340,112145,138700,True,True,1061200000000.0
395,False,True,3066.0,16.435144355840215,80.0,24.8,10.189789500620934,4675.703469943554,66.96,1.0,19229.11889633305,False,4279,4511,2210,0,17000,172,-17172,9.6,2.0379579001241868,2340,111758,139065,True,True,1064000000000.0
396,False,True,3066.0,16.37856904396907,80.0,24.8,10.154712807260823,4652.570453534019,66.96,1.0,19162.92578144381,False,4264,4494,2199,0,17000,171,-17171,9.6,2.030942561452165,2340,111374,139430,True,True,1066800000000.0
397,False,True,3066.0,16.322188483409132,80.0,24.8,10.119756859713661,4629.517068771735,66.96,1.0,19096.96052558868,False,4250,4477,2188,0,17000,171,-17171,9.6,2.023951371942732,2340,110990,139795,True,True,1069600000000.0
398,False,True,3066.0,16.26600200376069,80.0,24.8,10.084921242331628,4606.543041537704,66.96,1.0,19031.22234440001,False,4235,4461,2178,0,17000,170,-17170,9.6,2.016984248466326,2340,110608,140160,True,True,1072400000000.0
399,False,True,3066.0,16.210008936931768,80.0,24.8,10.050205540897696,4583.648098656545,66.96,1.0,18965.71045621017,False,4221,4444,2167,0,17000,170,-17170,9.6,2.010041108179539,2340,110228,140525,True,True,1075200000000.0
400,False,True,3066.0,16.154208617130184,80.0,24.8,10.015609342620714,4560.83196789323,66.96,1.0,18900.424082042315,False,4206,4427,2156,0,17000,169,-17169,9.6,2.003121868524143,2340,109848,140890,True,True,1078000000000.0
401,False,True,3066.0,16.09860038085564,80.0,24.8,9.981132236130497,4538.094377949861,66.96,1.0,18835.3624456011,False,4192,4410,2145,0,17000,169,-17169,9.6,1.9962264472260998,2340,109470,140890,True,True,1078000000000.0
402,False,True,3066.0,16.043183566891827,80.0,24.8,9.946773811472932,4515.435058462436,66.96,1.0,18770.524773263438,False,4177,4394,2135,0,17000,168,-17168,9.6,1.9893547622945866,2340,109093,140890,True,True,1078000000000.0
403,False,True,3066.0,15.987957516298573,80.0,24.8,9.912533660105115,4492.8537399976385,66.96,1.0,18705.91029406933,False,4163,4377,2124,0,17000,167,-17167,9.6,1.982506732021024,2340,108718,140890,True,True,1078000000000.0
404,False,True,3066.0,15.932921572403995,80.0,24.8,9.878411374890476,4470.350154049634,66.96,1.0,18641.518239712674,False,4148,4361,2113,0,17000,167,-17167,9.6,1.975682274978095,2340,108343,140890,True,True,1078000000000.0
405,False,True,3066.0,15.878075080796691,80.0,24.8,9.844406550093948,4447.924033036869,66.96,1.0,18577.34784453213,False,4134,4344,2103,0,17000,166,-17166,9.6,1.96888131001879,2340,107970,140890,True,True,1078000000000.0
406,False,True,3066.0,15.823417389317976,80.0,24.8,9.810518781377144,4425.575110298906,66.96,1.0,18513.39834550203,False,4120,4328,2092,0,17000,166,-17166,9.6,1.9621037562754287,2340,107599,140890,True,True,1078000000000.0
407,False,True,3066.0,15.76894784805411,80.0,24.8,9.776747665793549,4403.3031200932355,66.96,1.0,18449.66898222331,False,4106,4312,2081,0,17000,165,-17165,9.6,1.9553495331587103,2340,107228,140890,True,True,1078000000000.0
408,False,True,3066.0,15.714665809328565,80.0,24.8,9.74309280178371,4381.107797592124,66.96,1.0,18386.158996914422,False,4092,4295,2071,0,17000,165,-17165,9.6,1.948618560356742,2340,106859,140890,True,True,1078000000000.0
409,False,True,3066.0,15.660570627694353,80.0,24.8,9.7095537891705,4358.988878879469,66.96,1.0,18322.867634402395,False,4078,4279,2061,0,17000,164,-17164,9.6,1.9419107578340993,2340,106491,140890,True,True,1078000000000.0
410,False,True,3066.0,15.606661659926313,80.0,24.8,9.676130229154314,4336.946100947648,66.96,1.0,18259.794142113788,False,4063,4263,2050,0,17000,163,-17163,9.6,1.9352260458308628,2340,106125,140890,True,True,1078000000000.0
411,False,True,3066.0,15.552938265013502,80.0,24.8,9.642821724308371,4314.97920169441,66.96,1.0,18196.937770065797,False,4049,4247,2040,0,17000,163,-17163,9.6,1.9285643448616747,2340,105759,140890,True,True,1078000000000.0
412,False,True,3066.0,15.499399804151537,80.0,24.8,9.609627878573953,4293.087919919739,66.96,1.0,18134.297770857298,False,4036,4231,2029,0,17000,162,-17162,9.6,1.9219255757147906,2340,105395,140890,True,True,1078000000000.0
413,False,True,3066.0,15.446045640735015,80.0,24.8,9.576548297255709,4271.2719953227615,66.96,1.0,18071.873399659966,False,4022,4215,2019,0,17000,162,-17162,9.6,1.9153096594511423,2340,105033,140890,True,True,1078000000000.0
414,False,True,3066.0,15.392875140349963,80.0,24.8,9.543582587016976,4249.531168498652,66.96,1.0,18009.663914209457,False,4008,4199,2009,0,17000,161,-17161,9.6,1.908716517403395,2340,104671,140890,True,True,1078000000000.0
415,False,True,3066.0,15.339887670766249,80.0,24.8,9.510730355875074,4227.865180935533,66.96,1.0,17947.668574796513,False,3994,4183,1999,0,17000,161,-17161,9.6,1.902146071175015,2340,104311,140890,True,True,1078000000000.0
416,False,True,3066.0,15.287082601930107,80.0,24.8,9.477991213196667,4206.273775011421,66.96,1.0,17885.886644258226,False,3980,4167,1988,0,17000,160,-17160,9.6,1.8955982426393327,2340,103952,140890,True,True,1078000000000.0
417,False,True,3066.0,15.234459305956625,80.0,24.8,9.445364769693107,4184.756693991153,66.96,1.0,17824.31738796925,False,3967,4151,1978,0,17000,159,-17159,9.6,1.8890729539386217,2340,103594,140890,True,True,1078000000000.0
418,False,True,3066.0,15.182017157122283,80.0,24.8,9.412850637415815,4163.313682023334,66.96,1.0,17762.96007383307,False,3953,4136,1968,0,17000,159,-17159,9.6,1.8825701274831634,2340,103237,140890,True,True,1078000000000.0
419,False,True,3066.0,15.129755531857509,80.0,24.8,9.380448429751656,4141.944484137292,66.96,1.0,17701.813972273285,False,3939,4120,1958,0,17000,158,-17158,9.6,1.8760896859503318,2340,102882,140890,True,True,1078000000000.0
420,False,True,3066.0,15.07767380873927,80.0,24.8,9.348157761418348,4120.648846240057,66.96,1.0,17640.878356224945,False,3926,4104,1948,0,17000,158,-17158,9.6,1.869631552283669,2340,102528,140890,True,True,1078000000000.0
421,False,True,3066.0,15.025771368483683,80.0,24.8,9.315978248459883,4099.426515113329,66.96,1.0,17580.15250112591,False,3912,4089,1938,0,17000,157,-17157,9.6,1.8631956496919773,2340,102175,140890,True,True,1078000000000.0
422,False,True,3066.0,14.974047593938646,80.0,24.8,9.28390950824196,4078.2772384104687,66.96,1.0,17519.63568490822,False,3899,4073,1928,0,16970,157,-17127,9.6,1.856781901648392,2340,101823,140890,True,True,1078000000000.0
423,False,True,3066.0,14.922501870076506,80.0,24.8,9.251951159447433,4057.2007646535044,66.96,1.0,17459.32718798951,False,3885,4058,1918,0,16912,156,-17068,9.6,1.8503902318894874,2340,101473,140890,True,True,1078000000000.0
424,False,True,3066.0,14.87113358398674,80.0,24.8,9.220102822071778,4036.1968432301337,66.96,1.0,17399.226293264484,False,3872,4043,1908,0,16853,156,-17009,9.6,1.8440205644143557,2340,101123,140890,True,True,1078000000000.0
425,False,True,3066.0,14.819942124868664,80.0,24.8,9.18836411741857,4015.265224390743,66.96,1.0,17339.332286096338,False,3859,4027,1898,0,16795,155,-16950,9.6,1.837672823483715,2340,100775,140890,True,True,1078000000000.0
426,False,True,3066.0,14.768926884024193,80.0,24.8,9.156734668095,3994.405659245448,66.96,1.0,17279.644454308305,False,3845,4012,1888,0,16738,155,-16893,9.6,1.8313469336189998,2340,100428,140890,True,True,1078000000000.0
427,False,True,3066.0,14.718087254850566,80.0,24.8,9.125214098007351,3973.6178997611205,66.96,1.0,17220.162088175162,False,3832,3997,1878,0,16680,154,-16834,9.6,1.82504281960147,2340,100082,140890,True,True,1078000000000.0
428,False,True,3066.0,14.667422632833167,80.0,24.8,9.093802032356564,3952.901698758451,66.96,1.0,17160.884480414807,False,3819,3982,1869,0,16623,154,-16777,9.6,1.8187604064713132,2340,99738,140890,True,True,1078000000000.0
429,False,True,3066.0,14.616932415538326,80.0,24.8,9.062498097633762,3932.2568099090045,66.96,1.0,17101.81092617984,False,3806,3966,1859,0,16565,153,-16718,9.6,1.8124996195267518,2340,99395,140890,True,True,1078000000000.0
430,False,True,3066.0,14.56661600260613,80.0,24.8,9.031301921615801,3911.6829877322843,66.96,1.0,17042.940723049174,False,3793,3951,1849,0,16508,152,-16660,9.6,1.806260384323161,2340,99052,140890,True,True,1078000000000.0
431,False,True,3066.0,14.516472795743336,80.0,24.8,9.000213133360868,3891.1799875928305,66.96,1.0,16984.273171019704,False,3780,3936,1839,0,16452,152,-16604,9.6,1.8000426266721743,2340,98712,140890,True,True,1078000000000.0
432,False,True,3066.0,14.466502198716215,80.0,24.8,8.969231363204054,3870.747565697297,66.96,1.0,16925.80757249797,False,3767,3921,1830,0,16395,151,-16546,9.6,1.7938462726408104,2340,98372,140890,True,True,1078000000000.0
433,False,True,3066.0,14.416703617343472,80.0,24.8,8.938356242752953,3850.385479091553,66.96,1.0,16867.543232291864,False,3754,3906,1820,0,16338,151,-16489,9.6,1.7876712485505908,2340,98033,140890,True,True,1078000000000.0
434,False,True,3066.0,14.367076459489187,80.0,24.8,8.907587404883296,3830.093485657801,66.96,1.0,16809.47945760235,False,3741,3892,1810,0,16282,150,-16432,9.6,1.7815174809766585,2340,97696,140890,True,True,1078000000000.0
435,False,True,3066.0,14.317620135055783,80.0,24.8,8.876924483734586,3809.871344111698,66.96,1.0,16751.615558015266,False,3728,3877,1801,0,16226,150,-16376,9.6,1.7753848967469175,2340,97359,140890,True,True,1078000000000.0
436,False,True,3066.0,14.268334055976979,80.0,24.8,8.846367114705727,3789.718813999476,66.96,1.0,16693.950845493066,False,3715,3862,1791,0,16170,149,-16319,9.6,1.769273422941146,2340,97024,140890,True,True,1078000000000.0
437,False,True,3066.0,14.219217636210834,80.0,24.8,8.815914934450717,3769.635655695097,66.96,1.0,16636.484634366676,False,3702,3847,1782,0,16115,149,-16264,9.6,1.7631829868901436,2340,96690,140890,True,True,1078000000000.0
438,False,True,3066.0,14.170270291732741,80.0,24.8,8.7855675808743,3749.6216303973874,66.96,1.0,16579.216241327307,False,3689,3833,1772,0,16059,148,-16207,9.6,1.7571135161748603,2340,96357,140890,True,True,1078000000000.0
439,False,True,3066.0,14.121491440528528,80.0,24.8,8.755324693127687,3729.67650012722,66.96,1.0,16522.144985418377,False,3677,3818,1763,0,16004,148,-16152,9.6,1.7510649386255368,2340,96026,140890,True,True,1078000000000.0
440,False,True,3066.0,14.072880502587491,80.0,24.8,8.725185911604244,3709.8000277246633,66.96,1.0,16465.270188027367,False,3664,3803,1754,0,15949,147,-16096,9.6,1.745037182320849,2340,95695,140890,True,True,1078000000000.0
441,False,True,3066.0,14.024436899895534,80.0,24.8,8.69515087793523,3689.9919768461737,66.96,1.0,16408.591172877776,False,3651,3789,1744,0,15894,147,-16041,9.6,1.7390301755870459,2340,95366,140890,True,True,1078000000000.0
442,False,True,3066.0,13.976160056428258,80.0,24.8,8.66521923498552,3670.252111961777,66.96,1.0,16352.107266021061,False,3639,3774,1735,0,15839,146,-15985,9.6,1.7330438469971037,2340,95037,140890,True,True,1078000000000.0
443,False,True,3066.0,13.928049398144168,80.0,24.8,8.635390626849384,3650.5801983522824,66.96,1.0,16295.817795828676,False,3626,3760,1726,0,15785,146,-15931,9.6,1.7270781253698773,2340,94710,140890,True,True,1078000000000.0
444,False,True,3066.0,13.880104352977783,80.0,24.8,8.605664698846226,3630.9760021064712,66.96,1.0,16239.722092984008,False,3614,3746,1716,0,15730,145,-15875,9.6,1.7211329397692454,2340,94384,140890,True,True,1078000000000.0
445,False,True,3066.0,13.832324350832875,80.0,24.8,8.576041097516383,3611.4392901183314,66.96,1.0,16183.819490474463,False,3601,3731,1707,0,15676,145,-15821,9.6,1.7152082195032772,2340,94059,140890,True,True,1078000000000.0
446,False,True,3066.0,13.784708823575691,80.0,24.8,8.546519470616929,3591.969830084283,66.96,1.0,16128.10932358356,False,3589,3717,1698,0,15622,144,-15766,9.6,1.7093038941233865,2340,93736,140890,True,True,1078000000000.0
447,False,True,3066.0,13.737257205028165,80.0,24.8,8.517099467117463,3572.567390500405,66.96,1.0,16072.590929882952,False,3577,3703,1689,0,15568,144,-15712,9.6,1.7034198934234923,2340,93413,140890,True,True,1078000000000.0
448,False,True,3066.0,13.689968930961225,80.0,24.8,8.48778073719596,3553.231740659701,66.96,1.0,16017.263649224633,False,3564,3689,1680,0,15515,143,-15658,9.6,1.6975561474391923,2340,93091,140890,True,True,1078000000000.0
449,False,True,3066.0,13.642843439088054,80.0,24.8,8.458562932234594,3533.962650649338,66.96,1.0,15962.126823733022,False,3552,3674,1670,0,15461,143,-15604,9.6,1.6917125864469194,2340,92771,140890,True,True,1078000000000.0
450,False,True,3066.0,13.595880169057423,80.0,24.8,8.429445704815603,3514.759891347924,66.96,1.0,15907.179797797184,False,3540,3660,1661,0,15408,142,-15550,9.6,1.6858891409631198,2340,92451,140890,True,True,1078000000000.0
451,False,True,3066.0,13.549078562447018,80.0,24.8,8.40042870871715,3495.623234422781,66.96,1.0,15852.42191806301,False,3528,3646,1652,0,15355,142,-15497,9.6,1.6800857417434298,2340,92133,140890,True,True,1078000000000.0
452,False,True,3066.0,13.502438062756806,80.0,24.8,8.371511598909219,3476.552452327227,66.96,1.0,15797.852533425463,False,3516,3632,1643,0,15302,141,-15443,9.6,1.6743023197818439,2340,91816,140890,True,True,1078000000000.0
453,False,True,3066.0,13.455958115402405,80.0,24.8,8.342694031549492,3457.547318297872,66.96,1.0,15743.470995020814,False,3503,3618,1634,0,15250,141,-15391,9.6,1.668538806309899,2340,91500,140890,True,True,1078000000000.0
454,False,True,3066.0,13.409638167708517,80.0,24.8,8.31397566397928,3438.607606351927,66.96,1.0,15689.276656218963,False,3491,3605,1625,0,15197,140,-15337,9.6,1.662795132795856,2340,91185,140890,True,True,1078000000000.0
455,False,True,3066.0,13.363477668902318,80.0,24.8,8.285356154719437,3419.733091284503,66.96,1.0,15635.268872615712,False,3479,3591,1616,0,15145,140,-15285,9.6,1.6570712309438869,2340,90871,140890,True,True,1078000000000.0
456,False,True,3066.0,13.31747607010695,80.0,24.8,8.25683516346631,3400.923548665953,66.96,1.0,15581.447002025132,False,3467,3577,1608,0,15093,139,-15232,9.6,1.6513670326932617,2340,90558,140890,True,True,1078000000000.0
457,False,True,3066.0,13.271632824334961,80.0,24.8,8.228412351087677,3382.178754839184,66.96,1.0,15527.810404471904,False,3455,3563,1599,0,15041,139,-15180,9.6,1.6456824702175359,2340,90247,140890,True,True,1078000000000.0
458,False,True,3066.0,13.225947386481817,80.0,24.8,8.200087379618726,3363.49848691701,66.96,1.0,15474.358442183728,False,3444,3550,1590,0,14989,138,-15127,9.6,1.6400174759237454,2340,89936,140890,True,True,1078000000000.0
459,False,True,3066.0,13.18041921331942,80.0,24.8,8.17185991225804,3344.882522779496,66.96,1.0,15421.090479583721,False,3432,3536,1581,0,14937,138,-15075,9.6,1.6343719824516076,2340,89626,140890,True,True,1078000000000.0
460,False,True,3066.0,13.135047763489647,80.0,24.8,8.14372961336358,3326.330641071322,66.96,1.0,15368.005883282885,False,3420,3522,1572,0,14886,137,-15023,9.6,1.6287459226727166,2340,89318,140890,True,True,1078000000000.0
461,False,True,3066.0,13.089832497497913,80.0,24.8,8.115696148448706,3307.842621199147,66.96,1.0,15315.104022072559,False,3408,3509,1564,0,14835,137,-14972,9.6,1.623139229689741,2340,89010,140890,True,True,1078000000000.0
462,False,True,3066.0,13.044772877706745,80.0,24.8,8.087759184178182,3289.41824332898,66.96,1.0,15262.384266916892,False,3396,3495,1555,0,14784,136,-14920,9.6,1.6175518368356365,2340,88704,140890,True,True,1078000000000.0
463,False,True,3066.0,12.999868368329414,80.0,24.8,8.059918388364236,3271.0572883835825,66.96,1.0,15209.845990945416,False,3385,3482,1546,0,14733,136,-14869,9.6,1.6119836776728476,2340,88399,140890,True,True,1078000000000.0
464,False,True,3066.0,12.955118435423541,80.0,24.8,8.032173429962596,3252.759538039848,66.96,1.0,15157.488569445542,False,3373,3468,1537,0,14682,136,-14818,9.6,1.6064346859925192,2340,88094,140890,True,True,1078000000000.0
465,False,True,3066.0,12.910522546884764,80.0,24.8,8.004523979068553,3234.5247747262147,66.96,1.0,15105.311379855175,False,3361,3455,1529,0,14631,135,-14766,9.6,1.6009047958137106,2340,87791,140890,True,True,1078000000000.0
466,False,True,3066.0,12.86608017244039,80.0,24.8,7.976969706913041,3216.3527816200703,66.96,1.0,15053.313801755256,False,3350,3442,1520,0,14581,135,-14716,9.6,1.595393941382608,2340,87489,140890,True,True,1078000000000.0
467,False,True,3066.0,12.82179078364312,80.0,24.8,7.949510285858734,3198.243342645187,66.96,1.0,15001.49521686245,False,3338,3428,1512,0,14531,134,-14665,9.6,1.5899020571717466,2340,87188,140890,True,True,1078000000000.0
468,False,True,3066.0,12.777653853864738,80.0,24.8,7.922145389396137,3180.1962424691374,66.96,1.0,14949.855009021743,False,3327,3415,1503,0,14481,134,-14615,9.6,1.5844290778792272,2340,86888,140890,True,True,1078000000000.0
469,False,True,3066.0,12.733668858289866,80.0,24.8,7.894874692139717,3162.2112665007453,66.96,1.0,14898.392564199143,False,3315,3402,1495,0,14431,133,-14564,9.6,1.5789749384279426,2340,86588,140890,True,True,1078000000000.0
470,False,True,3066.0,12.689835273909708,80.0,24.8,7.867697869824019,3144.2882008875254,66.96,1.0,14847.107270474358,False,3304,3389,1486,0,14381,133,-14514,9.6,1.5735395739648042,2340,86290,140890,True,True,1078000000000.0
471,False,True,3066.0,12.646152579515858,80.0,24.8,7.840614599299832,3126.426832513151,66.96,1.0,14795.998518033553,False,3293,3376,1478,0,14332,132,-14464,9.6,1.5681229198599662,2340,85993,140890,True,True,1078000000000.0
472,False,True,3066.0,12.602620255694069,80.0,24.8,7.813624558530322,3108.6269489949077,66.96,1.0,14745.065699162062,False,3281,3363,1469,0,14282,132,-14414,9.6,1.5627249117060653,2340,85697,140890,True,True,1078000000000.0
473,False,True,3066.0,12.5592377848181,80.0,24.8,7.7867274265872215,3090.8883386811785,66.96,1.0,14694.308208237177,False,3270,3350,1461,0,14233,131,-14364,9.6,1.5573454853174444,2340,85402,140890,True,True,1078000000000.0
474,False,True,3066.0,12.516004651043549,80.0,24.8,7.7599228836470004,3073.2107906489177,66.96,1.0,14643.725441720953,False,3259,3337,1453,0,14184,131,-14315,9.6,1.5519845767293996,2340,85108,140890,True,True,1078000000000.0
475,False,True,3066.0,12.472920340301737,80.0,24.8,7.733210610987077,3055.594094701155,66.96,1.0,14593.316798153031,False,3247,3324,1444,0,14135,130,-14265,9.6,1.5466421221974158,2340,84815,140890,True,True,1078000000000.0
476,False,True,3066.0,12.429984340293567,80.0,24.8,7.706590290982011,3038.0380413644807,66.96,1.0,14543.081678143473,False,3236,3311,1436,0,14087,130,-14217,9.6,1.541318058196402,2340,84523,140890,True,True,1078000000000.0
477,False,True,3066.0,12.387196140483459,80.0,24.8,7.680061607099744,3020.5424218865696,66.96,1.0,14493.019484365646,False,3225,3298,1428,0,14038,130,-14168,9.6,1.5360123214199488,2340,84232,140890,True,True,1078000000000.0
478,False,True,3066.0,12.344555232093269,80.0,24.8,7.653624243897826,3003.1070282336923,66.96,1.0,14443.129621549124,False,3214,3285,1419,0,13990,129,-14119,9.6,1.5307248487795653,2340,83942,140890,True,True,1078000000000.0
479,False,True,3066.0,12.302061108096224,80.0,24.8,7.627277887019659,2985.7316530882335,66.96,1.0,14393.411496472581,False,3203,3273,1411,0,13942,129,-14071,9.6,1.5254555774039311,2340,83654,140890,True,True,1078000000000.0
480,False,True,3066.0,12.259713263210932,80.0,24.8,7.601022223190777,2968.416089846248,66.96,1.0,14343.86451795679,False,3192,3260,1403,0,13894,128,-14022,9.6,1.5202044446381562,2340,83366,140890,True,True,1078000000000.0
481,False,True,3066.0,12.217511193895332,80.0,24.8,7.574856940215105,2951.1601326149803,66.96,1.0,14294.488096857538,False,3181,3247,1395,0,13846,128,-13974,9.6,1.5149713880430218,2340,83079,140890,True,True,1078000000000.0
482,False,True,3066.0,12.175454398340731,80.0,24.8,7.548781726971253,2933.963576210432,66.96,1.0,14245.281646058655,False,3170,3235,1387,0,13798,127,-13925,9.6,1.509756345394251,2340,82793,140890,True,True,1078000000000.0
483,False,True,3066.0,12.133542376465828,80.0,24.8,7.522796273408813,2916.8262161549164,66.96,1.0,14196.244580465018,False,3159,3222,1379,0,13751,127,-13878,9.6,1.504559254681762,2340,82508,140890,True,True,1078000000000.0
484,False,True,3066.0,12.091774629910779,80.0,24.8,7.496900270544683,2899.7478486746295,66.96,1.0,14147.376316995611,False,3148,3210,1371,0,13704,126,-13830,9.6,1.4993800541089366,2340,82224,140890,True,True,1078000000000.0
485,False,True,3066.0,12.05015066203125,80.0,24.8,7.471093410459375,2882.7282706972223,66.96,1.0,14098.676274576563,False,3137,3197,1363,0,13656,126,-13782,9.6,1.4942186820918757,2340,81941,140890,True,True,1078000000000.0
486,False,True,3066.0,12.008669977892534,80.0,24.8,7.445375386293371,2865.767279849392,66.96,1.0,14050.143874134266,False,3127,3185,1355,0,13609,126,-13735,9.6,1.489075077258675,2340,81658,140890,True,True,1078000000000.0
487,False,True,3066.0,11.967332084263655,80.0,24.8,7.419745892243466,2848.8646744544717,66.96,1.0,14001.778538588476,False,3116,3172,1347,0,13562,125,-13687,9.6,1.4839491784486938,2340,81377,140890,True,True,1078000000000.0
488,False,True,3066.0,11.926136489611498,80.0,24.8,7.394204623559128,2832.0202535300346,66.96,1.0,13953.579692845453,False,3105,3160,1339,0,13516,125,-13641,9.6,1.4788409247118253,2340,81097,140890,True,True,1078000000000.0
489,False,True,3066.0,11.885082704094978,80.0,24.8,7.3687512765388865,2815.2338167855023,66.96,1.0,13905.546763791126,False,3094,3148,1331,0,13469,124,-13593,9.6,1.4737502553077781,2340,80818,140890,True,True,1078000000000.0
490,False,True,3066.0,11.844170239559206,80.0,24.8,7.343385548526708,2798.5051646197644,66.96,1.0,13857.679180284273,False,3084,3135,1323,0,13423,124,-13547,9.6,1.4686771097053413,2340,80540,140890,True,True,1078000000000.0
491,False,True,3066.0,11.803398609529683,80.0,24.8,7.318107137908403,2781.834098118804,66.96,1.0,13809.97637314973,False,3073,3123,1315,0,13377,123,-13500,9.6,1.4636214275816803,2340,80263,140890,True,True,1078000000000.0
492,False,True,3066.0,11.76276732920653,80.0,24.8,7.292915744108049,2765.220419053337,66.96,1.0,13762.43777517164,False,3063,3111,1307,0,13331,123,-13454,9.6,1.4585831488216106,2340,79986,140890,True,True,1078000000000.0
493,False,True,3066.0,11.722275915458699,80.0,24.8,7.267811067584393,2748.6639298764458,66.96,1.0,13715.062821086678,False,3052,3099,1299,0,13285,123,-13408,9.6,1.453562213516879,2340,79711,140890,True,True,1078000000000.0
494,False,True,3066.0,11.681923886818247,80.0,24.8,7.242792809827313,2732.1644337212388,66.96,1.0,13667.850947577348,False,3041,3087,1291,0,13239,122,-13361,9.6,1.4485585619654626,2340,79437,140890,True,True,1078000000000.0
495,False,True,3066.0,11.641710763474617,80.0,24.8,7.217860673354262,2715.72173439851,66.96,1.0,13620.801593265302,False,3031,3075,1284,0,13193,122,-13315,9.6,1.4435721346708532,2340,79163,140890,True,True,1078000000000.0
496,False,True,3066.0,11.601636067268903,80.0,24.8,7.1930143617067195,2699.3356363943954,66.96,1.0,13573.914198704617,False,3021,3063,1276,0,13148,121,-13269,9.6,1.4386028723413444,2340,78891,140890,True,True,1078000000000.0
497,False,True,3066.0,11.561699321688199,80.0,24.8,7.1682535794466835,2683.0059448680636,66.96,1.0,13527.188206375193,False,3010,3051,1268,0,13103,121,-13224,9.6,1.433650715889337,2340,78619,140890,True,True,1078000000000.0
498,False,True,3066.0,11.521900051859907,80.0,24.8,7.143578032153142,2666.7324656493843,66.96,1.0,13480.623060676091,False,3000,3039,1260,0,13058,120,-13178,9.6,1.4287156064306292,2340,78348,140890,True,True,1078000000000.0
499,False,True,3066.0,11.482237784546108,80.0,24.8,7.118987426418586,2650.5150052366303,66.96,1.0,13434.218207918946,False,2989,3027,1253,0,13013,120,-13133,9.6,1.4237974852837179,2340,78079,140890,True,True,1078000000000.0
